scope,tested_layers,spider_feature_ids,spider_positions,ant_feature_ids,ant_positions,spider_suppression,ant_factor,overdrive,control,success,spider_targets,ant_targets,operation_delta_norms,total_delta_norm,top_token,top_probability,p_six,p_eight,p_four,log_p_six_minus_log_p_eight,other_top_tokens
L22-L22,[22],"[23422, 23422, 60476]","[16, 21, 16]","[1703, 197021]","[16, 16]",0.0,0.0,False,unmodified,False,"[1855.89599609375, 1739.02099609375, 562.7435913085938]","[0.0, 0.0]","[3.0517578125e-05, 3.0517578125e-05, 0.0, 0.0, 0.0]",4.315837287515549e-05, Eight,0.999982476234436,1.1253320053583593e-07,0.999982476234436,1.6701407730579376e-05,-16.000000019046855,"[{""token"": "" Eight"", ""token_id"": 38923, ""probability"": 0.999982476234436}, {""token"": "" Four"", ""token_id"": 13038, ""probability"": 1.6701407730579376e-05}, {""token"": ""Eight"", ""token_id"": 80357, ""probability"": 6.47583874524571e-07}, {""token"": "" Six"", ""token_id"": 19759, ""probability"": 1.1253320053583593e-07}, {""token"": "" Many"", ""token_id"": 8732, ""probability"": 4.3633860968839144e-09}, {""token"": "" Two"", ""token_id"": 8512, ""probability"": 1.6051998619204255e-09}, {""token"": "" Legs"", ""token_id"": 156403, ""probability"": 5.905200772815533e-10}, {""token"": "" None"", ""token_id"": 5450, ""probability"": 2.789419251136849e-10}, {""token"": "" Typically"", ""token_id"": 50338, ""probability"": 2.789419251136849e-10}, {""token"": "" Usually"", ""token_id"": 34645, ""probability"": 2.789419251136849e-10}, {""token"": "" Some"", ""token_id"": 4943, ""probability"": 2.789419251136849e-10}, {""token"": ""\n\n"", ""token_id"": 108, ""probability"": 2.789419251136849e-10}]"
L22-L22,[22],"[23422, 23422, 60476]","[16, 21, 16]","[1703, 197021]","[16, 16]",0.0,0.25,False,ant_only,False,"[1855.89599609375, 1739.02099609375, 562.7435913085938]","[455.77888107299805, 90.10985374450684]","[3.0517578125e-05, 3.0517578125e-05, 0.0, 455.7789306640625, 90.10985565185547]",464.6011404666118, Eight,0.9999775886535645,1.444947912432326e-07,0.9999775886535645,2.1444928279379383e-05,-15.749999965205687,"[{""token"": "" Eight"", ""token_id"": 38923, ""probability"": 0.9999775886535645}, {""token"": "" Four"", ""token_id"": 13038, ""probability"": 2.1444928279379383e-05}, {""token"": ""Eight"", ""token_id"": 80357, ""probability"": 8.315100785694085e-07}, {""token"": "" Six"", ""token_id"": 19759, ""probability"": 1.444947912432326e-07}, {""token"": "" Many"", ""token_id"": 8732, ""probability"": 5.602670771764906e-09}, {""token"": "" Two"", ""token_id"": 8512, ""probability"": 2.0611072848453205e-09}, {""token"": "" Legs"", ""token_id"": 156403, ""probability"": 9.735982020586675e-10}, {""token"": "" Typically"", ""token_id"": 50338, ""probability"": 3.5816677401712127e-10}, {""token"": "" None"", ""token_id"": 5450, ""probability"": 3.5816677401712127e-10}, {""token"": ""\n\n"", ""token_id"": 108, ""probability"": 3.5816677401712127e-10}, {""token"": "" Usually"", ""token_id"": 34645, ""probability"": 3.5816677401712127e-10}, {""token"": "" Some"", ""token_id"": 4943, ""probability"": 2.789405650904797e-10}]"
L22-L22,[22],"[23422, 23422, 60476]","[16, 21, 16]","[1703, 197021]","[16, 16]",0.0,0.5,False,ant_only,False,"[1855.89599609375, 1739.02099609375, 562.7435913085938]","[911.5577621459961, 180.21970748901367]","[3.0517578125e-05, 3.0517578125e-05, 0.0, 911.557861328125, 180.21971130371094]",929.2022809332207, Eight,0.999982476234436,1.1253320053583593e-07,0.999982476234436,1.6701407730579376e-05,-16.000000019046855,"[{""token"": "" Eight"", ""token_id"": 38923, ""probability"": 0.999982476234436}, {""token"": "" Four"", ""token_id"": 13038, ""probability"": 1.6701407730579376e-05}, {""token"": ""Eight"", ""token_id"": 80357, ""probability"": 6.47583874524571e-07}, {""token"": "" Six"", ""token_id"": 19759, ""probability"": 1.1253320053583593e-07}, {""token"": "" Many"", ""token_id"": 8732, ""probability"": 4.3633860968839144e-09}, {""token"": "" Two"", ""token_id"": 8512, ""probability"": 1.250130998720067e-09}, {""token"": "" Legs"", ""token_id"": 156403, ""probability"": 7.58242746368154e-10}, {""token"": "" None"", ""token_id"": 5450, ""probability"": 2.789419251136849e-10}, {""token"": "" Typically"", ""token_id"": 50338, ""probability"": 2.789419251136849e-10}, {""token"": "" Usually"", ""token_id"": 34645, ""probability"": 2.789419251136849e-10}, {""token"": "" Some"", ""token_id"": 4943, ""probability"": 2.789419251136849e-10}, {""token"": ""\n\n"", ""token_id"": 108, ""probability"": 2.789419251136849e-10}]"
L22-L22,[22],"[23422, 23422, 60476]","[16, 21, 16]","[1703, 197021]","[16, 16]",0.0,0.75,False,ant_only,False,"[1855.89599609375, 1739.02099609375, 562.7435913085938]","[1367.3366432189941, 270.3295612335205]","[3.0517578125e-05, 3.0517578125e-05, 0.0, 1367.3369140625, 270.3295593261719]",1393.8035396724479, Eight,0.9999861717224121,1.1253361975605003e-07,0.9999861717224121,1.3007117559027392e-05,-15.999999989297198,"[{""token"": "" Eight"", ""token_id"": 38923, ""probability"": 0.9999861717224121}, {""token"": "" Four"", ""token_id"": 13038, ""probability"": 1.3007117559027392e-05}, {""token"": ""Eight"", ""token_id"": 80357, ""probability"": 6.475862619481632e-07}, {""token"": "" Six"", ""token_id"": 19759, ""probability"": 1.1253361975605003e-07}, {""token"": "" Many"", ""token_id"": 8732, ""probability"": 4.363402084095469e-09}, {""token"": "" Two"", ""token_id"": 8512, ""probability"": 1.250135550634468e-09}, {""token"": "" Legs"", ""token_id"": 156403, ""probability"": 5.905222422164513e-10}, {""token"": "" Typically"", ""token_id"": 50338, ""probability"": 2.7894295206998265e-10}, {""token"": "" None"", ""token_id"": 5450, ""probability"": 2.7894295206998265e-10}, {""token"": ""\n\n"", ""token_id"": 108, ""probability"": 2.7894295206998265e-10}, {""token"": "" Usually"", ""token_id"": 34645, ""probability"": 2.7894295206998265e-10}, {""token"": "" Some"", ""token_id"": 4943, ""probability"": 2.1724098908659784e-10}]"
L22-L22,[22],"[23422, 23422, 60476]","[16, 21, 16]","[1703, 197021]","[16, 16]",0.0,1.0,False,ant_only,False,"[1855.89599609375, 1739.02099609375, 562.7435913085938]","[1823.1155242919922, 360.43941497802734]","[3.0517578125e-05, 3.0517578125e-05, 0.0, 1823.11572265625, 360.4394226074219]",1858.4045618664397, Eight,0.9999823570251465,1.4449548757511366e-07,0.9999823570251465,1.6701405911589973e-05,-15.749999914604915,"[{""token"": "" Eight"", ""token_id"": 38923, ""probability"": 0.9999823570251465}, {""token"": "" Four"", ""token_id"": 13038, ""probability"": 1.6701405911589973e-05}, {""token"": ""Eight"", ""token_id"": 80357, ""probability"": 8.315140576087288e-07}, {""token"": "" Six"", ""token_id"": 19759, ""probability"": 1.4449548757511366e-07}, {""token"": "" Many"", ""token_id"": 8732, ""probability"": 5.602697417117497e-09}, {""token"": "" Two"", ""token_id"": 8512, ""probability"": 1.6051996398758206e-09}, {""token"": "" Legs"", ""token_id"": 156403, ""probability"": 7.582426353458516e-10}, {""token"": "" Typically"", ""token_id"": 50338, ""probability"": 3.581684671072338e-10}, {""token"": "" None"", ""token_id"": 5450, ""probability"": 3.581684671072338e-10}, {""token"": ""\n\n"", ""token_id"": 108, ""probability"": 3.581684671072338e-10}, {""token"": "" Usually"", ""token_id"": 34645, ""probability"": 3.581684671072338e-10}, {""token"": "" Some"", ""token_id"": 4943, ""probability"": 2.7894189735810926e-10}]"
L22-L22,[22],"[23422, 23422, 60476]","[16, 21, 16]","[1703, 197021]","[16, 16]",0.0,1.25,False,ant_only,False,"[1855.89599609375, 1739.02099609375, 562.7435913085938]","[2278.8944053649902, 450.5492687225342]","[3.0517578125e-05, 3.0517578125e-05, 0.0, 2278.894775390625, 450.54925537109375]",2323.00581764621, Eight,0.9999774694442749,1.8553497227458138e-07,0.9999774694442749,2.1444924641400576e-05,-15.499999912076776,"[{""token"": "" Eight"", ""token_id"": 38923, ""probability"": 0.9999774694442749}, {""token"": "" Four"", ""token_id"": 13038, ""probability"": 2.1444924641400576e-05}, {""token"": ""Eight"", ""token_id"": 80357, ""probability"": 8.315099648825708e-07}, {""token"": "" Six"", ""token_id"": 19759, ""probability"": 1.8553497227458138e-07}, {""token"": "" Many"", ""token_id"": 8732, ""probability"": 5.602670327675696e-09}, {""token"": "" Two"", ""token_id"": 8512, ""probability"": 2.0611070628007155e-09}, {""token"": "" Legs"", ""token_id"": 156403, ""probability"": 7.582389160987191e-10}, {""token"": "" None"", ""token_id"": 5450, ""probability"": 4.5989520525147043e-10}, {""token"": "" Typically"", ""token_id"": 50338, ""probability"": 4.5989520525147043e-10}, {""token"": ""\n\n"", ""token_id"": 108, ""probability"": 3.5816671850597004e-10}, {""token"": "" Some"", ""token_id"": 4943, ""probability"": 3.5816671850597004e-10}, {""token"": "" Zero"", ""token_id"": 31234, ""probability"": 3.5816671850597004e-10}]"
L22-L22,[22],"[23422, 23422, 60476]","[16, 21, 16]","[1703, 197021]","[16, 16]",0.0,1.5,False,ant_only,False,"[1855.89599609375, 1739.02099609375, 562.7435913085938]","[2734.6732864379883, 540.659122467041]","[3.0517578125e-05, 3.0517578125e-05, 0.0, 2734.673828125, 540.6591186523438]",2787.6070793448944, Eight,0.9999774694442749,1.8553497227458138e-07,0.9999774694442749,2.1444924641400576e-05,-15.499999912076776,"[{""token"": "" Eight"", ""token_id"": 38923, ""probability"": 0.9999774694442749}, {""token"": "" Four"", ""token_id"": 13038, ""probability"": 2.1444924641400576e-05}, {""token"": ""Eight"", ""token_id"": 80357, ""probability"": 8.315099648825708e-07}, {""token"": "" Six"", ""token_id"": 19759, ""probability"": 1.8553497227458138e-07}, {""token"": "" Many"", ""token_id"": 8732, ""probability"": 5.602670327675696e-09}, {""token"": "" Two"", ""token_id"": 8512, ""probability"": 2.0611070628007155e-09}, {""token"": "" Legs"", ""token_id"": 156403, ""probability"": 7.582389160987191e-10}, {""token"": "" None"", ""token_id"": 5450, ""probability"": 4.5989520525147043e-10}, {""token"": "" Typically"", ""token_id"": 50338, ""probability"": 4.5989520525147043e-10}, {""token"": ""\n\n"", ""token_id"": 108, ""probability"": 3.5816671850597004e-10}, {""token"": "" Some"", ""token_id"": 4943, ""probability"": 3.5816671850597004e-10}, {""token"": "" Zero"", ""token_id"": 31234, ""probability"": 3.5816671850597004e-10}]"
L22-L22,[22],"[23422, 23422, 60476]","[16, 21, 16]","[1703, 197021]","[16, 16]",0.0,2.0,True,ant_only,False,"[1855.89599609375, 1739.02099609375, 562.7435913085938]","[3646.2310485839844, 720.8788299560547]","[3.0517578125e-05, 3.0517578125e-05, 0.0, 3646.2314453125, 720.8788452148438]",3716.809123732879, Eight,0.9999825954437256,1.855359244018473e-07,0.9999825954437256,1.670140954956878e-05,-15.499999906397704,"[{""token"": "" Eight"", ""token_id"": 38923, ""probability"": 0.9999825954437256}, {""token"": "" Four"", ""token_id"": 13038, ""probability"": 1.670140954956878e-05}, {""token"": ""Eight"", ""token_id"": 80357, ""probability"": 5.043389137426857e-07}, {""token"": "" Six"", ""token_id"": 19759, ""probability"": 1.855359244018473e-07}, {""token"": "" Many"", ""token_id"": 8732, ""probability"": 5.6026987493851266e-09}, {""token"": "" Two"", ""token_id"": 8512, ""probability"": 1.605199972942728e-09}, {""token"": "" Legs"", ""token_id"": 156403, ""probability"": 7.582428018793053e-10}, {""token"": "" Zero"", ""token_id"": 31234, ""probability"": 3.5816855037396067e-10}, {""token"": "" Typically"", ""token_id"": 50338, ""probability"": 3.5816855037396067e-10}, {""token"": "" Usually"", ""token_id"": 34645, ""probability"": 3.5816855037396067e-10}, {""token"": "" None"", ""token_id"": 5450, ""probability"": 3.5816855037396067e-10}, {""token"": ""\n\n"", ""token_id"": 108, ""probability"": 3.5816855037396067e-10}]"
L22-L22,[22],"[23422, 23422, 60476]","[16, 21, 16]","[1703, 197021]","[16, 16]",0.0,3.0,True,ant_only,False,"[1855.89599609375, 1739.02099609375, 562.7435913085938]","[5469.346572875977, 1081.318244934082]","[3.0517578125e-05, 3.0517578125e-05, 0.0, 5469.34765625, 1081.3182373046875]",5575.214158689789, Eight,0.9999823570251465,1.8553588176928315e-07,0.9999823570251465,1.6701405911589973e-05,-15.499999897755618,"[{""token"": "" Eight"", ""token_id"": 38923, ""probability"": 0.9999823570251465}, {""token"": "" Four"", ""token_id"": 13038, ""probability"": 1.6701405911589973e-05}, {""token"": ""Eight"", ""token_id"": 80357, ""probability"": 6.475838176811521e-07}, {""token"": "" Six"", ""token_id"": 19759, ""probability"": 1.8553588176928315e-07}, {""token"": "" Many"", ""token_id"": 8732, ""probability"": 5.602697417117497e-09}, {""token"": "" Two"", ""token_id"": 8512, ""probability"": 2.061117054807937e-09}, {""token"": "" Legs"", ""token_id"": 156403, ""probability"": 7.582426353458516e-10}, {""token"": "" None"", ""token_id"": 5450, ""probability"": 4.598974534530953e-10}, {""token"": "" Usually"", ""token_id"": 34645, ""probability"": 4.598974534530953e-10}, {""token"": "" Typically"", ""token_id"": 50338, ""probability"": 4.598974534530953e-10}, {""token"": "" Some"", ""token_id"": 4943, ""probability"": 3.581684671072338e-10}, {""token"": ""\n\n"", ""token_id"": 108, ""probability"": 3.581684671072338e-10}]"
L22-L22,[22],"[23422, 23422, 60476]","[16, 21, 16]","[1703, 197021]","[16, 16]",0.2,0.0,False,spider_only,False,"[1484.716796875, 1391.216796875, 450.19487304687505]","[0.0, 0.0]","[371.17919921875, 347.80419921875, 112.54872131347656, 0.0, 0.0]",520.9692635810361, Eight,0.9999861717224121,1.4449602758759283e-07,0.9999861717224121,1.3007117559027392e-05,-15.749999992141905,"[{""token"": "" Eight"", ""token_id"": 38923, ""probability"": 0.9999861717224121}, {""token"": "" Four"", ""token_id"": 13038, ""probability"": 1.3007117559027392e-05}, {""token"": ""Eight"", ""token_id"": 80357, ""probability"": 6.475862619481632e-07}, {""token"": "" Six"", ""token_id"": 19759, ""probability"": 1.4449602758759283e-07}, {""token"": "" Many"", ""token_id"": 8732, ""probability"": 4.363402084095469e-09}, {""token"": "" Two"", ""token_id"": 8512, ""probability"": 1.605205746102456e-09}, {""token"": "" Legs"", ""token_id"": 156403, ""probability"": 7.582455219257156e-10}, {""token"": "" Typically"", ""token_id"": 50338, ""probability"": 3.581698548860146e-10}, {""token"": "" None"", ""token_id"": 5450, ""probability"": 3.581698548860146e-10}, {""token"": ""\n\n"", ""token_id"": 108, ""probability"": 3.581698548860146e-10}, {""token"": "" Usually"", ""token_id"": 34645, ""probability"": 3.581698548860146e-10}, {""token"": "" Some"", ""token_id"": 4943, ""probability"": 2.7894295206998265e-10}]"
L22-L22,[22],"[23422, 23422, 60476]","[16, 21, 16]","[1703, 197021]","[16, 16]",0.2,0.25,False,joint,False,"[1484.716796875, 1391.216796875, 450.19487304687505]","[455.77888107299805, 90.10985374450684]","[371.17919921875, 347.80419921875, 112.54872131347656, 455.7789306640625, 90.10985565185547]",698.0424008031615, Eight,0.999985933303833,1.8553653546860005e-07,0.999985933303833,1.3007114830543287e-05,-15.499999950793198,"[{""token"": "" Eight"", ""token_id"": 38923, ""probability"": 0.999985933303833}, {""token"": "" Four"", ""token_id"": 13038, ""probability"": 1.3007114830543287e-05}, {""token"": ""Eight"", ""token_id"": 80357, ""probability"": 8.315170134665095e-07}, {""token"": "" Six"", ""token_id"": 19759, ""probability"": 1.8553653546860005e-07}, {""token"": "" Many"", ""token_id"": 8732, ""probability"": 7.194032036750286e-09}, {""token"": "" Two"", ""token_id"": 8512, ""probability"": 2.0611243822798997e-09}, {""token"": "" Legs"", ""token_id"": 156403, ""probability"": 7.582453553922619e-10}, {""token"": "" None"", ""token_id"": 5450, ""probability"": 4.598990910320566e-10}, {""token"": "" Usually"", ""token_id"": 34645, ""probability"": 4.598990910320566e-10}, {""token"": "" Typically"", ""token_id"": 50338, ""probability"": 4.598990910320566e-10}, {""token"": "" Some"", ""token_id"": 4943, ""probability"": 3.5816974386371214e-10}, {""token"": ""\n\n"", ""token_id"": 108, ""probability"": 3.5816974386371214e-10}]"
L22-L22,[22],"[23422, 23422, 60476]","[16, 21, 16]","[1703, 197021]","[16, 16]",0.2,0.5,False,joint,False,"[1484.716796875, 1391.216796875, 450.19487304687505]","[911.5577621459961, 180.21970748901367]","[371.17919921875, 347.80419921875, 112.54872131347656, 911.557861328125, 180.21971130371094]",1065.282053020544, Eight,0.9999860525131226,1.4449601337673812e-07,0.9999860525131226,1.300711664953269e-05,-15.749999971278683,"[{""token"": "" Eight"", ""token_id"": 38923, ""probability"": 0.9999860525131226}, {""token"": "" Four"", ""token_id"": 13038, ""probability"": 1.300711664953269e-05}, {""token"": ""Eight"", ""token_id"": 80357, ""probability"": 8.315171271533472e-07}, {""token"": "" Six"", ""token_id"": 19759, ""probability"": 1.4449601337673812e-07}, {""token"": "" Many"", ""token_id"": 8732, ""probability"": 5.60271828931036e-09}, {""token"": "" Two"", ""token_id"": 8512, ""probability"": 1.6052055240578511e-09}, {""token"": "" Legs"", ""token_id"": 156403, ""probability"": 9.736065287313522e-10}, {""token"": "" None"", ""token_id"": 5450, ""probability"": 4.5989914654320785e-10}, {""token"": ""\n\n"", ""token_id"": 108, ""probability"": 3.5816979937486337e-10}, {""token"": "" Typically"", ""token_id"": 50338, ""probability"": 3.5816979937486337e-10}, {""token"": "" Usually"", ""token_id"": 34645, ""probability"": 3.5816979937486337e-10}, {""token"": "" Some"", ""token_id"": 4943, ""probability"": 2.7894292431440704e-10}]"
L22-L22,[22],"[23422, 23422, 60476]","[16, 21, 16]","[1703, 197021]","[16, 16]",0.2,0.75,False,joint,False,"[1484.716796875, 1391.216796875, 450.19487304687505]","[1367.3366432189941, 270.3295612335205]","[371.17919921875, 347.80419921875, 112.54872131347656, 1367.3369140625, 270.3295593261719]",1487.9843012611423, Eight,0.9999822378158569,2.382327295435971e-07,0.9999822378158569,1.670140409260057e-05,-15.25000002349682,"[{""token"": "" Eight"", ""token_id"": 38923, ""probability"": 0.9999822378158569}, {""token"": "" Four"", ""token_id"": 13038, ""probability"": 1.670140409260057e-05}, {""token"": ""Eight"", ""token_id"": 80357, ""probability"": 8.31513943921891e-07}, {""token"": "" Six"", ""token_id"": 19759, ""probability"": 2.382327295435971e-07}, {""token"": "" Many"", ""token_id"": 8732, ""probability"": 7.194005391397695e-09}, {""token"": "" Two"", ""token_id"": 8512, ""probability"": 2.0611168327633322e-09}, {""token"": "" Legs"", ""token_id"": 156403, ""probability"": 7.582425243235491e-10}, {""token"": "" None"", ""token_id"": 5450, ""probability"": 4.5989739794194406e-10}, {""token"": "" Typically"", ""token_id"": 50338, ""probability"": 4.5989739794194406e-10}, {""token"": ""\n\n"", ""token_id"": 108, ""probability"": 3.581684393516582e-10}, {""token"": "" Some"", ""token_id"": 4943, ""probability"": 3.581684393516582e-10}, {""token"": "" Zero"", ""token_id"": 31234, ""probability"": 3.581684393516582e-10}]"
L22-L22,[22],"[23422, 23422, 60476]","[16, 21, 16]","[1703, 197021]","[16, 16]",0.2,1.0,False,joint,False,"[1484.716796875, 1391.216796875, 450.19487304687505]","[1823.1155242919922, 360.43941497802734]","[371.17919921875, 347.80419921875, 112.54872131347656, 1823.11572265625, 360.4394226074219]",1930.0457220392886, Eight,0.9999890327453613,1.8553711811364337e-07,0.9999890327453613,1.0129982001672033e-05,-15.499999909953333,"[{""token"": "" Eight"", ""token_id"": 38923, ""probability"": 0.9999890327453613}, {""token"": "" Four"", ""token_id"": 13038, ""probability"": 1.0129982001672033e-05}, {""token"": ""Eight"", ""token_id"": 80357, ""probability"": 6.475881377809856e-07}, {""token"": "" Six"", ""token_id"": 19759, ""probability"": 1.8553711811364337e-07}, {""token"": "" Many"", ""token_id"": 8732, ""probability"": 4.363414518593345e-09}, {""token"": "" Two"", ""token_id"": 8512, ""probability"": 1.605210298016857e-09}, {""token"": "" Legs"", ""token_id"": 156403, ""probability"": 5.905239075509883e-10}, {""token"": "" None"", ""token_id"": 5450, ""probability"": 3.5817085408673677e-10}, {""token"": "" Typically"", ""token_id"": 50338, ""probability"": 3.5817085408673677e-10}, {""token"": ""\n\n"", ""token_id"": 108, ""probability"": 2.789437569816755e-10}, {""token"": "" Zero"", ""token_id"": 31234, ""probability"": 2.789437569816755e-10}, {""token"": "" Usually"", ""token_id"": 34645, ""probability"": 2.789437569816755e-10}]"
L22-L22,[22],"[23422, 23422, 60476]","[16, 21, 16]","[1703, 197021]","[16, 16]",0.2,1.25,False,joint,False,"[1484.716796875, 1391.216796875, 450.19487304687505]","[2278.8944053649902, 450.5492687225342]","[371.17919921875, 347.80419921875, 112.54872131347656, 2278.894775390625, 450.54925537109375]",2380.7068283210137, Eight,0.9999822378158569,2.382327295435971e-07,0.9999822378158569,1.670140409260057e-05,-15.25000002349682,"[{""token"": "" Eight"", ""token_id"": 38923, ""probability"": 0.9999822378158569}, {""token"": "" Four"", ""token_id"": 13038, ""probability"": 1.670140409260057e-05}, {""token"": ""Eight"", ""token_id"": 80357, ""probability"": 8.31513943921891e-07}, {""token"": "" Six"", ""token_id"": 19759, ""probability"": 2.382327295435971e-07}, {""token"": "" Many"", ""token_id"": 8732, ""probability"": 7.194005391397695e-09}, {""token"": "" Two"", ""token_id"": 8512, ""probability"": 2.0611168327633322e-09}, {""token"": "" Legs"", ""token_id"": 156403, ""probability"": 7.582425243235491e-10}, {""token"": "" None"", ""token_id"": 5450, ""probability"": 4.5989739794194406e-10}, {""token"": "" Usually"", ""token_id"": 34645, ""probability"": 4.5989739794194406e-10}, {""token"": "" Typically"", ""token_id"": 50338, ""probability"": 4.5989739794194406e-10}, {""token"": "" Some"", ""token_id"": 4943, ""probability"": 3.581684393516582e-10}, {""token"": ""\n\n"", ""token_id"": 108, ""probability"": 3.581684393516582e-10}]"
L22-L22,[22],"[23422, 23422, 60476]","[16, 21, 16]","[1703, 197021]","[16, 16]",0.2,1.5,False,joint,False,"[1484.716796875, 1391.216796875, 450.19487304687505]","[2734.6732864379883, 540.659122467041]","[371.17919921875, 347.80419921875, 112.54872131347656, 2734.673828125, 540.6591186523438]",2835.8706251184904, Eight,0.9999860525131226,2.3823363903829886e-07,0.9999860525131226,1.300711664953269e-05,-15.250000020588676,"[{""token"": "" Eight"", ""token_id"": 38923, ""probability"": 0.9999860525131226}, {""token"": "" Four"", ""token_id"": 13038, ""probability"": 1.300711664953269e-05}, {""token"": ""Eight"", ""token_id"": 80357, ""probability"": 6.475862051047443e-07}, {""token"": "" Six"", ""token_id"": 19759, ""probability"": 2.3823363903829886e-07}, {""token"": "" Many"", ""token_id"": 8732, ""probability"": 5.60271828931036e-09}, {""token"": "" Two"", ""token_id"": 8512, ""probability"": 2.0611248263691095e-09}, {""token"": "" Legs"", ""token_id"": 156403, ""probability"": 5.905221867053001e-10}, {""token"": "" Typically"", ""token_id"": 50338, ""probability"": 3.5816979937486337e-10}, {""token"": "" None"", ""token_id"": 5450, ""probability"": 3.5816979937486337e-10}, {""token"": ""\n\n"", ""token_id"": 108, ""probability"": 3.5816979937486337e-10}, {""token"": "" Usually"", ""token_id"": 34645, ""probability"": 3.5816979937486337e-10}, {""token"": "" Some"", ""token_id"": 4943, ""probability"": 2.7894292431440704e-10}]"
L22-L22,[22],"[23422, 23422, 60476]","[16, 21, 16]","[1703, 197021]","[16, 16]",0.2,2.0,True,joint,False,"[1484.716796875, 1391.216796875, 450.19487304687505]","[3646.2310485839844, 720.8788299560547]","[371.17919921875, 347.80419921875, 112.54872131347656, 3646.2314453125, 720.8788452148438]",3753.1425546946834, Eight,0.9999823570251465,2.3823275796530652e-07,0.9999823570251465,1.6701405911589973e-05,-15.25000002340594,"[{""token"": "" Eight"", ""token_id"": 38923, ""probability"": 0.9999823570251465}, {""token"": "" Four"", ""token_id"": 13038, ""probability"": 1.6701405911589973e-05}, {""token"": ""Eight"", ""token_id"": 80357, ""probability"": 6.475838176811521e-07}, {""token"": "" Six"", ""token_id"": 19759, ""probability"": 2.3823275796530652e-07}, {""token"": "" Many"", ""token_id"": 8732, ""probability"": 5.602697417117497e-09}, {""token"": "" Two"", ""token_id"": 8512, ""probability"": 2.6465272195963507e-09}, {""token"": "" Legs"", ""token_id"": 156403, ""probability"": 7.582426353458516e-10}, {""token"": "" None"", ""token_id"": 5450, ""probability"": 4.598974534530953e-10}, {""token"": "" Typically"", ""token_id"": 50338, ""probability"": 3.581684671072338e-10}, {""token"": "" Usually"", ""token_id"": 34645, ""probability"": 3.581684671072338e-10}, {""token"": ""\n\n"", ""token_id"": 108, ""probability"": 3.581684671072338e-10}, {""token"": "" Zero"", ""token_id"": 31234, ""probability"": 3.581684671072338e-10}]"
L22-L22,[22],"[23422, 23422, 60476]","[16, 21, 16]","[1703, 197021]","[16, 16]",0.2,3.0,True,joint,False,"[1484.716796875, 1391.216796875, 450.19487304687505]","[5469.346572875977, 1081.318244934082]","[371.17919921875, 347.80419921875, 112.54872131347656, 5469.34765625, 1081.3182373046875]",5599.501932212476, Eight,0.9999821186065674,3.927793272850977e-07,0.9999821186065674,1.6701402273611166e-05,-14.750000009409012,"[{""token"": "" Eight"", ""token_id"": 38923, ""probability"": 0.9999821186065674}, {""token"": "" Four"", ""token_id"": 13038, ""probability"": 1.6701402273611166e-05}, {""token"": ""Eight"", ""token_id"": 80357, ""probability"": 8.315138302350533e-07}, {""token"": "" Six"", ""token_id"": 19759, ""probability"": 3.927793272850977e-07}, {""token"": "" Many"", ""token_id"": 8732, ""probability"": 9.237284714913585e-09}, {""token"": "" Two"", ""token_id"": 8512, ""probability"": 3.398207049087887e-09}, {""token"": "" Legs"", ""token_id"": 156403, ""probability"": 9.73602642950766e-10}, {""token"": "" None"", ""token_id"": 5450, ""probability"": 7.582424688123979e-10}, {""token"": "" Typically"", ""token_id"": 50338, ""probability"": 5.905198552369484e-10}, {""token"": ""\n\n"", ""token_id"": 108, ""probability"": 4.5989734243079283e-10}, {""token"": "" Some"", ""token_id"": 4943, ""probability"": 4.5989734243079283e-10}, {""token"": "" Zero"", ""token_id"": 31234, ""probability"": 4.5989734243079283e-10}]"
L22-L22,[22],"[23422, 23422, 60476]","[16, 21, 16]","[1703, 197021]","[16, 16]",0.4,0.0,False,spider_only,False,"[1113.53759765625, 1043.41259765625, 337.6461547851562]","[0.0, 0.0]","[742.3584594726562, 695.6084594726562, 225.09744262695312, 0.0, 0.0]",1041.9386113959554, Eight,0.9999910593032837,1.8553748759586597e-07,0.9999910593032837,7.889253538451158e-06,-15.499999945113977,"[{""token"": "" Eight"", ""token_id"": 38923, ""probability"": 0.9999910593032837}, {""token"": "" Four"", ""token_id"": 13038, ""probability"": 7.889253538451158e-06}, {""token"": ""Eight"", ""token_id"": 80357, ""probability"": 8.315212767229241e-07}, {""token"": "" Six"", ""token_id"": 19759, ""probability"": 1.8553748759586597e-07}, {""token"": "" Many"", ""token_id"": 8732, ""probability"": 5.6027462669305805e-09}, {""token"": "" Two"", ""token_id"": 8512, ""probability"": 1.6052136286859309e-09}, {""token"": "" Legs"", ""token_id"": 156403, ""probability"": 7.582492411728481e-10}, {""token"": "" None"", ""token_id"": 5450, ""probability"": 3.581716034872784e-10}, {""token"": "" Usually"", ""token_id"": 34645, ""probability"": 3.581716034872784e-10}, {""token"": "" Typically"", ""token_id"": 50338, ""probability"": 3.581716034872784e-10}, {""token"": "" Some"", ""token_id"": 4943, ""probability"": 2.789443120931878e-10}, {""token"": ""\n\n"", ""token_id"": 108, ""probability"": 2.789443120931878e-10}]"
L22-L22,[22],"[23422, 23422, 60476]","[16, 21, 16]","[1703, 197021]","[16, 16]",0.4,0.25,False,joint,False,"[1113.53759765625, 1043.41259765625, 337.6461547851562]","[455.77888107299805, 90.10985374450684]","[742.3584594726562, 695.6084594726562, 225.09744262695312, 455.7789306640625, 90.10985565185547]",1140.8287731472267, Eight,0.9999911785125732,2.3823486117180437e-07,0.9999911785125732,7.88925444794586e-06,-15.250000016680895,"[{""token"": "" Eight"", ""token_id"": 38923, ""probability"": 0.9999911785125732}, {""token"": "" Four"", ""token_id"": 13038, ""probability"": 7.88925444794586e-06}, {""token"": ""Eight"", ""token_id"": 80357, ""probability"": 6.475895588664571e-07}, {""token"": "" Six"", ""token_id"": 19759, ""probability"": 2.3823486117180437e-07}, {""token"": "" Many"", ""token_id"": 8732, ""probability"": 5.602747155109e-09}, {""token"": "" Two"", ""token_id"": 8512, ""probability"": 1.6052137397082333e-09}, {""token"": "" Legs"", ""token_id"": 156403, ""probability"": 5.905251843074666e-10}, {""token"": "" None"", ""token_id"": 5450, ""probability"": 4.599015057671352e-10}, {""token"": "" Usually"", ""token_id"": 34645, ""probability"": 2.7894433984876343e-10}, {""token"": "" Zero"", ""token_id"": 31234, ""probability"": 2.7894433984876343e-10}, {""token"": ""\n\n"", ""token_id"": 108, ""probability"": 2.7894433984876343e-10}, {""token"": "" Some"", ""token_id"": 4943, ""probability"": 2.7894433984876343e-10}]"
L22-L22,[22],"[23422, 23422, 60476]","[16, 21, 16]","[1703, 197021]","[16, 16]",0.4,0.5,False,joint,False,"[1113.53759765625, 1043.41259765625, 337.6461547851562]","[911.5577621459961, 180.21970748901367]","[742.3584594726562, 695.6084594726562, 225.09744262695312, 911.557861328125, 180.21971130371094]",1396.0848644725113, Eight,0.9999911785125732,2.3823486117180437e-07,0.9999911785125732,7.88925444794586e-06,-15.250000016680895,"[{""token"": "" Eight"", ""token_id"": 38923, ""probability"": 0.9999911785125732}, {""token"": "" Four"", ""token_id"": 13038, ""probability"": 7.88925444794586e-06}, {""token"": ""Eight"", ""token_id"": 80357, ""probability"": 6.475895588664571e-07}, {""token"": "" Six"", ""token_id"": 19759, ""probability"": 2.3823486117180437e-07}, {""token"": "" Many"", ""token_id"": 8732, ""probability"": 5.602747155109e-09}, {""token"": "" Two"", ""token_id"": 8512, ""probability"": 2.061135262465541e-09}, {""token"": "" Legs"", ""token_id"": 156403, ""probability"": 5.905251843074666e-10}, {""token"": "" None"", ""token_id"": 5450, ""probability"": 3.58171631242854e-10}, {""token"": "" Usually"", ""token_id"": 34645, ""probability"": 2.7894433984876343e-10}, {""token"": "" Zero"", ""token_id"": 31234, ""probability"": 2.7894433984876343e-10}, {""token"": ""\n\n"", ""token_id"": 108, ""probability"": 2.7894433984876343e-10}, {""token"": "" Some"", ""token_id"": 4943, ""probability"": 2.7894433984876343e-10}]"
L22-L22,[22],"[23422, 23422, 60476]","[16, 21, 16]","[1703, 197021]","[16, 16]",0.4,0.75,False,joint,False,"[1113.53759765625, 1043.41259765625, 337.6461547851562]","[1367.3366432189941, 270.3295612335205]","[742.3584594726562, 695.6084594726562, 225.09744262695312, 1367.3369140625, 270.3295593261719]",1740.208141896013, Eight,0.9999890327453613,2.3823434958103462e-07,0.9999890327453613,1.0129982001672033e-05,-15.250000018316706,"[{""token"": "" Eight"", ""token_id"": 38923, ""probability"": 0.9999890327453613}, {""token"": "" Four"", ""token_id"": 13038, ""probability"": 1.0129982001672033e-05}, {""token"": ""Eight"", ""token_id"": 80357, ""probability"": 6.475881377809856e-07}, {""token"": "" Six"", ""token_id"": 19759, ""probability"": 2.3823434958103462e-07}, {""token"": "" Many"", ""token_id"": 8732, ""probability"": 7.194054241210779e-09}, {""token"": "" Two"", ""token_id"": 8512, ""probability"": 2.0611308215734425e-09}, {""token"": "" Legs"", ""token_id"": 156403, ""probability"": 7.582476868606136e-10}, {""token"": "" None"", ""token_id"": 5450, ""probability"": 4.59900506566413e-10}, {""token"": "" Typically"", ""token_id"": 50338, ""probability"": 3.5817085408673677e-10}, {""token"": "" Usually"", ""token_id"": 34645, ""probability"": 3.5817085408673677e-10}, {""token"": ""\n\n"", ""token_id"": 108, ""probability"": 3.5817085408673677e-10}, {""token"": "" Zero"", ""token_id"": 31234, ""probability"": 3.5817085408673677e-10}]"
L22-L22,[22],"[23422, 23422, 60476]","[16, 21, 16]","[1703, 197021]","[16, 16]",0.4,1.0,False,joint,False,"[1113.53759765625, 1043.41259765625, 337.6461547851562]","[1823.1155242919922, 360.43941497802734]","[742.3584594726562, 695.6084594726562, 225.09744262695312, 1823.11572265625, 360.4394226074219]",2130.564147235122, Eight,0.9999910593032837,3.0589959010285384e-07,0.9999910593032837,7.889253538451158e-06,-14.999999985024823,"[{""token"": "" Eight"", ""token_id"": 38923, ""probability"": 0.9999910593032837}, {""token"": "" Four"", ""token_id"": 13038, ""probability"": 7.889253538451158e-06}, {""token"": ""Eight"", ""token_id"": 80357, ""probability"": 6.475894451796194e-07}, {""token"": "" Six"", ""token_id"": 19759, ""probability"": 3.0589959010285384e-07}, {""token"": "" Many"", ""token_id"": 8732, ""probability"": 5.6027462669305805e-09}, {""token"": "" Two"", ""token_id"": 8512, ""probability"": 2.061135040420936e-09}, {""token"": "" Legs"", ""token_id"": 156403, ""probability"": 7.582492411728481e-10}, {""token"": "" None"", ""token_id"": 5450, ""probability"": 4.5990145025598395e-10}, {""token"": "" Usually"", ""token_id"": 34645, ""probability"": 3.581716034872784e-10}, {""token"": "" Typically"", ""token_id"": 50338, ""probability"": 3.581716034872784e-10}, {""token"": "" Some"", ""token_id"": 4943, ""probability"": 2.789443120931878e-10}, {""token"": ""\n\n"", ""token_id"": 108, ""probability"": 2.789443120931878e-10}]"
L22-L22,[22],"[23422, 23422, 60476]","[16, 21, 16]","[1703, 197021]","[16, 16]",0.4,1.25,False,joint,False,"[1113.53759765625, 1043.41259765625, 337.6461547851562]","[2278.8944053649902, 450.5492687225342]","[742.3584594726562, 695.6084594726562, 225.09744262695312, 2278.894775390625, 450.54925537109375]",2545.9756673495262, Eight,0.9999912977218628,3.058996469462727e-07,0.9999912977218628,7.889256266935263e-06,-15.00000003762174,"[{""token"": "" Eight"", ""token_id"": 38923, ""probability"": 0.9999912977218628}, {""token"": "" Four"", ""token_id"": 13038, ""probability"": 7.889256266935263e-06}, {""token"": ""Eight"", ""token_id"": 80357, ""probability"": 5.04343290685938e-07}, {""token"": "" Six"", ""token_id"": 19759, ""probability"": 3.058996469462727e-07}, {""token"": "" Many"", ""token_id"": 8732, ""probability"": 5.60274759919821e-09}, {""token"": "" Two"", ""token_id"": 8512, ""probability"": 2.061135484510146e-09}, {""token"": "" Legs"", ""token_id"": 156403, ""probability"": 5.905252398186178e-10}, {""token"": "" None"", ""token_id"": 5450, ""probability"": 3.5817168675400524e-10}, {""token"": "" Typically"", ""token_id"": 50338, ""probability"": 2.7894439535991467e-10}, {""token"": "" Usually"", ""token_id"": 34645, ""probability"": 2.7894439535991467e-10}, {""token"": ""\n\n"", ""token_id"": 108, ""probability"": 2.7894439535991467e-10}, {""token"": "" Zero"", ""token_id"": 31234, ""probability"": 2.7894439535991467e-10}]"
L22-L22,[22],"[23422, 23422, 60476]","[16, 21, 16]","[1703, 197021]","[16, 16]",0.4,1.5,False,joint,False,"[1113.53759765625, 1043.41259765625, 337.6461547851562]","[2734.6732864379883, 540.659122467041]","[742.3584594726562, 695.6084594726562, 225.09744262695312, 2734.673828125, 540.6591186523438]",2975.9686320140377, Eight,0.9999889135360718,3.0589893640353694e-07,0.9999889135360718,1.0129981092177331e-05,-14.999999976211905,"[{""token"": "" Eight"", ""token_id"": 38923, ""probability"": 0.9999889135360718}, {""token"": "" Four"", ""token_id"": 13038, ""probability"": 1.0129981092177331e-05}, {""token"": ""Eight"", ""token_id"": 80357, ""probability"": 6.475880809375667e-07}, {""token"": "" Six"", ""token_id"": 19759, ""probability"": 3.0589893640353694e-07}, {""token"": "" Many"", ""token_id"": 8732, ""probability"": 5.6027342765219146e-09}, {""token"": "" Two"", ""token_id"": 8512, ""probability"": 2.0611305995288376e-09}, {""token"": "" Legs"", ""token_id"": 156403, ""probability"": 7.582476313494624e-10}, {""token"": "" None"", ""token_id"": 5450, ""probability"": 4.599004510552618e-10}, {""token"": ""\n\n"", ""token_id"": 108, ""probability"": 3.5817082633116115e-10}, {""token"": "" Typically"", ""token_id"": 50338, ""probability"": 3.5817082633116115e-10}, {""token"": "" Usually"", ""token_id"": 34645, ""probability"": 3.5817082633116115e-10}, {""token"": "" Some"", ""token_id"": 4943, ""probability"": 2.789437292260999e-10}]"
L22-L22,[22],"[23422, 23422, 60476]","[16, 21, 16]","[1703, 197021]","[16, 16]",0.4,2.0,True,joint,False,"[1113.53759765625, 1043.41259765625, 337.6461547851562]","[3646.2310485839844, 720.8788299560547]","[742.3584594726562, 695.6084594726562, 225.09744262695312, 3646.2314453125, 720.8788452148438]",3860.091466815482, Eight,0.9999856948852539,5.043404485149949e-07,0.9999856948852539,1.300711119256448e-05,-14.499999998615435,"[{""token"": "" Eight"", ""token_id"": 38923, ""probability"": 0.9999856948852539}, {""token"": "" Four"", ""token_id"": 13038, ""probability"": 1.300711119256448e-05}, {""token"": ""Eight"", ""token_id"": 80357, ""probability"": 8.315168429362529e-07}, {""token"": "" Six"", ""token_id"": 19759, ""probability"": 5.043404485149949e-07}, {""token"": "" Many"", ""token_id"": 8732, ""probability"": 9.237317577515114e-09}, {""token"": "" Two"", ""token_id"": 8512, ""probability"": 3.3982192615411577e-09}, {""token"": "" Legs"", ""token_id"": 156403, ""probability"": 9.736061956644448e-10}, {""token"": "" None"", ""token_id"": 5450, ""probability"": 5.905219646606952e-10}, {""token"": "" Zero"", ""token_id"": 31234, ""probability"": 4.5989898000975415e-10}, {""token"": "" Typically"", ""token_id"": 50338, ""probability"": 4.5989898000975415e-10}, {""token"": "" Usually"", ""token_id"": 34645, ""probability"": 4.5989898000975415e-10}, {""token"": ""\n\n"", ""token_id"": 108, ""probability"": 3.581696605969853e-10}]"
L22-L22,[22],"[23422, 23422, 60476]","[16, 21, 16]","[1703, 197021]","[16, 16]",0.4,3.0,True,joint,False,"[1113.53759765625, 1043.41259765625, 337.6461547851562]","[5469.346572875977, 1081.318244934082]","[742.3584594726562, 695.6084594726562, 225.09744262695312, 5469.34765625, 1081.3182373046875]",5671.741265711335, Eight,0.9999887943267822,5.04342040130723e-07,0.9999887943267822,1.0129979273187928e-05,-14.49999994226551,"[{""token"": "" Eight"", ""token_id"": 38923, ""probability"": 0.9999887943267822}, {""token"": "" Four"", ""token_id"": 13038, ""probability"": 1.0129979273187928e-05}, {""token"": ""Eight"", ""token_id"": 80357, ""probability"": 6.47587967250729e-07}, {""token"": "" Six"", ""token_id"": 19759, ""probability"": 5.04342040130723e-07}, {""token"": "" Many"", ""token_id"": 8732, ""probability"": 7.1940524648539395e-09}, {""token"": "" Two"", ""token_id"": 8512, ""probability"": 3.398229919682194e-09}, {""token"": "" Legs"", ""token_id"": 156403, ""probability"": 7.582475203271599e-10}, {""token"": "" None"", ""token_id"": 5450, ""probability"": 5.905237965286858e-10}, {""token"": "" Typically"", ""token_id"": 50338, ""probability"": 4.5990039554411055e-10}, {""token"": ""\n\n"", ""token_id"": 108, ""probability"": 3.581707708200099e-10}, {""token"": "" Some"", ""token_id"": 4943, ""probability"": 3.581707708200099e-10}, {""token"": "" Zero"", ""token_id"": 31234, ""probability"": 3.581707708200099e-10}]"
L22-L22,[22],"[23422, 23422, 60476]","[16, 21, 16]","[1703, 197021]","[16, 16]",0.6,0.0,False,spider_only,False,"[742.3583984375, 695.6083984375, 225.09743652343752]","[0.0, 0.0]","[1113.5377197265625, 1043.4127197265625, 337.6461486816406, 0.0, 0.0]",1562.90795591441, Eight,0.9999943971633911,3.0590061328439333e-07,0.9999943971633911,4.785090823133942e-06,-14.999999978086715,"[{""token"": "" Eight"", ""token_id"": 38923, ""probability"": 0.9999943971633911}, {""token"": "" Four"", ""token_id"": 13038, ""probability"": 4.785090823133942e-06}, {""token"": ""Eight"", ""token_id"": 80357, ""probability"": 5.043448254582472e-07}, {""token"": "" Six"", ""token_id"": 19759, ""probability"": 3.0590061328439333e-07}, {""token"": "" Many"", ""token_id"": 8732, ""probability"": 5.602764918677394e-09}, {""token"": "" Two"", ""token_id"": 8512, ""probability"": 1.605218957756449e-09}, {""token"": "" Legs"", ""token_id"": 156403, ""probability"": 4.599029768126428e-10}, {""token"": "" None"", ""token_id"": 5450, ""probability"": 3.5817279697702986e-10}, {""token"": "" Typically"", ""token_id"": 50338, ""probability"": 2.7894525578275875e-10}, {""token"": ""\n\n"", ""token_id"": 108, ""probability"": 2.1724276544343724e-10}, {""token"": "" Some"", ""token_id"": 4943, ""probability"": 2.1724276544343724e-10}, {""token"": "" Zero"", ""token_id"": 31234, ""probability"": 2.1724276544343724e-10}]"
L22-L22,[22],"[23422, 23422, 60476]","[16, 21, 16]","[1703, 197021]","[16, 16]",0.6,0.25,False,joint,False,"[742.3583984375, 695.6083984375, 225.09743652343752]","[455.77888107299805, 90.10985374450684]","[1113.5377197265625, 1043.4127197265625, 337.6461486816406, 455.7789306640625, 90.10985565185547]",1630.501609439081, Eight,0.9999910593032837,3.927828231553576e-07,0.9999910593032837,7.889253538451158e-06,-14.750000049923456,"[{""token"": "" Eight"", ""token_id"": 38923, ""probability"": 0.9999910593032837}, {""token"": "" Four"", ""token_id"": 13038, ""probability"": 7.889253538451158e-06}, {""token"": ""Eight"", ""token_id"": 80357, ""probability"": 6.475894451796194e-07}, {""token"": "" Six"", ""token_id"": 19759, ""probability"": 3.927828231553576e-07}, {""token"": "" Many"", ""token_id"": 8732, ""probability"": 7.194068896154704e-09}, {""token"": "" Two"", ""token_id"": 8512, ""probability"": 2.646550090190658e-09}, {""token"": "" Legs"", ""token_id"": 156403, ""probability"": 7.582492411728481e-10}, {""token"": "" None"", ""token_id"": 5450, ""probability"": 5.905251287963154e-10}, {""token"": "" Typically"", ""token_id"": 50338, ""probability"": 4.5990145025598395e-10}, {""token"": ""\n\n"", ""token_id"": 108, ""probability"": 3.581716034872784e-10}, {""token"": "" Zero"", ""token_id"": 31234, ""probability"": 3.581716034872784e-10}, {""token"": "" Usually"", ""token_id"": 34645, ""probability"": 3.581716034872784e-10}]"
L22-L22,[22],"[23422, 23422, 60476]","[16, 21, 16]","[1703, 197021]","[16, 16]",0.6,0.5,False,joint,False,"[742.3583984375, 695.6083984375, 225.09743652343752]","[911.5577621459961, 180.21970748901367]","[1113.5377197265625, 1043.4127197265625, 337.6461486816406, 911.557861328125, 180.21971130371094]",1818.2679003799349, Eight,0.999992847442627,3.927835336980934e-07,0.999992847442627,6.1441683101293165e-06,-14.750000029082365,"[{""token"": "" Eight"", ""token_id"": 38923, ""probability"": 0.999992847442627}, {""token"": "" Four"", ""token_id"": 13038, ""probability"": 6.1441683101293165e-06}, {""token"": ""Eight"", ""token_id"": 80357, ""probability"": 6.475906388914154e-07}, {""token"": "" Six"", ""token_id"": 19759, ""probability"": 3.927835336980934e-07}, {""token"": "" Many"", ""token_id"": 8732, ""probability"": 7.1940817747417896e-09}, {""token"": "" Two"", ""token_id"": 8512, ""probability"": 2.6465549751719664e-09}, {""token"": "" Legs"", ""token_id"": 156403, ""probability"": 7.582505734404776e-10}, {""token"": "" None"", ""token_id"": 5450, ""probability"": 5.905261835081888e-10}, {""token"": "" Typically"", ""token_id"": 50338, ""probability"": 4.599022551676768e-10}, {""token"": ""\n\n"", ""token_id"": 108, ""probability"": 3.5817224186551755e-10}, {""token"": "" Zero"", ""token_id"": 31234, ""probability"": 3.5817224186551755e-10}, {""token"": "" Usually"", ""token_id"": 34645, ""probability"": 3.5817224186551755e-10}]"
L22-L22,[22],"[23422, 23422, 60476]","[16, 21, 16]","[1703, 197021]","[16, 16]",0.6,0.75,False,joint,False,"[742.3583984375, 695.6083984375, 225.09743652343752]","[1367.3366432189941, 270.3295612335205]","[1113.5377197265625, 1043.4127197265625, 337.6461486816406, 1367.3369140625, 270.3295593261719]",2094.1274044011748, Eight,0.9999929666519165,3.0590015853704244e-07,0.9999929666519165,6.144169219624018e-06,-15.000000034152594,"[{""token"": "" Eight"", ""token_id"": 38923, ""probability"": 0.9999929666519165}, {""token"": "" Four"", ""token_id"": 13038, ""probability"": 6.144169219624018e-06}, {""token"": ""Eight"", ""token_id"": 80357, ""probability"": 5.043441433372209e-07}, {""token"": "" Six"", ""token_id"": 19759, ""probability"": 3.0590015853704244e-07}, {""token"": "" Many"", ""token_id"": 8732, ""probability"": 5.602756925071617e-09}, {""token"": "" Two"", ""token_id"": 8512, ""probability"": 2.0611390372238247e-09}, {""token"": "" Legs"", ""token_id"": 156403, ""probability"": 5.9052623901934e-10}, {""token"": "" None"", ""token_id"": 5450, ""probability"": 3.5817226962109316e-10}, {""token"": ""\n\n"", ""token_id"": 108, ""probability"": 2.789448394491245e-10}, {""token"": "" Typically"", ""token_id"": 50338, ""probability"": 2.789448394491245e-10}, {""token"": "" Zero"", ""token_id"": 31234, ""probability"": 2.789448394491245e-10}, {""token"": "" Some"", ""token_id"": 4943, ""probability"": 2.1724246013210546e-10}]"
L22-L22,[22],"[23422, 23422, 60476]","[16, 21, 16]","[1703, 197021]","[16, 16]",0.6,1.0,False,joint,False,"[742.3583984375, 695.6083984375, 225.09743652343752]","[1823.1155242919922, 360.43941497802734]","[1113.5377197265625, 1043.4127197265625, 337.6461486816406, 1823.11572265625, 360.4394226074219]",2428.23985516805, Eight,0.999994158744812,3.927840452888631e-07,0.999994158744812,4.78508991363924e-06,-14.750000037918824,"[{""token"": "" Eight"", ""token_id"": 38923, ""probability"": 0.999994158744812}, {""token"": "" Four"", ""token_id"": 13038, ""probability"": 4.78508991363924e-06}, {""token"": ""Eight"", ""token_id"": 80357, ""probability"": 6.475914346992795e-07}, {""token"": "" Six"", ""token_id"": 19759, ""probability"": 3.927840452888631e-07}, {""token"": "" Many"", ""token_id"": 8732, ""probability"": 5.602763586409765e-09}, {""token"": "" Two"", ""token_id"": 8512, ""probability"": 2.061141479714479e-09}, {""token"": "" Legs"", ""token_id"": 156403, ""probability"": 5.90526960664306e-10}, {""token"": "" None"", ""token_id"": 5450, ""probability"": 4.5990286579034034e-10}, {""token"": "" Typically"", ""token_id"": 50338, ""probability"": 3.58172713710303e-10}, {""token"": ""\n\n"", ""token_id"": 108, ""probability"": 2.789451725160319e-10}, {""token"": "" Zero"", ""token_id"": 31234, ""probability"": 2.789451725160319e-10}, {""token"": "" Usually"", ""token_id"": 34645, ""probability"": 2.789451725160319e-10}]"
L22-L22,[22],"[23422, 23422, 60476]","[16, 21, 16]","[1703, 197021]","[16, 16]",0.6,1.25,False,joint,False,"[742.3583984375, 695.6083984375, 225.09743652343752]","[2278.8944053649902, 450.5492687225342]","[1113.5377197265625, 1043.4127197265625, 337.6461486816406, 2278.894775390625, 450.54925537109375]",2799.8280853435795, Eight,0.9999881982803345,8.315188892993319e-07,0.9999881982803345,1.0129973816219717e-05,-14.000000019645254,"[{""token"": "" Eight"", ""token_id"": 38923, ""probability"": 0.9999881982803345}, {""token"": "" Four"", ""token_id"": 13038, ""probability"": 1.0129973816219717e-05}, {""token"": "" Six"", ""token_id"": 19759, ""probability"": 8.315188892993319e-07}, {""token"": ""Eight"", ""token_id"": 80357, ""probability"": 8.315188892993319e-07}, {""token"": "" Many"", ""token_id"": 8732, ""probability"": 9.237340670154026e-09}, {""token"": "" Two"", ""token_id"": 8512, ""probability"": 4.363410965879666e-09}, {""token"": "" Legs"", ""token_id"": 156403, ""probability"": 9.73608638155099e-10}, {""token"": "" None"", ""token_id"": 5450, ""probability"": 7.582470762379501e-10}, {""token"": "" Typically"", ""token_id"": 50338, ""probability"": 5.905234079506272e-10}, {""token"": ""\n\n"", ""token_id"": 108, ""probability"": 4.599001179883544e-10}, {""token"": "" Zero"", ""token_id"": 31234, ""probability"": 4.599001179883544e-10}, {""token"": "" Usually"", ""token_id"": 34645, ""probability"": 4.599001179883544e-10}]"
L22-L22,[22],"[23422, 23422, 60476]","[16, 21, 16]","[1703, 197021]","[16, 16]",0.6,1.5,False,joint,False,"[742.3583984375, 695.6083984375, 225.09743652343752]","[2734.6732864379883, 540.659122467041]","[1113.5377197265625, 1043.4127197265625, 337.6461486816406, 2734.673828125, 540.6591186523438]",3195.8464461663875, Eight,0.999992847442627,5.04344086493802e-07,0.999992847442627,6.1441683101293165e-06,-14.499999937936206,"[{""token"": "" Eight"", ""token_id"": 38923, ""probability"": 0.999992847442627}, {""token"": "" Four"", ""token_id"": 13038, ""probability"": 6.1441683101293165e-06}, {""token"": "" Six"", ""token_id"": 19759, ""probability"": 5.04344086493802e-07}, {""token"": ""Eight"", ""token_id"": 80357, ""probability"": 5.04344086493802e-07}, {""token"": "" Many"", ""token_id"": 8732, ""probability"": 5.602756480982407e-09}, {""token"": "" Two"", ""token_id"": 8512, ""probability"": 2.6465549751719664e-09}, {""token"": "" Legs"", ""token_id"": 156403, ""probability"": 5.905261835081888e-10}, {""token"": "" None"", ""token_id"": 5450, ""probability"": 4.599022551676768e-10}, {""token"": "" Typically"", ""token_id"": 50338, ""probability"": 3.5817224186551755e-10}, {""token"": ""\n\n"", ""token_id"": 108, ""probability"": 2.789448116935489e-10}, {""token"": "" Usually"", ""token_id"": 34645, ""probability"": 2.789448116935489e-10}, {""token"": "" Some"", ""token_id"": 4943, ""probability"": 2.1724243237652985e-10}]"
L22-L22,[22],"[23422, 23422, 60476]","[16, 21, 16]","[1703, 197021]","[16, 16]",0.6,2.0,True,joint,False,"[742.3583984375, 695.6083984375, 225.09743652343752]","[3646.2310485839844, 720.8788299560547]","[1113.5377197265625, 1043.4127197265625, 337.6461486816406, 3646.2314453125, 720.8788452148438]",4032.0405926682492, Eight,0.9999884366989136,8.315191166730074e-07,0.9999884366989136,1.012997563520912e-05,-13.999999984622868,"[{""token"": "" Eight"", ""token_id"": 38923, ""probability"": 0.9999884366989136}, {""token"": "" Four"", ""token_id"": 13038, ""probability"": 1.012997563520912e-05}, {""token"": "" Six"", ""token_id"": 19759, ""probability"": 8.315191166730074e-07}, {""token"": ""Eight"", ""token_id"": 80357, ""probability"": 6.475877398770535e-07}, {""token"": "" Many"", ""token_id"": 8732, ""probability"": 9.237343334689285e-09}, {""token"": "" Two"", ""token_id"": 8512, ""probability"": 4.363411854058086e-09}, {""token"": "" Legs"", ""token_id"": 156403, ""probability"": 7.582472427714038e-10}, {""token"": "" None"", ""token_id"": 5450, ""probability"": 7.582472427714038e-10}, {""token"": "" Zero"", ""token_id"": 31234, ""probability"": 4.5990022901065686e-10}, {""token"": "" Typically"", ""token_id"": 50338, ""probability"": 4.5990022901065686e-10}, {""token"": "" Usually"", ""token_id"": 34645, ""probability"": 4.5990022901065686e-10}, {""token"": ""\n\n"", ""token_id"": 108, ""probability"": 3.5817065979770746e-10}]"
L22-L22,[22],"[23422, 23422, 60476]","[16, 21, 16]","[1703, 197021]","[16, 16]",0.6,3.0,True,joint,False,"[742.3583984375, 695.6083984375, 225.09743652343752]","[5469.346572875977, 1081.318244934082]","[1113.5377197265625, 1043.4127197265625, 337.6461486816406, 5469.34765625, 1081.3182373046875]",5790.137666231749, Eight,0.9999905824661255,1.067694029188715e-06,0.9999905824661255,7.88924990047235e-06,-13.74999993041769,"[{""token"": "" Eight"", ""token_id"": 38923, ""probability"": 0.9999905824661255}, {""token"": "" Four"", ""token_id"": 13038, ""probability"": 7.88924990047235e-06}, {""token"": "" Six"", ""token_id"": 19759, ""probability"": 1.067694029188715e-06}, {""token"": ""Eight"", ""token_id"": 80357, ""probability"": 5.04342892782006e-07}, {""token"": "" Many"", ""token_id"": 8732, ""probability"": 7.194065343441025e-09}, {""token"": "" Two"", ""token_id"": 8512, ""probability"": 4.363421179931493e-09}, {""token"": "" Legs"", ""token_id"": 156403, ""probability"": 7.582488525947895e-10}, {""token"": "" None"", ""token_id"": 5450, ""probability"": 5.905248512405592e-10}, {""token"": "" Typically"", ""token_id"": 50338, ""probability"": 5.905248512405592e-10}, {""token"": ""\n\n"", ""token_id"": 108, ""probability"": 3.581714091982491e-10}, {""token"": "" Zero"", ""token_id"": 31234, ""probability"": 3.581714091982491e-10}, {""token"": "" Usually"", ""token_id"": 34645, ""probability"": 3.581714091982491e-10}]"
L22-L22,[22],"[23422, 23422, 60476]","[16, 21, 16]","[1703, 197021]","[16, 16]",0.8,0.0,False,spider_only,False,"[371.17919921874994, 347.80419921874994, 112.54871826171872]","[0.0, 0.0]","[1484.7169189453125, 1391.2169189453125, 450.19488525390625, 0.0, 0.0]",2083.8772227919108, Eight,0.9999939203262329,6.475913210124418e-07,0.9999939203262329,4.785088549397187e-06,-14.249999937312504,"[{""token"": "" Eight"", ""token_id"": 38923, ""probability"": 0.9999939203262329}, {""token"": "" Four"", ""token_id"": 13038, ""probability"": 4.785088549397187e-06}, {""token"": "" Six"", ""token_id"": 19759, ""probability"": 6.475913210124418e-07}, {""token"": ""Eight"", ""token_id"": 80357, ""probability"": 6.475913210124418e-07}, {""token"": "" Many"", ""token_id"": 8732, ""probability"": 7.194089768347567e-09}, {""token"": "" Two"", ""token_id"": 8512, ""probability"": 2.6465578617518304e-09}, {""token"": "" Legs"", ""token_id"": 156403, ""probability"": 5.905267941308523e-10}, {""token"": "" None"", ""token_id"": 5450, ""probability"": 4.599027547680379e-10}, {""token"": "" Typically"", ""token_id"": 50338, ""probability"": 2.7894511700488067e-10}, {""token"": "" Usually"", ""token_id"": 34645, ""probability"": 2.7894511700488067e-10}, {""token"": ""\n\n"", ""token_id"": 108, ""probability"": 2.7894511700488067e-10}, {""token"": "" Several"", ""token_id"": 22624, ""probability"": 2.7894511700488067e-10}]"
L22-L22,[22],"[23422, 23422, 60476]","[16, 21, 16]","[1703, 197021]","[16, 16]",0.8,0.25,False,joint,False,"[371.17919921874994, 347.80419921874994, 112.54871826171872]","[455.77888107299805, 90.10985374450684]","[1484.7169189453125, 1391.2169189453125, 450.19488525390625, 455.7789306640625, 90.10985565185547]",2135.040631789897, Eight,0.9999918937683105,1.0676953934307676e-06,0.9999918937683105,6.144162398413755e-06,-13.749999963985921,"[{""token"": "" Eight"", ""token_id"": 38923, ""probability"": 0.9999918937683105}, {""token"": "" Four"", ""token_id"": 13038, ""probability"": 6.144162398413755e-06}, {""token"": "" Six"", ""token_id"": 19759, ""probability"": 1.0676953934307676e-06}, {""token"": ""Eight"", ""token_id"": 80357, ""probability"": 8.315219588439504e-07}, {""token"": "" Many"", ""token_id"": 8732, ""probability"": 9.237375309112394e-09}, {""token"": "" Two"", ""token_id"": 8512, ""probability"": 4.363426953091221e-09}, {""token"": "" None"", ""token_id"": 5450, ""probability"": 7.582498517955116e-10}, {""token"": "" Legs"", ""token_id"": 156403, ""probability"": 7.582498517955116e-10}, {""token"": "" Typically"", ""token_id"": 50338, ""probability"": 4.5990183883404256e-10}, {""token"": ""\n\n"", ""token_id"": 108, ""probability"": 3.5817188104303455e-10}, {""token"": "" Some"", ""token_id"": 4943, ""probability"": 3.5817188104303455e-10}, {""token"": "" Several"", ""token_id"": 22624, ""probability"": 3.5817188104303455e-10}]"
L22-L22,[22],"[23422, 23422, 60476]","[16, 21, 16]","[1703, 197021]","[16, 16]",0.8,0.5,False,joint,False,"[371.17919921874994, 347.80419921874994, 112.54871826171872]","[911.5577621459961, 180.21970748901367]","[1484.7169189453125, 1391.2169189453125, 450.19488525390625, 911.557861328125, 180.21971130371094]",2281.6575462944534, Eight,0.9999936819076538,8.315234936162597e-07,0.9999936819076538,4.7850876399024855e-06,-13.999999966100864,"[{""token"": "" Eight"", ""token_id"": 38923, ""probability"": 0.9999936819076538}, {""token"": "" Four"", ""token_id"": 13038, ""probability"": 4.7850876399024855e-06}, {""token"": "" Six"", ""token_id"": 19759, ""probability"": 8.315234936162597e-07}, {""token"": ""Eight"", ""token_id"": 80357, ""probability"": 6.475911504821852e-07}, {""token"": "" Many"", ""token_id"": 8732, ""probability"": 7.1940879919907275e-09}, {""token"": "" Two"", ""token_id"": 8512, ""probability"": 2.6465571956180156e-09}, {""token"": "" Legs"", ""token_id"": 156403, ""probability"": 5.905266831085498e-10}, {""token"": "" None"", ""token_id"": 5450, ""probability"": 4.599026437457354e-10}, {""token"": ""\n\n"", ""token_id"": 108, ""probability"": 3.581725194212737e-10}, {""token"": "" Typically"", ""token_id"": 50338, ""probability"": 3.581725194212737e-10}, {""token"": "" Usually"", ""token_id"": 34645, ""probability"": 2.7894506149372944e-10}, {""token"": "" Some"", ""token_id"": 4943, ""probability"": 2.1724261278777135e-10}]"
L22-L22,[22],"[23422, 23422, 60476]","[16, 21, 16]","[1703, 197021]","[16, 16]",0.8,0.75,False,joint,False,"[371.17919921874994, 347.80419921874994, 112.54871826171872]","[1367.3366432189941, 270.3295612335205]","[1484.7169189453125, 1391.2169189453125, 450.19488525390625, 1367.3369140625, 270.3295593261719]",2507.036614585908, Eight,0.9999933242797852,1.067696871359658e-06,0.9999933242797852,4.785085820913082e-06,-13.75000001028558,"[{""token"": "" Eight"", ""token_id"": 38923, ""probability"": 0.9999933242797852}, {""token"": "" Four"", ""token_id"": 13038, ""probability"": 4.785085820913082e-06}, {""token"": "" Six"", ""token_id"": 19759, ""probability"": 1.067696871359658e-06}, {""token"": ""Eight"", ""token_id"": 80357, ""probability"": 8.315231525557465e-07}, {""token"": "" Many"", ""token_id"": 8732, ""probability"": 9.23738863178869e-09}, {""token"": "" Two"", ""token_id"": 8512, ""probability"": 3.398245240759934e-09}, {""token"": "" None"", ""token_id"": 5450, ""probability"": 7.582509620185363e-10}, {""token"": "" Legs"", ""token_id"": 156403, ""probability"": 7.582509620185363e-10}, {""token"": "" Typically"", ""token_id"": 50338, ""probability"": 4.599024772122817e-10}, {""token"": ""\n\n"", ""token_id"": 108, ""probability"": 3.5817240839897124e-10}, {""token"": "" Some"", ""token_id"": 4943, ""probability"": 3.5817240839897124e-10}, {""token"": "" Several"", ""token_id"": 22624, ""probability"": 3.5817240839897124e-10}]"
L22-L22,[22],"[23422, 23422, 60476]","[16, 21, 16]","[1703, 197021]","[16, 16]",0.8,1.0,False,joint,False,"[371.17919921874994, 347.80419921874994, 112.54871826171872]","[1823.1155242919922, 360.43941497802734]","[1484.7169189453125, 1391.2169189453125, 450.19488525390625, 1823.11572265625, 360.4394226074219]",2792.1697289450226, Eight,0.9999921321868896,1.067695620804443e-06,0.9999921321868896,6.1441642174031585e-06,-13.74999998944899,"[{""token"": "" Eight"", ""token_id"": 38923, ""probability"": 0.9999921321868896}, {""token"": "" Four"", ""token_id"": 13038, ""probability"": 6.1441642174031585e-06}, {""token"": "" Six"", ""token_id"": 19759, ""probability"": 1.067695620804443e-06}, {""token"": ""Eight"", ""token_id"": 80357, ""probability"": 6.475901273006457e-07}, {""token"": "" Many"", ""token_id"": 8732, ""probability"": 7.194076889760481e-09}, {""token"": "" Two"", ""token_id"": 8512, ""probability"": 3.3982412439570453e-09}, {""token"": "" Legs"", ""token_id"": 156403, ""probability"": 7.582500738401166e-10}, {""token"": "" None"", ""token_id"": 5450, ""probability"": 5.905257394189789e-10}, {""token"": "" Typically"", ""token_id"": 50338, ""probability"": 3.581719643097614e-10}, {""token"": "" Usually"", ""token_id"": 34645, ""probability"": 3.581719643097614e-10}, {""token"": ""\n\n"", ""token_id"": 108, ""probability"": 3.581719643097614e-10}, {""token"": "" Several"", ""token_id"": 22624, ""probability"": 3.581719643097614e-10}]"
L22-L22,[22],"[23422, 23422, 60476]","[16, 21, 16]","[1703, 197021]","[16, 16]",0.8,1.25,False,joint,False,"[371.17919921874994, 347.80419921874994, 112.54871826171872]","[2278.8944053649902, 450.5492687225342]","[1484.7169189453125, 1391.2169189453125, 450.19488525390625, 2278.894775390625, 450.54925537109375]",3120.7211199479298, Eight,0.999991774559021,1.3709478707824019e-06,0.999991774559021,6.144161943666404e-06,-13.49999995540212,"[{""token"": "" Eight"", ""token_id"": 38923, ""probability"": 0.999991774559021}, {""token"": "" Four"", ""token_id"": 13038, ""probability"": 6.144161943666404e-06}, {""token"": "" Six"", ""token_id"": 19759, ""probability"": 1.3709478707824019e-06}, {""token"": ""Eight"", ""token_id"": 80357, ""probability"": 6.475898999269702e-07}, {""token"": "" Many"", ""token_id"": 8732, ""probability"": 9.237373532755555e-09}, {""token"": "" Two"", ""token_id"": 8512, ""probability"": 3.3982399116894157e-09}, {""token"": "" Legs"", ""token_id"": 156403, ""probability"": 7.582497962843604e-10}, {""token"": "" None"", ""token_id"": 5450, ""probability"": 5.90525517374374e-10}, {""token"": "" Typically"", ""token_id"": 50338, ""probability"": 4.5990178332289133e-10}, {""token"": ""\n\n"", ""token_id"": 108, ""probability"": 3.5817185328745893e-10}, {""token"": "" Several"", ""token_id"": 22624, ""probability"": 3.5817185328745893e-10}, {""token"": "" Usually"", ""token_id"": 34645, ""probability"": 3.5817185328745893e-10}]"
L22-L22,[22],"[23422, 23422, 60476]","[16, 21, 16]","[1703, 197021]","[16, 16]",0.8,1.5,False,joint,False,"[371.17919921874994, 347.80419921874994, 112.54871826171872]","[2734.6732864379883, 540.659122467041]","[1484.7169189453125, 1391.2169189453125, 450.19488525390625, 2734.673828125, 540.6591186523438]",3480.416283792026, Eight,0.9999914169311523,1.7603312016944983e-06,0.9999914169311523,6.14415966992965e-06,-13.250000000731726,"[{""token"": "" Eight"", ""token_id"": 38923, ""probability"": 0.9999914169311523}, {""token"": "" Four"", ""token_id"": 13038, ""probability"": 6.14415966992965e-06}, {""token"": "" Six"", ""token_id"": 19759, ""probability"": 1.7603312016944983e-06}, {""token"": ""Eight"", ""token_id"": 80357, ""probability"": 6.475896725532948e-07}, {""token"": "" Many"", ""token_id"": 8732, ""probability"": 9.237370868220296e-09}, {""token"": "" Two"", ""token_id"": 8512, ""probability"": 4.363425176734381e-09}, {""token"": "" Legs"", ""token_id"": 156403, ""probability"": 7.582495187286042e-10}, {""token"": "" None"", ""token_id"": 5450, ""probability"": 5.905253508409203e-10}, {""token"": "" Typically"", ""token_id"": 50338, ""probability"": 4.5990161678943764e-10}, {""token"": ""\n\n"", ""token_id"": 108, ""probability"": 3.5817171450958085e-10}, {""token"": "" Several"", ""token_id"": 22624, ""probability"": 3.5817171450958085e-10}, {""token"": "" Usually"", ""token_id"": 34645, ""probability"": 3.5817171450958085e-10}]"
L22-L22,[22],"[23422, 23422, 60476]","[16, 21, 16]","[1703, 197021]","[16, 16]",0.8,2.0,True,joint,False,"[371.17919921874994, 347.80419921874994, 112.54871826171872]","[3646.2310485839844, 720.8788299560547]","[1484.7169189453125, 1391.2169189453125, 450.19488525390625, 3646.2314453125, 720.8788452148438]",4261.128294470244, Eight,0.9999916553497314,2.9022962735325564e-06,0.9999916553497314,4.785077635460766e-06,-12.749999971150109,"[{""token"": "" Eight"", ""token_id"": 38923, ""probability"": 0.9999916553497314}, {""token"": "" Four"", ""token_id"": 13038, ""probability"": 4.785077635460766e-06}, {""token"": "" Six"", ""token_id"": 19759, ""probability"": 2.9022962735325564e-06}, {""token"": ""Eight"", ""token_id"": 80357, ""probability"": 6.475898430835514e-07}, {""token"": "" Many"", ""token_id"": 8732, ""probability"": 7.194073337046802e-09}, {""token"": "" Two"", ""token_id"": 8512, ""probability"": 4.363426064912801e-09}, {""token"": "" None"", ""token_id"": 5450, ""probability"": 7.582496852620579e-10}, {""token"": "" Legs"", ""token_id"": 156403, ""probability"": 5.905254618632227e-10}, {""token"": "" Typically"", ""token_id"": 50338, ""probability"": 4.599017278117401e-10}, {""token"": ""\n\n"", ""token_id"": 108, ""probability"": 3.581717977763077e-10}, {""token"": "" Zero"", ""token_id"": 31234, ""probability"": 3.581717977763077e-10}, {""token"": "" Usually"", ""token_id"": 34645, ""probability"": 3.581717977763077e-10}]"
L22-L22,[22],"[23422, 23422, 60476]","[16, 21, 16]","[1703, 197021]","[16, 16]",0.8,3.0,True,joint,False,"[371.17919921874994, 347.80419921874994, 112.54871826171872]","[5469.346572875977, 1081.318244934082]","[1484.7169189453125, 1391.2169189453125, 450.19488525390625, 5469.34765625, 1081.3182373046875]",5951.937264028075, Eight,0.9999879598617554,3.7266083836584585e-06,0.9999879598617554,7.889229891588911e-06,-12.499999978264642,"[{""token"": "" Eight"", ""token_id"": 38923, ""probability"": 0.9999879598617554}, {""token"": "" Four"", ""token_id"": 13038, ""probability"": 7.889229891588911e-06}, {""token"": "" Six"", ""token_id"": 19759, ""probability"": 3.7266083836584585e-06}, {""token"": ""Eight"", ""token_id"": 80357, ""probability"": 5.043415853833721e-07}, {""token"": "" Many"", ""token_id"": 8732, ""probability"": 9.237338893797187e-09}, {""token"": "" Two"", ""token_id"": 8512, ""probability"": 5.602728947451396e-09}, {""token"": "" None"", ""token_id"": 5450, ""probability"": 7.582469097044964e-10}, {""token"": "" Legs"", ""token_id"": 156403, ""probability"": 7.582469097044964e-10}, {""token"": "" Typically"", ""token_id"": 50338, ""probability"": 5.905232969283247e-10}, {""token"": ""\n\n"", ""token_id"": 108, ""probability"": 3.5817049326425376e-10}, {""token"": "" Some"", ""token_id"": 4943, ""probability"": 3.5817049326425376e-10}, {""token"": "" Zero"", ""token_id"": 31234, ""probability"": 3.5817049326425376e-10}]"
L22-L22,[22],"[23422, 23422, 60476]","[16, 21, 16]","[1703, 197021]","[16, 16]",1.0,0.0,False,spider_only,False,"[0.0, 0.0, 0.0]","[0.0, 0.0]","[1855.8961181640625, 1739.021240234375, 562.7435302734375, 0.0, 0.0]",2604.846551385964, Eight,0.9999903440475464,2.9022926355537493e-06,0.9999903440475464,6.144153303466737e-06,-12.749999913319828,"[{""token"": "" Eight"", ""token_id"": 38923, ""probability"": 0.9999903440475464}, {""token"": "" Four"", ""token_id"": 13038, ""probability"": 6.144153303466737e-06}, {""token"": "" Six"", ""token_id"": 19759, ""probability"": 2.9022926355537493e-06}, {""token"": ""Eight"", ""token_id"": 80357, ""probability"": 6.475889904322685e-07}, {""token"": "" Many"", ""token_id"": 8732, ""probability"": 1.1861005511093481e-08}, {""token"": "" Two"", ""token_id"": 8512, ""probability"": 5.602742270127692e-09}, {""token"": "" Legs"", ""token_id"": 156403, ""probability"": 7.582486860613358e-10}, {""token"": "" None"", ""token_id"": 5450, ""probability"": 7.582486860613358e-10}, {""token"": ""\n\n"", ""token_id"": 108, ""probability"": 4.5990111718907656e-10}, {""token"": "" Typically"", ""token_id"": 50338, ""probability"": 4.5990111718907656e-10}, {""token"": "" Several"", ""token_id"": 22624, ""probability"": 4.5990111718907656e-10}, {""token"": "" Some"", ""token_id"": 4943, ""probability"": 3.5817132593152223e-10}]"
L22-L22,[22],"[23422, 23422, 60476]","[16, 21, 16]","[1703, 197021]","[16, 16]",1.0,0.25,False,joint,False,"[0.0, 0.0, 0.0]","[455.77888107299805, 90.10985374450684]","[1855.8961181640625, 1739.021240234375, 562.7435302734375, 455.7789306640625, 90.10985565185547]",2645.9553616775597, Eight,0.9999903440475464,2.9022926355537493e-06,0.9999903440475464,6.144153303466737e-06,-12.749999913319828,"[{""token"": "" Eight"", ""token_id"": 38923, ""probability"": 0.9999903440475464}, {""token"": "" Four"", ""token_id"": 13038, ""probability"": 6.144153303466737e-06}, {""token"": "" Six"", ""token_id"": 19759, ""probability"": 2.9022926355537493e-06}, {""token"": ""Eight"", ""token_id"": 80357, ""probability"": 6.475889904322685e-07}, {""token"": "" Many"", ""token_id"": 8732, ""probability"": 9.23736109825768e-09}, {""token"": "" Two"", ""token_id"": 8512, ""probability"": 4.363420291753073e-09}, {""token"": "" Legs"", ""token_id"": 156403, ""probability"": 7.582486860613358e-10}, {""token"": "" None"", ""token_id"": 5450, ""probability"": 5.905246847071055e-10}, {""token"": "" Typically"", ""token_id"": 50338, ""probability"": 4.5990111718907656e-10}, {""token"": ""\n\n"", ""token_id"": 108, ""probability"": 3.5817132593152223e-10}, {""token"": "" Several"", ""token_id"": 22624, ""probability"": 3.5817132593152223e-10}, {""token"": "" Usually"", ""token_id"": 34645, ""probability"": 3.5817132593152223e-10}]"
L22-L22,[22],"[23422, 23422, 60476]","[16, 21, 16]","[1703, 197021]","[16, 16]",1.0,0.5,False,joint,False,"[0.0, 0.0, 0.0]","[911.5577621459961, 180.21970748901367]","[1855.8961181640625, 1739.021240234375, 562.7435302734375, 911.557861328125, 180.21971130371094]",2765.6179119970366, Eight,0.9999885559082031,2.902287405959214e-06,0.9999885559082031,7.88923443906242e-06,-12.749999927047199,"[{""token"": "" Eight"", ""token_id"": 38923, ""probability"": 0.9999885559082031}, {""token"": "" Four"", ""token_id"": 13038, ""probability"": 7.88923443906242e-06}, {""token"": "" Six"", ""token_id"": 19759, ""probability"": 2.902287405959214e-06}, {""token"": ""Eight"", ""token_id"": 80357, ""probability"": 6.475878535638913e-07}, {""token"": "" Many"", ""token_id"": 8732, ""probability"": 1.1860984194811408e-08}, {""token"": "" Two"", ""token_id"": 8512, ""probability"": 5.602732500165075e-09}, {""token"": "" Legs"", ""token_id"": 156403, ""probability"": 7.582473537937062e-10}, {""token"": "" None"", ""token_id"": 5450, ""probability"": 7.582473537937062e-10}, {""token"": "" Several"", ""token_id"": 22624, ""probability"": 4.599002845218081e-10}, {""token"": "" Typically"", ""token_id"": 50338, ""probability"": 4.599002845218081e-10}, {""token"": "" Some"", ""token_id"": 4943, ""probability"": 3.5817068755328307e-10}, {""token"": ""\n\n"", ""token_id"": 108, ""probability"": 3.5817068755328307e-10}]"
L22-L22,[22],"[23422, 23422, 60476]","[16, 21, 16]","[1703, 197021]","[16, 16]",1.0,0.75,False,joint,False,"[0.0, 0.0, 0.0]","[1367.3366432189941, 270.3295612335205]","[1855.8961181640625, 1739.021240234375, 562.7435302734375, 1367.3369140625, 270.3295593261719]",2954.3042943256187, Eight,0.9999866485595703,4.78505398859852e-06,0.9999866485595703,7.88921897765249e-06,-12.249999898709744,"[{""token"": "" Eight"", ""token_id"": 38923, ""probability"": 0.9999866485595703}, {""token"": "" Four"", ""token_id"": 13038, ""probability"": 7.88921897765249e-06}, {""token"": "" Six"", ""token_id"": 19759, ""probability"": 4.78505398859852e-06}, {""token"": ""Eight"", ""token_id"": 80357, ""probability"": 6.475866030086763e-07}, {""token"": "" Many"", ""token_id"": 8732, ""probability"": 1.1860961990350916e-08}, {""token"": "" Two"", ""token_id"": 8512, ""probability"": 7.1940373658208046e-09}, {""token"": "" None"", ""token_id"": 5450, ""probability"": 9.736070838428645e-10}, {""token"": "" Legs"", ""token_id"": 156403, ""probability"": 9.736070838428645e-10}, {""token"": "" Typically"", ""token_id"": 50338, ""probability"": 5.905225197722075e-10}, {""token"": ""\n\n"", ""token_id"": 108, ""probability"": 4.59899424098964e-10}, {""token"": "" Some"", ""token_id"": 4943, ""probability"": 4.59899424098964e-10}, {""token"": "" Several"", ""token_id"": 22624, ""probability"": 4.59899424098964e-10}]"
L22-L22,[22],"[23422, 23422, 60476]","[16, 21, 16]","[1703, 197021]","[16, 16]",1.0,1.0,False,joint,False,"[0.0, 0.0, 0.0]","[1823.1155242919922, 360.43941497802734]","[1855.8961181640625, 1739.021240234375, 562.7435302734375, 1823.11572265625, 360.4394226074219]",3199.827037799597, Eight,0.9999885559082031,4.785063083545538e-06,0.9999885559082031,6.144141934782965e-06,-12.249999905384897,"[{""token"": "" Eight"", ""token_id"": 38923, ""probability"": 0.9999885559082031}, {""token"": "" Four"", ""token_id"": 13038, ""probability"": 6.144141934782965e-06}, {""token"": "" Six"", ""token_id"": 19759, ""probability"": 4.785063083545538e-06}, {""token"": ""Eight"", ""token_id"": 80357, ""probability"": 5.043418696004665e-07}, {""token"": "" Many"", ""token_id"": 8732, ""probability"": 9.237344222867705e-09}, {""token"": "" Two"", ""token_id"": 8512, ""probability"": 5.602732500165075e-09}, {""token"": "" Legs"", ""token_id"": 156403, ""probability"": 7.582473537937062e-10}, {""token"": "" None"", ""token_id"": 5450, ""probability"": 7.582473537937062e-10}, {""token"": "" Typically"", ""token_id"": 50338, ""probability"": 5.905236299952321e-10}, {""token"": "" Several"", ""token_id"": 22624, ""probability"": 4.599002845218081e-10}, {""token"": "" Some"", ""token_id"": 4943, ""probability"": 3.5817068755328307e-10}, {""token"": ""\n\n"", ""token_id"": 108, ""probability"": 3.5817068755328307e-10}]"
L22-L22,[22],"[23422, 23422, 60476]","[16, 21, 16]","[1703, 197021]","[16, 16]",1.0,1.25,False,joint,False,"[0.0, 0.0, 0.0]","[2278.8944053649902, 450.5492687225342]","[1855.8961181640625, 1739.021240234375, 562.7435302734375, 2278.894775390625, 450.54925537109375]",3490.212255019096, Eight,0.9999885559082031,4.785063083545538e-06,0.9999885559082031,6.144141934782965e-06,-12.249999905384897,"[{""token"": "" Eight"", ""token_id"": 38923, ""probability"": 0.9999885559082031}, {""token"": "" Four"", ""token_id"": 13038, ""probability"": 6.144141934782965e-06}, {""token"": "" Six"", ""token_id"": 19759, ""probability"": 4.785063083545538e-06}, {""token"": ""Eight"", ""token_id"": 80357, ""probability"": 5.043418696004665e-07}, {""token"": "" Many"", ""token_id"": 8732, ""probability"": 9.237344222867705e-09}, {""token"": "" Two"", ""token_id"": 8512, ""probability"": 4.3634127422365054e-09}, {""token"": "" None"", ""token_id"": 5450, ""probability"": 7.582473537937062e-10}, {""token"": "" Legs"", ""token_id"": 156403, ""probability"": 7.582473537937062e-10}, {""token"": "" Typically"", ""token_id"": 50338, ""probability"": 5.905236299952321e-10}, {""token"": ""\n\n"", ""token_id"": 108, ""probability"": 3.5817068755328307e-10}, {""token"": "" Several"", ""token_id"": 22624, ""probability"": 3.5817068755328307e-10}, {""token"": "" Zero"", ""token_id"": 31234, ""probability"": 3.5817068755328307e-10}]"
L22-L22,[22],"[23422, 23422, 60476]","[16, 21, 16]","[1703, 197021]","[16, 16]",1.0,1.5,False,joint,False,"[0.0, 0.0, 0.0]","[2734.6732864379883, 540.659122467041]","[1855.8961181640625, 1739.021240234375, 562.7435302734375, 2734.673828125, 540.6591186523438]",3815.2298469530147, Eight,0.9999812841415405,1.012990378512768e-05,0.9999812841415405,7.889177140896209e-06,-11.500000021728248,"[{""token"": "" Eight"", ""token_id"": 38923, ""probability"": 0.9999812841415405}, {""token"": "" Six"", ""token_id"": 19759, ""probability"": 1.012990378512768e-05}, {""token"": "" Four"", ""token_id"": 13038, ""probability"": 7.889177140896209e-06}, {""token"": ""Eight"", ""token_id"": 80357, ""probability"": 6.475831355601258e-07}, {""token"": "" Many"", ""token_id"": 8732, ""probability"": 1.1860898041504697e-08}, {""token"": "" Two"", ""token_id"": 8512, ""probability"": 9.237276721307808e-09}, {""token"": "" None"", ""token_id"": 5450, ""probability"": 9.736018657946488e-10}, {""token"": "" Legs"", ""token_id"": 156403, ""probability"": 9.736018657946488e-10}, {""token"": "" Typically"", ""token_id"": 50338, ""probability"": 7.582418026785831e-10}, {""token"": ""\n\n"", ""token_id"": 108, ""probability"": 5.905193556365873e-10}, {""token"": "" Several"", ""token_id"": 22624, ""probability"": 5.905193556365873e-10}, {""token"": "" Usually"", ""token_id"": 34645, ""probability"": 5.905193556365873e-10}]"
L22-L22,[22],"[23422, 23422, 60476]","[16, 21, 16]","[1703, 197021]","[16, 16]",1.0,2.0,True,joint,False,"[0.0, 0.0, 0.0]","[3646.2310485839844, 720.8788299560547]","[1855.8961181640625, 1739.021240234375, 562.7435302734375, 3646.2314453125, 720.8788452148438]",4538.710788156844, Eight,0.9999802112579346,1.3007040251977742e-05,0.9999802112579346,6.144091003079666e-06,-11.250000000309958,"[{""token"": "" Eight"", ""token_id"": 38923, ""probability"": 0.9999802112579346}, {""token"": "" Six"", ""token_id"": 19759, ""probability"": 1.3007040251977742e-05}, {""token"": "" Four"", ""token_id"": 13038, ""probability"": 6.144091003079666e-06}, {""token"": ""Eight"", ""token_id"": 80357, ""probability"": 6.475824534390995e-07}, {""token"": "" Many"", ""token_id"": 8732, ""probability"": 9.237266951345191e-09}, {""token"": "" Two"", ""token_id"": 8512, ""probability"": 7.19399073645377e-09}, {""token"": "" None"", ""token_id"": 5450, ""probability"": 7.582410255224659e-10}, {""token"": "" Legs"", ""token_id"": 156403, ""probability"": 7.582410255224659e-10}, {""token"": "" Typically"", ""token_id"": 50338, ""probability"": 5.905186895027725e-10}, {""token"": "" Several"", ""token_id"": 22624, ""probability"": 4.5989645425237313e-10}, {""token"": "" Zero"", ""token_id"": 31234, ""probability"": 4.5989645425237313e-10}, {""token"": "" Usually"", ""token_id"": 34645, ""probability"": 4.5989645425237313e-10}]"
L22-L22,[22],"[23422, 23422, 60476]","[16, 21, 16]","[1703, 197021]","[16, 16]",1.0,3.0,True,joint,False,"[0.0, 0.0, 0.0]","[5469.346572875977, 1081.318244934082]","[1855.8961181640625, 1739.021240234375, 562.7435302734375, 5469.34765625, 1081.3182373046875]",6153.717451388424, Eight,0.9999728202819824,1.670124584052246e-05,0.9999728202819824,1.0129817383131012e-05,-11.000000060007816,"[{""token"": "" Eight"", ""token_id"": 38923, ""probability"": 0.9999728202819824}, {""token"": "" Six"", ""token_id"": 19759, ""probability"": 1.670124584052246e-05}, {""token"": "" Four"", ""token_id"": 13038, ""probability"": 1.0129817383131012e-05}, {""token"": ""Eight"", ""token_id"": 80357, ""probability"": 3.9277566088458116e-07}, {""token"": "" Many"", ""token_id"": 8732, ""probability"": 1.1860797677343271e-08}, {""token"": "" Two"", ""token_id"": 8512, ""probability"": 9.237198561606874e-09}, {""token"": "" None"", ""token_id"": 5450, ""probability"": 9.735936501442666e-10}, {""token"": "" Legs"", ""token_id"": 156403, ""probability"": 9.735936501442666e-10}, {""token"": "" Typically"", ""token_id"": 50338, ""probability"": 7.582354188961915e-10}, {""token"": ""\n\n"", ""token_id"": 108, ""probability"": 4.59893068072148e-10}, {""token"": "" Some"", ""token_id"": 4943, ""probability"": 4.59893068072148e-10}, {""token"": "" Several"", ""token_id"": 22624, ""probability"": 4.59893068072148e-10}]"
L22-L23,"[22, 23]","[23422, 23422, 60476, 56900, 56900]","[16, 21, 16, 16, 21]","[1703, 197021]","[16, 16]",0.0,0.0,False,unmodified,False,"[1855.89599609375, 1739.02099609375, 562.7435913085938, 568.4154052734375, 719.163330078125]","[0.0, 0.0]","[3.0517578125e-05, 3.0517578125e-05, 0.0, 0.0, 0.0, 1.5258788153005298e-05, 1.5258788153005298e-05]",4.8252527198350417e-05, Eight,0.999982476234436,1.1253320053583593e-07,0.999982476234436,1.6701407730579376e-05,-16.000000019046855,"[{""token"": "" Eight"", ""token_id"": 38923, ""probability"": 0.999982476234436}, {""token"": "" Four"", ""token_id"": 13038, ""probability"": 1.6701407730579376e-05}, {""token"": ""Eight"", ""token_id"": 80357, ""probability"": 6.47583874524571e-07}, {""token"": "" Six"", ""token_id"": 19759, ""probability"": 1.1253320053583593e-07}, {""token"": "" Many"", ""token_id"": 8732, ""probability"": 4.3633860968839144e-09}, {""token"": "" Two"", ""token_id"": 8512, ""probability"": 1.6051998619204255e-09}, {""token"": "" Legs"", ""token_id"": 156403, ""probability"": 5.905200772815533e-10}, {""token"": "" None"", ""token_id"": 5450, ""probability"": 2.789419251136849e-10}, {""token"": "" Typically"", ""token_id"": 50338, ""probability"": 2.789419251136849e-10}, {""token"": "" Usually"", ""token_id"": 34645, ""probability"": 2.789419251136849e-10}, {""token"": "" Some"", ""token_id"": 4943, ""probability"": 2.789419251136849e-10}, {""token"": ""\n\n"", ""token_id"": 108, ""probability"": 2.789419251136849e-10}]"
L22-L23,"[22, 23]","[23422, 23422, 60476, 56900, 56900]","[16, 21, 16, 16, 21]","[1703, 197021]","[16, 16]",0.0,0.25,False,ant_only,False,"[1855.89599609375, 1739.02099609375, 562.7435913085938, 568.4154052734375, 719.163330078125]","[455.77888107299805, 90.10985374450684]","[3.0517578125e-05, 3.0517578125e-05, 0.0, 455.7789306640625, 90.10985565185547, 6.6026153564453125, 0.1982574313879013]",464.6480964756346, Eight,0.9999860525131226,8.764126135929473e-08,0.9999860525131226,1.300711664953269e-05,-16.249999982231788,"[{""token"": "" Eight"", ""token_id"": 38923, ""probability"": 0.9999860525131226}, {""token"": "" Four"", ""token_id"": 13038, ""probability"": 1.300711664953269e-05}, {""token"": ""Eight"", ""token_id"": 80357, ""probability"": 8.315171271533472e-07}, {""token"": "" Six"", ""token_id"": 19759, ""probability"": 8.764126135929473e-08}, {""token"": "" Many"", ""token_id"": 8732, ""probability"": 3.3982205938087873e-09}, {""token"": "" Two"", ""token_id"": 8512, ""probability"": 1.2501354396121656e-09}, {""token"": "" Legs"", ""token_id"": 156403, ""probability"": 5.905221867053001e-10}, {""token"": ""\n\n"", ""token_id"": 108, ""probability"": 2.7894292431440704e-10}, {""token"": "" Usually"", ""token_id"": 34645, ""probability"": 2.7894292431440704e-10}, {""token"": "" Typically"", ""token_id"": 50338, ""probability"": 2.7894292431440704e-10}, {""token"": "" None"", ""token_id"": 5450, ""probability"": 2.1724096133102222e-10}, {""token"": "" Some"", ""token_id"": 4943, ""probability"": 2.1724096133102222e-10}]"
L22-L23,"[22, 23]","[23422, 23422, 60476, 56900, 56900]","[16, 21, 16, 16, 21]","[1703, 197021]","[16, 16]",0.0,0.5,False,ant_only,False,"[1855.89599609375, 1739.02099609375, 562.7435913085938, 568.4154052734375, 719.163330078125]","[911.5577621459961, 180.21970748901367]","[3.0517578125e-05, 3.0517578125e-05, 0.0, 911.557861328125, 180.21971130371094, 13.004165649414062, 0.2899322211742401]",929.293318213593, Eight,0.9999861717224121,8.764126846472209e-08,0.9999861717224121,1.3007117559027392e-05,-16.250000020368738,"[{""token"": "" Eight"", ""token_id"": 38923, ""probability"": 0.9999861717224121}, {""token"": "" Four"", ""token_id"": 13038, ""probability"": 1.3007117559027392e-05}, {""token"": ""Eight"", ""token_id"": 80357, ""probability"": 6.475862619481632e-07}, {""token"": "" Six"", ""token_id"": 19759, ""probability"": 8.764126846472209e-08}, {""token"": "" Many"", ""token_id"": 8732, ""probability"": 3.398220815853392e-09}, {""token"": "" Two"", ""token_id"": 8512, ""probability"": 1.250135550634468e-09}, {""token"": "" Legs"", ""token_id"": 156403, ""probability"": 5.905222422164513e-10}, {""token"": "" None"", ""token_id"": 5450, ""probability"": 2.1724098908659784e-10}, {""token"": "" Typically"", ""token_id"": 50338, ""probability"": 2.1724098908659784e-10}, {""token"": "" Usually"", ""token_id"": 34645, ""probability"": 2.1724098908659784e-10}, {""token"": "" Some"", ""token_id"": 4943, ""probability"": 2.1724098908659784e-10}, {""token"": ""\n\n"", ""token_id"": 108, ""probability"": 2.1724098908659784e-10}]"
L22-L23,"[22, 23]","[23422, 23422, 60476, 56900, 56900]","[16, 21, 16, 16, 21]","[1703, 197021]","[16, 16]",0.0,0.75,False,ant_only,False,"[1855.89599609375, 1739.02099609375, 562.7435913085938, 568.4154052734375, 719.163330078125]","[1367.3366432189941, 270.3295612335205]","[3.0517578125e-05, 3.0517578125e-05, 0.0, 1367.3369140625, 270.3295593261719, 20.612442016601562, 0.2970123291015625]",1393.955977850684, Eight,0.999982476234436,1.1253320053583593e-07,0.999982476234436,1.6701407730579376e-05,-16.000000019046855,"[{""token"": "" Eight"", ""token_id"": 38923, ""probability"": 0.999982476234436}, {""token"": "" Four"", ""token_id"": 13038, ""probability"": 1.6701407730579376e-05}, {""token"": ""Eight"", ""token_id"": 80357, ""probability"": 6.47583874524571e-07}, {""token"": "" Six"", ""token_id"": 19759, ""probability"": 1.1253320053583593e-07}, {""token"": "" Many"", ""token_id"": 8732, ""probability"": 4.3633860968839144e-09}, {""token"": "" Two"", ""token_id"": 8512, ""probability"": 1.6051998619204255e-09}, {""token"": "" Legs"", ""token_id"": 156403, ""probability"": 7.58242746368154e-10}, {""token"": "" Typically"", ""token_id"": 50338, ""probability"": 3.5816852261838505e-10}, {""token"": "" None"", ""token_id"": 5450, ""probability"": 3.5816852261838505e-10}, {""token"": ""\n\n"", ""token_id"": 108, ""probability"": 3.5816852261838505e-10}, {""token"": "" Usually"", ""token_id"": 34645, ""probability"": 3.5816852261838505e-10}, {""token"": "" Some"", ""token_id"": 4943, ""probability"": 2.789419251136849e-10}]"
L22-L23,"[22, 23]","[23422, 23422, 60476, 56900, 56900]","[16, 21, 16, 16, 21]","[1703, 197021]","[16, 16]",0.0,1.0,False,ant_only,False,"[1855.89599609375, 1739.02099609375, 562.7435913085938, 568.4154052734375, 719.163330078125]","[1823.1155242919922, 360.43941497802734]","[3.0517578125e-05, 3.0517578125e-05, 0.0, 1823.11572265625, 360.4394226074219, 27.35694694519043, 0.3437042236328125]",1858.6059389350798, Eight,0.9999774694442749,1.8553497227458138e-07,0.9999774694442749,2.1444924641400576e-05,-15.499999912076776,"[{""token"": "" Eight"", ""token_id"": 38923, ""probability"": 0.9999774694442749}, {""token"": "" Four"", ""token_id"": 13038, ""probability"": 2.1444924641400576e-05}, {""token"": ""Eight"", ""token_id"": 80357, ""probability"": 8.315099648825708e-07}, {""token"": "" Six"", ""token_id"": 19759, ""probability"": 1.8553497227458138e-07}, {""token"": "" Many"", ""token_id"": 8732, ""probability"": 5.602670327675696e-09}, {""token"": "" Two"", ""token_id"": 8512, ""probability"": 2.64651411896466e-09}, {""token"": "" Legs"", ""token_id"": 156403, ""probability"": 7.582389160987191e-10}, {""token"": "" Typically"", ""token_id"": 50338, ""probability"": 4.5989520525147043e-10}, {""token"": "" None"", ""token_id"": 5450, ""probability"": 4.5989520525147043e-10}, {""token"": ""\n\n"", ""token_id"": 108, ""probability"": 4.5989520525147043e-10}, {""token"": "" Usually"", ""token_id"": 34645, ""probability"": 4.5989520525147043e-10}, {""token"": "" Some"", ""token_id"": 4943, ""probability"": 3.5816671850597004e-10}]"
L22-L23,"[22, 23]","[23422, 23422, 60476, 56900, 56900]","[16, 21, 16, 16, 21]","[1703, 197021]","[16, 16]",0.0,1.25,False,ant_only,False,"[1855.89599609375, 1739.02099609375, 562.7435913085938, 568.4154052734375, 719.163330078125]","[2278.8944053649902, 450.5492687225342]","[3.0517578125e-05, 3.0517578125e-05, 0.0, 2278.894775390625, 450.54925537109375, 35.70655822753906, 0.0999908447265625]",2323.280223545313, Eight,0.9999823570251465,1.8553588176928315e-07,0.9999823570251465,1.6701405911589973e-05,-15.499999897755618,"[{""token"": "" Eight"", ""token_id"": 38923, ""probability"": 0.9999823570251465}, {""token"": "" Four"", ""token_id"": 13038, ""probability"": 1.6701405911589973e-05}, {""token"": ""Eight"", ""token_id"": 80357, ""probability"": 6.475838176811521e-07}, {""token"": "" Six"", ""token_id"": 19759, ""probability"": 1.8553588176928315e-07}, {""token"": "" Many"", ""token_id"": 8732, ""probability"": 5.602697417117497e-09}, {""token"": "" Two"", ""token_id"": 8512, ""probability"": 1.6051996398758206e-09}, {""token"": "" Legs"", ""token_id"": 156403, ""probability"": 5.905199662592509e-10}, {""token"": "" None"", ""token_id"": 5450, ""probability"": 3.581684671072338e-10}, {""token"": "" Usually"", ""token_id"": 34645, ""probability"": 3.581684671072338e-10}, {""token"": "" Typically"", ""token_id"": 50338, ""probability"": 3.581684671072338e-10}, {""token"": "" Some"", ""token_id"": 4943, ""probability"": 2.7894189735810926e-10}, {""token"": ""\n\n"", ""token_id"": 108, ""probability"": 2.7894189735810926e-10}]"
L22-L23,"[22, 23]","[23422, 23422, 60476, 56900, 56900]","[16, 21, 16, 16, 21]","[1703, 197021]","[16, 16]",0.0,1.5,False,ant_only,False,"[1855.89599609375, 1739.02099609375, 562.7435913085938, 568.4154052734375, 719.163330078125]","[2734.6732864379883, 540.659122467041]","[3.0517578125e-05, 3.0517578125e-05, 0.0, 2734.673828125, 540.6591186523438, 37.57289123535156, 0.4360503852367401]",2787.8603159250097, Eight,0.999977707862854,1.8553501490714552e-07,0.999977707862854,2.1444930098368786e-05,-15.499999920718901,"[{""token"": "" Eight"", ""token_id"": 38923, ""probability"": 0.999977707862854}, {""token"": "" Four"", ""token_id"": 13038, ""probability"": 2.1444930098368786e-05}, {""token"": ""Eight"", ""token_id"": 80357, ""probability"": 6.475808049799525e-07}, {""token"": "" Six"", ""token_id"": 19759, ""probability"": 1.8553501490714552e-07}, {""token"": "" Many"", ""token_id"": 8732, ""probability"": 5.602671659943326e-09}, {""token"": "" Two"", ""token_id"": 8512, ""probability"": 2.0611075068899254e-09}, {""token"": "" Legs"", ""token_id"": 156403, ""probability"": 5.905172462128405e-10}, {""token"": "" None"", ""token_id"": 5450, ""probability"": 4.598953162737729e-10}, {""token"": "" Usually"", ""token_id"": 34645, ""probability"": 3.581668017726969e-10}, {""token"": "" Zero"", ""token_id"": 31234, ""probability"": 3.581668017726969e-10}, {""token"": ""\n\n"", ""token_id"": 108, ""probability"": 3.581668017726969e-10}, {""token"": "" Some"", ""token_id"": 4943, ""probability"": 3.581668017726969e-10}]"
L22-L23,"[22, 23]","[23422, 23422, 60476, 56900, 56900]","[16, 21, 16, 16, 21]","[1703, 197021]","[16, 16]",0.0,2.0,True,ant_only,False,"[1855.89599609375, 1739.02099609375, 562.7435913085938, 568.4154052734375, 719.163330078125]","[3646.2310485839844, 720.8788299560547]","[3.0517578125e-05, 3.0517578125e-05, 0.0, 3646.2314453125, 720.8788452148438, 53.70655822753906, 0.2719879150390625]",3717.1971336798974, Eight,0.9999822378158569,1.8553585334757372e-07,0.9999822378158569,1.670140409260057e-05,-15.49999993173136,"[{""token"": "" Eight"", ""token_id"": 38923, ""probability"": 0.9999822378158569}, {""token"": "" Four"", ""token_id"": 13038, ""probability"": 1.670140409260057e-05}, {""token"": ""Eight"", ""token_id"": 80357, ""probability"": 8.31513943921891e-07}, {""token"": "" Six"", ""token_id"": 19759, ""probability"": 1.8553585334757372e-07}, {""token"": "" Many"", ""token_id"": 8732, ""probability"": 5.602696973028287e-09}, {""token"": "" Two"", ""token_id"": 8512, ""probability"": 2.0611168327633322e-09}, {""token"": "" Legs"", ""token_id"": 156403, ""probability"": 7.582425243235491e-10}, {""token"": "" None"", ""token_id"": 5450, ""probability"": 3.581684393516582e-10}, {""token"": "" Usually"", ""token_id"": 34645, ""probability"": 3.581684393516582e-10}, {""token"": "" Zero"", ""token_id"": 31234, ""probability"": 3.581684393516582e-10}, {""token"": "" Some"", ""token_id"": 4943, ""probability"": 3.581684393516582e-10}, {""token"": ""\n\n"", ""token_id"": 108, ""probability"": 3.581684393516582e-10}]"
L22-L23,"[22, 23]","[23422, 23422, 60476, 56900, 56900]","[16, 21, 16, 16, 21]","[1703, 197021]","[16, 16]",0.0,3.0,True,ant_only,False,"[1855.89599609375, 1739.02099609375, 562.7435913085938, 568.4154052734375, 719.163330078125]","[5469.346572875977, 1081.318244934082]","[3.0517578125e-05, 3.0517578125e-05, 0.0, 5469.34765625, 1081.3182373046875, 82.35768127441406, 0.3415679931640625]",5575.822434366852, Eight,0.9999823570251465,2.3823275796530652e-07,0.9999823570251465,1.6701405911589973e-05,-15.25000002340594,"[{""token"": "" Eight"", ""token_id"": 38923, ""probability"": 0.9999823570251465}, {""token"": "" Four"", ""token_id"": 13038, ""probability"": 1.6701405911589973e-05}, {""token"": ""Eight"", ""token_id"": 80357, ""probability"": 6.475838176811521e-07}, {""token"": "" Six"", ""token_id"": 19759, ""probability"": 2.3823275796530652e-07}, {""token"": "" Many"", ""token_id"": 8732, ""probability"": 5.602697417117497e-09}, {""token"": "" Two"", ""token_id"": 8512, ""probability"": 2.6465272195963507e-09}, {""token"": "" Legs"", ""token_id"": 156403, ""probability"": 7.582426353458516e-10}, {""token"": "" None"", ""token_id"": 5450, ""probability"": 4.598974534530953e-10}, {""token"": "" Usually"", ""token_id"": 34645, ""probability"": 4.598974534530953e-10}, {""token"": "" Typically"", ""token_id"": 50338, ""probability"": 4.598974534530953e-10}, {""token"": "" Some"", ""token_id"": 4943, ""probability"": 3.581684671072338e-10}, {""token"": ""\n\n"", ""token_id"": 108, ""probability"": 3.581684671072338e-10}]"
L22-L23,"[22, 23]","[23422, 23422, 60476, 56900, 56900]","[16, 21, 16, 16, 21]","[1703, 197021]","[16, 16]",0.2,0.0,False,spider_only,False,"[1484.716796875, 1391.216796875, 450.19487304687505, 454.73232421875, 575.3306640625]","[0.0, 0.0]","[371.17919921875, 347.80419921875, 112.54872131347656, 0.0, 0.0, 31.034015655517578, 59.923954010009766]",525.3217718580372, Eight,0.9999861717224121,1.4449602758759283e-07,0.9999861717224121,1.3007117559027392e-05,-15.749999992141905,"[{""token"": "" Eight"", ""token_id"": 38923, ""probability"": 0.9999861717224121}, {""token"": "" Four"", ""token_id"": 13038, ""probability"": 1.3007117559027392e-05}, {""token"": ""Eight"", ""token_id"": 80357, ""probability"": 6.475862619481632e-07}, {""token"": "" Six"", ""token_id"": 19759, ""probability"": 1.4449602758759283e-07}, {""token"": "" Many"", ""token_id"": 8732, ""probability"": 5.60271917748878e-09}, {""token"": "" Two"", ""token_id"": 8512, ""probability"": 1.605205746102456e-09}, {""token"": "" Legs"", ""token_id"": 156403, ""probability"": 7.582455219257156e-10}, {""token"": "" Typically"", ""token_id"": 50338, ""probability"": 3.581698548860146e-10}, {""token"": "" None"", ""token_id"": 5450, ""probability"": 3.581698548860146e-10}, {""token"": ""\n\n"", ""token_id"": 108, ""probability"": 3.581698548860146e-10}, {""token"": "" Usually"", ""token_id"": 34645, ""probability"": 3.581698548860146e-10}, {""token"": "" Some"", ""token_id"": 4943, ""probability"": 2.7894295206998265e-10}]"
L22-L23,"[22, 23]","[23422, 23422, 60476, 56900, 56900]","[16, 21, 16, 16, 21]","[1703, 197021]","[16, 16]",0.2,0.25,False,joint,False,"[1484.716796875, 1391.216796875, 450.19487304687505, 454.73232421875, 575.3306640625]","[455.77888107299805, 90.10985374450684]","[371.17919921875, 347.80419921875, 112.54872131347656, 455.7789306640625, 90.10985565185547, 24.47737693786621, 59.376895904541016]",700.9906925687806, Eight,0.9999892711639404,1.4449648233494372e-07,0.9999892711639404,1.0129984730156139e-05,-15.749999944499436,"[{""token"": "" Eight"", ""token_id"": 38923, ""probability"": 0.9999892711639404}, {""token"": "" Four"", ""token_id"": 13038, ""probability"": 1.0129984730156139e-05}, {""token"": ""Eight"", ""token_id"": 80357, ""probability"": 5.043422675043985e-07}, {""token"": "" Six"", ""token_id"": 19759, ""probability"": 1.4449648233494372e-07}, {""token"": "" Many"", ""token_id"": 8732, ""probability"": 4.363415850860974e-09}, {""token"": "" Two"", ""token_id"": 8512, ""probability"": 1.2501394364150542e-09}, {""token"": "" Legs"", ""token_id"": 156403, ""probability"": 5.90524074084442e-10}, {""token"": "" Typically"", ""token_id"": 50338, ""probability"": 2.7894381249282674e-10}, {""token"": "" None"", ""token_id"": 5450, ""probability"": 2.7894381249282674e-10}, {""token"": ""\n\n"", ""token_id"": 108, ""probability"": 2.7894381249282674e-10}, {""token"": "" Usually"", ""token_id"": 34645, ""probability"": 2.7894381249282674e-10}, {""token"": "" Some"", ""token_id"": 4943, ""probability"": 2.172416552204126e-10}]"
L22-L23,"[22, 23]","[23422, 23422, 60476, 56900, 56900]","[16, 21, 16, 16, 21]","[1703, 197021]","[16, 16]",0.2,0.5,False,joint,False,"[1484.716796875, 1391.216796875, 450.19487304687505, 454.73232421875, 575.3306640625]","[911.5577621459961, 180.21970748901367]","[371.17919921875, 347.80419921875, 112.54872131347656, 911.557861328125, 180.21971130371094, 16.83913230895996, 59.28736114501953]",1067.063447062134, Eight,0.9999822378158569,1.8553585334757372e-07,0.9999822378158569,1.670140409260057e-05,-15.49999993173136,"[{""token"": "" Eight"", ""token_id"": 38923, ""probability"": 0.9999822378158569}, {""token"": "" Four"", ""token_id"": 13038, ""probability"": 1.670140409260057e-05}, {""token"": ""Eight"", ""token_id"": 80357, ""probability"": 8.31513943921891e-07}, {""token"": "" Six"", ""token_id"": 19759, ""probability"": 1.8553585334757372e-07}, {""token"": "" Many"", ""token_id"": 8732, ""probability"": 5.602696973028287e-09}, {""token"": "" Two"", ""token_id"": 8512, ""probability"": 2.0611168327633322e-09}, {""token"": "" Legs"", ""token_id"": 156403, ""probability"": 7.582425243235491e-10}, {""token"": "" None"", ""token_id"": 5450, ""probability"": 4.5989739794194406e-10}, {""token"": ""\n\n"", ""token_id"": 108, ""probability"": 3.581684393516582e-10}, {""token"": "" Typically"", ""token_id"": 50338, ""probability"": 3.581684393516582e-10}, {""token"": "" Usually"", ""token_id"": 34645, ""probability"": 3.581684393516582e-10}, {""token"": "" Some"", ""token_id"": 4943, ""probability"": 2.7894184184695803e-10}]"
L22-L23,"[22, 23]","[23422, 23422, 60476, 56900, 56900]","[16, 21, 16, 16, 21]","[1703, 197021]","[16, 16]",0.2,0.75,False,joint,False,"[1484.716796875, 1391.216796875, 450.19487304687505, 454.73232421875, 575.3306640625]","[1367.3366432189941, 270.3295612335205]","[371.17919921875, 347.80419921875, 112.54872131347656, 1367.3369140625, 270.3295593261719, 10.369710922241211, 59.633426666259766]",1489.2148794852208, Eight,0.9999860525131226,1.8553656389030948e-07,0.9999860525131226,1.300711664953269e-05,-15.499999916817579,"[{""token"": "" Eight"", ""token_id"": 38923, ""probability"": 0.9999860525131226}, {""token"": "" Four"", ""token_id"": 13038, ""probability"": 1.300711664953269e-05}, {""token"": ""Eight"", ""token_id"": 80357, ""probability"": 6.475862051047443e-07}, {""token"": "" Six"", ""token_id"": 19759, ""probability"": 1.8553656389030948e-07}, {""token"": "" Many"", ""token_id"": 8732, ""probability"": 5.60271828931036e-09}, {""token"": "" Two"", ""token_id"": 8512, ""probability"": 2.0611248263691095e-09}, {""token"": "" Legs"", ""token_id"": 156403, ""probability"": 5.905221867053001e-10}, {""token"": "" None"", ""token_id"": 5450, ""probability"": 4.5989914654320785e-10}, {""token"": ""\n\n"", ""token_id"": 108, ""probability"": 3.5816979937486337e-10}, {""token"": "" Typically"", ""token_id"": 50338, ""probability"": 3.5816979937486337e-10}, {""token"": "" Usually"", ""token_id"": 34645, ""probability"": 3.5816979937486337e-10}, {""token"": "" Some"", ""token_id"": 4943, ""probability"": 2.7894292431440704e-10}]"
L22-L23,"[22, 23]","[23422, 23422, 60476, 56900, 56900]","[16, 21, 16, 16, 21]","[1703, 197021]","[16, 16]",0.2,1.0,False,joint,False,"[1484.716796875, 1391.216796875, 450.19487304687505, 454.73232421875, 575.3306640625]","[1823.1155242919922, 360.43941497802734]","[371.17919921875, 347.80419921875, 112.54872131347656, 1823.11572265625, 360.4394226074219, 2.403097629547119, 59.542423248291016]",1930.9654487345585, Eight,0.9999892711639404,1.4449648233494372e-07,0.9999892711639404,1.0129984730156139e-05,-15.749999944499436,"[{""token"": "" Eight"", ""token_id"": 38923, ""probability"": 0.9999892711639404}, {""token"": "" Four"", ""token_id"": 13038, ""probability"": 1.0129984730156139e-05}, {""token"": ""Eight"", ""token_id"": 80357, ""probability"": 5.043422675043985e-07}, {""token"": "" Six"", ""token_id"": 19759, ""probability"": 1.4449648233494372e-07}, {""token"": "" Many"", ""token_id"": 8732, ""probability"": 4.363415850860974e-09}, {""token"": "" Two"", ""token_id"": 8512, ""probability"": 1.6052107421060668e-09}, {""token"": "" Legs"", ""token_id"": 156403, ""probability"": 4.599006175887155e-10}, {""token"": "" None"", ""token_id"": 5450, ""probability"": 3.5817096510903923e-10}, {""token"": ""\n\n"", ""token_id"": 108, ""probability"": 2.7894381249282674e-10}, {""token"": "" Typically"", ""token_id"": 50338, ""probability"": 2.7894381249282674e-10}, {""token"": "" Usually"", ""token_id"": 34645, ""probability"": 2.7894381249282674e-10}, {""token"": "" Some"", ""token_id"": 4943, ""probability"": 2.172416552204126e-10}]"
L22-L23,"[22, 23]","[23422, 23422, 60476, 56900, 56900]","[16, 21, 16, 16, 21]","[1703, 197021]","[16, 16]",0.2,1.25,False,joint,False,"[1484.716796875, 1391.216796875, 450.19487304687505, 454.73232421875, 575.3306640625]","[2278.8944053649902, 450.5492687225342]","[371.17919921875, 347.80419921875, 112.54872131347656, 2278.894775390625, 450.54925537109375, 4.280984401702881, 59.69593048095703]",2381.4589925836926, Eight,0.9999860525131226,2.3823363903829886e-07,0.9999860525131226,1.300711664953269e-05,-15.250000020588676,"[{""token"": "" Eight"", ""token_id"": 38923, ""probability"": 0.9999860525131226}, {""token"": "" Four"", ""token_id"": 13038, ""probability"": 1.300711664953269e-05}, {""token"": ""Eight"", ""token_id"": 80357, ""probability"": 6.475862051047443e-07}, {""token"": "" Six"", ""token_id"": 19759, ""probability"": 2.3823363903829886e-07}, {""token"": "" Many"", ""token_id"": 8732, ""probability"": 5.60271828931036e-09}, {""token"": "" Two"", ""token_id"": 8512, ""probability"": 2.0611248263691095e-09}, {""token"": "" Legs"", ""token_id"": 156403, ""probability"": 7.582454109034131e-10}, {""token"": ""\n\n"", ""token_id"": 108, ""probability"": 4.5989914654320785e-10}, {""token"": "" None"", ""token_id"": 5450, ""probability"": 4.5989914654320785e-10}, {""token"": "" Typically"", ""token_id"": 50338, ""probability"": 4.5989914654320785e-10}, {""token"": "" Zero"", ""token_id"": 31234, ""probability"": 3.5816979937486337e-10}, {""token"": "" Some"", ""token_id"": 4943, ""probability"": 3.5816979937486337e-10}]"
L22-L23,"[22, 23]","[23422, 23422, 60476, 56900, 56900]","[16, 21, 16, 16, 21]","[1703, 197021]","[16, 16]",0.2,1.5,False,joint,False,"[1484.716796875, 1391.216796875, 450.19487304687505, 454.73232421875, 575.3306640625]","[2734.6732864379883, 540.659122467041]","[371.17919921875, 347.80419921875, 112.54872131347656, 2734.673828125, 540.6591186523438, 8.194008827209473, 59.64722442626953]",2836.509674859643, Eight,0.9999822378158569,2.382327295435971e-07,0.9999822378158569,1.670140409260057e-05,-15.25000002349682,"[{""token"": "" Eight"", ""token_id"": 38923, ""probability"": 0.9999822378158569}, {""token"": "" Four"", ""token_id"": 13038, ""probability"": 1.670140409260057e-05}, {""token"": ""Eight"", ""token_id"": 80357, ""probability"": 8.31513943921891e-07}, {""token"": "" Six"", ""token_id"": 19759, ""probability"": 2.382327295435971e-07}, {""token"": "" Many"", ""token_id"": 8732, ""probability"": 7.194005391397695e-09}, {""token"": "" Two"", ""token_id"": 8512, ""probability"": 2.646526775507141e-09}, {""token"": "" Legs"", ""token_id"": 156403, ""probability"": 9.736027539730685e-10}, {""token"": "" None"", ""token_id"": 5450, ""probability"": 5.905199107480996e-10}, {""token"": "" Typically"", ""token_id"": 50338, ""probability"": 4.5989739794194406e-10}, {""token"": "" Usually"", ""token_id"": 34645, ""probability"": 4.5989739794194406e-10}, {""token"": ""\n\n"", ""token_id"": 108, ""probability"": 4.5989739794194406e-10}, {""token"": "" Zero"", ""token_id"": 31234, ""probability"": 4.5989739794194406e-10}]"
L22-L23,"[22, 23]","[23422, 23422, 60476, 56900, 56900]","[16, 21, 16, 16, 21]","[1703, 197021]","[16, 16]",0.2,2.0,True,joint,False,"[1484.716796875, 1391.216796875, 450.19487304687505, 454.73232421875, 575.3306640625]","[3646.2310485839844, 720.8788299560547]","[371.17919921875, 347.80419921875, 112.54872131347656, 3646.2314453125, 720.8788452148438, 22.81681251525879, 59.825260162353516]",3753.6886797584834, Eight,0.999985933303833,2.3823361061658943e-07,0.999985933303833,1.3007114830543287e-05,-15.250000020679556,"[{""token"": "" Eight"", ""token_id"": 38923, ""probability"": 0.999985933303833}, {""token"": "" Four"", ""token_id"": 13038, ""probability"": 1.3007114830543287e-05}, {""token"": ""Eight"", ""token_id"": 80357, ""probability"": 8.315170134665095e-07}, {""token"": "" Six"", ""token_id"": 19759, ""probability"": 2.3823361061658943e-07}, {""token"": "" Many"", ""token_id"": 8732, ""probability"": 7.194032036750286e-09}, {""token"": "" Two"", ""token_id"": 8512, ""probability"": 2.6465365454697576e-09}, {""token"": "" Legs"", ""token_id"": 156403, ""probability"": 7.582453553922619e-10}, {""token"": ""\n\n"", ""token_id"": 108, ""probability"": 4.598990910320566e-10}, {""token"": "" None"", ""token_id"": 5450, ""probability"": 4.598990910320566e-10}, {""token"": "" Typically"", ""token_id"": 50338, ""probability"": 4.598990910320566e-10}, {""token"": "" Usually"", ""token_id"": 34645, ""probability"": 3.5816974386371214e-10}, {""token"": "" Zero"", ""token_id"": 31234, ""probability"": 3.5816974386371214e-10}]"
L22-L23,"[22, 23]","[23422, 23422, 60476, 56900, 56900]","[16, 21, 16, 16, 21]","[1703, 197021]","[16, 16]",0.2,3.0,True,joint,False,"[1484.716796875, 1391.216796875, 450.19487304687505, 454.73232421875, 575.3306640625]","[5469.346572875977, 1081.318244934082]","[371.17919921875, 347.80419921875, 112.54872131347656, 5469.34765625, 1081.3182373046875, 51.977516174316406, 59.752567291259766]",5600.061956830192, Eight,0.9999822378158569,3.0589689004045795e-07,0.9999822378158569,1.670140409260057e-05,-14.999999990088233,"[{""token"": "" Eight"", ""token_id"": 38923, ""probability"": 0.9999822378158569}, {""token"": "" Four"", ""token_id"": 13038, ""probability"": 1.670140409260057e-05}, {""token"": ""Eight"", ""token_id"": 80357, ""probability"": 6.475837608377333e-07}, {""token"": "" Six"", ""token_id"": 19759, ""probability"": 3.0589689004045795e-07}, {""token"": "" Many"", ""token_id"": 8732, ""probability"": 5.602696973028287e-09}, {""token"": "" Two"", ""token_id"": 8512, ""probability"": 2.646526775507141e-09}, {""token"": "" Legs"", ""token_id"": 156403, ""probability"": 7.582425243235491e-10}, {""token"": "" None"", ""token_id"": 5450, ""probability"": 4.5989739794194406e-10}, {""token"": "" Typically"", ""token_id"": 50338, ""probability"": 4.5989739794194406e-10}, {""token"": ""\n\n"", ""token_id"": 108, ""probability"": 3.581684393516582e-10}, {""token"": "" Zero"", ""token_id"": 31234, ""probability"": 3.581684393516582e-10}, {""token"": "" Usually"", ""token_id"": 34645, ""probability"": 3.581684393516582e-10}]"
L22-L23,"[22, 23]","[23422, 23422, 60476, 56900, 56900]","[16, 21, 16, 16, 21]","[1703, 197021]","[16, 16]",0.4,0.0,False,spider_only,False,"[1113.53759765625, 1043.41259765625, 337.6461547851562, 341.0492431640625, 431.497998046875]","[0.0, 0.0]","[742.3584594726562, 695.6084594726562, 225.09744262695312, 0.0, 0.0, 60.88744354248047, 120.98880004882812]",1050.7053061806273, Eight,0.9999911785125732,1.855375160175754e-07,0.9999911785125732,7.88925444794586e-06,-15.499999911138532,"[{""token"": "" Eight"", ""token_id"": 38923, ""probability"": 0.9999911785125732}, {""token"": "" Four"", ""token_id"": 13038, ""probability"": 7.88925444794586e-06}, {""token"": ""Eight"", ""token_id"": 80357, ""probability"": 6.475895588664571e-07}, {""token"": "" Six"", ""token_id"": 19759, ""probability"": 1.855375160175754e-07}, {""token"": "" Many"", ""token_id"": 8732, ""probability"": 5.602747155109e-09}, {""token"": "" Two"", ""token_id"": 8512, ""probability"": 1.6052137397082333e-09}, {""token"": "" Legs"", ""token_id"": 156403, ""probability"": 5.905251843074666e-10}, {""token"": "" None"", ""token_id"": 5450, ""probability"": 3.58171631242854e-10}, {""token"": ""\n\n"", ""token_id"": 108, ""probability"": 2.7894433984876343e-10}, {""token"": "" Typically"", ""token_id"": 50338, ""probability"": 2.7894433984876343e-10}, {""token"": "" Usually"", ""token_id"": 34645, ""probability"": 2.7894433984876343e-10}, {""token"": "" Some"", ""token_id"": 4943, ""probability"": 2.1724207155404684e-10}]"
L22-L23,"[22, 23]","[23422, 23422, 60476, 56900, 56900]","[16, 21, 16, 16, 21]","[1703, 197021]","[16, 16]",0.4,0.25,False,joint,False,"[1113.53759765625, 1043.41259765625, 337.6461547851562, 341.0492431640625, 431.497998046875]","[455.77888107299805, 90.10985374450684]","[742.3584594726562, 695.6084594726562, 225.09744262695312, 455.7789306640625, 90.10985565185547, 53.867610931396484, 120.90591430664062]",1148.4817148141226, Eight,0.9999890327453613,1.8553711811364337e-07,0.9999890327453613,1.0129982001672033e-05,-15.499999909953333,"[{""token"": "" Eight"", ""token_id"": 38923, ""probability"": 0.9999890327453613}, {""token"": "" Four"", ""token_id"": 13038, ""probability"": 1.0129982001672033e-05}, {""token"": ""Eight"", ""token_id"": 80357, ""probability"": 6.475881377809856e-07}, {""token"": "" Six"", ""token_id"": 19759, ""probability"": 1.8553711811364337e-07}, {""token"": "" Many"", ""token_id"": 8732, ""probability"": 5.602735164700334e-09}, {""token"": "" Two"", ""token_id"": 8512, ""probability"": 2.0611308215734425e-09}, {""token"": "" Legs"", ""token_id"": 156403, ""probability"": 5.905239075509883e-10}, {""token"": "" None"", ""token_id"": 5450, ""probability"": 4.59900506566413e-10}, {""token"": "" Typically"", ""token_id"": 50338, ""probability"": 2.789437569816755e-10}, {""token"": "" Usually"", ""token_id"": 34645, ""probability"": 2.789437569816755e-10}, {""token"": ""\n\n"", ""token_id"": 108, ""probability"": 2.789437569816755e-10}, {""token"": "" Zero"", ""token_id"": 31234, ""probability"": 2.789437569816755e-10}]"
L22-L23,"[22, 23]","[23422, 23422, 60476, 56900, 56900]","[16, 21, 16, 16, 21]","[1703, 197021]","[16, 16]",0.4,0.5,False,joint,False,"[1113.53759765625, 1043.41259765625, 337.6461547851562, 341.0492431640625, 431.497998046875]","[911.5577621459961, 180.21970748901367]","[742.3584594726562, 695.6084594726562, 225.09744262695312, 911.557861328125, 180.21971130371094, 47.348567962646484, 120.6787338256836]",1402.0906505982819, Eight,0.9999911785125732,2.3823486117180437e-07,0.9999911785125732,7.88925444794586e-06,-15.250000016680895,"[{""token"": "" Eight"", ""token_id"": 38923, ""probability"": 0.9999911785125732}, {""token"": "" Four"", ""token_id"": 13038, ""probability"": 7.88925444794586e-06}, {""token"": ""Eight"", ""token_id"": 80357, ""probability"": 6.475895588664571e-07}, {""token"": "" Six"", ""token_id"": 19759, ""probability"": 2.3823486117180437e-07}, {""token"": "" Many"", ""token_id"": 8732, ""probability"": 5.602747155109e-09}, {""token"": "" Two"", ""token_id"": 8512, ""probability"": 1.6052137397082333e-09}, {""token"": "" Legs"", ""token_id"": 156403, ""probability"": 5.905251843074666e-10}, {""token"": "" None"", ""token_id"": 5450, ""probability"": 3.58171631242854e-10}, {""token"": "" Typically"", ""token_id"": 50338, ""probability"": 2.7894433984876343e-10}, {""token"": "" Usually"", ""token_id"": 34645, ""probability"": 2.7894433984876343e-10}, {""token"": ""\n\n"", ""token_id"": 108, ""probability"": 2.7894433984876343e-10}, {""token"": "" Zero"", ""token_id"": 31234, ""probability"": 2.7894433984876343e-10}]"
L22-L23,"[22, 23]","[23422, 23422, 60476, 56900, 56900]","[16, 21, 16, 16, 21]","[1703, 197021]","[16, 16]",0.4,0.75,False,joint,False,"[1113.53759765625, 1043.41259765625, 337.6461547851562, 341.0492431640625, 431.497998046875]","[1367.3366432189941, 270.3295612335205]","[742.3584594726562, 695.6084594726562, 225.09744262695312, 1367.3369140625, 270.3295593261719, 40.27727508544922, 120.34988403320312]",1744.8297139251981, Eight,0.9999890327453613,2.3823434958103462e-07,0.9999890327453613,1.0129982001672033e-05,-15.250000018316706,"[{""token"": "" Eight"", ""token_id"": 38923, ""probability"": 0.9999890327453613}, {""token"": "" Four"", ""token_id"": 13038, ""probability"": 1.0129982001672033e-05}, {""token"": ""Eight"", ""token_id"": 80357, ""probability"": 6.475881377809856e-07}, {""token"": "" Six"", ""token_id"": 19759, ""probability"": 2.3823434958103462e-07}, {""token"": "" Many"", ""token_id"": 8732, ""probability"": 5.602735164700334e-09}, {""token"": "" Two"", ""token_id"": 8512, ""probability"": 2.0611308215734425e-09}, {""token"": "" Legs"", ""token_id"": 156403, ""probability"": 7.582476868606136e-10}, {""token"": "" None"", ""token_id"": 5450, ""probability"": 3.5817085408673677e-10}, {""token"": "" Usually"", ""token_id"": 34645, ""probability"": 2.789437569816755e-10}, {""token"": "" Zero"", ""token_id"": 31234, ""probability"": 2.789437569816755e-10}, {""token"": ""\n\n"", ""token_id"": 108, ""probability"": 2.789437569816755e-10}, {""token"": "" Some"", ""token_id"": 4943, ""probability"": 2.789437569816755e-10}]"
L22-L23,"[22, 23]","[23422, 23422, 60476, 56900, 56900]","[16, 21, 16, 16, 21]","[1703, 197021]","[16, 16]",0.4,1.0,False,joint,False,"[1113.53759765625, 1043.41259765625, 337.6461547851562, 341.0492431640625, 431.497998046875]","[1823.1155242919922, 360.43941497802734]","[742.3584594726562, 695.6084594726562, 225.09744262695312, 1823.11572265625, 360.4394226074219, 32.556758880615234, 120.2118148803711]",2134.201117155871, Eight,0.9999914169311523,1.8553755865013954e-07,0.9999914169311523,7.889257176429965e-06,-15.49999991978054,"[{""token"": "" Eight"", ""token_id"": 38923, ""probability"": 0.9999914169311523}, {""token"": "" Four"", ""token_id"": 13038, ""probability"": 7.889257176429965e-06}, {""token"": ""Eight"", ""token_id"": 80357, ""probability"": 5.043433475293568e-07}, {""token"": "" Six"", ""token_id"": 19759, ""probability"": 1.8553755865013954e-07}, {""token"": "" Many"", ""token_id"": 8732, ""probability"": 4.363425176734381e-09}, {""token"": "" Two"", ""token_id"": 8512, ""probability"": 1.6052141837974432e-09}, {""token"": "" Legs"", ""token_id"": 156403, ""probability"": 4.5990161678943764e-10}, {""token"": "" None"", ""token_id"": 5450, ""probability"": 3.5817171450958085e-10}, {""token"": "" Usually"", ""token_id"": 34645, ""probability"": 2.789444231154903e-10}, {""token"": "" Typically"", ""token_id"": 50338, ""probability"": 2.789444231154903e-10}, {""token"": "" Some"", ""token_id"": 4943, ""probability"": 2.1724212706519808e-10}, {""token"": ""\n\n"", ""token_id"": 108, ""probability"": 2.1724212706519808e-10}]"
L22-L23,"[22, 23]","[23422, 23422, 60476, 56900, 56900]","[16, 21, 16, 16, 21]","[1703, 197021]","[16, 16]",0.4,1.25,False,joint,False,"[1113.53759765625, 1043.41259765625, 337.6461547851562, 341.0492431640625, 431.497998046875]","[2278.8944053649902, 450.5492687225342]","[742.3584594726562, 695.6084594726562, 225.09744262695312, 2278.894775390625, 450.54925537109375, 25.884700775146484, 120.1452865600586]",2548.9403693206878, Eight,0.9999910593032837,3.0589959010285384e-07,0.9999910593032837,7.889253538451158e-06,-14.999999985024823,"[{""token"": "" Eight"", ""token_id"": 38923, ""probability"": 0.9999910593032837}, {""token"": "" Four"", ""token_id"": 13038, ""probability"": 7.889253538451158e-06}, {""token"": ""Eight"", ""token_id"": 80357, ""probability"": 6.475894451796194e-07}, {""token"": "" Six"", ""token_id"": 19759, ""probability"": 3.0589959010285384e-07}, {""token"": "" Many"", ""token_id"": 8732, ""probability"": 7.194068896154704e-09}, {""token"": "" Two"", ""token_id"": 8512, ""probability"": 2.646550090190658e-09}, {""token"": "" Legs"", ""token_id"": 156403, ""probability"": 7.582492411728481e-10}, {""token"": "" None"", ""token_id"": 5450, ""probability"": 4.5990145025598395e-10}, {""token"": "" Typically"", ""token_id"": 50338, ""probability"": 3.581716034872784e-10}, {""token"": "" Usually"", ""token_id"": 34645, ""probability"": 3.581716034872784e-10}, {""token"": ""\n\n"", ""token_id"": 108, ""probability"": 3.581716034872784e-10}, {""token"": "" Zero"", ""token_id"": 31234, ""probability"": 3.581716034872784e-10}]"
L22-L23,"[22, 23]","[23422, 23422, 60476, 56900, 56900]","[16, 21, 16, 16, 21]","[1703, 197021]","[16, 16]",0.4,1.5,False,joint,False,"[1113.53759765625, 1043.41259765625, 337.6461547851562, 341.0492431640625, 431.497998046875]","[2734.6732864379883, 540.659122467041]","[742.3584594726562, 695.6084594726562, 225.09744262695312, 2734.673828125, 540.6591186523438, 22.252986907958984, 120.2020492553711]",2978.478307257419, Eight,0.9999886751174927,3.927818852389464e-07,0.9999886751174927,1.0129978363693226e-05,-14.75000005359168,"[{""token"": "" Eight"", ""token_id"": 38923, ""probability"": 0.9999886751174927}, {""token"": "" Four"", ""token_id"": 13038, ""probability"": 1.0129978363693226e-05}, {""token"": ""Eight"", ""token_id"": 80357, ""probability"": 8.31519287203264e-07}, {""token"": "" Six"", ""token_id"": 19759, ""probability"": 3.927818852389464e-07}, {""token"": "" Many"", ""token_id"": 8732, ""probability"": 5.602732944254285e-09}, {""token"": "" Two"", ""token_id"": 8512, ""probability"": 2.64654387294172e-09}, {""token"": "" Legs"", ""token_id"": 156403, ""probability"": 5.905237410175346e-10}, {""token"": "" None"", ""token_id"": 5450, ""probability"": 4.599003400329593e-10}, {""token"": "" Typically"", ""token_id"": 50338, ""probability"": 3.581707430644343e-10}, {""token"": "" Usually"", ""token_id"": 34645, ""probability"": 3.581707430644343e-10}, {""token"": ""\n\n"", ""token_id"": 108, ""probability"": 3.581707430644343e-10}, {""token"": "" Zero"", ""token_id"": 31234, ""probability"": 3.581707430644343e-10}]"
L22-L23,"[22, 23]","[23422, 23422, 60476, 56900, 56900]","[16, 21, 16, 16, 21]","[1703, 197021]","[16, 16]",0.4,2.0,True,joint,False,"[1113.53759765625, 1043.41259765625, 337.6461547851562, 341.0492431640625, 431.497998046875]","[3646.2310485839844, 720.8788299560547]","[742.3584594726562, 695.6084594726562, 225.09744262695312, 3646.2314453125, 720.8788452148438, 6.705471992492676, 120.19546508789062]",3861.968156958837, Eight,0.9999885559082031,5.043418696004665e-07,0.9999885559082031,1.0129977454198524e-05,-14.500000041968503,"[{""token"": "" Eight"", ""token_id"": 38923, ""probability"": 0.9999885559082031}, {""token"": "" Four"", ""token_id"": 13038, ""probability"": 1.0129977454198524e-05}, {""token"": ""Eight"", ""token_id"": 80357, ""probability"": 8.315192303598451e-07}, {""token"": "" Six"", ""token_id"": 19759, ""probability"": 5.043418696004665e-07}, {""token"": "" Many"", ""token_id"": 8732, ""probability"": 7.19405113258631e-09}, {""token"": "" Two"", ""token_id"": 8512, ""probability"": 3.3982290315037744e-09}, {""token"": "" Legs"", ""token_id"": 156403, ""probability"": 7.582473537937062e-10}, {""token"": "" None"", ""token_id"": 5450, ""probability"": 5.905236299952321e-10}, {""token"": "" Zero"", ""token_id"": 31234, ""probability"": 4.599002845218081e-10}, {""token"": "" Typically"", ""token_id"": 50338, ""probability"": 4.599002845218081e-10}, {""token"": "" Usually"", ""token_id"": 34645, ""probability"": 4.599002845218081e-10}, {""token"": ""\n\n"", ""token_id"": 108, ""probability"": 3.5817068755328307e-10}]"
L22-L23,"[22, 23]","[23422, 23422, 60476, 56900, 56900]","[16, 21, 16, 16, 21]","[1703, 197021]","[16, 16]",0.4,3.0,True,joint,False,"[1113.53759765625, 1043.41259765625, 337.6461547851562, 341.0492431640625, 431.497998046875]","[5469.346572875977, 1081.318244934082]","[742.3584594726562, 695.6084594726562, 225.09744262695312, 5469.34765625, 1081.3182373046875, 21.558748245239258, 120.25985717773438]",5673.0570416704895, Eight,0.9999855756759644,6.4758592088765e-07,0.9999855756759644,1.3007110283069778e-05,-14.249999931396449,"[{""token"": "" Eight"", ""token_id"": 38923, ""probability"": 0.9999855756759644}, {""token"": "" Four"", ""token_id"": 13038, ""probability"": 1.3007110283069778e-05}, {""token"": ""Eight"", ""token_id"": 80357, ""probability"": 8.315167292494152e-07}, {""token"": "" Six"", ""token_id"": 19759, ""probability"": 6.4758592088765e-07}, {""token"": "" Many"", ""token_id"": 8732, ""probability"": 9.237316689336694e-09}, {""token"": "" Two"", ""token_id"": 8512, ""probability"": 4.36339941956021e-09}, {""token"": "" Legs"", ""token_id"": 156403, ""probability"": 9.736060846421424e-10}, {""token"": "" None"", ""token_id"": 5450, ""probability"": 9.736060846421424e-10}, {""token"": ""\n\n"", ""token_id"": 108, ""probability"": 5.905219091495439e-10}, {""token"": "" Typically"", ""token_id"": 50338, ""probability"": 5.905219091495439e-10}, {""token"": "" Usually"", ""token_id"": 34645, ""probability"": 5.905219091495439e-10}, {""token"": "" Some"", ""token_id"": 4943, ""probability"": 4.598989244986029e-10}]"
L22-L23,"[22, 23]","[23422, 23422, 60476, 56900, 56900]","[16, 21, 16, 16, 21]","[1703, 197021]","[16, 16]",0.6,0.0,False,spider_only,False,"[742.3583984375, 695.6083984375, 225.09743652343752, 227.366162109375, 287.66533203125]","[0.0, 0.0]","[1113.5377197265625, 1043.4127197265625, 337.6461486816406, 0.0, 0.0, 90.90554809570312, 181.24578857421875]",1576.0060701694742, Eight,0.9999946355819702,1.8553815550603758e-07,0.9999946355819702,4.785092187375994e-06,-15.4999999215583,"[{""token"": "" Eight"", ""token_id"": 38923, ""probability"": 0.9999946355819702}, {""token"": "" Four"", ""token_id"": 13038, ""probability"": 4.785092187375994e-06}, {""token"": ""Eight"", ""token_id"": 80357, ""probability"": 3.9278424424082914e-07}, {""token"": "" Six"", ""token_id"": 19759, ""probability"": 1.8553815550603758e-07}, {""token"": "" Many"", ""token_id"": 8732, ""probability"": 3.3982496816520325e-09}, {""token"": "" Two"", ""token_id"": 8512, ""probability"": 1.2501462087755044e-09}, {""token"": "" Legs"", ""token_id"": 156403, ""probability"": 4.5990308783494527e-10}, {""token"": "" None"", ""token_id"": 5450, ""probability"": 2.7894531129391e-10}, {""token"": "" Typically"", ""token_id"": 50338, ""probability"": 1.6918889900185974e-10}, {""token"": "" Usually"", ""token_id"": 34645, ""probability"": 1.6918889900185974e-10}, {""token"": ""\n\n"", ""token_id"": 108, ""probability"": 1.6918889900185974e-10}, {""token"": "" Zero"", ""token_id"": 31234, ""probability"": 1.6918889900185974e-10}]"
L22-L23,"[22, 23]","[23422, 23422, 60476, 56900, 56900]","[16, 21, 16, 16, 21]","[1703, 197021]","[16, 16]",0.6,0.25,False,joint,False,"[742.3583984375, 695.6083984375, 225.09743652343752, 227.366162109375, 287.66533203125]","[455.77888107299805, 90.10985374450684]","[1113.5377197265625, 1043.4127197265625, 337.6461486816406, 455.7789306640625, 90.10985565185547, 84.28097534179688, 181.23016357421875]",1642.7060459428328, Eight,0.999992847442627,3.927835336980934e-07,0.999992847442627,6.1441683101293165e-06,-14.750000029082365,"[{""token"": "" Eight"", ""token_id"": 38923, ""probability"": 0.999992847442627}, {""token"": "" Four"", ""token_id"": 13038, ""probability"": 6.1441683101293165e-06}, {""token"": ""Eight"", ""token_id"": 80357, ""probability"": 6.475906388914154e-07}, {""token"": "" Six"", ""token_id"": 19759, ""probability"": 3.927835336980934e-07}, {""token"": "" Many"", ""token_id"": 8732, ""probability"": 5.602756480982407e-09}, {""token"": "" Two"", ""token_id"": 8512, ""probability"": 2.06113881517922e-09}, {""token"": "" Legs"", ""token_id"": 156403, ""probability"": 7.582505734404776e-10}, {""token"": "" None"", ""token_id"": 5450, ""probability"": 4.599022551676768e-10}, {""token"": "" Typically"", ""token_id"": 50338, ""probability"": 3.5817224186551755e-10}, {""token"": ""\n\n"", ""token_id"": 108, ""probability"": 2.789448116935489e-10}, {""token"": "" Zero"", ""token_id"": 31234, ""probability"": 2.789448116935489e-10}, {""token"": "" Usually"", ""token_id"": 34645, ""probability"": 2.789448116935489e-10}]"
L22-L23,"[22, 23]","[23422, 23422, 60476, 56900, 56900]","[16, 21, 16, 16, 21]","[1703, 197021]","[16, 16]",0.6,0.5,False,joint,False,"[742.3583984375, 695.6083984375, 225.09743652343752, 227.366162109375, 287.66533203125]","[911.5577621459961, 180.21970748901367]","[1113.5377197265625, 1043.4127197265625, 337.6461486816406, 911.557861328125, 180.21971130371094, 77.42357635498047, 181.1488037109375]",1828.9088158827265, Eight,0.999992847442627,3.927835336980934e-07,0.999992847442627,6.1441683101293165e-06,-14.750000029082365,"[{""token"": "" Eight"", ""token_id"": 38923, ""probability"": 0.999992847442627}, {""token"": "" Four"", ""token_id"": 13038, ""probability"": 6.1441683101293165e-06}, {""token"": ""Eight"", ""token_id"": 80357, ""probability"": 6.475906388914154e-07}, {""token"": "" Six"", ""token_id"": 19759, ""probability"": 3.927835336980934e-07}, {""token"": "" Many"", ""token_id"": 8732, ""probability"": 5.602756480982407e-09}, {""token"": "" Two"", ""token_id"": 8512, ""probability"": 2.6465549751719664e-09}, {""token"": "" Legs"", ""token_id"": 156403, ""probability"": 7.582505734404776e-10}, {""token"": "" None"", ""token_id"": 5450, ""probability"": 4.599022551676768e-10}, {""token"": "" Usually"", ""token_id"": 34645, ""probability"": 3.5817224186551755e-10}, {""token"": "" Typically"", ""token_id"": 50338, ""probability"": 3.5817224186551755e-10}, {""token"": "" Some"", ""token_id"": 4943, ""probability"": 2.789448116935489e-10}, {""token"": ""\n\n"", ""token_id"": 108, ""probability"": 2.789448116935489e-10}]"
L22-L23,"[22, 23]","[23422, 23422, 60476, 56900, 56900]","[16, 21, 16, 16, 21]","[1703, 197021]","[16, 16]",0.6,0.75,False,joint,False,"[742.3583984375, 695.6083984375, 225.09743652343752, 227.366162109375, 287.66533203125]","[1367.3366432189941, 270.3295612335205]","[1113.5377197265625, 1043.4127197265625, 337.6461486816406, 1367.3369140625, 270.3295593261719, 69.46224975585938, 180.84149169921875]",2103.0687661427396, Eight,0.9999909400939941,5.043431201556814e-07,0.9999909400939941,7.889252628956456e-06,-14.499999946603394,"[{""token"": "" Eight"", ""token_id"": 38923, ""probability"": 0.9999909400939941}, {""token"": "" Four"", ""token_id"": 13038, ""probability"": 7.889252628956456e-06}, {""token"": ""Eight"", ""token_id"": 80357, ""probability"": 6.475893883362005e-07}, {""token"": "" Six"", ""token_id"": 19759, ""probability"": 5.043431201556814e-07}, {""token"": "" Many"", ""token_id"": 8732, ""probability"": 7.194068007976284e-09}, {""token"": "" Two"", ""token_id"": 8512, ""probability"": 2.646549868146053e-09}, {""token"": "" Legs"", ""token_id"": 156403, ""probability"": 7.582491301505456e-10}, {""token"": "" None"", ""token_id"": 5450, ""probability"": 5.905250732851641e-10}, {""token"": "" Typically"", ""token_id"": 50338, ""probability"": 4.599013947448327e-10}, {""token"": ""\n\n"", ""token_id"": 108, ""probability"": 3.5817154797612716e-10}, {""token"": "" Zero"", ""token_id"": 31234, ""probability"": 3.5817154797612716e-10}, {""token"": "" Usually"", ""token_id"": 34645, ""probability"": 3.5817154797612716e-10}]"
L22-L23,"[22, 23]","[23422, 23422, 60476, 56900, 56900]","[16, 21, 16, 16, 21]","[1703, 197021]","[16, 16]",0.6,1.0,False,joint,False,"[742.3583984375, 695.6083984375, 225.09743652343752, 227.366162109375, 287.66533203125]","[1823.1155242919922, 360.43941497802734]","[1113.5377197265625, 1043.4127197265625, 337.6461486816406, 1823.11572265625, 360.4394226074219, 63.36838150024414, 180.9978485107422]",2435.8006008633033, Eight,0.999992847442627,3.927835336980934e-07,0.999992847442627,6.1441683101293165e-06,-14.750000029082365,"[{""token"": "" Eight"", ""token_id"": 38923, ""probability"": 0.999992847442627}, {""token"": "" Four"", ""token_id"": 13038, ""probability"": 6.1441683101293165e-06}, {""token"": ""Eight"", ""token_id"": 80357, ""probability"": 6.475906388914154e-07}, {""token"": "" Six"", ""token_id"": 19759, ""probability"": 3.927835336980934e-07}, {""token"": "" Many"", ""token_id"": 8732, ""probability"": 7.1940817747417896e-09}, {""token"": "" Two"", ""token_id"": 8512, ""probability"": 2.6465549751719664e-09}, {""token"": "" Legs"", ""token_id"": 156403, ""probability"": 7.582505734404776e-10}, {""token"": "" None"", ""token_id"": 5450, ""probability"": 4.599022551676768e-10}, {""token"": "" Typically"", ""token_id"": 50338, ""probability"": 3.5817224186551755e-10}, {""token"": ""\n\n"", ""token_id"": 108, ""probability"": 2.789448116935489e-10}, {""token"": "" Some"", ""token_id"": 4943, ""probability"": 2.789448116935489e-10}, {""token"": "" Zero"", ""token_id"": 31234, ""probability"": 2.789448116935489e-10}]"
L22-L23,"[22, 23]","[23422, 23422, 60476, 56900, 56900]","[16, 21, 16, 16, 21]","[1703, 197021]","[16, 16]",0.6,1.25,False,joint,False,"[742.3583984375, 695.6083984375, 225.09743652343752, 227.366162109375, 287.66533203125]","[2278.8944053649902, 450.5492687225342]","[1113.5377197265625, 1043.4127197265625, 337.6461486816406, 2278.894775390625, 450.54925537109375, 56.057281494140625, 180.90472412109375]",2806.226335400717, Eight,0.9999926090240479,6.475904683611589e-07,0.9999926090240479,6.144166945887264e-06,-14.249999942652616,"[{""token"": "" Eight"", ""token_id"": 38923, ""probability"": 0.9999926090240479}, {""token"": "" Four"", ""token_id"": 13038, ""probability"": 6.144166945887264e-06}, {""token"": "" Six"", ""token_id"": 19759, ""probability"": 6.475904683611589e-07}, {""token"": ""Eight"", ""token_id"": 80357, ""probability"": 6.475904683611589e-07}, {""token"": "" Many"", ""token_id"": 8732, ""probability"": 7.19407999838495e-09}, {""token"": "" Two"", ""token_id"": 8512, ""probability"": 3.3982427982692798e-09}, {""token"": "" Legs"", ""token_id"": 156403, ""probability"": 7.582504069070239e-10}, {""token"": "" None"", ""token_id"": 5450, ""probability"": 5.905260169747351e-10}, {""token"": "" Typically"", ""token_id"": 50338, ""probability"": 3.581721585987907e-10}, {""token"": "" Usually"", ""token_id"": 34645, ""probability"": 3.581721585987907e-10}, {""token"": ""\n\n"", ""token_id"": 108, ""probability"": 3.581721585987907e-10}, {""token"": "" Zero"", ""token_id"": 31234, ""probability"": 3.581721585987907e-10}]"
L22-L23,"[22, 23]","[23422, 23422, 60476, 56900, 56900]","[16, 21, 16, 16, 21]","[1703, 197021]","[16, 16]",0.6,1.5,False,joint,False,"[742.3583984375, 695.6083984375, 225.09743652343752, 227.366162109375, 287.66533203125]","[2734.6732864379883, 540.659122467041]","[1113.5377197265625, 1043.4127197265625, 337.6461486816406, 2734.673828125, 540.6591186523438, 52.02182388305664, 181.18524169921875]",3201.4010791283326, Eight,0.9999908208847046,6.475892746493628e-07,0.9999908208847046,7.889251719461754e-06,-14.249999997812953,"[{""token"": "" Eight"", ""token_id"": 38923, ""probability"": 0.9999908208847046}, {""token"": "" Four"", ""token_id"": 13038, ""probability"": 7.889251719461754e-06}, {""token"": "" Six"", ""token_id"": 19759, ""probability"": 6.475892746493628e-07}, {""token"": ""Eight"", ""token_id"": 80357, ""probability"": 6.475892746493628e-07}, {""token"": "" Many"", ""token_id"": 8732, ""probability"": 7.1940671197978645e-09}, {""token"": "" Two"", ""token_id"": 8512, ""probability"": 2.646549646101448e-09}, {""token"": "" Legs"", ""token_id"": 156403, ""probability"": 7.582490746393944e-10}, {""token"": "" None"", ""token_id"": 5450, ""probability"": 5.905249622628617e-10}, {""token"": "" Typically"", ""token_id"": 50338, ""probability"": 4.599013392336815e-10}, {""token"": ""\n\n"", ""token_id"": 108, ""probability"": 3.5817152022055154e-10}, {""token"": "" Some"", ""token_id"": 4943, ""probability"": 3.5817152022055154e-10}, {""token"": "" Zero"", ""token_id"": 31234, ""probability"": 3.5817152022055154e-10}]"
L22-L23,"[22, 23]","[23422, 23422, 60476, 56900, 56900]","[16, 21, 16, 16, 21]","[1703, 197021]","[16, 16]",0.6,2.0,True,joint,False,"[742.3583984375, 695.6083984375, 225.09743652343752, 227.366162109375, 287.66533203125]","[3646.2310485839844, 720.8788299560547]","[1113.5377197265625, 1043.4127197265625, 337.6461486816406, 3646.2314453125, 720.8788452148438, 35.60000991821289, 180.9332733154297]",4036.255139485528, Eight,0.9999905824661255,8.315208788189921e-07,0.9999905824661255,7.88924990047235e-06,-14.000000011226051,"[{""token"": "" Eight"", ""token_id"": 38923, ""probability"": 0.9999905824661255}, {""token"": "" Four"", ""token_id"": 13038, ""probability"": 7.88924990047235e-06}, {""token"": "" Six"", ""token_id"": 19759, ""probability"": 8.315208788189921e-07}, {""token"": ""Eight"", ""token_id"": 80357, ""probability"": 6.475891609625251e-07}, {""token"": "" Many"", ""token_id"": 8732, ""probability"": 7.194065343441025e-09}, {""token"": "" Two"", ""token_id"": 8512, ""probability"": 3.398235914886527e-09}, {""token"": "" Legs"", ""token_id"": 156403, ""probability"": 7.582488525947895e-10}, {""token"": "" None"", ""token_id"": 5450, ""probability"": 5.905248512405592e-10}, {""token"": "" Typically"", ""token_id"": 50338, ""probability"": 4.59901228211379e-10}, {""token"": "" Zero"", ""token_id"": 31234, ""probability"": 3.581714091982491e-10}, {""token"": "" Usually"", ""token_id"": 34645, ""probability"": 3.581714091982491e-10}, {""token"": ""\n\n"", ""token_id"": 108, ""probability"": 2.7894417331530974e-10}]"
L22-L23,"[22, 23]","[23422, 23422, 60476, 56900, 56900]","[16, 21, 16, 16, 21]","[1703, 197021]","[16, 16]",0.6,3.0,True,joint,False,"[742.3583984375, 695.6083984375, 225.09743652343752, 227.366162109375, 287.66533203125]","[5469.346572875977, 1081.318244934082]","[1113.5377197265625, 1043.4127197265625, 337.6461486816406, 5469.34765625, 1081.3182373046875, 7.721315860748291, 180.65789794921875]",5792.96047705538, Eight,0.9999878406524658,1.3709424138141912e-06,0.9999878406524658,1.012997017824091e-05,-13.500000001897897,"[{""token"": "" Eight"", ""token_id"": 38923, ""probability"": 0.9999878406524658}, {""token"": "" Four"", ""token_id"": 13038, ""probability"": 1.012997017824091e-05}, {""token"": "" Six"", ""token_id"": 19759, ""probability"": 1.3709424138141912e-06}, {""token"": ""Eight"", ""token_id"": 80357, ""probability"": 6.475873419731215e-07}, {""token"": "" Many"", ""token_id"": 8732, ""probability"": 9.237338005618767e-09}, {""token"": "" Two"", ""token_id"": 8512, ""probability"": 5.6027285033621865e-09}, {""token"": "" Legs"", ""token_id"": 156403, ""probability"": 9.736081940658892e-10}, {""token"": "" None"", ""token_id"": 5450, ""probability"": 7.582467986821939e-10}, {""token"": "" Zero"", ""token_id"": 31234, ""probability"": 5.905232414171735e-10}, {""token"": "" Typically"", ""token_id"": 50338, ""probability"": 5.905232414171735e-10}, {""token"": "" Usually"", ""token_id"": 34645, ""probability"": 4.598999792104763e-10}, {""token"": ""\n\n"", ""token_id"": 108, ""probability"": 4.598999792104763e-10}]"
L22-L23,"[22, 23]","[23422, 23422, 60476, 56900, 56900]","[16, 21, 16, 16, 21]","[1703, 197021]","[16, 16]",0.8,0.0,False,spider_only,False,"[371.17919921874994, 347.80419921874994, 112.54871826171872, 113.68308105468748, 143.83266601562497]","[0.0, 0.0]","[1484.7169189453125, 1391.2169189453125, 450.19488525390625, 0.0, 0.0, 120.56140899658203, 239.60693359375]",2101.0689697476305, Eight,0.9999918937683105,1.0676953934307676e-06,0.9999918937683105,6.144162398413755e-06,-13.749999963985921,"[{""token"": "" Eight"", ""token_id"": 38923, ""probability"": 0.9999918937683105}, {""token"": "" Four"", ""token_id"": 13038, ""probability"": 6.144162398413755e-06}, {""token"": "" Six"", ""token_id"": 19759, ""probability"": 1.0676953934307676e-06}, {""token"": ""Eight"", ""token_id"": 80357, ""probability"": 8.315219588439504e-07}, {""token"": "" Many"", ""token_id"": 8732, ""probability"": 1.1861024162840295e-08}, {""token"": "" Two"", ""token_id"": 8512, ""probability"": 4.363426953091221e-09}, {""token"": "" None"", ""token_id"": 5450, ""probability"": 7.582498517955116e-10}, {""token"": "" Legs"", ""token_id"": 156403, ""probability"": 7.582498517955116e-10}, {""token"": "" Typically"", ""token_id"": 50338, ""probability"": 5.905256283966764e-10}, {""token"": ""\n\n"", ""token_id"": 108, ""probability"": 4.5990183883404256e-10}, {""token"": "" Several"", ""token_id"": 22624, ""probability"": 4.5990183883404256e-10}, {""token"": "" Usually"", ""token_id"": 34645, ""probability"": 4.5990183883404256e-10}]"
L22-L23,"[22, 23]","[23422, 23422, 60476, 56900, 56900]","[16, 21, 16, 16, 21]","[1703, 197021]","[16, 16]",0.8,0.25,False,joint,False,"[371.17919921874994, 347.80419921874994, 112.54871826171872, 113.68308105468748, 143.83266601562497]","[455.77888107299805, 90.10985374450684]","[1484.7169189453125, 1391.2169189453125, 450.19488525390625, 455.7789306640625, 90.10985565185547, 114.30060577392578, 239.4032745361328]",2151.4592851673283, Eight,0.9999936819076538,8.315234936162597e-07,0.9999936819076538,4.7850876399024855e-06,-13.999999966100864,"[{""token"": "" Eight"", ""token_id"": 38923, ""probability"": 0.9999936819076538}, {""token"": "" Four"", ""token_id"": 13038, ""probability"": 4.7850876399024855e-06}, {""token"": "" Six"", ""token_id"": 19759, ""probability"": 8.315234936162597e-07}, {""token"": ""Eight"", ""token_id"": 80357, ""probability"": 6.475911504821852e-07}, {""token"": "" Many"", ""token_id"": 8732, ""probability"": 7.1940879919907275e-09}, {""token"": "" Two"", ""token_id"": 8512, ""probability"": 2.6465571956180156e-09}, {""token"": "" Legs"", ""token_id"": 156403, ""probability"": 7.582512395742924e-10}, {""token"": "" None"", ""token_id"": 5450, ""probability"": 5.905266831085498e-10}, {""token"": "" Typically"", ""token_id"": 50338, ""probability"": 4.599026437457354e-10}, {""token"": ""\n\n"", ""token_id"": 108, ""probability"": 3.581725194212737e-10}, {""token"": "" Zero"", ""token_id"": 31234, ""probability"": 3.581725194212737e-10}, {""token"": "" Usually"", ""token_id"": 34645, ""probability"": 3.581725194212737e-10}]"
L22-L23,"[22, 23]","[23422, 23422, 60476, 56900, 56900]","[16, 21, 16, 16, 21]","[1703, 197021]","[16, 16]",0.8,0.5,False,joint,False,"[371.17919921874994, 347.80419921874994, 112.54871826171872, 113.68308105468748, 143.83266601562497]","[911.5577621459961, 180.21970748901367]","[1484.7169189453125, 1391.2169189453125, 450.19488525390625, 911.557861328125, 180.21971130371094, 107.40985870361328, 241.8919677734375]",2296.956630061278, Eight,0.9999936819076538,8.315234936162597e-07,0.9999936819076538,4.7850876399024855e-06,-13.999999966100864,"[{""token"": "" Eight"", ""token_id"": 38923, ""probability"": 0.9999936819076538}, {""token"": "" Four"", ""token_id"": 13038, ""probability"": 4.7850876399024855e-06}, {""token"": "" Six"", ""token_id"": 19759, ""probability"": 8.315234936162597e-07}, {""token"": ""Eight"", ""token_id"": 80357, ""probability"": 6.475911504821852e-07}, {""token"": "" Many"", ""token_id"": 8732, ""probability"": 7.1940879919907275e-09}, {""token"": "" Two"", ""token_id"": 8512, ""probability"": 2.6465571956180156e-09}, {""token"": "" Legs"", ""token_id"": 156403, ""probability"": 5.905266831085498e-10}, {""token"": "" None"", ""token_id"": 5450, ""probability"": 4.599026437457354e-10}, {""token"": "" Typically"", ""token_id"": 50338, ""probability"": 3.581725194212737e-10}, {""token"": ""\n\n"", ""token_id"": 108, ""probability"": 2.7894506149372944e-10}, {""token"": "" Several"", ""token_id"": 22624, ""probability"": 2.7894506149372944e-10}, {""token"": "" Zero"", ""token_id"": 31234, ""probability"": 2.7894506149372944e-10}]"
L22-L23,"[22, 23]","[23422, 23422, 60476, 56900, 56900]","[16, 21, 16, 16, 21]","[1703, 197021]","[16, 16]",0.8,0.75,False,joint,False,"[371.17919921874994, 347.80419921874994, 112.54871826171872, 113.68308105468748, 143.83266601562497]","[1367.3366432189941, 270.3295612335205]","[1484.7169189453125, 1391.2169189453125, 450.19488525390625, 1367.3369140625, 270.3295593261719, 99.99121856689453, 242.3602294921875]",2520.708097242592, Eight,0.9999936819076538,8.315234936162597e-07,0.9999936819076538,4.7850876399024855e-06,-13.999999966100864,"[{""token"": "" Eight"", ""token_id"": 38923, ""probability"": 0.9999936819076538}, {""token"": "" Four"", ""token_id"": 13038, ""probability"": 4.7850876399024855e-06}, {""token"": "" Six"", ""token_id"": 19759, ""probability"": 8.315234936162597e-07}, {""token"": ""Eight"", ""token_id"": 80357, ""probability"": 6.475911504821852e-07}, {""token"": "" Many"", ""token_id"": 8732, ""probability"": 7.1940879919907275e-09}, {""token"": "" Two"", ""token_id"": 8512, ""probability"": 2.6465571956180156e-09}, {""token"": "" Legs"", ""token_id"": 156403, ""probability"": 5.905266831085498e-10}, {""token"": "" None"", ""token_id"": 5450, ""probability"": 4.599026437457354e-10}, {""token"": "" Typically"", ""token_id"": 50338, ""probability"": 3.581725194212737e-10}, {""token"": ""\n\n"", ""token_id"": 108, ""probability"": 2.7894506149372944e-10}, {""token"": "" Some"", ""token_id"": 4943, ""probability"": 2.7894506149372944e-10}, {""token"": "" Usually"", ""token_id"": 34645, ""probability"": 2.7894506149372944e-10}]"
L22-L23,"[22, 23]","[23422, 23422, 60476, 56900, 56900]","[16, 21, 16, 16, 21]","[1703, 197021]","[16, 16]",0.8,1.0,False,joint,False,"[371.17919921874994, 347.80419921874994, 112.54871826171872, 113.68308105468748, 143.83266601562497]","[1823.1155242919922, 360.43941497802734]","[1484.7169189453125, 1391.2169189453125, 450.19488525390625, 1823.11572265625, 360.4394226074219, 92.92005157470703, 240.05079650878906]",2804.0096854551107, Eight,0.9999936819076538,1.0676973261070088e-06,0.9999936819076538,4.7850876399024855e-06,-13.749999942001576,"[{""token"": "" Eight"", ""token_id"": 38923, ""probability"": 0.9999936819076538}, {""token"": "" Four"", ""token_id"": 13038, ""probability"": 4.7850876399024855e-06}, {""token"": "" Six"", ""token_id"": 19759, ""probability"": 1.0676973261070088e-06}, {""token"": ""Eight"", ""token_id"": 80357, ""probability"": 5.04344484397734e-07}, {""token"": "" Many"", ""token_id"": 8732, ""probability"": 5.6027609218745056e-09}, {""token"": "" Two"", ""token_id"": 8512, ""probability"": 3.3982463509829586e-09}, {""token"": "" Legs"", ""token_id"": 156403, ""probability"": 5.905266831085498e-10}, {""token"": "" None"", ""token_id"": 5450, ""probability"": 4.599026437457354e-10}, {""token"": "" Usually"", ""token_id"": 34645, ""probability"": 2.7894506149372944e-10}, {""token"": "" Zero"", ""token_id"": 31234, ""probability"": 2.7894506149372944e-10}, {""token"": ""\n\n"", ""token_id"": 108, ""probability"": 2.7894506149372944e-10}, {""token"": "" Several"", ""token_id"": 22624, ""probability"": 2.7894506149372944e-10}]"
L22-L23,"[22, 23]","[23422, 23422, 60476, 56900, 56900]","[16, 21, 16, 16, 21]","[1703, 197021]","[16, 16]",0.8,1.25,False,joint,False,"[371.17919921874994, 347.80419921874994, 112.54871826171872, 113.68308105468748, 143.83266601562497]","[2278.8944053649902, 450.5492687225342]","[1484.7169189453125, 1391.2169189453125, 450.19488525390625, 2278.894775390625, 450.54925537109375, 86.05786895751953, 242.19732666015625]",3131.288203014839, Eight,0.9999934434890747,1.0676969850464957e-06,0.9999934434890747,4.785086275660433e-06,-13.750000023017092,"[{""token"": "" Eight"", ""token_id"": 38923, ""probability"": 0.9999934434890747}, {""token"": "" Four"", ""token_id"": 13038, ""probability"": 4.785086275660433e-06}, {""token"": "" Six"", ""token_id"": 19759, ""probability"": 1.0676969850464957e-06}, {""token"": ""Eight"", ""token_id"": 80357, ""probability"": 6.475909799519286e-07}, {""token"": "" Many"", ""token_id"": 8732, ""probability"": 7.194086215633888e-09}, {""token"": "" Two"", ""token_id"": 8512, ""probability"": 3.398245684849144e-09}, {""token"": "" Legs"", ""token_id"": 156403, ""probability"": 5.905265165750961e-10}, {""token"": "" None"", ""token_id"": 5450, ""probability"": 5.905265165750961e-10}, {""token"": ""\n\n"", ""token_id"": 108, ""probability"": 3.5817243615454686e-10}, {""token"": "" Typically"", ""token_id"": 50338, ""probability"": 3.5817243615454686e-10}, {""token"": "" Several"", ""token_id"": 22624, ""probability"": 2.789449782270026e-10}, {""token"": "" Some"", ""token_id"": 4943, ""probability"": 2.789449782270026e-10}]"
L22-L23,"[22, 23]","[23422, 23422, 60476, 56900, 56900]","[16, 21, 16, 16, 21]","[1703, 197021]","[16, 16]",0.8,1.5,False,joint,False,"[371.17919921874994, 347.80419921874994, 112.54871826171872, 113.68308105468748, 143.83266601562497]","[2734.6732864379883, 540.659122467041]","[1484.7169189453125, 1391.2169189453125, 450.19488525390625, 2734.673828125, 540.6591186523438, 81.19684600830078, 242.35707092285156]",3489.7890174210675, Eight,0.9999914169311523,1.7603312016944983e-06,0.9999914169311523,6.14415966992965e-06,-13.250000000731726,"[{""token"": "" Eight"", ""token_id"": 38923, ""probability"": 0.9999914169311523}, {""token"": "" Four"", ""token_id"": 13038, ""probability"": 6.14415966992965e-06}, {""token"": "" Six"", ""token_id"": 19759, ""probability"": 1.7603312016944983e-06}, {""token"": ""Eight"", ""token_id"": 80357, ""probability"": 6.475896725532948e-07}, {""token"": "" Many"", ""token_id"": 8732, ""probability"": 9.237370868220296e-09}, {""token"": "" Two"", ""token_id"": 8512, ""probability"": 4.363425176734381e-09}, {""token"": "" None"", ""token_id"": 5450, ""probability"": 9.73611746779568e-10}, {""token"": "" Legs"", ""token_id"": 156403, ""probability"": 9.73611746779568e-10}, {""token"": "" Typically"", ""token_id"": 50338, ""probability"": 5.905253508409203e-10}, {""token"": ""\n\n"", ""token_id"": 108, ""probability"": 4.5990161678943764e-10}, {""token"": "" Some"", ""token_id"": 4943, ""probability"": 4.5990161678943764e-10}, {""token"": "" Several"", ""token_id"": 22624, ""probability"": 4.5990161678943764e-10}]"
L22-L23,"[22, 23]","[23422, 23422, 60476, 56900, 56900]","[16, 21, 16, 16, 21]","[1703, 197021]","[16, 16]",0.8,2.0,True,joint,False,"[371.17919921874994, 347.80419921874994, 112.54871826171872, 113.68308105468748, 143.83266601562497]","[3646.2310485839844, 720.8788299560547]","[1484.7169189453125, 1391.2169189453125, 450.19488525390625, 3646.2314453125, 720.8788452148438, 66.04505157470703, 242.13111877441406]",4268.513063052677, Eight,0.9999885559082031,2.902287405959214e-06,0.9999885559082031,7.88923443906242e-06,-12.749999927047199,"[{""token"": "" Eight"", ""token_id"": 38923, ""probability"": 0.9999885559082031}, {""token"": "" Four"", ""token_id"": 13038, ""probability"": 7.88923443906242e-06}, {""token"": "" Six"", ""token_id"": 19759, ""probability"": 2.902287405959214e-06}, {""token"": ""Eight"", ""token_id"": 80357, ""probability"": 6.475878535638913e-07}, {""token"": "" Many"", ""token_id"": 8732, ""probability"": 9.237344222867705e-09}, {""token"": "" Two"", ""token_id"": 8512, ""probability"": 5.602732500165075e-09}, {""token"": "" None"", ""token_id"": 5450, ""probability"": 7.582473537937062e-10}, {""token"": "" Legs"", ""token_id"": 156403, ""probability"": 7.582473537937062e-10}, {""token"": "" Typically"", ""token_id"": 50338, ""probability"": 4.599002845218081e-10}, {""token"": ""\n\n"", ""token_id"": 108, ""probability"": 3.5817068755328307e-10}, {""token"": "" Some"", ""token_id"": 4943, ""probability"": 3.5817068755328307e-10}, {""token"": "" Zero"", ""token_id"": 31234, ""probability"": 3.5817068755328307e-10}]"
L22-L23,"[22, 23]","[23422, 23422, 60476, 56900, 56900]","[16, 21, 16, 16, 21]","[1703, 197021]","[16, 16]",0.8,3.0,True,joint,False,"[371.17919921874994, 347.80419921874994, 112.54871826171872, 113.68308105468748, 143.83266601562497]","[5469.346572875977, 1081.318244934082]","[1484.7169189453125, 1391.2169189453125, 450.19488525390625, 5469.34765625, 1081.3182373046875, 38.76819610595703, 241.8386993408203]",5956.974578127238, Eight,0.999984622001648,4.7850439841568004e-06,0.999984622001648,1.0129937436431646e-05,-12.249999962893723,"[{""token"": "" Eight"", ""token_id"": 38923, ""probability"": 0.999984622001648}, {""token"": "" Four"", ""token_id"": 13038, ""probability"": 1.0129937436431646e-05}, {""token"": "" Six"", ""token_id"": 19759, ""probability"": 4.7850439841568004e-06}, {""token"": ""Eight"", ""token_id"": 80357, ""probability"": 5.043399369242252e-07}, {""token"": "" Many"", ""token_id"": 8732, ""probability"": 9.237307807552497e-09}, {""token"": "" Two"", ""token_id"": 8512, ""probability"": 5.602710295704583e-09}, {""token"": "" None"", ""token_id"": 5450, ""probability"": 9.736050854414202e-10}, {""token"": "" Legs"", ""token_id"": 156403, ""probability"": 9.736050854414202e-10}, {""token"": "" Typically"", ""token_id"": 50338, ""probability"": 7.582443561915397e-10}, {""token"": ""\n\n"", ""token_id"": 108, ""probability"": 4.5989848040939307e-10}, {""token"": "" Zero"", ""token_id"": 31234, ""probability"": 4.5989848040939307e-10}, {""token"": "" Usually"", ""token_id"": 34645, ""probability"": 4.5989848040939307e-10}]"
L22-L23,"[22, 23]","[23422, 23422, 60476, 56900, 56900]","[16, 21, 16, 16, 21]","[1703, 197021]","[16, 16]",1.0,0.0,False,spider_only,False,"[0.0, 0.0, 0.0, 0.0, 0.0]","[0.0, 0.0]","[1855.8961181640625, 1739.021240234375, 562.7435302734375, 0.0, 0.0, 150.6357879638672, 303.9625244140625]",2626.8440976066727, Eight,0.9999885559082031,2.902287405959214e-06,0.9999885559082031,7.88923443906242e-06,-12.749999927047199,"[{""token"": "" Eight"", ""token_id"": 38923, ""probability"": 0.9999885559082031}, {""token"": "" Four"", ""token_id"": 13038, ""probability"": 7.88923443906242e-06}, {""token"": "" Six"", ""token_id"": 19759, ""probability"": 2.902287405959214e-06}, {""token"": ""Eight"", ""token_id"": 80357, ""probability"": 6.475878535638913e-07}, {""token"": "" Many"", ""token_id"": 8732, ""probability"": 9.237344222867705e-09}, {""token"": "" Two"", ""token_id"": 8512, ""probability"": 5.602732500165075e-09}, {""token"": "" Legs"", ""token_id"": 156403, ""probability"": 7.582473537937062e-10}, {""token"": "" None"", ""token_id"": 5450, ""probability"": 7.582473537937062e-10}, {""token"": "" Several"", ""token_id"": 22624, ""probability"": 4.599002845218081e-10}, {""token"": "" Typically"", ""token_id"": 50338, ""probability"": 4.599002845218081e-10}, {""token"": "" Some"", ""token_id"": 4943, ""probability"": 3.5817068755328307e-10}, {""token"": ""\n\n"", ""token_id"": 108, ""probability"": 3.5817068755328307e-10}]"
L22-L23,"[22, 23]","[23422, 23422, 60476, 56900, 56900]","[16, 21, 16, 16, 21]","[1703, 197021]","[16, 16]",1.0,0.25,False,joint,False,"[0.0, 0.0, 0.0, 0.0, 0.0]","[455.77888107299805, 90.10985374450684]","[1855.8961181640625, 1739.021240234375, 562.7435302734375, 455.7789306640625, 90.10985565185547, 143.7262725830078, 304.0544128417969]",2667.243165403072, Eight,0.9999910593032837,2.2603092020290205e-06,0.9999910593032837,6.144157396192895e-06,-12.999999998244633,"[{""token"": "" Eight"", ""token_id"": 38923, ""probability"": 0.9999910593032837}, {""token"": "" Four"", ""token_id"": 13038, ""probability"": 6.144157396192895e-06}, {""token"": "" Six"", ""token_id"": 19759, ""probability"": 2.2603092020290205e-06}, {""token"": ""Eight"", ""token_id"": 80357, ""probability"": 5.043431769991003e-07}, {""token"": "" Many"", ""token_id"": 8732, ""probability"": 7.194068896154704e-09}, {""token"": "" Two"", ""token_id"": 8512, ""probability"": 3.3982374691987616e-09}, {""token"": "" None"", ""token_id"": 5450, ""probability"": 5.905251287963154e-10}, {""token"": "" Legs"", ""token_id"": 156403, ""probability"": 5.905251287963154e-10}, {""token"": "" Typically"", ""token_id"": 50338, ""probability"": 3.581716034872784e-10}, {""token"": ""\n\n"", ""token_id"": 108, ""probability"": 2.789443120931878e-10}, {""token"": "" Some"", ""token_id"": 4943, ""probability"": 2.789443120931878e-10}, {""token"": "" Several"", ""token_id"": 22624, ""probability"": 2.789443120931878e-10}]"
L22-L23,"[22, 23]","[23422, 23422, 60476, 56900, 56900]","[16, 21, 16, 16, 21]","[1703, 197021]","[16, 16]",1.0,0.5,False,joint,False,"[0.0, 0.0, 0.0, 0.0, 0.0]","[911.5577621459961, 180.21970748901367]","[1855.8961181640625, 1739.021240234375, 562.7435302734375, 911.557861328125, 180.21971130371094, 137.23934936523438, 304.14776611328125]",2785.674592949568, Eight,0.9999895095825195,3.7266140680003446e-06,0.9999895095825195,6.144147846498527e-06,-12.500000002664818,"[{""token"": "" Eight"", ""token_id"": 38923, ""probability"": 0.9999895095825195}, {""token"": "" Four"", ""token_id"": 13038, ""probability"": 6.144147846498527e-06}, {""token"": "" Six"", ""token_id"": 19759, ""probability"": 3.7266140680003446e-06}, {""token"": ""Eight"", ""token_id"": 80357, ""probability"": 6.475884219980799e-07}, {""token"": "" Many"", ""token_id"": 8732, ""probability"": 1.1860995741130864e-08}, {""token"": "" Two"", ""token_id"": 8512, ""probability"": 5.602737829235593e-09}, {""token"": "" Legs"", ""token_id"": 156403, ""probability"": 7.582480754386722e-10}, {""token"": "" None"", ""token_id"": 5450, ""probability"": 7.582480754386722e-10}, {""token"": "" Several"", ""token_id"": 22624, ""probability"": 4.5990072861101794e-10}, {""token"": "" Typically"", ""token_id"": 50338, ""probability"": 4.5990072861101794e-10}, {""token"": "" Some"", ""token_id"": 4943, ""probability"": 3.581710483757661e-10}, {""token"": ""\n\n"", ""token_id"": 108, ""probability"": 3.581710483757661e-10}]"
L22-L23,"[22, 23]","[23422, 23422, 60476, 56900, 56900]","[16, 21, 16, 16, 21]","[1703, 197021]","[16, 16]",1.0,0.75,False,joint,False,"[0.0, 0.0, 0.0, 0.0, 0.0]","[1367.3366432189941, 270.3295612335205]","[1855.8961181640625, 1739.021240234375, 562.7435302734375, 1367.3369140625, 270.3295593261719, 129.4043731689453, 304.3182373046875]",2972.7544373564183, Eight,0.9999879598617554,3.7266083836584585e-06,0.9999879598617554,7.889229891588911e-06,-12.499999978264642,"[{""token"": "" Eight"", ""token_id"": 38923, ""probability"": 0.9999879598617554}, {""token"": "" Four"", ""token_id"": 13038, ""probability"": 7.889229891588911e-06}, {""token"": "" Six"", ""token_id"": 19759, ""probability"": 3.7266083836584585e-06}, {""token"": ""Eight"", ""token_id"": 80357, ""probability"": 5.043415853833721e-07}, {""token"": "" Many"", ""token_id"": 8732, ""probability"": 1.186097708938405e-08}, {""token"": "" Two"", ""token_id"": 8512, ""probability"": 5.602728947451396e-09}, {""token"": "" Legs"", ""token_id"": 156403, ""probability"": 7.582469097044964e-10}, {""token"": "" None"", ""token_id"": 5450, ""probability"": 7.582469097044964e-10}, {""token"": "" Typically"", ""token_id"": 50338, ""probability"": 5.905232969283247e-10}, {""token"": "" Several"", ""token_id"": 22624, ""probability"": 4.5990000696605193e-10}, {""token"": "" Some"", ""token_id"": 4943, ""probability"": 3.5817049326425376e-10}, {""token"": ""\n\n"", ""token_id"": 108, ""probability"": 3.5817049326425376e-10}]"
L22-L23,"[22, 23]","[23422, 23422, 60476, 56900, 56900]","[16, 21, 16, 16, 21]","[1703, 197021]","[16, 16]",1.0,1.0,False,joint,False,"[0.0, 0.0, 0.0, 0.0, 0.0]","[1823.1155242919922, 360.43941497802734]","[1855.8961181640625, 1739.021240234375, 562.7435302734375, 1823.11572265625, 360.4394226074219, 0.0, 304.0857849121094]",3214.2434936418485, Eight,0.9999884366989136,4.785062174050836e-06,0.9999884366989136,6.144141480035614e-06,-12.249999976243785,"[{""token"": "" Eight"", ""token_id"": 38923, ""probability"": 0.9999884366989136}, {""token"": "" Four"", ""token_id"": 13038, ""probability"": 6.144141480035614e-06}, {""token"": "" Six"", ""token_id"": 19759, ""probability"": 4.785062174050836e-06}, {""token"": ""Eight"", ""token_id"": 80357, ""probability"": 6.475877398770535e-07}, {""token"": "" Many"", ""token_id"": 8732, ""probability"": 9.237343334689285e-09}, {""token"": "" Two"", ""token_id"": 8512, ""probability"": 5.6027316119866555e-09}, {""token"": "" None"", ""token_id"": 5450, ""probability"": 7.582472427714038e-10}, {""token"": "" Legs"", ""token_id"": 156403, ""probability"": 7.582472427714038e-10}, {""token"": "" Typically"", ""token_id"": 50338, ""probability"": 4.5990022901065686e-10}, {""token"": ""\n\n"", ""token_id"": 108, ""probability"": 3.5817065979770746e-10}, {""token"": "" Some"", ""token_id"": 4943, ""probability"": 3.5817065979770746e-10}, {""token"": "" Several"", ""token_id"": 22624, ""probability"": 3.5817065979770746e-10}]"
L22-L23,"[22, 23]","[23422, 23422, 60476, 56900, 56900]","[16, 21, 16, 16, 21]","[1703, 197021]","[16, 16]",1.0,1.25,False,joint,False,"[0.0, 0.0, 0.0, 0.0, 0.0]","[2278.8944053649902, 450.5492687225342]","[1855.8961181640625, 1739.021240234375, 562.7435302734375, 2278.894775390625, 450.54925537109375, 0.0, 304.16412353515625]",3503.4407942951448, Eight,0.9999852180480957,6.144121471152175e-06,0.9999852180480957,7.889208063716069e-06,-12.00000000955784,"[{""token"": "" Eight"", ""token_id"": 38923, ""probability"": 0.9999852180480957}, {""token"": "" Four"", ""token_id"": 13038, ""probability"": 7.889208063716069e-06}, {""token"": "" Six"", ""token_id"": 19759, ""probability"": 6.144121471152175e-06}, {""token"": ""Eight"", ""token_id"": 80357, ""probability"": 6.475856935139745e-07}, {""token"": "" Many"", ""token_id"": 8732, ""probability"": 1.1860945114960941e-08}, {""token"": "" Two"", ""token_id"": 8512, ""probability"": 7.194027151768978e-09}, {""token"": "" Legs"", ""token_id"": 156403, ""probability"": 9.736056405529325e-10}, {""token"": "" None"", ""token_id"": 5450, ""probability"": 9.736056405529325e-10}, {""token"": "" Several"", ""token_id"": 22624, ""probability"": 5.90521687104939e-10}, {""token"": "" Typically"", ""token_id"": 50338, ""probability"": 5.90521687104939e-10}, {""token"": "" Some"", ""token_id"": 4943, ""probability"": 4.5989875796514923e-10}, {""token"": ""\n\n"", ""token_id"": 108, ""probability"": 4.5989875796514923e-10}]"
L22-L23,"[22, 23]","[23422, 23422, 60476, 56900, 56900]","[16, 21, 16, 16, 21]","[1703, 197021]","[16, 16]",1.0,1.5,False,joint,False,"[0.0, 0.0, 0.0, 0.0, 0.0]","[2734.6732864379883, 540.659122467041]","[1855.8961181640625, 1739.021240234375, 562.7435302734375, 2734.673828125, 540.6591186523438, 0.0, 304.23248291015625]",3827.34061571985, Eight,0.9999853372573853,7.88920897321077e-06,0.9999853372573853,6.144122380646877e-06,-11.750000022163197,"[{""token"": "" Eight"", ""token_id"": 38923, ""probability"": 0.9999853372573853}, {""token"": "" Six"", ""token_id"": 19759, ""probability"": 7.88920897321077e-06}, {""token"": "" Four"", ""token_id"": 13038, ""probability"": 6.144122380646877e-06}, {""token"": ""Eight"", ""token_id"": 80357, ""probability"": 6.475857503573934e-07}, {""token"": "" Many"", ""token_id"": 8732, ""probability"": 1.1860946003139361e-08}, {""token"": "" Two"", ""token_id"": 8512, ""probability"": 7.194027595858188e-09}, {""token"": "" Legs"", ""token_id"": 156403, ""probability"": 9.73605751575235e-10}, {""token"": "" None"", ""token_id"": 5450, ""probability"": 9.73605751575235e-10}, {""token"": "" Typically"", ""token_id"": 50338, ""probability"": 7.58244911303052e-10}, {""token"": "" Several"", ""token_id"": 22624, ""probability"": 5.905217426160903e-10}, {""token"": "" Usually"", ""token_id"": 34645, ""probability"": 5.905217426160903e-10}, {""token"": ""\n\n"", ""token_id"": 108, ""probability"": 4.5989881347630046e-10}]"
L22-L23,"[22, 23]","[23422, 23422, 60476, 56900, 56900]","[16, 21, 16, 16, 21]","[1703, 197021]","[16, 16]",1.0,2.0,True,joint,False,"[0.0, 0.0, 0.0, 0.0, 0.0]","[3646.2310485839844, 720.8788299560547]","[1855.8961181640625, 1739.021240234375, 562.7435302734375, 3646.2314453125, 720.8788452148438, 0.0, 303.9489440917969]",4548.876848096224, Eight,0.9999725818634033,1.6701242202543654e-05,0.9999725818634033,1.0129815564141609e-05,-11.000000039409542,"[{""token"": "" Eight"", ""token_id"": 38923, ""probability"": 0.9999725818634033}, {""token"": "" Six"", ""token_id"": 19759, ""probability"": 1.6701242202543654e-05}, {""token"": "" Four"", ""token_id"": 13038, ""probability"": 1.0129815564141609e-05}, {""token"": ""Eight"", ""token_id"": 80357, ""probability"": 6.475775080616586e-07}, {""token"": "" Many"", ""token_id"": 8732, ""probability"": 1.9555145058802736e-08}, {""token"": "" Two"", ""token_id"": 8512, ""probability"": 1.1860795012808012e-08}, {""token"": "" None"", ""token_id"": 5450, ""probability"": 1.2501185642221913e-09}, {""token"": "" Legs"", ""token_id"": 156403, ""probability"": 1.2501185642221913e-09}, {""token"": "" Typically"", ""token_id"": 50338, ""probability"": 9.735934280996617e-10}, {""token"": "" Some"", ""token_id"": 4943, ""probability"": 7.582351968515866e-10}, {""token"": "" Several"", ""token_id"": 22624, ""probability"": 7.582351968515866e-10}, {""token"": "" Zero"", ""token_id"": 31234, ""probability"": 7.582351968515866e-10}]"
L22-L23,"[22, 23]","[23422, 23422, 60476, 56900, 56900]","[16, 21, 16, 16, 21]","[1703, 197021]","[16, 16]",1.0,3.0,True,joint,False,"[0.0, 0.0, 0.0, 0.0, 0.0]","[5469.346572875977, 1081.318244934082]","[1855.8961181640625, 1739.021240234375, 562.7435302734375, 5469.34765625, 1081.3182373046875, 0.0, 304.0630187988281]",6161.224942405811, Eight,0.9999619722366333,2.7535403205547482e-05,0.9999619722366333,1.0129707334272098e-05,-10.499999963487728,"[{""token"": "" Eight"", ""token_id"": 38923, ""probability"": 0.9999619722366333}, {""token"": "" Six"", ""token_id"": 19759, ""probability"": 2.7535403205547482e-05}, {""token"": "" Four"", ""token_id"": 13038, ""probability"": 1.0129707334272098e-05}, {""token"": ""Eight"", ""token_id"": 80357, ""probability"": 3.927713976281666e-07}, {""token"": "" Many"", ""token_id"": 8732, ""probability"": 1.1860668891472415e-08}, {""token"": "" Two"", ""token_id"": 8512, ""probability"": 9.237099085623868e-09}, {""token"": "" None"", ""token_id"": 5450, ""probability"": 1.2501053525681982e-09}, {""token"": "" Legs"", ""token_id"": 156403, ""probability"": 9.735831030255326e-10}, {""token"": "" Typically"", ""token_id"": 50338, ""probability"": 7.582272032458093e-10}, {""token"": ""\n\n"", ""token_id"": 108, ""probability"": 4.598880720685372e-10}, {""token"": "" Several"", ""token_id"": 22624, ""probability"": 4.598880720685372e-10}, {""token"": "" Zero"", ""token_id"": 31234, ""probability"": 4.598880720685372e-10}]"
L22-L24,"[22, 23, 24]","[23422, 23422, 60476, 56900, 56900, 184534, 184534]","[16, 21, 16, 16, 21, 16, 21]","[1703, 197021]","[16, 16]",0.0,0.0,False,unmodified,False,"[1855.89599609375, 1739.02099609375, 562.7435913085938, 568.4154052734375, 719.163330078125, 465.2173767089844, 608.1962890625]","[0.0, 0.0]","[3.0517578125e-05, 3.0517578125e-05, 0.0, 0.0, 0.0, 1.5258788153005298e-05, 1.5258788153005298e-05, 0.0, 3.0517578125e-05]",5.70931603227832e-05, Eight,0.999982476234436,1.1253320053583593e-07,0.999982476234436,1.6701407730579376e-05,-16.000000019046855,"[{""token"": "" Eight"", ""token_id"": 38923, ""probability"": 0.999982476234436}, {""token"": "" Four"", ""token_id"": 13038, ""probability"": 1.6701407730579376e-05}, {""token"": ""Eight"", ""token_id"": 80357, ""probability"": 6.47583874524571e-07}, {""token"": "" Six"", ""token_id"": 19759, ""probability"": 1.1253320053583593e-07}, {""token"": "" Many"", ""token_id"": 8732, ""probability"": 4.3633860968839144e-09}, {""token"": "" Two"", ""token_id"": 8512, ""probability"": 1.6051998619204255e-09}, {""token"": "" Legs"", ""token_id"": 156403, ""probability"": 5.905200772815533e-10}, {""token"": "" None"", ""token_id"": 5450, ""probability"": 2.789419251136849e-10}, {""token"": "" Typically"", ""token_id"": 50338, ""probability"": 2.789419251136849e-10}, {""token"": "" Usually"", ""token_id"": 34645, ""probability"": 2.789419251136849e-10}, {""token"": "" Some"", ""token_id"": 4943, ""probability"": 2.789419251136849e-10}, {""token"": ""\n\n"", ""token_id"": 108, ""probability"": 2.789419251136849e-10}]"
L22-L24,"[22, 23, 24]","[23422, 23422, 60476, 56900, 56900, 184534, 184534]","[16, 21, 16, 16, 21, 16, 21]","[1703, 197021]","[16, 16]",0.0,0.25,False,ant_only,False,"[1855.89599609375, 1739.02099609375, 562.7435913085938, 568.4154052734375, 719.163330078125, 465.2173767089844, 608.1962890625]","[455.77888107299805, 90.10985374450684]","[3.0517578125e-05, 3.0517578125e-05, 0.0, 455.7789306640625, 90.10985565185547, 6.6026153564453125, 0.1982574313879013, 1.19073486328125, 1.559906005859375]",464.6522406216206, Eight,0.999982476234436,1.1253320053583593e-07,0.999982476234436,1.6701407730579376e-05,-16.000000019046855,"[{""token"": "" Eight"", ""token_id"": 38923, ""probability"": 0.999982476234436}, {""token"": "" Four"", ""token_id"": 13038, ""probability"": 1.6701407730579376e-05}, {""token"": ""Eight"", ""token_id"": 80357, ""probability"": 6.47583874524571e-07}, {""token"": "" Six"", ""token_id"": 19759, ""probability"": 1.1253320053583593e-07}, {""token"": "" Many"", ""token_id"": 8732, ""probability"": 4.3633860968839144e-09}, {""token"": "" Two"", ""token_id"": 8512, ""probability"": 1.250130998720067e-09}, {""token"": "" Legs"", ""token_id"": 156403, ""probability"": 5.905200772815533e-10}, {""token"": "" Usually"", ""token_id"": 34645, ""probability"": 3.5816852261838505e-10}, {""token"": "" Typically"", ""token_id"": 50338, ""probability"": 2.789419251136849e-10}, {""token"": "" Zero"", ""token_id"": 31234, ""probability"": 2.789419251136849e-10}, {""token"": ""\n\n"", ""token_id"": 108, ""probability"": 2.789419251136849e-10}, {""token"": "" None"", ""token_id"": 5450, ""probability"": 2.789419251136849e-10}]"
L22-L24,"[22, 23, 24]","[23422, 23422, 60476, 56900, 56900, 184534, 184534]","[16, 21, 16, 16, 21, 16, 21]","[1703, 197021]","[16, 16]",0.0,0.5,False,ant_only,False,"[1855.89599609375, 1739.02099609375, 562.7435913085938, 568.4154052734375, 719.163330078125, 465.2173767089844, 608.1962890625]","[911.5577621459961, 180.21970748901367]","[3.0517578125e-05, 3.0517578125e-05, 0.0, 911.557861328125, 180.21971130371094, 13.004165649414062, 0.2899322211742401, 7.83477783203125, 1.659759521484375]",929.3278268844513, Eight,0.9999861717224121,1.1253361975605003e-07,0.9999861717224121,1.3007117559027392e-05,-15.999999989297198,"[{""token"": "" Eight"", ""token_id"": 38923, ""probability"": 0.9999861717224121}, {""token"": "" Four"", ""token_id"": 13038, ""probability"": 1.3007117559027392e-05}, {""token"": ""Eight"", ""token_id"": 80357, ""probability"": 6.475862619481632e-07}, {""token"": "" Six"", ""token_id"": 19759, ""probability"": 1.1253361975605003e-07}, {""token"": "" Many"", ""token_id"": 8732, ""probability"": 3.398220815853392e-09}, {""token"": "" Two"", ""token_id"": 8512, ""probability"": 1.250135550634468e-09}, {""token"": "" Legs"", ""token_id"": 156403, ""probability"": 4.598992020543591e-10}, {""token"": "" None"", ""token_id"": 5450, ""probability"": 2.7894295206998265e-10}, {""token"": "" Usually"", ""token_id"": 34645, ""probability"": 2.7894295206998265e-10}, {""token"": "" Typically"", ""token_id"": 50338, ""probability"": 2.7894295206998265e-10}, {""token"": "" Some"", ""token_id"": 4943, ""probability"": 2.1724098908659784e-10}, {""token"": ""\n\n"", ""token_id"": 108, ""probability"": 2.1724098908659784e-10}]"
L22-L24,"[22, 23, 24]","[23422, 23422, 60476, 56900, 56900, 184534, 184534]","[16, 21, 16, 16, 21, 16, 21]","[1703, 197021]","[16, 16]",0.0,0.75,False,ant_only,False,"[1855.89599609375, 1739.02099609375, 562.7435913085938, 568.4154052734375, 719.163330078125, 465.2173767089844, 608.1962890625]","[1367.3366432189941, 270.3295612335205]","[3.0517578125e-05, 3.0517578125e-05, 0.0, 1367.3369140625, 270.3295593261719, 20.612442016601562, 0.2970123291015625, 12.33477783203125, 0.502166748046875]",1394.0106409569707, Eight,0.999982476234436,1.4449550178596837e-07,0.999982476234436,1.6701407730579376e-05,-15.74999993546822,"[{""token"": "" Eight"", ""token_id"": 38923, ""probability"": 0.999982476234436}, {""token"": "" Four"", ""token_id"": 13038, ""probability"": 1.6701407730579376e-05}, {""token"": ""Eight"", ""token_id"": 80357, ""probability"": 6.47583874524571e-07}, {""token"": "" Six"", ""token_id"": 19759, ""probability"": 1.4449550178596837e-07}, {""token"": "" Many"", ""token_id"": 8732, ""probability"": 5.602698305295917e-09}, {""token"": "" Two"", ""token_id"": 8512, ""probability"": 1.6051998619204255e-09}, {""token"": "" Legs"", ""token_id"": 156403, ""probability"": 7.58242746368154e-10}, {""token"": "" None"", ""token_id"": 5450, ""probability"": 4.5989750896424653e-10}, {""token"": "" Usually"", ""token_id"": 34645, ""probability"": 4.5989750896424653e-10}, {""token"": "" Typically"", ""token_id"": 50338, ""probability"": 4.5989750896424653e-10}, {""token"": "" Some"", ""token_id"": 4943, ""probability"": 3.5816852261838505e-10}, {""token"": ""\n\n"", ""token_id"": 108, ""probability"": 3.5816852261838505e-10}]"
L22-L24,"[22, 23, 24]","[23422, 23422, 60476, 56900, 56900, 184534, 184534]","[16, 21, 16, 16, 21, 16, 21]","[1703, 197021]","[16, 16]",0.0,1.0,False,ant_only,False,"[1855.89599609375, 1739.02099609375, 562.7435913085938, 568.4154052734375, 719.163330078125, 465.2173767089844, 608.1962890625]","[1823.1155242919922, 360.43941497802734]","[3.0517578125e-05, 3.0517578125e-05, 0.0, 1823.11572265625, 360.4394226074219, 27.35694694519043, 0.3437042236328125, 10.34661865234375, 0.245819091796875]",1858.634754111015, Eight,0.9999775886535645,1.444947912432326e-07,0.9999775886535645,2.1444928279379383e-05,-15.749999965205687,"[{""token"": "" Eight"", ""token_id"": 38923, ""probability"": 0.9999775886535645}, {""token"": "" Four"", ""token_id"": 13038, ""probability"": 2.1444928279379383e-05}, {""token"": ""Eight"", ""token_id"": 80357, ""probability"": 8.315100785694085e-07}, {""token"": "" Six"", ""token_id"": 19759, ""probability"": 1.444947912432326e-07}, {""token"": "" Many"", ""token_id"": 8732, ""probability"": 4.363364780601842e-09}, {""token"": "" Two"", ""token_id"": 8512, ""probability"": 2.0611072848453205e-09}, {""token"": "" Legs"", ""token_id"": 156403, ""probability"": 7.582390271210215e-10}, {""token"": "" None"", ""token_id"": 5450, ""probability"": 4.5989526076262166e-10}, {""token"": "" Usually"", ""token_id"": 34645, ""probability"": 4.5989526076262166e-10}, {""token"": ""\n\n"", ""token_id"": 108, ""probability"": 3.5816677401712127e-10}, {""token"": "" Zero"", ""token_id"": 31234, ""probability"": 3.5816677401712127e-10}, {""token"": "" Typically"", ""token_id"": 50338, ""probability"": 3.5816677401712127e-10}]"
L22-L24,"[22, 23, 24]","[23422, 23422, 60476, 56900, 56900, 184534, 184534]","[16, 21, 16, 16, 21, 16, 21]","[1703, 197021]","[16, 16]",0.0,1.25,False,ant_only,False,"[1855.89599609375, 1739.02099609375, 562.7435913085938, 568.4154052734375, 719.163330078125, 465.2173767089844, 608.1962890625]","[2278.8944053649902, 450.5492687225342]","[3.0517578125e-05, 3.0517578125e-05, 0.0, 2278.894775390625, 450.54925537109375, 35.70655822753906, 0.0999908447265625, 11.00946044921875, 4.290802001953125]",2323.3102712117393, Eight,0.9999823570251465,1.8553588176928315e-07,0.9999823570251465,1.6701405911589973e-05,-15.499999897755618,"[{""token"": "" Eight"", ""token_id"": 38923, ""probability"": 0.9999823570251465}, {""token"": "" Four"", ""token_id"": 13038, ""probability"": 1.6701405911589973e-05}, {""token"": ""Eight"", ""token_id"": 80357, ""probability"": 6.475838176811521e-07}, {""token"": "" Six"", ""token_id"": 19759, ""probability"": 1.8553588176928315e-07}, {""token"": "" Many"", ""token_id"": 8732, ""probability"": 5.602697417117497e-09}, {""token"": "" Two"", ""token_id"": 8512, ""probability"": 2.061117054807937e-09}, {""token"": "" Legs"", ""token_id"": 156403, ""probability"": 7.582426353458516e-10}, {""token"": "" None"", ""token_id"": 5450, ""probability"": 4.598974534530953e-10}, {""token"": "" Usually"", ""token_id"": 34645, ""probability"": 4.598974534530953e-10}, {""token"": "" Typically"", ""token_id"": 50338, ""probability"": 4.598974534530953e-10}, {""token"": "" Zero"", ""token_id"": 31234, ""probability"": 3.581684671072338e-10}, {""token"": ""\n\n"", ""token_id"": 108, ""probability"": 3.581684671072338e-10}]"
L22-L24,"[22, 23, 24]","[23422, 23422, 60476, 56900, 56900, 184534, 184534]","[16, 21, 16, 16, 21, 16, 21]","[1703, 197021]","[16, 16]",0.0,1.5,False,ant_only,False,"[1855.89599609375, 1739.02099609375, 562.7435913085938, 568.4154052734375, 719.163330078125, 465.2173767089844, 608.1962890625]","[2734.6732864379883, 540.659122467041]","[3.0517578125e-05, 3.0517578125e-05, 0.0, 2734.673828125, 540.6591186523438, 37.57289123535156, 0.4360503852367401, 11.02227783203125, 3.739105224609375]",2787.8846125020996, Eight,0.9999711513519287,2.3823008632462006e-07,0.9999711513519287,2.7535656045074575e-05,-15.250000031948735,"[{""token"": "" Eight"", ""token_id"": 38923, ""probability"": 0.9999711513519287}, {""token"": "" Four"", ""token_id"": 13038, ""probability"": 2.7535656045074575e-05}, {""token"": ""Eight"", ""token_id"": 80357, ""probability"": 1.0676732244974119e-06}, {""token"": "" Six"", ""token_id"": 19759, ""probability"": 2.3823008632462006e-07}, {""token"": "" Many"", ""token_id"": 8732, ""probability"": 9.23718346257374e-09}, {""token"": "" Two"", ""token_id"": 8512, ""probability"": 3.3981699676388644e-09}, {""token"": "" Legs"", ""token_id"": 156403, ""probability"": 1.2501167878653519e-09}, {""token"": "" None"", ""token_id"": 5450, ""probability"": 7.582341421397132e-10}, {""token"": ""\n\n"", ""token_id"": 108, ""probability"": 5.905133604322543e-10}, {""token"": "" Typically"", ""token_id"": 50338, ""probability"": 5.905133604322543e-10}, {""token"": "" Usually"", ""token_id"": 34645, ""probability"": 5.905133604322543e-10}, {""token"": "" Some"", ""token_id"": 4943, ""probability"": 5.211261977500214e-10}]"
L22-L24,"[22, 23, 24]","[23422, 23422, 60476, 56900, 56900, 184534, 184534]","[16, 21, 16, 16, 21, 16, 21]","[1703, 197021]","[16, 16]",0.0,2.0,True,ant_only,False,"[1855.89599609375, 1739.02099609375, 562.7435913085938, 568.4154052734375, 719.163330078125, 465.2173767089844, 608.1962890625]","[3646.2310485839844, 720.8788299560547]","[3.0517578125e-05, 3.0517578125e-05, 0.0, 3646.2314453125, 720.8788452148438, 53.70655822753906, 0.2719879150390625, 1.15887451171875, 11.564666748046875]",3717.2153038457664, Eight,0.9999774694442749,1.8553497227458138e-07,0.9999774694442749,2.1444924641400576e-05,-15.499999912076776,"[{""token"": "" Eight"", ""token_id"": 38923, ""probability"": 0.9999774694442749}, {""token"": "" Four"", ""token_id"": 13038, ""probability"": 2.1444924641400576e-05}, {""token"": ""Eight"", ""token_id"": 80357, ""probability"": 8.315099648825708e-07}, {""token"": "" Six"", ""token_id"": 19759, ""probability"": 1.8553497227458138e-07}, {""token"": "" Many"", ""token_id"": 8732, ""probability"": 5.602670327675696e-09}, {""token"": "" Two"", ""token_id"": 8512, ""probability"": 2.0611070628007155e-09}, {""token"": "" Legs"", ""token_id"": 156403, ""probability"": 7.582389160987191e-10}, {""token"": "" Typically"", ""token_id"": 50338, ""probability"": 4.5989520525147043e-10}, {""token"": "" None"", ""token_id"": 5450, ""probability"": 4.5989520525147043e-10}, {""token"": ""\n\n"", ""token_id"": 108, ""probability"": 4.5989520525147043e-10}, {""token"": "" Usually"", ""token_id"": 34645, ""probability"": 4.5989520525147043e-10}, {""token"": "" Some"", ""token_id"": 4943, ""probability"": 3.5816671850597004e-10}]"
L22-L24,"[22, 23, 24]","[23422, 23422, 60476, 56900, 56900, 184534, 184534]","[16, 21, 16, 16, 21, 16, 21]","[1703, 197021]","[16, 16]",0.0,3.0,True,ant_only,False,"[1855.89599609375, 1739.02099609375, 562.7435913085938, 568.4154052734375, 719.163330078125, 465.2173767089844, 608.1962890625]","[5469.346572875977, 1081.318244934082]","[3.0517578125e-05, 3.0517578125e-05, 0.0, 5469.34765625, 1081.3182373046875, 82.35768127441406, 0.3415679931640625, 37.09637451171875, 17.607088088989258]",5575.973634276042, Eight,0.9999772310256958,2.38231535831801e-07,0.9999772310256958,2.144492100342177e-05,-15.250000027313792,"[{""token"": "" Eight"", ""token_id"": 38923, ""probability"": 0.9999772310256958}, {""token"": "" Four"", ""token_id"": 13038, ""probability"": 2.144492100342177e-05}, {""token"": ""Eight"", ""token_id"": 80357, ""probability"": 1.067679704647162e-06}, {""token"": "" Six"", ""token_id"": 19759, ""probability"": 2.38231535831801e-07}, {""token"": "" Many"", ""token_id"": 8732, ""probability"": 9.23723941781418e-09}, {""token"": "" Two"", ""token_id"": 8512, ""probability"": 3.3981906177871224e-09}, {""token"": "" Legs"", ""token_id"": 156403, ""probability"": 9.735978689917602e-10}, {""token"": "" Usually"", ""token_id"": 34645, ""probability"": 7.582387495652654e-10}, {""token"": "" None"", ""token_id"": 5450, ""probability"": 5.905169686570844e-10}, {""token"": "" Typically"", ""token_id"": 50338, ""probability"": 5.905169686570844e-10}, {""token"": ""\n\n"", ""token_id"": 108, ""probability"": 5.905169686570844e-10}, {""token"": "" Some"", ""token_id"": 4943, ""probability"": 4.5989509422916797e-10}]"
L22-L24,"[22, 23, 24]","[23422, 23422, 60476, 56900, 56900, 184534, 184534]","[16, 21, 16, 16, 21, 16, 21]","[1703, 197021]","[16, 16]",0.2,0.0,False,spider_only,False,"[1484.716796875, 1391.216796875, 450.19487304687505, 454.73232421875, 575.3306640625, 372.1739013671875, 486.55703125]","[0.0, 0.0]","[371.17919921875, 347.80419921875, 112.54872131347656, 0.0, 0.0, 31.034015655517578, 59.923954010009766, 40.85902786254883, 84.47608184814453]",533.6371731339138, Eight,0.9999891519546509,1.44496468124089e-07,0.9999891519546509,1.0129982911166735e-05,-15.749999923636274,"[{""token"": "" Eight"", ""token_id"": 38923, ""probability"": 0.9999891519546509}, {""token"": "" Four"", ""token_id"": 13038, ""probability"": 1.0129982911166735e-05}, {""token"": ""Eight"", ""token_id"": 80357, ""probability"": 6.475881946244044e-07}, {""token"": "" Six"", ""token_id"": 19759, ""probability"": 1.44496468124089e-07}, {""token"": "" Many"", ""token_id"": 8732, ""probability"": 5.602735608789544e-09}, {""token"": "" Two"", ""token_id"": 8512, ""probability"": 1.605210520061462e-09}, {""token"": "" Legs"", ""token_id"": 156403, ""probability"": 5.905240185732907e-10}, {""token"": "" Typically"", ""token_id"": 50338, ""probability"": 3.58170909597888e-10}, {""token"": "" None"", ""token_id"": 5450, ""probability"": 3.58170909597888e-10}, {""token"": ""\n\n"", ""token_id"": 108, ""probability"": 3.58170909597888e-10}, {""token"": "" Usually"", ""token_id"": 34645, ""probability"": 3.58170909597888e-10}, {""token"": "" Some"", ""token_id"": 4943, ""probability"": 2.789437847372511e-10}]"
L22-L24,"[22, 23, 24]","[23422, 23422, 60476, 56900, 56900, 184534, 184534]","[16, 21, 16, 16, 21, 16, 21]","[1703, 197021]","[16, 16]",0.2,0.25,False,joint,False,"[1484.716796875, 1391.216796875, 450.19487304687505, 454.73232421875, 575.3306640625, 372.1739013671875, 486.55703125]","[455.77888107299805, 90.10985374450684]","[371.17919921875, 347.80419921875, 112.54872131347656, 455.7789306640625, 90.10985565185547, 24.47737693786621, 59.376895904541016, 49.24849319458008, 86.68378448486328]",708.044803414737, Eight,0.9999891519546509,1.44496468124089e-07,0.9999891519546509,1.0129982911166735e-05,-15.749999923636274,"[{""token"": "" Eight"", ""token_id"": 38923, ""probability"": 0.9999891519546509}, {""token"": "" Four"", ""token_id"": 13038, ""probability"": 1.0129982911166735e-05}, {""token"": ""Eight"", ""token_id"": 80357, ""probability"": 6.475881946244044e-07}, {""token"": "" Six"", ""token_id"": 19759, ""probability"": 1.44496468124089e-07}, {""token"": "" Many"", ""token_id"": 8732, ""probability"": 4.363414962682555e-09}, {""token"": "" Two"", ""token_id"": 8512, ""probability"": 1.605210520061462e-09}, {""token"": "" Legs"", ""token_id"": 156403, ""probability"": 5.905240185732907e-10}, {""token"": "" None"", ""token_id"": 5450, ""probability"": 3.58170909597888e-10}, {""token"": ""\n\n"", ""token_id"": 108, ""probability"": 2.789437847372511e-10}, {""token"": "" Typically"", ""token_id"": 50338, ""probability"": 2.789437847372511e-10}, {""token"": "" Usually"", ""token_id"": 34645, ""probability"": 2.789437847372511e-10}, {""token"": "" Some"", ""token_id"": 4943, ""probability"": 2.17241627464837e-10}]"
L22-L24,"[22, 23, 24]","[23422, 23422, 60476, 56900, 56900, 184534, 184534]","[16, 21, 16, 16, 21, 16, 21]","[1703, 197021]","[16, 16]",0.2,0.5,False,joint,False,"[1484.716796875, 1391.216796875, 450.19487304687505, 454.73232421875, 575.3306640625, 372.1739013671875, 486.55703125]","[911.5577621459961, 180.21970748901367]","[371.17919921875, 347.80419921875, 112.54872131347656, 911.557861328125, 180.21971130371094, 16.83913230895996, 59.28736114501953, 51.77309036254883, 84.50641632080078]",1071.655815708195, Eight,0.999985933303833,1.8553653546860005e-07,0.999985933303833,1.3007114830543287e-05,-15.499999950793198,"[{""token"": "" Eight"", ""token_id"": 38923, ""probability"": 0.999985933303833}, {""token"": "" Four"", ""token_id"": 13038, ""probability"": 1.3007114830543287e-05}, {""token"": ""Eight"", ""token_id"": 80357, ""probability"": 8.315170134665095e-07}, {""token"": "" Six"", ""token_id"": 19759, ""probability"": 1.8553653546860005e-07}, {""token"": "" Many"", ""token_id"": 8732, ""probability"": 5.60271784522115e-09}, {""token"": "" Two"", ""token_id"": 8512, ""probability"": 2.0611243822798997e-09}, {""token"": "" Legs"", ""token_id"": 156403, ""probability"": 9.736064177090498e-10}, {""token"": "" None"", ""token_id"": 5450, ""probability"": 4.598990910320566e-10}, {""token"": ""\n\n"", ""token_id"": 108, ""probability"": 4.598990910320566e-10}, {""token"": "" Some"", ""token_id"": 4943, ""probability"": 3.5816974386371214e-10}, {""token"": "" Zero"", ""token_id"": 31234, ""probability"": 3.5816974386371214e-10}, {""token"": "" Usually"", ""token_id"": 34645, ""probability"": 3.5816974386371214e-10}]"
L22-L24,"[22, 23, 24]","[23422, 23422, 60476, 56900, 56900, 184534, 184534]","[16, 21, 16, 16, 21, 16, 21]","[1703, 197021]","[16, 16]",0.2,0.75,False,joint,False,"[1484.716796875, 1391.216796875, 450.19487304687505, 454.73232421875, 575.3306640625, 372.1739013671875, 486.55703125]","[1367.3366432189941, 270.3295612335205]","[371.17919921875, 347.80419921875, 112.54872131347656, 1367.3369140625, 270.3295593261719, 10.369710922241211, 59.633426666259766, 57.36421585083008, 84.82672882080078]",1492.7314508855231, Eight,0.9999860525131226,1.8553656389030948e-07,0.9999860525131226,1.300711664953269e-05,-15.499999916817579,"[{""token"": "" Eight"", ""token_id"": 38923, ""probability"": 0.9999860525131226}, {""token"": "" Four"", ""token_id"": 13038, ""probability"": 1.300711664953269e-05}, {""token"": ""Eight"", ""token_id"": 80357, ""probability"": 6.475862051047443e-07}, {""token"": "" Six"", ""token_id"": 19759, ""probability"": 1.8553656389030948e-07}, {""token"": "" Many"", ""token_id"": 8732, ""probability"": 5.60271828931036e-09}, {""token"": "" Two"", ""token_id"": 8512, ""probability"": 1.6052055240578511e-09}, {""token"": "" Legs"", ""token_id"": 156403, ""probability"": 7.582454109034131e-10}, {""token"": "" None"", ""token_id"": 5450, ""probability"": 4.5989914654320785e-10}, {""token"": ""\n\n"", ""token_id"": 108, ""probability"": 3.5816979937486337e-10}, {""token"": "" Typically"", ""token_id"": 50338, ""probability"": 3.5816979937486337e-10}, {""token"": "" Usually"", ""token_id"": 34645, ""probability"": 3.5816979937486337e-10}, {""token"": "" Some"", ""token_id"": 4943, ""probability"": 2.7894292431440704e-10}]"
L22-L24,"[22, 23, 24]","[23422, 23422, 60476, 56900, 56900, 184534, 184534]","[16, 21, 16, 16, 21, 16, 21]","[1703, 197021]","[16, 16]",0.2,1.0,False,joint,False,"[1484.716796875, 1391.216796875, 450.19487304687505, 454.73232421875, 575.3306640625, 372.1739013671875, 486.55703125]","[1823.1155242919922, 360.43941497802734]","[371.17919921875, 347.80419921875, 112.54872131347656, 1823.11572265625, 360.4394226074219, 2.403097629547119, 59.542423248291016, 60.98604202270508, 85.09265899658203]",1933.8013398856044, Eight,0.9999822378158569,2.382327295435971e-07,0.9999822378158569,1.670140409260057e-05,-15.25000002349682,"[{""token"": "" Eight"", ""token_id"": 38923, ""probability"": 0.9999822378158569}, {""token"": "" Four"", ""token_id"": 13038, ""probability"": 1.670140409260057e-05}, {""token"": ""Eight"", ""token_id"": 80357, ""probability"": 8.31513943921891e-07}, {""token"": "" Six"", ""token_id"": 19759, ""probability"": 2.382327295435971e-07}, {""token"": "" Many"", ""token_id"": 8732, ""probability"": 7.194005391397695e-09}, {""token"": "" Two"", ""token_id"": 8512, ""probability"": 2.0611168327633322e-09}, {""token"": "" Legs"", ""token_id"": 156403, ""probability"": 7.582425243235491e-10}, {""token"": "" None"", ""token_id"": 5450, ""probability"": 4.5989739794194406e-10}, {""token"": "" Usually"", ""token_id"": 34645, ""probability"": 4.5989739794194406e-10}, {""token"": "" Typically"", ""token_id"": 50338, ""probability"": 4.5989739794194406e-10}, {""token"": "" Some"", ""token_id"": 4943, ""probability"": 3.581684393516582e-10}, {""token"": ""\n\n"", ""token_id"": 108, ""probability"": 3.581684393516582e-10}]"
L22-L24,"[22, 23, 24]","[23422, 23422, 60476, 56900, 56900, 184534, 184534]","[16, 21, 16, 16, 21, 16, 21]","[1703, 197021]","[16, 16]",0.2,1.25,False,joint,False,"[1484.716796875, 1391.216796875, 450.19487304687505, 454.73232421875, 575.3306640625, 372.1739013671875, 486.55703125]","[2278.8944053649902, 450.5492687225342]","[371.17919921875, 347.80419921875, 112.54872131347656, 2278.894775390625, 450.54925537109375, 4.280984401702881, 59.69593048095703, 57.28792190551758, 83.73230743408203]",2383.61908422093, Eight,0.9999860525131226,1.8553656389030948e-07,0.9999860525131226,1.300711664953269e-05,-15.499999916817579,"[{""token"": "" Eight"", ""token_id"": 38923, ""probability"": 0.9999860525131226}, {""token"": "" Four"", ""token_id"": 13038, ""probability"": 1.300711664953269e-05}, {""token"": ""Eight"", ""token_id"": 80357, ""probability"": 6.475862051047443e-07}, {""token"": "" Six"", ""token_id"": 19759, ""probability"": 1.8553656389030948e-07}, {""token"": "" Many"", ""token_id"": 8732, ""probability"": 5.60271828931036e-09}, {""token"": "" Two"", ""token_id"": 8512, ""probability"": 1.6052055240578511e-09}, {""token"": "" Legs"", ""token_id"": 156403, ""probability"": 5.905221867053001e-10}, {""token"": ""\n\n"", ""token_id"": 108, ""probability"": 3.5816979937486337e-10}, {""token"": "" None"", ""token_id"": 5450, ""probability"": 3.5816979937486337e-10}, {""token"": "" Typically"", ""token_id"": 50338, ""probability"": 3.5816979937486337e-10}, {""token"": "" Zero"", ""token_id"": 31234, ""probability"": 2.7894292431440704e-10}, {""token"": "" Some"", ""token_id"": 4943, ""probability"": 2.7894292431440704e-10}]"
L22-L24,"[22, 23, 24]","[23422, 23422, 60476, 56900, 56900, 184534, 184534]","[16, 21, 16, 16, 21, 16, 21]","[1703, 197021]","[16, 16]",0.2,1.5,False,joint,False,"[1484.716796875, 1391.216796875, 450.19487304687505, 454.73232421875, 575.3306640625, 372.1739013671875, 486.55703125]","[2734.6732864379883, 540.659122467041]","[371.17919921875, 347.80419921875, 112.54872131347656, 2734.673828125, 540.6591186523438, 8.194008827209473, 59.64722442626953, 59.99623489379883, 81.49628448486328]",2838.3143462552957, Eight,0.9999822378158569,2.382327295435971e-07,0.9999822378158569,1.670140409260057e-05,-15.25000002349682,"[{""token"": "" Eight"", ""token_id"": 38923, ""probability"": 0.9999822378158569}, {""token"": "" Four"", ""token_id"": 13038, ""probability"": 1.670140409260057e-05}, {""token"": ""Eight"", ""token_id"": 80357, ""probability"": 8.31513943921891e-07}, {""token"": "" Six"", ""token_id"": 19759, ""probability"": 2.382327295435971e-07}, {""token"": "" Many"", ""token_id"": 8732, ""probability"": 5.602696973028287e-09}, {""token"": "" Two"", ""token_id"": 8512, ""probability"": 2.646526775507141e-09}, {""token"": "" Legs"", ""token_id"": 156403, ""probability"": 7.582425243235491e-10}, {""token"": "" None"", ""token_id"": 5450, ""probability"": 4.5989739794194406e-10}, {""token"": "" Typically"", ""token_id"": 50338, ""probability"": 4.5989739794194406e-10}, {""token"": ""\n\n"", ""token_id"": 108, ""probability"": 3.581684393516582e-10}, {""token"": "" Some"", ""token_id"": 4943, ""probability"": 3.581684393516582e-10}, {""token"": "" Zero"", ""token_id"": 31234, ""probability"": 3.581684393516582e-10}]"
L22-L24,"[22, 23, 24]","[23422, 23422, 60476, 56900, 56900, 184534, 184534]","[16, 21, 16, 16, 21, 16, 21]","[1703, 197021]","[16, 16]",0.2,2.0,True,joint,False,"[1484.716796875, 1391.216796875, 450.19487304687505, 454.73232421875, 575.3306640625, 372.1739013671875, 486.55703125]","[3646.2310485839844, 720.8788299560547]","[371.17919921875, 347.80419921875, 112.54872131347656, 3646.2314453125, 720.8788452148438, 22.81681251525879, 59.825260162353516, 52.17775344848633, 76.90650177001953]",3754.838988893721, Eight,0.9999858140945435,3.058979700654163e-07,0.9999858140945435,1.3007113011553884e-05,-15.00000003574725,"[{""token"": "" Eight"", ""token_id"": 38923, ""probability"": 0.9999858140945435}, {""token"": "" Four"", ""token_id"": 13038, ""probability"": 1.3007113011553884e-05}, {""token"": ""Eight"", ""token_id"": 80357, ""probability"": 8.315168997796718e-07}, {""token"": "" Six"", ""token_id"": 19759, ""probability"": 3.058979700654163e-07}, {""token"": "" Many"", ""token_id"": 8732, ""probability"": 5.6027169570427304e-09}, {""token"": "" Two"", ""token_id"": 8512, ""probability"": 2.0611241602352948e-09}, {""token"": "" Legs"", ""token_id"": 156403, ""probability"": 9.736063066867473e-10}, {""token"": "" None"", ""token_id"": 5450, ""probability"": 4.598990355209054e-10}, {""token"": "" Typically"", ""token_id"": 50338, ""probability"": 4.598990355209054e-10}, {""token"": ""\n\n"", ""token_id"": 108, ""probability"": 3.5816971610813653e-10}, {""token"": "" Zero"", ""token_id"": 31234, ""probability"": 3.5816971610813653e-10}, {""token"": "" Usually"", ""token_id"": 34645, ""probability"": 3.5816971610813653e-10}]"
L22-L24,"[22, 23, 24]","[23422, 23422, 60476, 56900, 56900, 184534, 184534]","[16, 21, 16, 16, 21, 16, 21]","[1703, 197021]","[16, 16]",0.2,3.0,True,joint,False,"[1484.716796875, 1391.216796875, 450.19487304687505, 454.73232421875, 575.3306640625, 372.1739013671875, 486.55703125]","[5469.346572875977, 1081.318244934082]","[371.17919921875, 347.80419921875, 112.54872131347656, 5469.34765625, 1081.3182373046875, 51.977516174316406, 59.752567291259766, 10.733965873718262, 68.42169952392578]",5600.490216697635, Eight,0.9999822378158569,3.0589689004045795e-07,0.9999822378158569,1.670140409260057e-05,-14.999999990088233,"[{""token"": "" Eight"", ""token_id"": 38923, ""probability"": 0.9999822378158569}, {""token"": "" Four"", ""token_id"": 13038, ""probability"": 1.670140409260057e-05}, {""token"": ""Eight"", ""token_id"": 80357, ""probability"": 6.475837608377333e-07}, {""token"": "" Six"", ""token_id"": 19759, ""probability"": 3.0589689004045795e-07}, {""token"": "" Many"", ""token_id"": 8732, ""probability"": 5.602696973028287e-09}, {""token"": "" Two"", ""token_id"": 8512, ""probability"": 2.646526775507141e-09}, {""token"": "" Legs"", ""token_id"": 156403, ""probability"": 7.582425243235491e-10}, {""token"": "" None"", ""token_id"": 5450, ""probability"": 4.5989739794194406e-10}, {""token"": "" Typically"", ""token_id"": 50338, ""probability"": 4.5989739794194406e-10}, {""token"": ""\n\n"", ""token_id"": 108, ""probability"": 3.581684393516582e-10}, {""token"": "" Zero"", ""token_id"": 31234, ""probability"": 3.581684393516582e-10}, {""token"": "" Usually"", ""token_id"": 34645, ""probability"": 3.581684393516582e-10}]"
L22-L24,"[22, 23, 24]","[23422, 23422, 60476, 56900, 56900, 184534, 184534]","[16, 21, 16, 16, 21, 16, 21]","[1703, 197021]","[16, 16]",0.4,0.0,False,spider_only,False,"[1113.53759765625, 1043.41259765625, 337.6461547851562, 341.0492431640625, 431.497998046875, 279.1304260253906, 364.9177734375]","[0.0, 0.0]","[742.3584594726562, 695.6084594726562, 225.09744262695312, 0.0, 0.0, 60.88744354248047, 120.98880004882812, 86.40306091308594, 176.6643524169922]",1068.9515530585059, Eight,0.9999890327453613,1.8553711811364337e-07,0.9999890327453613,1.0129982001672033e-05,-15.499999909953333,"[{""token"": "" Eight"", ""token_id"": 38923, ""probability"": 0.9999890327453613}, {""token"": "" Four"", ""token_id"": 13038, ""probability"": 1.0129982001672033e-05}, {""token"": ""Eight"", ""token_id"": 80357, ""probability"": 6.475881377809856e-07}, {""token"": "" Six"", ""token_id"": 19759, ""probability"": 1.8553711811364337e-07}, {""token"": "" Many"", ""token_id"": 8732, ""probability"": 5.602735164700334e-09}, {""token"": "" Two"", ""token_id"": 8512, ""probability"": 1.605210298016857e-09}, {""token"": "" Legs"", ""token_id"": 156403, ""probability"": 7.582476868606136e-10}, {""token"": "" None"", ""token_id"": 5450, ""probability"": 3.5817085408673677e-10}, {""token"": ""\n\n"", ""token_id"": 108, ""probability"": 3.5817085408673677e-10}, {""token"": "" Some"", ""token_id"": 4943, ""probability"": 2.789437569816755e-10}, {""token"": "" Zero"", ""token_id"": 31234, ""probability"": 2.789437569816755e-10}, {""token"": "" Usually"", ""token_id"": 34645, ""probability"": 2.789437569816755e-10}]"
L22-L24,"[22, 23, 24]","[23422, 23422, 60476, 56900, 56900, 184534, 184534]","[16, 21, 16, 16, 21, 16, 21]","[1703, 197021]","[16, 16]",0.4,0.25,False,joint,False,"[1113.53759765625, 1043.41259765625, 337.6461547851562, 341.0492431640625, 431.497998046875, 279.1304260253906, 364.9177734375]","[455.77888107299805, 90.10985374450684]","[742.3584594726562, 695.6084594726562, 225.09744262695312, 455.7789306640625, 90.10985565185547, 53.867610931396484, 120.90591430664062, 94.7632827758789, 177.8695526123047]",1166.03083439991, Eight,0.9999890327453613,2.3823434958103462e-07,0.9999890327453613,1.0129982001672033e-05,-15.250000018316706,"[{""token"": "" Eight"", ""token_id"": 38923, ""probability"": 0.9999890327453613}, {""token"": "" Four"", ""token_id"": 13038, ""probability"": 1.0129982001672033e-05}, {""token"": ""Eight"", ""token_id"": 80357, ""probability"": 6.475881377809856e-07}, {""token"": "" Six"", ""token_id"": 19759, ""probability"": 2.3823434958103462e-07}, {""token"": "" Many"", ""token_id"": 8732, ""probability"": 5.602735164700334e-09}, {""token"": "" Two"", ""token_id"": 8512, ""probability"": 2.0611308215734425e-09}, {""token"": "" Legs"", ""token_id"": 156403, ""probability"": 7.582476868606136e-10}, {""token"": "" None"", ""token_id"": 5450, ""probability"": 4.59900506566413e-10}, {""token"": ""\n\n"", ""token_id"": 108, ""probability"": 3.5817085408673677e-10}, {""token"": "" Typically"", ""token_id"": 50338, ""probability"": 3.5817085408673677e-10}, {""token"": "" Usually"", ""token_id"": 34645, ""probability"": 3.5817085408673677e-10}, {""token"": "" Zero"", ""token_id"": 31234, ""probability"": 2.789437569816755e-10}]"
L22-L24,"[22, 23, 24]","[23422, 23422, 60476, 56900, 56900, 184534, 184534]","[16, 21, 16, 16, 21, 16, 21]","[1703, 197021]","[16, 16]",0.4,0.5,False,joint,False,"[1113.53759765625, 1043.41259765625, 337.6461547851562, 341.0492431640625, 431.497998046875, 279.1304260253906, 364.9177734375]","[911.5577621459961, 180.21970748901367]","[742.3584594726562, 695.6084594726562, 225.09744262695312, 911.557861328125, 180.21971130371094, 47.348567962646484, 120.6787338256836, 103.11600494384766, 176.2947235107422]",1416.8877628480043, Eight,0.9999890327453613,2.3823434958103462e-07,0.9999890327453613,1.0129982001672033e-05,-15.250000018316706,"[{""token"": "" Eight"", ""token_id"": 38923, ""probability"": 0.9999890327453613}, {""token"": "" Four"", ""token_id"": 13038, ""probability"": 1.0129982001672033e-05}, {""token"": ""Eight"", ""token_id"": 80357, ""probability"": 6.475881377809856e-07}, {""token"": "" Six"", ""token_id"": 19759, ""probability"": 2.3823434958103462e-07}, {""token"": "" Many"", ""token_id"": 8732, ""probability"": 5.602735164700334e-09}, {""token"": "" Two"", ""token_id"": 8512, ""probability"": 1.605210298016857e-09}, {""token"": "" Legs"", ""token_id"": 156403, ""probability"": 5.905239075509883e-10}, {""token"": "" None"", ""token_id"": 5450, ""probability"": 3.5817085408673677e-10}, {""token"": ""\n\n"", ""token_id"": 108, ""probability"": 2.789437569816755e-10}, {""token"": "" Typically"", ""token_id"": 50338, ""probability"": 2.789437569816755e-10}, {""token"": "" Usually"", ""token_id"": 34645, ""probability"": 2.789437569816755e-10}, {""token"": "" Some"", ""token_id"": 4943, ""probability"": 2.1724159970926138e-10}]"
L22-L24,"[22, 23, 24]","[23422, 23422, 60476, 56900, 56900, 184534, 184534]","[16, 21, 16, 16, 21, 16, 21]","[1703, 197021]","[16, 16]",0.4,0.75,False,joint,False,"[1113.53759765625, 1043.41259765625, 337.6461547851562, 341.0492431640625, 431.497998046875, 279.1304260253906, 364.9177734375]","[1367.3366432189941, 270.3295612335205]","[742.3584594726562, 695.6084594726562, 225.09744262695312, 1367.3369140625, 270.3295593261719, 40.27727508544922, 120.34988403320312, 108.8060073852539, 175.8877410888672]",1757.0446708335999, Eight,0.9999890327453613,2.3823434958103462e-07,0.9999890327453613,1.0129982001672033e-05,-15.250000018316706,"[{""token"": "" Eight"", ""token_id"": 38923, ""probability"": 0.9999890327453613}, {""token"": "" Four"", ""token_id"": 13038, ""probability"": 1.0129982001672033e-05}, {""token"": ""Eight"", ""token_id"": 80357, ""probability"": 6.475881377809856e-07}, {""token"": "" Six"", ""token_id"": 19759, ""probability"": 2.3823434958103462e-07}, {""token"": "" Many"", ""token_id"": 8732, ""probability"": 5.602735164700334e-09}, {""token"": "" Two"", ""token_id"": 8512, ""probability"": 2.0611308215734425e-09}, {""token"": "" Legs"", ""token_id"": 156403, ""probability"": 5.905239075509883e-10}, {""token"": "" None"", ""token_id"": 5450, ""probability"": 3.5817085408673677e-10}, {""token"": "" Typically"", ""token_id"": 50338, ""probability"": 2.789437569816755e-10}, {""token"": "" Usually"", ""token_id"": 34645, ""probability"": 2.789437569816755e-10}, {""token"": ""\n\n"", ""token_id"": 108, ""probability"": 2.789437569816755e-10}, {""token"": "" Zero"", ""token_id"": 31234, ""probability"": 2.789437569816755e-10}]"
L22-L24,"[22, 23, 24]","[23422, 23422, 60476, 56900, 56900, 184534, 184534]","[16, 21, 16, 16, 21, 16, 21]","[1703, 197021]","[16, 16]",0.4,1.0,False,joint,False,"[1113.53759765625, 1043.41259765625, 337.6461547851562, 341.0492431640625, 431.497998046875, 279.1304260253906, 364.9177734375]","[1823.1155242919922, 360.43941497802734]","[742.3584594726562, 695.6084594726562, 225.09744262695312, 1823.11572265625, 360.4394226074219, 32.556758880615234, 120.2118148803711, 107.17862701416016, 173.94505310058594]",2143.95861621818, Eight,0.9999910593032837,3.0589959010285384e-07,0.9999910593032837,7.889253538451158e-06,-14.999999985024823,"[{""token"": "" Eight"", ""token_id"": 38923, ""probability"": 0.9999910593032837}, {""token"": "" Four"", ""token_id"": 13038, ""probability"": 7.889253538451158e-06}, {""token"": ""Eight"", ""token_id"": 80357, ""probability"": 6.475894451796194e-07}, {""token"": "" Six"", ""token_id"": 19759, ""probability"": 3.0589959010285384e-07}, {""token"": "" Many"", ""token_id"": 8732, ""probability"": 7.194068896154704e-09}, {""token"": "" Two"", ""token_id"": 8512, ""probability"": 2.061135040420936e-09}, {""token"": "" Legs"", ""token_id"": 156403, ""probability"": 5.905251287963154e-10}, {""token"": "" None"", ""token_id"": 5450, ""probability"": 4.5990145025598395e-10}, {""token"": ""\n\n"", ""token_id"": 108, ""probability"": 3.581716034872784e-10}, {""token"": "" Typically"", ""token_id"": 50338, ""probability"": 3.581716034872784e-10}, {""token"": "" Usually"", ""token_id"": 34645, ""probability"": 3.581716034872784e-10}, {""token"": "" Some"", ""token_id"": 4943, ""probability"": 2.789443120931878e-10}]"
L22-L24,"[22, 23, 24]","[23422, 23422, 60476, 56900, 56900, 184534, 184534]","[16, 21, 16, 16, 21, 16, 21]","[1703, 197021]","[16, 16]",0.4,1.25,False,joint,False,"[1113.53759765625, 1043.41259765625, 337.6461547851562, 341.0492431640625, 431.497998046875, 279.1304260253906, 364.9177734375]","[2278.8944053649902, 450.5492687225342]","[742.3584594726562, 695.6084594726562, 225.09744262695312, 2278.894775390625, 450.54925537109375, 25.884700775146484, 120.1452865600586, 110.48270416259766, 173.23973083496094]",2557.2085246634724, Eight,0.9999910593032837,3.0589959010285384e-07,0.9999910593032837,7.889253538451158e-06,-14.999999985024823,"[{""token"": "" Eight"", ""token_id"": 38923, ""probability"": 0.9999910593032837}, {""token"": "" Four"", ""token_id"": 13038, ""probability"": 7.889253538451158e-06}, {""token"": ""Eight"", ""token_id"": 80357, ""probability"": 6.475894451796194e-07}, {""token"": "" Six"", ""token_id"": 19759, ""probability"": 3.0589959010285384e-07}, {""token"": "" Many"", ""token_id"": 8732, ""probability"": 5.6027462669305805e-09}, {""token"": "" Two"", ""token_id"": 8512, ""probability"": 2.061135040420936e-09}, {""token"": "" Legs"", ""token_id"": 156403, ""probability"": 5.905251287963154e-10}, {""token"": "" None"", ""token_id"": 5450, ""probability"": 4.5990145025598395e-10}, {""token"": "" Typically"", ""token_id"": 50338, ""probability"": 3.581716034872784e-10}, {""token"": "" Usually"", ""token_id"": 34645, ""probability"": 3.581716034872784e-10}, {""token"": ""\n\n"", ""token_id"": 108, ""probability"": 3.581716034872784e-10}, {""token"": "" Zero"", ""token_id"": 31234, ""probability"": 3.581716034872784e-10}]"
L22-L24,"[22, 23, 24]","[23422, 23422, 60476, 56900, 56900, 184534, 184534]","[16, 21, 16, 16, 21, 16, 21]","[1703, 197021]","[16, 16]",0.4,1.5,False,joint,False,"[1113.53759765625, 1043.41259765625, 337.6461547851562, 341.0492431640625, 431.497998046875, 279.1304260253906, 364.9177734375]","[2734.6732864379883, 540.659122467041]","[742.3584594726562, 695.6084594726562, 225.09744262695312, 2734.673828125, 540.6591186523438, 22.252986907958984, 120.2020492553711, 110.13126373291016, 169.22410583496094]",2985.313839456426, Eight,0.9999886751174927,3.927818852389464e-07,0.9999886751174927,1.0129978363693226e-05,-14.75000005359168,"[{""token"": "" Eight"", ""token_id"": 38923, ""probability"": 0.9999886751174927}, {""token"": "" Four"", ""token_id"": 13038, ""probability"": 1.0129978363693226e-05}, {""token"": ""Eight"", ""token_id"": 80357, ""probability"": 8.31519287203264e-07}, {""token"": "" Six"", ""token_id"": 19759, ""probability"": 3.927818852389464e-07}, {""token"": "" Many"", ""token_id"": 8732, ""probability"": 5.602732944254285e-09}, {""token"": "" Two"", ""token_id"": 8512, ""probability"": 2.64654387294172e-09}, {""token"": "" Legs"", ""token_id"": 156403, ""probability"": 7.582474093048575e-10}, {""token"": "" None"", ""token_id"": 5450, ""probability"": 5.905237410175346e-10}, {""token"": "" Typically"", ""token_id"": 50338, ""probability"": 4.599003400329593e-10}, {""token"": ""\n\n"", ""token_id"": 108, ""probability"": 3.581707430644343e-10}, {""token"": "" Some"", ""token_id"": 4943, ""probability"": 3.581707430644343e-10}, {""token"": "" Zero"", ""token_id"": 31234, ""probability"": 3.581707430644343e-10}]"
L22-L24,"[22, 23, 24]","[23422, 23422, 60476, 56900, 56900, 184534, 184534]","[16, 21, 16, 16, 21, 16, 21]","[1703, 197021]","[16, 16]",0.4,2.0,True,joint,False,"[1113.53759765625, 1043.41259765625, 337.6461547851562, 341.0492431640625, 431.497998046875, 279.1304260253906, 364.9177734375]","[3646.2310485839844, 720.8788299560547]","[742.3584594726562, 695.6084594726562, 225.09744262695312, 3646.2314453125, 720.8788452148438, 6.705471992492676, 120.19546508789062, 97.6620864868164, 167.25999450683594]",3866.82192947431, Eight,0.9999818801879883,6.475835334640578e-07,0.9999818801879883,1.670139863563236e-05,-14.249999922506614,"[{""token"": "" Eight"", ""token_id"": 38923, ""probability"": 0.9999818801879883}, {""token"": "" Four"", ""token_id"": 13038, ""probability"": 1.670139863563236e-05}, {""token"": ""Eight"", ""token_id"": 80357, ""probability"": 8.315136597047967e-07}, {""token"": "" Six"", ""token_id"": 19759, ""probability"": 6.475835334640578e-07}, {""token"": "" Many"", ""token_id"": 8732, ""probability"": 9.237282938556746e-09}, {""token"": "" Two"", ""token_id"": 8512, ""probability"": 4.363383432348655e-09}, {""token"": "" Legs"", ""token_id"": 156403, ""probability"": 9.736024209061611e-10}, {""token"": "" None"", ""token_id"": 5450, ""probability"": 7.58242246767793e-10}, {""token"": "" Zero"", ""token_id"": 31234, ""probability"": 5.905196887034947e-10}, {""token"": "" Typically"", ""token_id"": 50338, ""probability"": 5.905196887034947e-10}, {""token"": "" Usually"", ""token_id"": 34645, ""probability"": 5.905196887034947e-10}, {""token"": ""\n\n"", ""token_id"": 108, ""probability"": 4.5989723140849037e-10}]"
L22-L24,"[22, 23, 24]","[23422, 23422, 60476, 56900, 56900, 184534, 184534]","[16, 21, 16, 16, 21, 16, 21]","[1703, 197021]","[16, 16]",0.4,3.0,True,joint,False,"[1113.53759765625, 1043.41259765625, 337.6461547851562, 341.0492431640625, 431.497998046875, 279.1304260253906, 364.9177734375]","[5469.346572875977, 1081.318244934082]","[742.3584594726562, 695.6084594726562, 225.09744262695312, 5469.34765625, 1081.3182373046875, 21.558748245239258, 120.25985717773438, 60.105690002441406, 156.2950897216797]",5675.527909110209, Eight,0.9999856948852539,6.475859777310689e-07,0.9999856948852539,1.300711119256448e-05,-14.249999962830039,"[{""token"": "" Eight"", ""token_id"": 38923, ""probability"": 0.9999856948852539}, {""token"": "" Four"", ""token_id"": 13038, ""probability"": 1.300711119256448e-05}, {""token"": "" Six"", ""token_id"": 19759, ""probability"": 6.475859777310689e-07}, {""token"": ""Eight"", ""token_id"": 80357, ""probability"": 6.475859777310689e-07}, {""token"": "" Many"", ""token_id"": 8732, ""probability"": 7.194030260393447e-09}, {""token"": "" Two"", ""token_id"": 8512, ""probability"": 4.36339986364942e-09}, {""token"": "" Legs"", ""token_id"": 156403, ""probability"": 7.582451888588082e-10}, {""token"": "" None"", ""token_id"": 5450, ""probability"": 5.905219646606952e-10}, {""token"": "" Typically"", ""token_id"": 50338, ""probability"": 4.5989898000975415e-10}, {""token"": "" Usually"", ""token_id"": 34645, ""probability"": 4.5989898000975415e-10}, {""token"": ""\n\n"", ""token_id"": 108, ""probability"": 4.5989898000975415e-10}, {""token"": "" Zero"", ""token_id"": 31234, ""probability"": 4.5989898000975415e-10}]"
L22-L24,"[22, 23, 24]","[23422, 23422, 60476, 56900, 56900, 184534, 184534]","[16, 21, 16, 16, 21, 16, 21]","[1703, 197021]","[16, 16]",0.6,0.0,False,spider_only,False,"[742.3583984375, 695.6083984375, 225.09743652343752, 227.366162109375, 287.66533203125, 186.08695068359376, 243.278515625]","[0.0, 0.0]","[1113.5377197265625, 1043.4127197265625, 337.6461486816406, 0.0, 0.0, 90.90554809570312, 181.24578857421875, 132.563720703125, 252.1039581298828]",1601.5382227603684, Eight,0.9999945163726807,2.3823565697966842e-07,0.9999945163726807,4.785091277881293e-06,-15.250000014136313,"[{""token"": "" Eight"", ""token_id"": 38923, ""probability"": 0.9999945163726807}, {""token"": "" Four"", ""token_id"": 13038, ""probability"": 4.785091277881293e-06}, {""token"": ""Eight"", ""token_id"": 80357, ""probability"": 5.043448823016661e-07}, {""token"": "" Six"", ""token_id"": 19759, ""probability"": 2.3823565697966842e-07}, {""token"": "" Many"", ""token_id"": 8732, ""probability"": 3.3982492375628226e-09}, {""token"": "" Two"", ""token_id"": 8512, ""probability"": 1.2501459867308995e-09}, {""token"": "" Legs"", ""token_id"": 156403, ""probability"": 4.5990303232379404e-10}, {""token"": "" None"", ""token_id"": 5450, ""probability"": 2.7894528353833437e-10}, {""token"": ""\n\n"", ""token_id"": 108, ""probability"": 2.1724279319901285e-10}, {""token"": "" Typically"", ""token_id"": 50338, ""probability"": 2.1724279319901285e-10}, {""token"": "" Usually"", ""token_id"": 34645, ""probability"": 2.1724279319901285e-10}, {""token"": "" Some"", ""token_id"": 4943, ""probability"": 1.6918887124628412e-10}]"
L22-L24,"[22, 23, 24]","[23422, 23422, 60476, 56900, 56900, 184534, 184534]","[16, 21, 16, 16, 21, 16, 21]","[1703, 197021]","[16, 16]",0.6,0.25,False,joint,False,"[742.3583984375, 695.6083984375, 225.09743652343752, 227.366162109375, 287.66533203125, 186.08695068359376, 243.278515625]","[455.77888107299805, 90.10985374450684]","[1113.5377197265625, 1043.4127197265625, 337.6461486816406, 455.7789306640625, 90.10985565185547, 84.28097534179688, 181.23016357421875, 142.8076171875, 256.3208923339844]",1668.705357080991, Eight,0.9999926090240479,3.927834484329651e-07,0.9999926090240479,6.144166945887264e-06,-14.750000007741258,"[{""token"": "" Eight"", ""token_id"": 38923, ""probability"": 0.9999926090240479}, {""token"": "" Four"", ""token_id"": 13038, ""probability"": 6.144166945887264e-06}, {""token"": ""Eight"", ""token_id"": 80357, ""probability"": 8.315225841215579e-07}, {""token"": "" Six"", ""token_id"": 19759, ""probability"": 3.927834484329651e-07}, {""token"": "" Many"", ""token_id"": 8732, ""probability"": 7.19407999838495e-09}, {""token"": "" Two"", ""token_id"": 8512, ""probability"": 2.6465543090381516e-09}, {""token"": "" Legs"", ""token_id"": 156403, ""probability"": 5.905260169747351e-10}, {""token"": "" None"", ""token_id"": 5450, ""probability"": 4.5990217190094995e-10}, {""token"": "" Usually"", ""token_id"": 34645, ""probability"": 3.581721585987907e-10}, {""token"": "" Typically"", ""token_id"": 50338, ""probability"": 3.581721585987907e-10}, {""token"": "" Some"", ""token_id"": 4943, ""probability"": 2.7894475618239767e-10}, {""token"": ""\n\n"", ""token_id"": 108, ""probability"": 2.7894475618239767e-10}]"
L22-L24,"[22, 23, 24]","[23422, 23422, 60476, 56900, 56900, 184534, 184534]","[16, 21, 16, 16, 21, 16, 21]","[1703, 197021]","[16, 16]",0.6,0.5,False,joint,False,"[742.3583984375, 695.6083984375, 225.09743652343752, 227.366162109375, 287.66533203125, 186.08695068359376, 243.278515625]","[911.5577621459961, 180.21970748901367]","[1113.5377197265625, 1043.4127197265625, 337.6461486816406, 911.557861328125, 180.21971130371094, 77.42357635498047, 181.1488037109375, 143.87152099609375, 254.0298614501953]",1852.0630771860042, Eight,0.9999945163726807,2.3823565697966842e-07,0.9999945163726807,4.785091277881293e-06,-15.250000014136313,"[{""token"": "" Eight"", ""token_id"": 38923, ""probability"": 0.9999945163726807}, {""token"": "" Four"", ""token_id"": 13038, ""probability"": 4.785091277881293e-06}, {""token"": ""Eight"", ""token_id"": 80357, ""probability"": 5.043448823016661e-07}, {""token"": "" Six"", ""token_id"": 19759, ""probability"": 2.3823565697966842e-07}, {""token"": "" Many"", ""token_id"": 8732, ""probability"": 4.363438499410677e-09}, {""token"": "" Two"", ""token_id"": 8512, ""probability"": 1.605219179801054e-09}, {""token"": "" Legs"", ""token_id"": 156403, ""probability"": 4.5990303232379404e-10}, {""token"": "" None"", ""token_id"": 5450, ""probability"": 3.581728247326055e-10}, {""token"": "" Typically"", ""token_id"": 50338, ""probability"": 2.7894528353833437e-10}, {""token"": ""\n\n"", ""token_id"": 108, ""probability"": 2.1724279319901285e-10}, {""token"": "" Zero"", ""token_id"": 31234, ""probability"": 2.1724279319901285e-10}, {""token"": "" Usually"", ""token_id"": 34645, ""probability"": 2.1724279319901285e-10}]"
L22-L24,"[22, 23, 24]","[23422, 23422, 60476, 56900, 56900, 184534, 184534]","[16, 21, 16, 16, 21, 16, 21]","[1703, 197021]","[16, 16]",0.6,0.75,False,joint,False,"[742.3583984375, 695.6083984375, 225.09743652343752, 227.366162109375, 287.66533203125, 186.08695068359376, 243.278515625]","[1367.3366432189941, 270.3295612335205]","[1113.5377197265625, 1043.4127197265625, 337.6461486816406, 1367.3369140625, 270.3295593261719, 69.46224975585938, 180.84149169921875, 151.8680419921875, 255.21803283691406]",2123.9346462612334, Eight,0.9999909400939941,5.043431201556814e-07,0.9999909400939941,7.889252628956456e-06,-14.499999946603394,"[{""token"": "" Eight"", ""token_id"": 38923, ""probability"": 0.9999909400939941}, {""token"": "" Four"", ""token_id"": 13038, ""probability"": 7.889252628956456e-06}, {""token"": ""Eight"", ""token_id"": 80357, ""probability"": 6.475893883362005e-07}, {""token"": "" Six"", ""token_id"": 19759, ""probability"": 5.043431201556814e-07}, {""token"": "" Many"", ""token_id"": 8732, ""probability"": 9.237366427328197e-09}, {""token"": "" Two"", ""token_id"": 8512, ""probability"": 3.3982370251095517e-09}, {""token"": "" Legs"", ""token_id"": 156403, ""probability"": 7.582491301505456e-10}, {""token"": "" None"", ""token_id"": 5450, ""probability"": 5.905250732851641e-10}, {""token"": "" Typically"", ""token_id"": 50338, ""probability"": 4.599013947448327e-10}, {""token"": ""\n\n"", ""token_id"": 108, ""probability"": 3.5817154797612716e-10}, {""token"": "" Some"", ""token_id"": 4943, ""probability"": 3.5817154797612716e-10}, {""token"": "" Several"", ""token_id"": 22624, ""probability"": 3.5817154797612716e-10}]"
L22-L24,"[22, 23, 24]","[23422, 23422, 60476, 56900, 56900, 184534, 184534]","[16, 21, 16, 16, 21, 16, 21]","[1703, 197021]","[16, 16]",0.6,1.0,False,joint,False,"[742.3583984375, 695.6083984375, 225.09743652343752, 227.366162109375, 287.66533203125, 186.08695068359376, 243.278515625]","[1823.1155242919922, 360.43941497802734]","[1113.5377197265625, 1043.4127197265625, 337.6461486816406, 1823.11572265625, 360.4394226074219, 63.36838150024414, 180.9978485107422, 148.9275665283203, 251.1316680908203]",2453.2368621794667, Eight,0.9999929666519165,3.9278359054151224e-07,0.9999929666519165,6.144169219624018e-06,-14.750000003573057,"[{""token"": "" Eight"", ""token_id"": 38923, ""probability"": 0.9999929666519165}, {""token"": "" Four"", ""token_id"": 13038, ""probability"": 6.144169219624018e-06}, {""token"": ""Eight"", ""token_id"": 80357, ""probability"": 5.043441433372209e-07}, {""token"": "" Six"", ""token_id"": 19759, ""probability"": 3.9278359054151224e-07}, {""token"": "" Many"", ""token_id"": 8732, ""probability"": 5.602756925071617e-09}, {""token"": "" Two"", ""token_id"": 8512, ""probability"": 2.0611390372238247e-09}, {""token"": "" Legs"", ""token_id"": 156403, ""probability"": 5.9052623901934e-10}, {""token"": "" None"", ""token_id"": 5450, ""probability"": 4.5990231067882803e-10}, {""token"": "" Typically"", ""token_id"": 50338, ""probability"": 3.5817226962109316e-10}, {""token"": ""\n\n"", ""token_id"": 108, ""probability"": 2.789448394491245e-10}, {""token"": "" Zero"", ""token_id"": 31234, ""probability"": 2.789448394491245e-10}, {""token"": "" Usually"", ""token_id"": 34645, ""probability"": 2.789448394491245e-10}]"
L22-L24,"[22, 23, 24]","[23422, 23422, 60476, 56900, 56900, 184534, 184534]","[16, 21, 16, 16, 21, 16, 21]","[1703, 197021]","[16, 16]",0.6,1.25,False,joint,False,"[742.3583984375, 695.6083984375, 225.09743652343752, 227.366162109375, 287.66533203125, 186.08695068359376, 243.278515625]","[2278.8944053649902, 450.5492687225342]","[1113.5377197265625, 1043.4127197265625, 337.6461486816406, 2278.894775390625, 450.54925537109375, 56.057281494140625, 180.90472412109375, 152.19915771484375, 249.3917999267578]",2821.3945308971506, Eight,0.9999927282333374,5.043439728069643e-07,0.9999927282333374,6.144167855381966e-06,-14.500000044141311,"[{""token"": "" Eight"", ""token_id"": 38923, ""probability"": 0.9999927282333374}, {""token"": "" Four"", ""token_id"": 13038, ""probability"": 6.144167855381966e-06}, {""token"": ""Eight"", ""token_id"": 80357, ""probability"": 6.475905252045777e-07}, {""token"": "" Six"", ""token_id"": 19759, ""probability"": 5.043439728069643e-07}, {""token"": "" Many"", ""token_id"": 8732, ""probability"": 7.19408088656337e-09}, {""token"": "" Two"", ""token_id"": 8512, ""probability"": 2.6465545310827565e-09}, {""token"": "" Legs"", ""token_id"": 156403, ""probability"": 7.582505179293264e-10}, {""token"": "" None"", ""token_id"": 5450, ""probability"": 5.905261279970375e-10}, {""token"": ""\n\n"", ""token_id"": 108, ""probability"": 3.581721863543663e-10}, {""token"": "" Typically"", ""token_id"": 50338, ""probability"": 3.581721863543663e-10}, {""token"": "" Zero"", ""token_id"": 31234, ""probability"": 3.581721863543663e-10}, {""token"": "" Some"", ""token_id"": 4943, ""probability"": 2.789447839379733e-10}]"
L22-L24,"[22, 23, 24]","[23422, 23422, 60476, 56900, 56900, 184534, 184534]","[16, 21, 16, 16, 21, 16, 21]","[1703, 197021]","[16, 16]",0.6,1.5,False,joint,False,"[742.3583984375, 695.6083984375, 225.09743652343752, 227.366162109375, 287.66533203125, 186.08695068359376, 243.278515625]","[2734.6732864379883, 540.659122467041]","[1113.5377197265625, 1043.4127197265625, 337.6461486816406, 2734.673828125, 540.6591186523438, 52.02182388305664, 181.18524169921875, 151.055419921875, 250.78150939941406]",3214.759396096149, Eight,0.9999910593032837,6.475894451796194e-07,0.9999910593032837,7.889253538451158e-06,-14.249999972902842,"[{""token"": "" Eight"", ""token_id"": 38923, ""probability"": 0.9999910593032837}, {""token"": "" Four"", ""token_id"": 13038, ""probability"": 7.889253538451158e-06}, {""token"": "" Six"", ""token_id"": 19759, ""probability"": 6.475894451796194e-07}, {""token"": ""Eight"", ""token_id"": 80357, ""probability"": 5.043431769991003e-07}, {""token"": "" Many"", ""token_id"": 8732, ""probability"": 7.194068896154704e-09}, {""token"": "" Two"", ""token_id"": 8512, ""probability"": 2.646550090190658e-09}, {""token"": "" Legs"", ""token_id"": 156403, ""probability"": 5.905251287963154e-10}, {""token"": "" None"", ""token_id"": 5450, ""probability"": 5.905251287963154e-10}, {""token"": "" Typically"", ""token_id"": 50338, ""probability"": 4.5990145025598395e-10}, {""token"": "" Zero"", ""token_id"": 31234, ""probability"": 3.581716034872784e-10}, {""token"": "" Usually"", ""token_id"": 34645, ""probability"": 3.581716034872784e-10}, {""token"": ""\n\n"", ""token_id"": 108, ""probability"": 2.789443120931878e-10}]"
L22-L24,"[22, 23, 24]","[23422, 23422, 60476, 56900, 56900, 184534, 184534]","[16, 21, 16, 16, 21, 16, 21]","[1703, 197021]","[16, 16]",0.6,2.0,True,joint,False,"[742.3583984375, 695.6083984375, 225.09743652343752, 227.366162109375, 287.66533203125, 186.08695068359376, 243.278515625]","[3646.2310485839844, 720.8788299560547]","[1113.5377197265625, 1043.4127197265625, 337.6461486816406, 3646.2314453125, 720.8788452148438, 35.60000991821289, 180.9332733154297, 143.9547119140625, 246.52503967285156]",4046.3382341681845, Eight,0.9999926090240479,6.475904683611589e-07,0.9999926090240479,6.144166945887264e-06,-14.249999942652616,"[{""token"": "" Eight"", ""token_id"": 38923, ""probability"": 0.9999926090240479}, {""token"": "" Four"", ""token_id"": 13038, ""probability"": 6.144166945887264e-06}, {""token"": "" Six"", ""token_id"": 19759, ""probability"": 6.475904683611589e-07}, {""token"": ""Eight"", ""token_id"": 80357, ""probability"": 6.475904683611589e-07}, {""token"": "" Many"", ""token_id"": 8732, ""probability"": 7.19407999838495e-09}, {""token"": "" Two"", ""token_id"": 8512, ""probability"": 3.3982427982692798e-09}, {""token"": "" Legs"", ""token_id"": 156403, ""probability"": 5.905260169747351e-10}, {""token"": "" None"", ""token_id"": 5450, ""probability"": 5.905260169747351e-10}, {""token"": "" Typically"", ""token_id"": 50338, ""probability"": 4.5990217190094995e-10}, {""token"": "" Zero"", ""token_id"": 31234, ""probability"": 3.581721585987907e-10}, {""token"": "" Usually"", ""token_id"": 34645, ""probability"": 3.581721585987907e-10}, {""token"": ""\n\n"", ""token_id"": 108, ""probability"": 2.7894475618239767e-10}]"
L22-L24,"[22, 23, 24]","[23422, 23422, 60476, 56900, 56900, 184534, 184534]","[16, 21, 16, 16, 21, 16, 21]","[1703, 197021]","[16, 16]",0.6,3.0,True,joint,False,"[742.3583984375, 695.6083984375, 225.09743652343752, 227.366162109375, 287.66533203125, 186.08695068359376, 243.278515625]","[5469.346572875977, 1081.318244934082]","[1113.5377197265625, 1043.4127197265625, 337.6461486816406, 5469.34765625, 1081.3182373046875, 7.721315860748291, 180.65789794921875, 110.81676483154297, 233.3589630126953]",5798.717776346059, Eight,0.999984860420227,1.3709383210880333e-06,0.999984860420227,1.3007100278628059e-05,-13.500000006967197,"[{""token"": "" Eight"", ""token_id"": 38923, ""probability"": 0.999984860420227}, {""token"": "" Four"", ""token_id"": 13038, ""probability"": 1.3007100278628059e-05}, {""token"": "" Six"", ""token_id"": 19759, ""probability"": 1.3709383210880333e-06}, {""token"": ""Eight"", ""token_id"": 80357, ""probability"": 6.475854661402991e-07}, {""token"": "" Many"", ""token_id"": 8732, ""probability"": 9.237310472087756e-09}, {""token"": "" Two"", ""token_id"": 8512, ""probability"": 5.602711627972212e-09}, {""token"": "" Legs"", ""token_id"": 156403, ""probability"": 9.736053074860251e-10}, {""token"": "" None"", ""token_id"": 5450, ""probability"": 9.736053074860251e-10}, {""token"": "" Typically"", ""token_id"": 50338, ""probability"": 7.582445227249934e-10}, {""token"": "" Zero"", ""token_id"": 31234, ""probability"": 5.905214650603341e-10}, {""token"": "" Usually"", ""token_id"": 34645, ""probability"": 5.905214650603341e-10}, {""token"": ""\n\n"", ""token_id"": 108, ""probability"": 4.5989859143169554e-10}]"
L22-L24,"[22, 23, 24]","[23422, 23422, 60476, 56900, 56900, 184534, 184534]","[16, 21, 16, 16, 21, 16, 21]","[1703, 197021]","[16, 16]",0.8,0.0,False,spider_only,False,"[371.17919921874994, 347.80419921874994, 112.54871826171872, 113.68308105468748, 143.83266601562497, 93.04347534179685, 121.63925781249998]","[0.0, 0.0]","[1484.7169189453125, 1391.2169189453125, 450.19488525390625, 0.0, 0.0, 120.56140899658203, 239.60693359375, 171.20826721191406, 320.58892822265625]",2132.2711711452243, Eight,0.9999951124191284,6.47592059976887e-07,0.9999951124191284,3.7266349863784853e-06,-14.249999988315693,"[{""token"": "" Eight"", ""token_id"": 38923, ""probability"": 0.9999951124191284}, {""token"": "" Four"", ""token_id"": 13038, ""probability"": 3.7266349863784853e-06}, {""token"": "" Six"", ""token_id"": 19759, ""probability"": 6.47592059976887e-07}, {""token"": ""Eight"", ""token_id"": 80357, ""probability"": 5.043452233621792e-07}, {""token"": "" Many"", ""token_id"": 8732, ""probability"": 5.602768915480283e-09}, {""token"": "" Two"", ""token_id"": 8512, ""probability"": 2.0611434781159232e-09}, {""token"": "" Legs"", ""token_id"": 156403, ""probability"": 5.905275157758183e-10}, {""token"": "" None"", ""token_id"": 5450, ""probability"": 4.599033098795502e-10}, {""token"": "" Typically"", ""token_id"": 50338, ""probability"": 2.7894545007178806e-10}, {""token"": ""\n\n"", ""token_id"": 108, ""probability"": 2.1724291809910312e-10}, {""token"": "" Several"", ""token_id"": 22624, ""probability"": 2.1724291809910312e-10}, {""token"": "" Zero"", ""token_id"": 31234, ""probability"": 2.1724291809910312e-10}]"
L22-L24,"[22, 23, 24]","[23422, 23422, 60476, 56900, 56900, 184534, 184534]","[16, 21, 16, 16, 21, 16, 21]","[1703, 197021]","[16, 16]",0.8,0.25,False,joint,False,"[371.17919921874994, 347.80419921874994, 112.54871826171872, 113.68308105468748, 143.83266601562497, 93.04347534179685, 121.63925781249998]","[455.77888107299805, 90.10985374450684]","[1484.7169189453125, 1391.2169189453125, 450.19488525390625, 455.7789306640625, 90.10985565185547, 114.30060577392578, 239.4032745361328, 176.7967071533203, 318.98394775390625]",2182.1514361559866, Eight,0.9999923706054688,8.315223567478824e-07,0.9999923706054688,6.144165581645211e-06,-14.000000022001842,"[{""token"": "" Eight"", ""token_id"": 38923, ""probability"": 0.9999923706054688}, {""token"": "" Four"", ""token_id"": 13038, ""probability"": 6.144165581645211e-06}, {""token"": "" Six"", ""token_id"": 19759, ""probability"": 8.315223567478824e-07}, {""token"": ""Eight"", ""token_id"": 80357, ""probability"": 6.475902978309023e-07}, {""token"": "" Many"", ""token_id"": 8732, ""probability"": 7.194078222028111e-09}, {""token"": "" Two"", ""token_id"": 8512, ""probability"": 3.39824191009086e-09}, {""token"": "" Legs"", ""token_id"": 156403, ""probability"": 7.582502403735703e-10}, {""token"": "" None"", ""token_id"": 5450, ""probability"": 5.905259059524326e-10}, {""token"": "" Typically"", ""token_id"": 50338, ""probability"": 3.5817207533206386e-10}, {""token"": "" Usually"", ""token_id"": 34645, ""probability"": 3.5817207533206386e-10}, {""token"": ""\n\n"", ""token_id"": 108, ""probability"": 3.5817207533206386e-10}, {""token"": "" Zero"", ""token_id"": 31234, ""probability"": 3.5817207533206386e-10}]"
L22-L24,"[22, 23, 24]","[23422, 23422, 60476, 56900, 56900, 184534, 184534]","[16, 21, 16, 16, 21, 16, 21]","[1703, 197021]","[16, 16]",0.8,0.5,False,joint,False,"[371.17919921874994, 347.80419921874994, 112.54871826171872, 113.68308105468748, 143.83266601562497, 93.04347534179685, 121.63925781249998]","[911.5577621459961, 180.21970748901367]","[1484.7169189453125, 1391.2169189453125, 450.19488525390625, 911.557861328125, 180.21971130371094, 107.40985870361328, 241.8919677734375, 187.0993194580078, 323.30340576171875]",2327.1314977674206, Eight,0.9999923706054688,8.315223567478824e-07,0.9999923706054688,6.144165581645211e-06,-14.000000022001842,"[{""token"": "" Eight"", ""token_id"": 38923, ""probability"": 0.9999923706054688}, {""token"": "" Four"", ""token_id"": 13038, ""probability"": 6.144165581645211e-06}, {""token"": "" Six"", ""token_id"": 19759, ""probability"": 8.315223567478824e-07}, {""token"": ""Eight"", ""token_id"": 80357, ""probability"": 6.475902978309023e-07}, {""token"": "" Many"", ""token_id"": 8732, ""probability"": 5.602753816447148e-09}, {""token"": "" Two"", ""token_id"": 8512, ""probability"": 2.646553642904337e-09}, {""token"": "" Legs"", ""token_id"": 156403, ""probability"": 5.905259059524326e-10}, {""token"": "" None"", ""token_id"": 5450, ""probability"": 4.599020608786475e-10}, {""token"": ""\n\n"", ""token_id"": 108, ""probability"": 2.789446729156708e-10}, {""token"": "" Typically"", ""token_id"": 50338, ""probability"": 2.789446729156708e-10}, {""token"": "" Zero"", ""token_id"": 31234, ""probability"": 2.789446729156708e-10}, {""token"": "" Some"", ""token_id"": 4943, ""probability"": 2.172423352320152e-10}]"
L22-L24,"[22, 23, 24]","[23422, 23422, 60476, 56900, 56900, 184534, 184534]","[16, 21, 16, 16, 21, 16, 21]","[1703, 197021]","[16, 16]",0.8,0.75,False,joint,False,"[371.17919921874994, 347.80419921874994, 112.54871826171872, 113.68308105468748, 143.83266601562497, 93.04347534179685, 121.63925781249998]","[1367.3366432189941, 270.3295612335205]","[1484.7169189453125, 1391.2169189453125, 450.19488525390625, 1367.3369140625, 270.3295593261719, 99.99121856689453, 242.3602294921875, 187.12403869628906, 321.23638916015625]",2547.975183372678, Eight,0.9999922513961792,1.0676957344912807e-06,0.9999922513961792,6.1441646721505094e-06,-13.750000002180519,"[{""token"": "" Eight"", ""token_id"": 38923, ""probability"": 0.9999922513961792}, {""token"": "" Four"", ""token_id"": 13038, ""probability"": 6.1441646721505094e-06}, {""token"": "" Six"", ""token_id"": 19759, ""probability"": 1.0676957344912807e-06}, {""token"": ""Eight"", ""token_id"": 80357, ""probability"": 5.043437454332889e-07}, {""token"": "" Many"", ""token_id"": 8732, ""probability"": 9.237377973647654e-09}, {""token"": "" Two"", ""token_id"": 8512, ""probability"": 3.3982414660016502e-09}, {""token"": "" None"", ""token_id"": 5450, ""probability"": 5.905258504412814e-10}, {""token"": "" Legs"", ""token_id"": 156403, ""probability"": 5.905258504412814e-10}, {""token"": "" Typically"", ""token_id"": 50338, ""probability"": 4.5990200536749626e-10}, {""token"": ""\n\n"", ""token_id"": 108, ""probability"": 3.581720198209126e-10}, {""token"": "" Zero"", ""token_id"": 31234, ""probability"": 3.581720198209126e-10}, {""token"": "" Usually"", ""token_id"": 34645, ""probability"": 3.581720198209126e-10}]"
L22-L24,"[22, 23, 24]","[23422, 23422, 60476, 56900, 56900, 184534, 184534]","[16, 21, 16, 16, 21, 16, 21]","[1703, 197021]","[16, 16]",0.8,1.0,False,joint,False,"[371.17919921874994, 347.80419921874994, 112.54871826171872, 113.68308105468748, 143.83266601562497, 93.04347534179685, 121.63925781249998]","[1823.1155242919922, 360.43941497802734]","[1484.7169189453125, 1391.2169189453125, 450.19488525390625, 1823.11572265625, 360.4394226074219, 92.92005157470703, 240.05079650878906, 194.79627990722656, 320.4326171875]",2828.9738367382256, Eight,0.9999921321868896,1.067695620804443e-06,0.9999921321868896,6.1441642174031585e-06,-13.74999998944899,"[{""token"": "" Eight"", ""token_id"": 38923, ""probability"": 0.9999921321868896}, {""token"": "" Four"", ""token_id"": 13038, ""probability"": 6.1441642174031585e-06}, {""token"": "" Six"", ""token_id"": 19759, ""probability"": 1.067695620804443e-06}, {""token"": ""Eight"", ""token_id"": 80357, ""probability"": 6.475901273006457e-07}, {""token"": "" Many"", ""token_id"": 8732, ""probability"": 7.194076889760481e-09}, {""token"": "" Two"", ""token_id"": 8512, ""probability"": 3.3982412439570453e-09}, {""token"": "" Legs"", ""token_id"": 156403, ""probability"": 7.582500738401166e-10}, {""token"": "" None"", ""token_id"": 5450, ""probability"": 5.905257394189789e-10}, {""token"": "" Typically"", ""token_id"": 50338, ""probability"": 4.5990194985634503e-10}, {""token"": ""\n\n"", ""token_id"": 108, ""probability"": 3.581719643097614e-10}, {""token"": "" Zero"", ""token_id"": 31234, ""probability"": 3.581719643097614e-10}, {""token"": "" Usually"", ""token_id"": 34645, ""probability"": 3.581719643097614e-10}]"
L22-L24,"[22, 23, 24]","[23422, 23422, 60476, 56900, 56900, 184534, 184534]","[16, 21, 16, 16, 21, 16, 21]","[1703, 197021]","[16, 16]",0.8,1.25,False,joint,False,"[371.17919921874994, 347.80419921874994, 112.54871826171872, 113.68308105468748, 143.83266601562497, 93.04347534179685, 121.63925781249998]","[2278.8944053649902, 450.5492687225342]","[1484.7169189453125, 1391.2169189453125, 450.19488525390625, 2278.894775390625, 450.54925537109375, 86.05786895751953, 242.19732666015625, 192.87269592285156, 320.337890625]",3153.5348501867743, Eight,0.999991774559021,1.3709478707824019e-06,0.999991774559021,6.144161943666404e-06,-13.49999995540212,"[{""token"": "" Eight"", ""token_id"": 38923, ""probability"": 0.999991774559021}, {""token"": "" Four"", ""token_id"": 13038, ""probability"": 6.144161943666404e-06}, {""token"": "" Six"", ""token_id"": 19759, ""probability"": 1.3709478707824019e-06}, {""token"": ""Eight"", ""token_id"": 80357, ""probability"": 6.475898999269702e-07}, {""token"": "" Many"", ""token_id"": 8732, ""probability"": 7.194074225225222e-09}, {""token"": "" Two"", ""token_id"": 8512, ""probability"": 3.3982399116894157e-09}, {""token"": "" Legs"", ""token_id"": 156403, ""probability"": 5.90525517374374e-10}, {""token"": "" None"", ""token_id"": 5450, ""probability"": 5.90525517374374e-10}, {""token"": "" Typically"", ""token_id"": 50338, ""probability"": 4.5990178332289133e-10}, {""token"": ""\n\n"", ""token_id"": 108, ""probability"": 3.5817185328745893e-10}, {""token"": "" Zero"", ""token_id"": 31234, ""probability"": 3.5817185328745893e-10}, {""token"": "" Some"", ""token_id"": 4943, ""probability"": 2.7894450638221713e-10}]"
L22-L24,"[22, 23, 24]","[23422, 23422, 60476, 56900, 56900, 184534, 184534]","[16, 21, 16, 16, 21, 16, 21]","[1703, 197021]","[16, 16]",0.8,1.5,False,joint,False,"[371.17919921874994, 347.80419921874994, 112.54871826171872, 113.68308105468748, 143.83266601562497, 93.04347534179685, 121.63925781249998]","[2734.6732864379883, 540.659122467041]","[1484.7169189453125, 1391.2169189453125, 450.19488525390625, 2734.673828125, 540.6591186523438, 81.19684600830078, 242.35707092285156, 193.59645080566406, 318.882080078125]",3509.6713169287236, Eight,0.9999914169311523,1.7603312016944983e-06,0.9999914169311523,6.14415966992965e-06,-13.250000000731726,"[{""token"": "" Eight"", ""token_id"": 38923, ""probability"": 0.9999914169311523}, {""token"": "" Four"", ""token_id"": 13038, ""probability"": 6.14415966992965e-06}, {""token"": "" Six"", ""token_id"": 19759, ""probability"": 1.7603312016944983e-06}, {""token"": ""Eight"", ""token_id"": 80357, ""probability"": 6.475896725532948e-07}, {""token"": "" Many"", ""token_id"": 8732, ""probability"": 9.237370868220296e-09}, {""token"": "" Two"", ""token_id"": 8512, ""probability"": 4.363425176734381e-09}, {""token"": "" Legs"", ""token_id"": 156403, ""probability"": 9.73611746779568e-10}, {""token"": "" None"", ""token_id"": 5450, ""probability"": 7.582495187286042e-10}, {""token"": "" Zero"", ""token_id"": 31234, ""probability"": 4.5990161678943764e-10}, {""token"": "" Typically"", ""token_id"": 50338, ""probability"": 4.5990161678943764e-10}, {""token"": "" Usually"", ""token_id"": 34645, ""probability"": 4.5990161678943764e-10}, {""token"": ""\n\n"", ""token_id"": 108, ""probability"": 3.5817171450958085e-10}]"
L22-L24,"[22, 23, 24]","[23422, 23422, 60476, 56900, 56900, 184534, 184534]","[16, 21, 16, 16, 21, 16, 21]","[1703, 197021]","[16, 16]",0.8,2.0,True,joint,False,"[371.17919921874994, 347.80419921874994, 112.54871826171872, 113.68308105468748, 143.83266601562497, 93.04347534179685, 121.63925781249998]","[3646.2310485839844, 720.8788299560547]","[1484.7169189453125, 1391.2169189453125, 450.19488525390625, 3646.2314453125, 720.8788452148438, 66.04505157470703, 242.13111877441406, 184.10304260253906, 315.28729248046875]",4284.098945699846, Eight,0.9999903440475464,2.9022926355537493e-06,0.9999903440475464,6.144153303466737e-06,-12.749999913319828,"[{""token"": "" Eight"", ""token_id"": 38923, ""probability"": 0.9999903440475464}, {""token"": "" Four"", ""token_id"": 13038, ""probability"": 6.144153303466737e-06}, {""token"": "" Six"", ""token_id"": 19759, ""probability"": 2.9022926355537493e-06}, {""token"": ""Eight"", ""token_id"": 80357, ""probability"": 6.475889904322685e-07}, {""token"": "" Many"", ""token_id"": 8732, ""probability"": 9.23736109825768e-09}, {""token"": "" Two"", ""token_id"": 8512, ""probability"": 5.602742270127692e-09}, {""token"": "" Legs"", ""token_id"": 156403, ""probability"": 7.582486860613358e-10}, {""token"": "" None"", ""token_id"": 5450, ""probability"": 7.582486860613358e-10}, {""token"": "" Typically"", ""token_id"": 50338, ""probability"": 5.905246847071055e-10}, {""token"": "" Zero"", ""token_id"": 31234, ""probability"": 4.5990111718907656e-10}, {""token"": "" Usually"", ""token_id"": 34645, ""probability"": 4.5990111718907656e-10}, {""token"": ""\n\n"", ""token_id"": 108, ""probability"": 3.5817132593152223e-10}]"
L22-L24,"[22, 23, 24]","[23422, 23422, 60476, 56900, 56900, 184534, 184534]","[16, 21, 16, 16, 21, 16, 21]","[1703, 197021]","[16, 16]",0.8,3.0,True,joint,False,"[371.17919921874994, 347.80419921874994, 112.54871826171872, 113.68308105468748, 143.83266601562497, 93.04347534179685, 121.63925781249998]","[5469.346572875977, 1081.318244934082]","[1484.7169189453125, 1391.2169189453125, 450.19488525390625, 5469.34765625, 1081.3182373046875, 38.76819610595703, 241.8386993408203, 153.4400177001953, 303.33599853515625]",5966.665961112063, Eight,0.999984622001648,4.7850439841568004e-06,0.999984622001648,1.0129937436431646e-05,-12.249999962893723,"[{""token"": "" Eight"", ""token_id"": 38923, ""probability"": 0.999984622001648}, {""token"": "" Four"", ""token_id"": 13038, ""probability"": 1.0129937436431646e-05}, {""token"": "" Six"", ""token_id"": 19759, ""probability"": 4.7850439841568004e-06}, {""token"": ""Eight"", ""token_id"": 80357, ""probability"": 5.043399369242252e-07}, {""token"": "" Many"", ""token_id"": 8732, ""probability"": 9.237307807552497e-09}, {""token"": "" Two"", ""token_id"": 8512, ""probability"": 7.1940227108768795e-09}, {""token"": "" Legs"", ""token_id"": 156403, ""probability"": 9.736050854414202e-10}, {""token"": "" None"", ""token_id"": 5450, ""probability"": 9.736050854414202e-10}, {""token"": "" Typically"", ""token_id"": 50338, ""probability"": 7.582443561915397e-10}, {""token"": "" Zero"", ""token_id"": 31234, ""probability"": 5.905212985268804e-10}, {""token"": "" Some"", ""token_id"": 4943, ""probability"": 4.5989848040939307e-10}, {""token"": ""\n\n"", ""token_id"": 108, ""probability"": 4.5989848040939307e-10}]"
L22-L24,"[22, 23, 24]","[23422, 23422, 60476, 56900, 56900, 184534, 184534]","[16, 21, 16, 16, 21, 16, 21]","[1703, 197021]","[16, 16]",1.0,0.0,False,spider_only,False,"[0.0, 0.0, 0.0, 0.0, 0.0, 0.0, 0.0]","[0.0, 0.0]","[1855.8961181640625, 1739.021240234375, 562.7435302734375, 0.0, 0.0, 150.6357879638672, 303.9625244140625, 198.16281127929688, 384.2519836425781]",2662.184816994941, Eight,0.9999876022338867,3.726607019416406e-06,0.9999876022338867,7.889226253610104e-06,-12.499999986713881,"[{""token"": "" Eight"", ""token_id"": 38923, ""probability"": 0.9999876022338867}, {""token"": "" Four"", ""token_id"": 13038, ""probability"": 7.889226253610104e-06}, {""token"": "" Six"", ""token_id"": 19759, ""probability"": 3.726607019416406e-06}, {""token"": ""Eight"", ""token_id"": 80357, ""probability"": 8.31518434551981e-07}, {""token"": "" Many"", ""token_id"": 8732, ""probability"": 1.522979253820722e-08}, {""token"": "" Two"", ""token_id"": 8512, ""probability"": 7.194044027158952e-09}, {""token"": "" Legs"", ""token_id"": 156403, ""probability"": 9.736079720212842e-10}, {""token"": "" None"", ""token_id"": 5450, ""probability"": 9.736079720212842e-10}, {""token"": ""\n\n"", ""token_id"": 108, ""probability"": 5.905230748837198e-10}, {""token"": "" Typically"", ""token_id"": 50338, ""probability"": 5.905230748837198e-10}, {""token"": "" Zero"", ""token_id"": 31234, ""probability"": 4.5989986818817385e-10}, {""token"": "" Several"", ""token_id"": 22624, ""probability"": 4.5989986818817385e-10}]"
L22-L24,"[22, 23, 24]","[23422, 23422, 60476, 56900, 56900, 184534, 184534]","[16, 21, 16, 16, 21, 16, 21]","[1703, 197021]","[16, 16]",1.0,0.25,False,joint,False,"[0.0, 0.0, 0.0, 0.0, 0.0, 0.0, 0.0]","[455.77888107299805, 90.10985374450684]","[1855.8961181640625, 1739.021240234375, 562.7435302734375, 455.7789306640625, 90.10985565185547, 143.7262725830078, 304.0544128417969, 208.96652221679688, 385.8682556152344]",2703.099595184818, Eight,0.9999896287918091,3.7266145227476954e-06,0.9999896287918091,6.144148755993228e-06,-12.499999999848407,"[{""token"": "" Eight"", ""token_id"": 38923, ""probability"": 0.9999896287918091}, {""token"": "" Four"", ""token_id"": 13038, ""probability"": 6.144148755993228e-06}, {""token"": "" Six"", ""token_id"": 19759, ""probability"": 3.7266145227476954e-06}, {""token"": ""Eight"", ""token_id"": 80357, ""probability"": 5.043424380346551e-07}, {""token"": "" Many"", ""token_id"": 8732, ""probability"": 9.237353992830322e-09}, {""token"": "" Two"", ""token_id"": 8512, ""probability"": 5.602738273324803e-09}, {""token"": "" Legs"", ""token_id"": 156403, ""probability"": 9.736099704227286e-10}, {""token"": "" None"", ""token_id"": 5450, ""probability"": 5.905242961290469e-10}, {""token"": "" Typically"", ""token_id"": 50338, ""probability"": 4.5990078412216917e-10}, {""token"": ""\n\n"", ""token_id"": 108, ""probability"": 3.581710761313417e-10}, {""token"": "" Some"", ""token_id"": 4943, ""probability"": 3.581710761313417e-10}, {""token"": "" Several"", ""token_id"": 22624, ""probability"": 3.581710761313417e-10}]"
L22-L24,"[22, 23, 24]","[23422, 23422, 60476, 56900, 56900, 184534, 184534]","[16, 21, 16, 16, 21, 16, 21]","[1703, 197021]","[16, 16]",1.0,0.5,False,joint,False,"[0.0, 0.0, 0.0, 0.0, 0.0, 0.0, 0.0]","[911.5577621459961, 180.21970748901367]","[1855.8961181640625, 1739.021240234375, 562.7435302734375, 911.557861328125, 180.21971130371094, 137.23934936523438, 304.14776611328125, 213.41354370117188, 388.1483459472656]",2820.6714478828317, Eight,0.9999866485595703,4.78505398859852e-06,0.9999866485595703,7.88921897765249e-06,-12.249999898709744,"[{""token"": "" Eight"", ""token_id"": 38923, ""probability"": 0.9999866485595703}, {""token"": "" Four"", ""token_id"": 13038, ""probability"": 7.88921897765249e-06}, {""token"": "" Six"", ""token_id"": 19759, ""probability"": 4.78505398859852e-06}, {""token"": ""Eight"", ""token_id"": 80357, ""probability"": 6.475866030086763e-07}, {""token"": "" Many"", ""token_id"": 8732, ""probability"": 1.5229778327352506e-08}, {""token"": "" Two"", ""token_id"": 8512, ""probability"": 7.1940373658208046e-09}, {""token"": "" Legs"", ""token_id"": 156403, ""probability"": 1.2501362167682828e-09}, {""token"": "" None"", ""token_id"": 5450, ""probability"": 9.736070838428645e-10}, {""token"": "" Typically"", ""token_id"": 50338, ""probability"": 7.582459105037742e-10}, {""token"": ""\n\n"", ""token_id"": 108, ""probability"": 5.905225197722075e-10}, {""token"": "" Several"", ""token_id"": 22624, ""probability"": 5.905225197722075e-10}, {""token"": "" Zero"", ""token_id"": 31234, ""probability"": 5.905225197722075e-10}]"
L22-L24,"[22, 23, 24]","[23422, 23422, 60476, 56900, 56900, 184534, 184534]","[16, 21, 16, 16, 21, 16, 21]","[1703, 197021]","[16, 16]",1.0,0.75,False,joint,False,"[0.0, 0.0, 0.0, 0.0, 0.0, 0.0, 0.0]","[1367.3366432189941, 270.3295612335205]","[1855.8961181640625, 1739.021240234375, 562.7435302734375, 1367.3369140625, 270.3295593261719, 129.4043731689453, 304.3182373046875, 219.98397827148438, 386.0810241699219]",3005.7811717991913, Eight,0.9999895095825195,3.7266140680003446e-06,0.9999895095825195,6.144147846498527e-06,-12.500000002664818,"[{""token"": "" Eight"", ""token_id"": 38923, ""probability"": 0.9999895095825195}, {""token"": "" Four"", ""token_id"": 13038, ""probability"": 6.144147846498527e-06}, {""token"": "" Six"", ""token_id"": 19759, ""probability"": 3.7266140680003446e-06}, {""token"": ""Eight"", ""token_id"": 80357, ""probability"": 6.475884219980799e-07}, {""token"": "" Many"", ""token_id"": 8732, ""probability"": 9.237353104651902e-09}, {""token"": "" Two"", ""token_id"": 8512, ""probability"": 7.194057793924458e-09}, {""token"": "" None"", ""token_id"": 5450, ""probability"": 7.582480754386722e-10}, {""token"": "" Legs"", ""token_id"": 156403, ""probability"": 7.582480754386722e-10}, {""token"": "" Typically"", ""token_id"": 50338, ""probability"": 5.905241851067444e-10}, {""token"": "" Several"", ""token_id"": 22624, ""probability"": 4.5990072861101794e-10}, {""token"": "" Zero"", ""token_id"": 31234, ""probability"": 4.5990072861101794e-10}, {""token"": "" Usually"", ""token_id"": 34645, ""probability"": 4.5990072861101794e-10}]"
L22-L24,"[22, 23, 24]","[23422, 23422, 60476, 56900, 56900, 184534, 184534]","[16, 21, 16, 16, 21, 16, 21]","[1703, 197021]","[16, 16]",1.0,1.0,False,joint,False,"[0.0, 0.0, 0.0, 0.0, 0.0, 0.0, 0.0]","[1823.1155242919922, 360.43941497802734]","[1855.8961181640625, 1739.021240234375, 562.7435302734375, 1823.11572265625, 360.4394226074219, 0.0, 304.0857849121094, 216.92477416992188, 389.1325378417969]",3244.9717604433517, Eight,0.9999884366989136,4.785062174050836e-06,0.9999884366989136,6.144141480035614e-06,-12.249999976243785,"[{""token"": "" Eight"", ""token_id"": 38923, ""probability"": 0.9999884366989136}, {""token"": "" Four"", ""token_id"": 13038, ""probability"": 6.144141480035614e-06}, {""token"": "" Six"", ""token_id"": 19759, ""probability"": 4.785062174050836e-06}, {""token"": ""Eight"", ""token_id"": 80357, ""probability"": 6.475877398770535e-07}, {""token"": "" Many"", ""token_id"": 8732, ""probability"": 9.237343334689285e-09}, {""token"": "" Two"", ""token_id"": 8512, ""probability"": 7.19405024440789e-09}, {""token"": "" None"", ""token_id"": 5450, ""probability"": 7.582472427714038e-10}, {""token"": "" Legs"", ""token_id"": 156403, ""probability"": 7.582472427714038e-10}, {""token"": "" Typically"", ""token_id"": 50338, ""probability"": 5.905235744840809e-10}, {""token"": ""\n\n"", ""token_id"": 108, ""probability"": 4.5990022901065686e-10}, {""token"": "" Several"", ""token_id"": 22624, ""probability"": 4.5990022901065686e-10}, {""token"": "" Usually"", ""token_id"": 34645, ""probability"": 4.5990022901065686e-10}]"
L22-L24,"[22, 23, 24]","[23422, 23422, 60476, 56900, 56900, 184534, 184534]","[16, 21, 16, 16, 21, 16, 21]","[1703, 197021]","[16, 16]",1.0,1.25,False,joint,False,"[0.0, 0.0, 0.0, 0.0, 0.0, 0.0, 0.0]","[2278.8944053649902, 450.5492687225342]","[1855.8961181640625, 1739.021240234375, 562.7435302734375, 2278.894775390625, 450.54925537109375, 0.0, 304.16412353515625, 219.11477661132812, 386.2408752441406]",3531.471463592788, Eight,0.999983549118042,7.889194421295542e-06,0.999983549118042,7.889194421295542e-06,-11.75000007853187,"[{""token"": "" Eight"", ""token_id"": 38923, ""probability"": 0.999983549118042}, {""token"": "" Six"", ""token_id"": 19759, ""probability"": 7.889194421295542e-06}, {""token"": "" Four"", ""token_id"": 13038, ""probability"": 7.889194421295542e-06}, {""token"": ""Eight"", ""token_id"": 80357, ""probability"": 6.475846134890162e-07}, {""token"": "" Many"", ""token_id"": 8732, ""probability"": 1.5229730365717842e-08}, {""token"": "" Two"", ""token_id"": 8512, ""probability"": 9.23729803758988e-09}, {""token"": "" None"", ""token_id"": 5450, ""probability"": 9.73604086240698e-10}, {""token"": "" Legs"", ""token_id"": 156403, ""probability"": 9.73604086240698e-10}, {""token"": "" Typically"", ""token_id"": 50338, ""probability"": 7.582435235242713e-10}, {""token"": ""\n\n"", ""token_id"": 108, ""probability"": 5.905206879042169e-10}, {""token"": "" Several"", ""token_id"": 22624, ""probability"": 5.905206879042169e-10}, {""token"": "" Zero"", ""token_id"": 31234, ""probability"": 5.905206879042169e-10}]"
L22-L24,"[22, 23, 24]","[23422, 23422, 60476, 56900, 56900, 184534, 184534]","[16, 21, 16, 16, 21, 16, 21]","[1703, 197021]","[16, 16]",1.0,1.5,False,joint,False,"[0.0, 0.0, 0.0, 0.0, 0.0, 0.0, 0.0]","[2734.6732864379883, 540.659122467041]","[1855.8961181640625, 1739.021240234375, 562.7435302734375, 2734.673828125, 540.6591186523438, 0.0, 304.23248291015625, 222.60403442382812, 387.7807312011719]",3853.3702962953716, Eight,0.9999760389328003,1.3006985682295635e-05,0.9999760389328003,1.0129850124940276e-05,-11.250000023298156,"[{""token"": "" Eight"", ""token_id"": 38923, ""probability"": 0.9999760389328003}, {""token"": "" Six"", ""token_id"": 19759, ""probability"": 1.3006985682295635e-05}, {""token"": "" Four"", ""token_id"": 13038, ""probability"": 1.0129850124940276e-05}, {""token"": ""Eight"", ""token_id"": 80357, ""probability"": 8.315087711707747e-07}, {""token"": "" Many"", ""token_id"": 8732, ""probability"": 1.9555212560362634e-08}, {""token"": "" Two"", ""token_id"": 8512, ""probability"": 1.1860835869015318e-08}, {""token"": "" None"", ""token_id"": 5450, ""probability"": 1.6051895368462965e-09}, {""token"": "" Legs"", ""token_id"": 156403, ""probability"": 1.6051895368462965e-09}, {""token"": "" Typically"", ""token_id"": 50338, ""probability"": 1.2501228940919873e-09}, {""token"": "" Several"", ""token_id"": 22624, ""probability"": 9.735967587687355e-10}, {""token"": "" Zero"", ""token_id"": 31234, ""probability"": 9.735967587687355e-10}, {""token"": "" Usually"", ""token_id"": 34645, ""probability"": 9.735967587687355e-10}]"
L22-L24,"[22, 23, 24]","[23422, 23422, 60476, 56900, 56900, 184534, 184534]","[16, 21, 16, 16, 21, 16, 21]","[1703, 197021]","[16, 16]",1.0,2.0,True,joint,False,"[0.0, 0.0, 0.0, 0.0, 0.0, 0.0, 0.0]","[3646.2310485839844, 720.8788299560547]","[1855.8961181640625, 1739.021240234375, 562.7435302734375, 3646.2314453125, 720.8788452148438, 0.0, 303.9489440917969, 217.4320526123047, 384.8089294433594]",4570.299244997901, Eight,0.9999786615371704,1.3007020243094303e-05,0.9999786615371704,7.889156222518068e-06,-11.249999988870304,"[{""token"": "" Eight"", ""token_id"": 38923, ""probability"": 0.9999786615371704}, {""token"": "" Six"", ""token_id"": 19759, ""probability"": 1.3007020243094303e-05}, {""token"": "" Four"", ""token_id"": 13038, ""probability"": 7.889156222518068e-06}, {""token"": ""Eight"", ""token_id"": 80357, ""probability"": 5.043369242230256e-07}, {""token"": "" Many"", ""token_id"": 8732, ""probability"": 9.237252740490476e-09}, {""token"": "" Two"", ""token_id"": 8512, ""probability"": 7.193979634223524e-09}, {""token"": "" None"", ""token_id"": 5450, ""probability"": 9.735993122816922e-10}, {""token"": "" Legs"", ""token_id"": 156403, ""probability"": 7.5823985978829e-10}, {""token"": "" Typically"", ""token_id"": 50338, ""probability"": 5.905178013243528e-10}, {""token"": ""\n\n"", ""token_id"": 108, ""probability"": 4.5989573260740713e-10}, {""token"": "" Several"", ""token_id"": 22624, ""probability"": 4.5989573260740713e-10}, {""token"": "" Zero"", ""token_id"": 31234, ""probability"": 4.5989573260740713e-10}]"
L22-L24,"[22, 23, 24]","[23422, 23422, 60476, 56900, 56900, 184534, 184534]","[16, 21, 16, 16, 21, 16, 21]","[1703, 197021]","[16, 16]",1.0,3.0,True,joint,False,"[0.0, 0.0, 0.0, 0.0, 0.0, 0.0, 0.0]","[5469.346572875977, 1081.318244934082]","[1855.8961181640625, 1739.021240234375, 562.7435302734375, 5469.34765625, 1081.3182373046875, 0.0, 304.0630187988281, 187.08529663085938, 375.6983337402344]",6175.50345616567, Eight,0.9999680519104004,2.1444722733576782e-05,0.9999680519104004,1.0129769179911818e-05,-10.750000020666436,"[{""token"": "" Eight"", ""token_id"": 38923, ""probability"": 0.9999680519104004}, {""token"": "" Six"", ""token_id"": 19759, ""probability"": 2.1444722733576782e-05}, {""token"": "" Four"", ""token_id"": 13038, ""probability"": 1.0129769179911818e-05}, {""token"": ""Eight"", ""token_id"": 80357, ""probability"": 3.9277378505175875e-07}, {""token"": "" Two"", ""token_id"": 8512, ""probability"": 9.237155040864309e-09}, {""token"": "" Many"", ""token_id"": 8732, ""probability"": 9.237155040864309e-09}, {""token"": "" Legs"", ""token_id"": 156403, ""probability"": 9.735889872075632e-10}, {""token"": "" None"", ""token_id"": 5450, ""probability"": 9.735889872075632e-10}, {""token"": "" Typically"", ""token_id"": 50338, ""probability"": 7.582318106713615e-10}, {""token"": "" Zero"", ""token_id"": 31234, ""probability"": 5.905115285642637e-10}, {""token"": "" Several"", ""token_id"": 22624, ""probability"": 4.598908753816744e-10}, {""token"": ""\n\n"", ""token_id"": 108, ""probability"": 4.598908753816744e-10}]"
L22-L25,"[22, 23, 24, 25]","[23422, 23422, 60476, 56900, 56900, 184534, 184534, 109731, 109731, 169121]","[16, 21, 16, 16, 21, 16, 21, 16, 21, 16]","[1703, 197021]","[16, 16]",0.0,0.0,False,unmodified,False,"[1855.89599609375, 1739.02099609375, 562.7435913085938, 568.4154052734375, 719.163330078125, 465.2173767089844, 608.1962890625, 620.8114013671875, 610.472900390625, 537.923095703125]","[0.0, 0.0]","[3.0517578125e-05, 3.0517578125e-05, 0.0, 0.0, 0.0, 1.5258788153005298e-05, 1.5258788153005298e-05, 0.0, 3.0517578125e-05, 3.0517578125e-05, 3.0517578125e-05, 1.52587890625e-05]",7.317858121423133e-05, Eight,0.999982476234436,1.1253320053583593e-07,0.999982476234436,1.6701407730579376e-05,-16.000000019046855,"[{""token"": "" Eight"", ""token_id"": 38923, ""probability"": 0.999982476234436}, {""token"": "" Four"", ""token_id"": 13038, ""probability"": 1.6701407730579376e-05}, {""token"": ""Eight"", ""token_id"": 80357, ""probability"": 6.47583874524571e-07}, {""token"": "" Six"", ""token_id"": 19759, ""probability"": 1.1253320053583593e-07}, {""token"": "" Many"", ""token_id"": 8732, ""probability"": 4.3633860968839144e-09}, {""token"": "" Two"", ""token_id"": 8512, ""probability"": 1.6051998619204255e-09}, {""token"": "" Legs"", ""token_id"": 156403, ""probability"": 5.905200772815533e-10}, {""token"": "" None"", ""token_id"": 5450, ""probability"": 2.789419251136849e-10}, {""token"": "" Typically"", ""token_id"": 50338, ""probability"": 2.789419251136849e-10}, {""token"": "" Usually"", ""token_id"": 34645, ""probability"": 2.789419251136849e-10}, {""token"": "" Some"", ""token_id"": 4943, ""probability"": 2.789419251136849e-10}, {""token"": ""\n\n"", ""token_id"": 108, ""probability"": 2.789419251136849e-10}]"
L22-L25,"[22, 23, 24, 25]","[23422, 23422, 60476, 56900, 56900, 184534, 184534, 109731, 109731, 169121]","[16, 21, 16, 16, 21, 16, 21, 16, 21, 16]","[1703, 197021]","[16, 16]",0.0,0.25,False,ant_only,False,"[1855.89599609375, 1739.02099609375, 562.7435913085938, 568.4154052734375, 719.163330078125, 465.2173767089844, 608.1962890625, 620.8114013671875, 610.472900390625, 537.923095703125]","[455.77888107299805, 90.10985374450684]","[3.0517578125e-05, 3.0517578125e-05, 0.0, 455.7789306640625, 90.10985565185547, 6.6026153564453125, 0.1982574313879013, 1.19073486328125, 1.559906005859375, 11.140289306640625, 1.333343505859375, 3.6433563232421875]",464.8019606356354, Eight,0.999982476234436,1.1253320053583593e-07,0.999982476234436,1.6701407730579376e-05,-16.000000019046855,"[{""token"": "" Eight"", ""token_id"": 38923, ""probability"": 0.999982476234436}, {""token"": "" Four"", ""token_id"": 13038, ""probability"": 1.6701407730579376e-05}, {""token"": ""Eight"", ""token_id"": 80357, ""probability"": 6.47583874524571e-07}, {""token"": "" Six"", ""token_id"": 19759, ""probability"": 1.1253320053583593e-07}, {""token"": "" Many"", ""token_id"": 8732, ""probability"": 5.602698305295917e-09}, {""token"": "" Two"", ""token_id"": 8512, ""probability"": 1.6051998619204255e-09}, {""token"": "" Legs"", ""token_id"": 156403, ""probability"": 7.58242746368154e-10}, {""token"": "" None"", ""token_id"": 5450, ""probability"": 3.5816852261838505e-10}, {""token"": "" Usually"", ""token_id"": 34645, ""probability"": 3.5816852261838505e-10}, {""token"": "" Typically"", ""token_id"": 50338, ""probability"": 3.5816852261838505e-10}, {""token"": "" Some"", ""token_id"": 4943, ""probability"": 2.789419251136849e-10}, {""token"": ""\n\n"", ""token_id"": 108, ""probability"": 2.789419251136849e-10}]"
L22-L25,"[22, 23, 24, 25]","[23422, 23422, 60476, 56900, 56900, 184534, 184534, 109731, 109731, 169121]","[16, 21, 16, 16, 21, 16, 21, 16, 21, 16]","[1703, 197021]","[16, 16]",0.0,0.5,False,ant_only,False,"[1855.89599609375, 1739.02099609375, 562.7435913085938, 568.4154052734375, 719.163330078125, 465.2173767089844, 608.1962890625, 620.8114013671875, 610.472900390625, 537.923095703125]","[911.5577621459961, 180.21970748901367]","[3.0517578125e-05, 3.0517578125e-05, 0.0, 911.557861328125, 180.21971130371094, 13.004165649414062, 0.2899322211742401, 7.83477783203125, 1.659759521484375, 14.503753662109375, 7.364227294921875, 4.0713348388671875]",929.4790886852104, Eight,0.999982476234436,1.1253320053583593e-07,0.999982476234436,1.6701407730579376e-05,-16.000000019046855,"[{""token"": "" Eight"", ""token_id"": 38923, ""probability"": 0.999982476234436}, {""token"": "" Four"", ""token_id"": 13038, ""probability"": 1.6701407730579376e-05}, {""token"": ""Eight"", ""token_id"": 80357, ""probability"": 6.47583874524571e-07}, {""token"": "" Six"", ""token_id"": 19759, ""probability"": 1.1253320053583593e-07}, {""token"": "" Many"", ""token_id"": 8732, ""probability"": 4.3633860968839144e-09}, {""token"": "" Two"", ""token_id"": 8512, ""probability"": 1.6051998619204255e-09}, {""token"": "" Legs"", ""token_id"": 156403, ""probability"": 5.905200772815533e-10}, {""token"": "" Typically"", ""token_id"": 50338, ""probability"": 3.5816852261838505e-10}, {""token"": "" None"", ""token_id"": 5450, ""probability"": 3.5816852261838505e-10}, {""token"": ""\n\n"", ""token_id"": 108, ""probability"": 3.5816852261838505e-10}, {""token"": "" Usually"", ""token_id"": 34645, ""probability"": 3.5816852261838505e-10}, {""token"": "" Some"", ""token_id"": 4943, ""probability"": 2.789419251136849e-10}]"
L22-L25,"[22, 23, 24, 25]","[23422, 23422, 60476, 56900, 56900, 184534, 184534, 109731, 109731, 169121]","[16, 21, 16, 16, 21, 16, 21, 16, 21, 16]","[1703, 197021]","[16, 16]",0.0,0.75,False,ant_only,False,"[1855.89599609375, 1739.02099609375, 562.7435913085938, 568.4154052734375, 719.163330078125, 465.2173767089844, 608.1962890625, 620.8114013671875, 610.472900390625, 537.923095703125]","[1367.3366432189941, 270.3295612335205]","[3.0517578125e-05, 3.0517578125e-05, 0.0, 1367.3369140625, 270.3295593261719, 20.612442016601562, 0.2970123291015625, 12.33477783203125, 0.502166748046875, 16.886199951171875, 4.128204345703125, 0.7782440185546875]",1394.119241164445, Eight,0.999982476234436,1.1253320053583593e-07,0.999982476234436,1.6701407730579376e-05,-16.000000019046855,"[{""token"": "" Eight"", ""token_id"": 38923, ""probability"": 0.999982476234436}, {""token"": "" Four"", ""token_id"": 13038, ""probability"": 1.6701407730579376e-05}, {""token"": ""Eight"", ""token_id"": 80357, ""probability"": 6.47583874524571e-07}, {""token"": "" Six"", ""token_id"": 19759, ""probability"": 1.1253320053583593e-07}, {""token"": "" Many"", ""token_id"": 8732, ""probability"": 4.3633860968839144e-09}, {""token"": "" Two"", ""token_id"": 8512, ""probability"": 1.6051998619204255e-09}, {""token"": "" Legs"", ""token_id"": 156403, ""probability"": 7.58242746368154e-10}, {""token"": "" None"", ""token_id"": 5450, ""probability"": 3.5816852261838505e-10}, {""token"": "" Usually"", ""token_id"": 34645, ""probability"": 3.5816852261838505e-10}, {""token"": "" Typically"", ""token_id"": 50338, ""probability"": 3.5816852261838505e-10}, {""token"": "" Some"", ""token_id"": 4943, ""probability"": 2.789419251136849e-10}, {""token"": ""\n\n"", ""token_id"": 108, ""probability"": 2.789419251136849e-10}]"
L22-L25,"[22, 23, 24, 25]","[23422, 23422, 60476, 56900, 56900, 184534, 184534, 109731, 109731, 169121]","[16, 21, 16, 16, 21, 16, 21, 16, 21, 16]","[1703, 197021]","[16, 16]",0.0,1.0,False,ant_only,False,"[1855.89599609375, 1739.02099609375, 562.7435913085938, 568.4154052734375, 719.163330078125, 465.2173767089844, 608.1962890625, 620.8114013671875, 610.472900390625, 537.923095703125]","[1823.1155242919922, 360.43941497802734]","[3.0517578125e-05, 3.0517578125e-05, 0.0, 1823.11572265625, 360.4394226074219, 27.35694694519043, 0.3437042236328125, 10.34661865234375, 0.245819091796875, 29.486116409301758, 2.632293701171875, 5.8713836669921875]",1858.8797654411405, Eight,0.999982476234436,1.4449550178596837e-07,0.999982476234436,1.6701407730579376e-05,-15.74999993546822,"[{""token"": "" Eight"", ""token_id"": 38923, ""probability"": 0.999982476234436}, {""token"": "" Four"", ""token_id"": 13038, ""probability"": 1.6701407730579376e-05}, {""token"": ""Eight"", ""token_id"": 80357, ""probability"": 6.47583874524571e-07}, {""token"": "" Six"", ""token_id"": 19759, ""probability"": 1.4449550178596837e-07}, {""token"": "" Many"", ""token_id"": 8732, ""probability"": 4.3633860968839144e-09}, {""token"": "" Two"", ""token_id"": 8512, ""probability"": 1.6051998619204255e-09}, {""token"": "" Legs"", ""token_id"": 156403, ""probability"": 5.905200772815533e-10}, {""token"": "" Typically"", ""token_id"": 50338, ""probability"": 3.5816852261838505e-10}, {""token"": "" None"", ""token_id"": 5450, ""probability"": 3.5816852261838505e-10}, {""token"": ""\n\n"", ""token_id"": 108, ""probability"": 3.5816852261838505e-10}, {""token"": "" Usually"", ""token_id"": 34645, ""probability"": 3.5816852261838505e-10}, {""token"": "" Some"", ""token_id"": 4943, ""probability"": 2.789419251136849e-10}]"
L22-L25,"[22, 23, 24, 25]","[23422, 23422, 60476, 56900, 56900, 184534, 184534, 109731, 109731, 169121]","[16, 21, 16, 16, 21, 16, 21, 16, 21, 16]","[1703, 197021]","[16, 16]",0.0,1.25,False,ant_only,False,"[1855.89599609375, 1739.02099609375, 562.7435913085938, 568.4154052734375, 719.163330078125, 465.2173767089844, 608.1962890625, 620.8114013671875, 610.472900390625, 537.923095703125]","[2278.8944053649902, 450.5492687225342]","[3.0517578125e-05, 3.0517578125e-05, 0.0, 2278.894775390625, 450.54925537109375, 35.70655822753906, 0.0999908447265625, 11.00946044921875, 4.290802001953125, 41.110321044921875, 7.343597412109375, 8.593917846679688]",2323.701456439981, Eight,0.9999823570251465,1.8553588176928315e-07,0.9999823570251465,1.6701405911589973e-05,-15.499999897755618,"[{""token"": "" Eight"", ""token_id"": 38923, ""probability"": 0.9999823570251465}, {""token"": "" Four"", ""token_id"": 13038, ""probability"": 1.6701405911589973e-05}, {""token"": ""Eight"", ""token_id"": 80357, ""probability"": 6.475838176811521e-07}, {""token"": "" Six"", ""token_id"": 19759, ""probability"": 1.8553588176928315e-07}, {""token"": "" Many"", ""token_id"": 8732, ""probability"": 5.602697417117497e-09}, {""token"": "" Two"", ""token_id"": 8512, ""probability"": 1.6051996398758206e-09}, {""token"": "" Legs"", ""token_id"": 156403, ""probability"": 5.905199662592509e-10}, {""token"": "" Typically"", ""token_id"": 50338, ""probability"": 3.581684671072338e-10}, {""token"": "" None"", ""token_id"": 5450, ""probability"": 3.581684671072338e-10}, {""token"": ""\n\n"", ""token_id"": 108, ""probability"": 3.581684671072338e-10}, {""token"": "" Usually"", ""token_id"": 34645, ""probability"": 3.581684671072338e-10}, {""token"": "" Some"", ""token_id"": 4943, ""probability"": 2.7894189735810926e-10}]"
L22-L25,"[22, 23, 24, 25]","[23422, 23422, 60476, 56900, 56900, 184534, 184534, 109731, 109731, 169121]","[16, 21, 16, 16, 21, 16, 21, 16, 21, 16]","[1703, 197021]","[16, 16]",0.0,1.5,False,ant_only,False,"[1855.89599609375, 1739.02099609375, 562.7435913085938, 568.4154052734375, 719.163330078125, 465.2173767089844, 608.1962890625, 620.8114013671875, 610.472900390625, 537.923095703125]","[2734.6732864379883, 540.659122467041]","[3.0517578125e-05, 3.0517578125e-05, 0.0, 2734.673828125, 540.6591186523438, 37.57289123535156, 0.4360503852367401, 11.02227783203125, 3.739105224609375, 53.100799560546875, 8.553924560546875, 14.437301635742188]",2788.4407673185137, Eight,0.999977707862854,1.8553501490714552e-07,0.999977707862854,2.1444930098368786e-05,-15.499999920718901,"[{""token"": "" Eight"", ""token_id"": 38923, ""probability"": 0.999977707862854}, {""token"": "" Four"", ""token_id"": 13038, ""probability"": 2.1444930098368786e-05}, {""token"": ""Eight"", ""token_id"": 80357, ""probability"": 6.475808049799525e-07}, {""token"": "" Six"", ""token_id"": 19759, ""probability"": 1.8553501490714552e-07}, {""token"": "" Many"", ""token_id"": 8732, ""probability"": 5.602671659943326e-09}, {""token"": "" Two"", ""token_id"": 8512, ""probability"": 2.0611075068899254e-09}, {""token"": "" Legs"", ""token_id"": 156403, ""probability"": 5.905172462128405e-10}, {""token"": "" None"", ""token_id"": 5450, ""probability"": 4.598953162737729e-10}, {""token"": "" Typically"", ""token_id"": 50338, ""probability"": 3.581668017726969e-10}, {""token"": "" Usually"", ""token_id"": 34645, ""probability"": 3.581668017726969e-10}, {""token"": ""\n\n"", ""token_id"": 108, ""probability"": 3.581668017726969e-10}, {""token"": "" Zero"", ""token_id"": 31234, ""probability"": 3.581668017726969e-10}]"
L22-L25,"[22, 23, 24, 25]","[23422, 23422, 60476, 56900, 56900, 184534, 184534, 109731, 109731, 169121]","[16, 21, 16, 16, 21, 16, 21, 16, 21, 16]","[1703, 197021]","[16, 16]",0.0,2.0,True,ant_only,False,"[1855.89599609375, 1739.02099609375, 562.7435913085938, 568.4154052734375, 719.163330078125, 465.2173767089844, 608.1962890625, 620.8114013671875, 610.472900390625, 537.923095703125]","[3646.2310485839844, 720.8788299560547]","[3.0517578125e-05, 3.0517578125e-05, 0.0, 3646.2314453125, 720.8788452148438, 53.70655822753906, 0.2719879150390625, 1.15887451171875, 11.564666748046875, 91.51388549804688, 12.913848876953125, 33.16429138183594]",3718.5119394859817, Eight,0.9999823570251465,1.8553588176928315e-07,0.9999823570251465,1.6701405911589973e-05,-15.499999897755618,"[{""token"": "" Eight"", ""token_id"": 38923, ""probability"": 0.9999823570251465}, {""token"": "" Four"", ""token_id"": 13038, ""probability"": 1.6701405911589973e-05}, {""token"": ""Eight"", ""token_id"": 80357, ""probability"": 6.475838176811521e-07}, {""token"": "" Six"", ""token_id"": 19759, ""probability"": 1.8553588176928315e-07}, {""token"": "" Many"", ""token_id"": 8732, ""probability"": 5.602697417117497e-09}, {""token"": "" Two"", ""token_id"": 8512, ""probability"": 2.061117054807937e-09}, {""token"": "" Legs"", ""token_id"": 156403, ""probability"": 7.582426353458516e-10}, {""token"": "" None"", ""token_id"": 5450, ""probability"": 4.598974534530953e-10}, {""token"": ""\n\n"", ""token_id"": 108, ""probability"": 3.581684671072338e-10}, {""token"": "" Typically"", ""token_id"": 50338, ""probability"": 3.581684671072338e-10}, {""token"": "" Usually"", ""token_id"": 34645, ""probability"": 3.581684671072338e-10}, {""token"": "" Some"", ""token_id"": 4943, ""probability"": 2.7894189735810926e-10}]"
L22-L25,"[22, 23, 24, 25]","[23422, 23422, 60476, 56900, 56900, 184534, 184534, 109731, 109731, 169121]","[16, 21, 16, 16, 21, 16, 21, 16, 21, 16]","[1703, 197021]","[16, 16]",0.0,3.0,True,ant_only,False,"[1855.89599609375, 1739.02099609375, 562.7435913085938, 568.4154052734375, 719.163330078125, 465.2173767089844, 608.1962890625, 620.8114013671875, 610.472900390625, 537.923095703125]","[5469.346572875977, 1081.318244934082]","[3.0517578125e-05, 3.0517578125e-05, 0.0, 5469.34765625, 1081.3182373046875, 82.35768127441406, 0.3415679931640625, 37.09637451171875, 17.607088088989258, 215.22976684570312, 8.386017799377441, 99.32847595214844]",5581.016242057312, Eight,0.9999710321426392,3.0589345101361687e-07,0.9999710321426392,2.7535652407095768e-05,-15.000000026654451,"[{""token"": "" Eight"", ""token_id"": 38923, ""probability"": 0.9999710321426392}, {""token"": "" Four"", ""token_id"": 13038, ""probability"": 2.7535652407095768e-05}, {""token"": ""Eight"", ""token_id"": 80357, ""probability"": 1.0676731108105741e-06}, {""token"": "" Six"", ""token_id"": 19759, ""probability"": 3.0589345101361687e-07}, {""token"": "" Many"", ""token_id"": 8732, ""probability"": 9.23718257439532e-09}, {""token"": "" Two"", ""token_id"": 8512, ""probability"": 3.3981695235496545e-09}, {""token"": "" Legs"", ""token_id"": 156403, ""probability"": 1.2501166768430494e-09}, {""token"": "" Typically"", ""token_id"": 50338, ""probability"": 9.735918737874272e-10}, {""token"": "" None"", ""token_id"": 5450, ""probability"": 7.582340311174107e-10}, {""token"": "" Usually"", ""token_id"": 34645, ""probability"": 7.582340311174107e-10}, {""token"": "" Some"", ""token_id"": 4943, ""probability"": 5.905133049211031e-10}, {""token"": ""\n\n"", ""token_id"": 108, ""probability"": 5.905133049211031e-10}]"
L22-L25,"[22, 23, 24, 25]","[23422, 23422, 60476, 56900, 56900, 184534, 184534, 109731, 109731, 169121]","[16, 21, 16, 16, 21, 16, 21, 16, 21, 16]","[1703, 197021]","[16, 16]",0.2,0.0,False,spider_only,False,"[1484.716796875, 1391.216796875, 450.19487304687505, 454.73232421875, 575.3306640625, 372.1739013671875, 486.55703125, 496.64912109375, 488.3783203125, 430.33847656250003]","[0.0, 0.0]","[371.17919921875, 347.80419921875, 112.54872131347656, 0.0, 0.0, 31.034015655517578, 59.923954010009766, 40.85902786254883, 84.47608184814453, 67.55598449707031, 73.66791534423828, 55.543739318847656]",545.7513282809389, Eight,0.9999860525131226,1.8553656389030948e-07,0.9999860525131226,1.300711664953269e-05,-15.499999916817579,"[{""token"": "" Eight"", ""token_id"": 38923, ""probability"": 0.9999860525131226}, {""token"": "" Four"", ""token_id"": 13038, ""probability"": 1.300711664953269e-05}, {""token"": ""Eight"", ""token_id"": 80357, ""probability"": 6.475862051047443e-07}, {""token"": "" Six"", ""token_id"": 19759, ""probability"": 1.8553656389030948e-07}, {""token"": "" Many"", ""token_id"": 8732, ""probability"": 5.60271828931036e-09}, {""token"": "" Two"", ""token_id"": 8512, ""probability"": 1.6052055240578511e-09}, {""token"": "" Legs"", ""token_id"": 156403, ""probability"": 7.582454109034131e-10}, {""token"": "" Typically"", ""token_id"": 50338, ""probability"": 3.5816979937486337e-10}, {""token"": "" None"", ""token_id"": 5450, ""probability"": 3.5816979937486337e-10}, {""token"": ""\n\n"", ""token_id"": 108, ""probability"": 3.5816979937486337e-10}, {""token"": "" Usually"", ""token_id"": 34645, ""probability"": 3.5816979937486337e-10}, {""token"": "" Some"", ""token_id"": 4943, ""probability"": 2.7894292431440704e-10}]"
L22-L25,"[22, 23, 24, 25]","[23422, 23422, 60476, 56900, 56900, 184534, 184534, 109731, 109731, 169121]","[16, 21, 16, 16, 21, 16, 21, 16, 21, 16]","[1703, 197021]","[16, 16]",0.2,0.25,False,joint,False,"[1484.716796875, 1391.216796875, 450.19487304687505, 454.73232421875, 575.3306640625, 372.1739013671875, 486.55703125, 496.64912109375, 488.3783203125, 430.33847656250003]","[455.77888107299805, 90.10985374450684]","[371.17919921875, 347.80419921875, 112.54872131347656, 455.7789306640625, 90.10985565185547, 24.47737693786621, 59.376895904541016, 49.24849319458008, 86.68378448486328, 62.88112258911133, 74.27527618408203, 56.811317443847656]",716.955941228335, Eight,0.999985933303833,1.8553653546860005e-07,0.999985933303833,1.3007114830543287e-05,-15.499999950793198,"[{""token"": "" Eight"", ""token_id"": 38923, ""probability"": 0.999985933303833}, {""token"": "" Four"", ""token_id"": 13038, ""probability"": 1.3007114830543287e-05}, {""token"": ""Eight"", ""token_id"": 80357, ""probability"": 8.315170134665095e-07}, {""token"": "" Six"", ""token_id"": 19759, ""probability"": 1.8553653546860005e-07}, {""token"": "" Many"", ""token_id"": 8732, ""probability"": 5.60271784522115e-09}, {""token"": "" Two"", ""token_id"": 8512, ""probability"": 2.0611243822798997e-09}, {""token"": "" Legs"", ""token_id"": 156403, ""probability"": 9.736064177090498e-10}, {""token"": "" Typically"", ""token_id"": 50338, ""probability"": 3.5816974386371214e-10}, {""token"": "" None"", ""token_id"": 5450, ""probability"": 3.5816974386371214e-10}, {""token"": ""\n\n"", ""token_id"": 108, ""probability"": 3.5816974386371214e-10}, {""token"": "" Usually"", ""token_id"": 34645, ""probability"": 3.5816974386371214e-10}, {""token"": "" Some"", ""token_id"": 4943, ""probability"": 2.789428965588314e-10}]"
L22-L25,"[22, 23, 24, 25]","[23422, 23422, 60476, 56900, 56900, 184534, 184534, 109731, 109731, 169121]","[16, 21, 16, 16, 21, 16, 21, 16, 21, 16]","[1703, 197021]","[16, 16]",0.2,0.5,False,joint,False,"[1484.716796875, 1391.216796875, 450.19487304687505, 454.73232421875, 575.3306640625, 372.1739013671875, 486.55703125, 496.64912109375, 488.3783203125, 430.33847656250003]","[911.5577621459961, 180.21970748901367]","[371.17919921875, 347.80419921875, 112.54872131347656, 911.557861328125, 180.21971130371094, 16.83913230895996, 59.28736114501953, 51.77309036254883, 84.50641632080078, 61.37837600708008, 72.98456573486328, 57.083045959472656]",1077.4036909877286, Eight,0.9999860525131226,1.8553656389030948e-07,0.9999860525131226,1.300711664953269e-05,-15.499999916817579,"[{""token"": "" Eight"", ""token_id"": 38923, ""probability"": 0.9999860525131226}, {""token"": "" Four"", ""token_id"": 13038, ""probability"": 1.300711664953269e-05}, {""token"": ""Eight"", ""token_id"": 80357, ""probability"": 6.475862051047443e-07}, {""token"": "" Six"", ""token_id"": 19759, ""probability"": 1.8553656389030948e-07}, {""token"": "" Many"", ""token_id"": 8732, ""probability"": 5.60271828931036e-09}, {""token"": "" Two"", ""token_id"": 8512, ""probability"": 2.0611248263691095e-09}, {""token"": "" Legs"", ""token_id"": 156403, ""probability"": 7.582454109034131e-10}, {""token"": "" Typically"", ""token_id"": 50338, ""probability"": 3.5816979937486337e-10}, {""token"": "" None"", ""token_id"": 5450, ""probability"": 3.5816979937486337e-10}, {""token"": ""\n\n"", ""token_id"": 108, ""probability"": 3.5816979937486337e-10}, {""token"": "" Usually"", ""token_id"": 34645, ""probability"": 3.5816979937486337e-10}, {""token"": "" Some"", ""token_id"": 4943, ""probability"": 2.7894292431440704e-10}]"
L22-L25,"[22, 23, 24, 25]","[23422, 23422, 60476, 56900, 56900, 184534, 184534, 109731, 109731, 169121]","[16, 21, 16, 16, 21, 16, 21, 16, 21, 16]","[1703, 197021]","[16, 16]",0.2,0.75,False,joint,False,"[1484.716796875, 1391.216796875, 450.19487304687505, 454.73232421875, 575.3306640625, 372.1739013671875, 486.55703125, 496.64912109375, 488.3783203125, 430.33847656250003]","[1367.3366432189941, 270.3295612335205]","[371.17919921875, 347.80419921875, 112.54872131347656, 1367.3369140625, 270.3295593261719, 10.369710922241211, 59.633426666259766, 57.36421585083008, 84.82672882080078, 55.15266799926758, 71.51667022705078, 57.222999572753906]",1496.5554139592375, Eight,0.9999891519546509,1.44496468124089e-07,0.9999891519546509,1.0129982911166735e-05,-15.749999923636274,"[{""token"": "" Eight"", ""token_id"": 38923, ""probability"": 0.9999891519546509}, {""token"": "" Four"", ""token_id"": 13038, ""probability"": 1.0129982911166735e-05}, {""token"": ""Eight"", ""token_id"": 80357, ""probability"": 6.475881946244044e-07}, {""token"": "" Six"", ""token_id"": 19759, ""probability"": 1.44496468124089e-07}, {""token"": "" Many"", ""token_id"": 8732, ""probability"": 4.363414962682555e-09}, {""token"": "" Two"", ""token_id"": 8512, ""probability"": 1.605210520061462e-09}, {""token"": "" Legs"", ""token_id"": 156403, ""probability"": 5.905240185732907e-10}, {""token"": "" None"", ""token_id"": 5450, ""probability"": 3.58170909597888e-10}, {""token"": ""\n\n"", ""token_id"": 108, ""probability"": 2.789437847372511e-10}, {""token"": "" Typically"", ""token_id"": 50338, ""probability"": 2.789437847372511e-10}, {""token"": "" Usually"", ""token_id"": 34645, ""probability"": 2.789437847372511e-10}, {""token"": "" Some"", ""token_id"": 4943, ""probability"": 2.17241627464837e-10}]"
L22-L25,"[22, 23, 24, 25]","[23422, 23422, 60476, 56900, 56900, 184534, 184534, 109731, 109731, 169121]","[16, 21, 16, 16, 21, 16, 21, 16, 21, 16]","[1703, 197021]","[16, 16]",0.2,1.0,False,joint,False,"[1484.716796875, 1391.216796875, 450.19487304687505, 454.73232421875, 575.3306640625, 372.1739013671875, 486.55703125, 496.64912109375, 488.3783203125, 430.33847656250003]","[1823.1155242919922, 360.43941497802734]","[371.17919921875, 347.80419921875, 112.54872131347656, 1823.11572265625, 360.4394226074219, 2.403097629547119, 59.542423248291016, 60.98604202270508, 85.09265899658203, 44.41255569458008, 70.29431915283203, 52.339271545410156]",1936.2956354590451, Eight,0.9999860525131226,2.3823363903829886e-07,0.9999860525131226,1.300711664953269e-05,-15.250000020588676,"[{""token"": "" Eight"", ""token_id"": 38923, ""probability"": 0.9999860525131226}, {""token"": "" Four"", ""token_id"": 13038, ""probability"": 1.300711664953269e-05}, {""token"": ""Eight"", ""token_id"": 80357, ""probability"": 6.475862051047443e-07}, {""token"": "" Six"", ""token_id"": 19759, ""probability"": 2.3823363903829886e-07}, {""token"": "" Many"", ""token_id"": 8732, ""probability"": 7.194032924928706e-09}, {""token"": "" Two"", ""token_id"": 8512, ""probability"": 2.0611248263691095e-09}, {""token"": "" Legs"", ""token_id"": 156403, ""probability"": 7.582454109034131e-10}, {""token"": ""\n\n"", ""token_id"": 108, ""probability"": 4.5989914654320785e-10}, {""token"": "" None"", ""token_id"": 5450, ""probability"": 4.5989914654320785e-10}, {""token"": "" Typically"", ""token_id"": 50338, ""probability"": 4.5989914654320785e-10}, {""token"": "" Zero"", ""token_id"": 31234, ""probability"": 3.5816979937486337e-10}, {""token"": "" Some"", ""token_id"": 4943, ""probability"": 3.5816979937486337e-10}]"
L22-L25,"[22, 23, 24, 25]","[23422, 23422, 60476, 56900, 56900, 184534, 184534, 109731, 109731, 169121]","[16, 21, 16, 16, 21, 16, 21, 16, 21, 16]","[1703, 197021]","[16, 16]",0.2,1.25,False,joint,False,"[1484.716796875, 1391.216796875, 450.19487304687505, 454.73232421875, 575.3306640625, 372.1739013671875, 486.55703125, 496.64912109375, 488.3783203125, 430.33847656250003]","[2278.8944053649902, 450.5492687225342]","[371.17919921875, 347.80419921875, 112.54872131347656, 2278.894775390625, 450.54925537109375, 4.280984401702881, 59.69593048095703, 57.28792190551758, 83.73230743408203, 30.168354034423828, 66.32129669189453, 45.027870178222656]",2385.1574563820836, Eight,0.9999891519546509,1.44496468124089e-07,0.9999891519546509,1.0129982911166735e-05,-15.749999923636274,"[{""token"": "" Eight"", ""token_id"": 38923, ""probability"": 0.9999891519546509}, {""token"": "" Four"", ""token_id"": 13038, ""probability"": 1.0129982911166735e-05}, {""token"": ""Eight"", ""token_id"": 80357, ""probability"": 6.475881946244044e-07}, {""token"": "" Six"", ""token_id"": 19759, ""probability"": 1.44496468124089e-07}, {""token"": "" Many"", ""token_id"": 8732, ""probability"": 4.363414962682555e-09}, {""token"": "" Two"", ""token_id"": 8512, ""probability"": 1.2501393253927517e-09}, {""token"": "" Legs"", ""token_id"": 156403, ""probability"": 4.5990056207756425e-10}, {""token"": "" Typically"", ""token_id"": 50338, ""probability"": 2.789437847372511e-10}, {""token"": "" None"", ""token_id"": 5450, ""probability"": 2.789437847372511e-10}, {""token"": ""\n\n"", ""token_id"": 108, ""probability"": 2.789437847372511e-10}, {""token"": "" Usually"", ""token_id"": 34645, ""probability"": 2.789437847372511e-10}, {""token"": "" Some"", ""token_id"": 4943, ""probability"": 2.17241627464837e-10}]"
L22-L25,"[22, 23, 24, 25]","[23422, 23422, 60476, 56900, 56900, 184534, 184534, 109731, 109731, 169121]","[16, 21, 16, 16, 21, 16, 21, 16, 21, 16]","[1703, 197021]","[16, 16]",0.2,1.5,False,joint,False,"[1484.716796875, 1391.216796875, 450.19487304687505, 454.73232421875, 575.3306640625, 372.1739013671875, 486.55703125, 496.64912109375, 488.3783203125, 430.33847656250003]","[2734.6732864379883, 540.659122467041]","[371.17919921875, 347.80419921875, 112.54872131347656, 2734.673828125, 540.6591186523438, 8.194008827209473, 59.64722442626953, 59.99623489379883, 81.49628448486328, 18.904804229736328, 62.18494415283203, 44.031898498535156]",2839.39984770484, Eight,0.9999821186065674,3.058968616187485e-07,0.9999821186065674,1.6701402273611166e-05,-14.999999963789534,"[{""token"": "" Eight"", ""token_id"": 38923, ""probability"": 0.9999821186065674}, {""token"": "" Four"", ""token_id"": 13038, ""probability"": 1.6701402273611166e-05}, {""token"": ""Eight"", ""token_id"": 80357, ""probability"": 8.315138302350533e-07}, {""token"": "" Six"", ""token_id"": 19759, ""probability"": 3.058968616187485e-07}, {""token"": "" Many"", ""token_id"": 8732, ""probability"": 7.194004503219276e-09}, {""token"": "" Two"", ""token_id"": 8512, ""probability"": 2.646526553462536e-09}, {""token"": "" Legs"", ""token_id"": 156403, ""probability"": 9.73602642950766e-10}, {""token"": "" Typically"", ""token_id"": 50338, ""probability"": 4.5989734243079283e-10}, {""token"": "" None"", ""token_id"": 5450, ""probability"": 4.5989734243079283e-10}, {""token"": ""\n\n"", ""token_id"": 108, ""probability"": 4.5989734243079283e-10}, {""token"": "" Usually"", ""token_id"": 34645, ""probability"": 4.5989734243079283e-10}, {""token"": "" Some"", ""token_id"": 4943, ""probability"": 3.58168383840507e-10}]"
L22-L25,"[22, 23, 24, 25]","[23422, 23422, 60476, 56900, 56900, 184534, 184534, 109731, 109731, 169121]","[16, 21, 16, 16, 21, 16, 21, 16, 21, 16]","[1703, 197021]","[16, 16]",0.2,2.0,True,joint,False,"[1484.716796875, 1391.216796875, 450.19487304687505, 454.73232421875, 575.3306640625, 372.1739013671875, 486.55703125, 496.64912109375, 488.3783203125, 430.33847656250003]","[3646.2310485839844, 720.8788299560547]","[371.17919921875, 347.80419921875, 112.54872131347656, 3646.2314453125, 720.8788452148438, 22.81681251525879, 59.825260162353516, 52.17775344848633, 76.90650177001953, 18.648845672607422, 64.26844024658203, 24.84556007385254]",3755.5174538575175, Eight,0.9999858140945435,3.058979700654163e-07,0.9999858140945435,1.3007113011553884e-05,-15.00000003574725,"[{""token"": "" Eight"", ""token_id"": 38923, ""probability"": 0.9999858140945435}, {""token"": "" Four"", ""token_id"": 13038, ""probability"": 1.3007113011553884e-05}, {""token"": ""Eight"", ""token_id"": 80357, ""probability"": 8.315168997796718e-07}, {""token"": "" Six"", ""token_id"": 19759, ""probability"": 3.058979700654163e-07}, {""token"": "" Many"", ""token_id"": 8732, ""probability"": 7.194031148571867e-09}, {""token"": "" Two"", ""token_id"": 8512, ""probability"": 2.6465363234251527e-09}, {""token"": "" Legs"", ""token_id"": 156403, ""probability"": 7.582452443699594e-10}, {""token"": "" None"", ""token_id"": 5450, ""probability"": 4.598990355209054e-10}, {""token"": "" Usually"", ""token_id"": 34645, ""probability"": 4.598990355209054e-10}, {""token"": "" Typically"", ""token_id"": 50338, ""probability"": 4.598990355209054e-10}, {""token"": "" Zero"", ""token_id"": 31234, ""probability"": 3.5816971610813653e-10}, {""token"": ""\n\n"", ""token_id"": 108, ""probability"": 3.5816971610813653e-10}]"
L22-L25,"[22, 23, 24, 25]","[23422, 23422, 60476, 56900, 56900, 184534, 184534, 109731, 109731, 169121]","[16, 21, 16, 16, 21, 16, 21, 16, 21, 16]","[1703, 197021]","[16, 16]",0.2,3.0,True,joint,False,"[1484.716796875, 1391.216796875, 450.19487304687505, 454.73232421875, 575.3306640625, 372.1739013671875, 486.55703125, 496.64912109375, 488.3783203125, 430.33847656250003]","[5469.346572875977, 1081.318244934082]","[371.17919921875, 347.80419921875, 112.54872131347656, 5469.34765625, 1081.3182373046875, 51.977516174316406, 59.752567291259766, 10.733965873718262, 68.42169952392578, 140.42381286621094, 62.81171417236328, 43.25539779663086]",5602.769480839062, Eight,0.9999822378158569,3.0589689004045795e-07,0.9999822378158569,1.670140409260057e-05,-14.999999990088233,"[{""token"": "" Eight"", ""token_id"": 38923, ""probability"": 0.9999822378158569}, {""token"": "" Four"", ""token_id"": 13038, ""probability"": 1.670140409260057e-05}, {""token"": ""Eight"", ""token_id"": 80357, ""probability"": 6.475837608377333e-07}, {""token"": "" Six"", ""token_id"": 19759, ""probability"": 3.0589689004045795e-07}, {""token"": "" Many"", ""token_id"": 8732, ""probability"": 5.602696973028287e-09}, {""token"": "" Two"", ""token_id"": 8512, ""probability"": 2.646526775507141e-09}, {""token"": "" Legs"", ""token_id"": 156403, ""probability"": 7.582425243235491e-10}, {""token"": "" None"", ""token_id"": 5450, ""probability"": 4.5989739794194406e-10}, {""token"": "" Typically"", ""token_id"": 50338, ""probability"": 3.581684393516582e-10}, {""token"": "" Usually"", ""token_id"": 34645, ""probability"": 3.581684393516582e-10}, {""token"": ""\n\n"", ""token_id"": 108, ""probability"": 3.581684393516582e-10}, {""token"": "" Zero"", ""token_id"": 31234, ""probability"": 3.581684393516582e-10}]"
L22-L25,"[22, 23, 24, 25]","[23422, 23422, 60476, 56900, 56900, 184534, 184534, 109731, 109731, 169121]","[16, 21, 16, 16, 21, 16, 21, 16, 21, 16]","[1703, 197021]","[16, 16]",0.4,0.0,False,spider_only,False,"[1113.53759765625, 1043.41259765625, 337.6461547851562, 341.0492431640625, 431.497998046875, 279.1304260253906, 364.9177734375, 372.48684082031247, 366.283740234375, 322.753857421875]","[0.0, 0.0]","[742.3584594726562, 695.6084594726562, 225.09744262695312, 0.0, 0.0, 60.88744354248047, 120.98880004882812, 86.40306091308594, 176.6643524169922, 136.90625, 146.22984313964844, 116.21978759765625]",1093.75086291584, Eight,0.9999911785125732,1.855375160175754e-07,0.9999911785125732,7.88925444794586e-06,-15.499999911138532,"[{""token"": "" Eight"", ""token_id"": 38923, ""probability"": 0.9999911785125732}, {""token"": "" Four"", ""token_id"": 13038, ""probability"": 7.88925444794586e-06}, {""token"": ""Eight"", ""token_id"": 80357, ""probability"": 6.475895588664571e-07}, {""token"": "" Six"", ""token_id"": 19759, ""probability"": 1.855375160175754e-07}, {""token"": "" Many"", ""token_id"": 8732, ""probability"": 4.363423844466752e-09}, {""token"": "" Two"", ""token_id"": 8512, ""probability"": 1.6052137397082333e-09}, {""token"": "" Legs"", ""token_id"": 156403, ""probability"": 5.905251843074666e-10}, {""token"": "" None"", ""token_id"": 5450, ""probability"": 3.58171631242854e-10}, {""token"": "" Usually"", ""token_id"": 34645, ""probability"": 2.7894433984876343e-10}, {""token"": "" Zero"", ""token_id"": 31234, ""probability"": 2.7894433984876343e-10}, {""token"": ""\n\n"", ""token_id"": 108, ""probability"": 2.7894433984876343e-10}, {""token"": "" Some"", ""token_id"": 4943, ""probability"": 2.7894433984876343e-10}]"
L22-L25,"[22, 23, 24, 25]","[23422, 23422, 60476, 56900, 56900, 184534, 184534, 109731, 109731, 169121]","[16, 21, 16, 16, 21, 16, 21, 16, 21, 16]","[1703, 197021]","[16, 16]",0.4,0.25,False,joint,False,"[1113.53759765625, 1043.41259765625, 337.6461547851562, 341.0492431640625, 431.497998046875, 279.1304260253906, 364.9177734375, 372.48684082031247, 366.283740234375, 322.753857421875]","[455.77888107299805, 90.10985374450684]","[742.3584594726562, 695.6084594726562, 225.09744262695312, 455.7789306640625, 90.10985565185547, 53.867610931396484, 120.90591430664062, 94.7632827758789, 177.8695526123047, 138.6534423828125, 145.52098083496094, 118.05352783203125]",1189.1028866976615, Eight,0.9999911785125732,1.855375160175754e-07,0.9999911785125732,7.88925444794586e-06,-15.499999911138532,"[{""token"": "" Eight"", ""token_id"": 38923, ""probability"": 0.9999911785125732}, {""token"": "" Four"", ""token_id"": 13038, ""probability"": 7.88925444794586e-06}, {""token"": ""Eight"", ""token_id"": 80357, ""probability"": 6.475895588664571e-07}, {""token"": "" Six"", ""token_id"": 19759, ""probability"": 1.855375160175754e-07}, {""token"": "" Many"", ""token_id"": 8732, ""probability"": 5.602747155109e-09}, {""token"": "" Two"", ""token_id"": 8512, ""probability"": 1.6052137397082333e-09}, {""token"": "" Legs"", ""token_id"": 156403, ""probability"": 5.905251843074666e-10}, {""token"": "" None"", ""token_id"": 5450, ""probability"": 3.58171631242854e-10}, {""token"": ""\n\n"", ""token_id"": 108, ""probability"": 2.7894433984876343e-10}, {""token"": "" Typically"", ""token_id"": 50338, ""probability"": 2.7894433984876343e-10}, {""token"": "" Usually"", ""token_id"": 34645, ""probability"": 2.7894433984876343e-10}, {""token"": "" Some"", ""token_id"": 4943, ""probability"": 2.1724207155404684e-10}]"
L22-L25,"[22, 23, 24, 25]","[23422, 23422, 60476, 56900, 56900, 184534, 184534, 109731, 109731, 169121]","[16, 21, 16, 16, 21, 16, 21, 16, 21, 16]","[1703, 197021]","[16, 16]",0.4,0.5,False,joint,False,"[1113.53759765625, 1043.41259765625, 337.6461547851562, 341.0492431640625, 431.497998046875, 279.1304260253906, 364.9177734375, 372.48684082031247, 366.283740234375, 322.753857421875]","[911.5577621459961, 180.21970748901367]","[742.3584594726562, 695.6084594726562, 225.09744262695312, 911.557861328125, 180.21971130371094, 47.348567962646484, 120.6787338256836, 103.11600494384766, 176.2947235107422, 135.593505859375, 143.6934051513672, 120.7734375]",1435.6846970101826, Eight,0.9999890327453613,2.3823434958103462e-07,0.9999890327453613,1.0129982001672033e-05,-15.250000018316706,"[{""token"": "" Eight"", ""token_id"": 38923, ""probability"": 0.9999890327453613}, {""token"": "" Four"", ""token_id"": 13038, ""probability"": 1.0129982001672033e-05}, {""token"": ""Eight"", ""token_id"": 80357, ""probability"": 6.475881377809856e-07}, {""token"": "" Six"", ""token_id"": 19759, ""probability"": 2.3823434958103462e-07}, {""token"": "" Many"", ""token_id"": 8732, ""probability"": 5.602735164700334e-09}, {""token"": "" Two"", ""token_id"": 8512, ""probability"": 2.0611308215734425e-09}, {""token"": "" Legs"", ""token_id"": 156403, ""probability"": 7.582476868606136e-10}, {""token"": "" None"", ""token_id"": 5450, ""probability"": 4.59900506566413e-10}, {""token"": ""\n\n"", ""token_id"": 108, ""probability"": 3.5817085408673677e-10}, {""token"": "" Typically"", ""token_id"": 50338, ""probability"": 3.5817085408673677e-10}, {""token"": "" Usually"", ""token_id"": 34645, ""probability"": 3.5817085408673677e-10}, {""token"": "" Some"", ""token_id"": 4943, ""probability"": 2.789437569816755e-10}]"
L22-L25,"[22, 23, 24, 25]","[23422, 23422, 60476, 56900, 56900, 184534, 184534, 109731, 109731, 169121]","[16, 21, 16, 16, 21, 16, 21, 16, 21, 16]","[1703, 197021]","[16, 16]",0.4,0.75,False,joint,False,"[1113.53759765625, 1043.41259765625, 337.6461547851562, 341.0492431640625, 431.497998046875, 279.1304260253906, 364.9177734375, 372.48684082031247, 366.283740234375, 322.753857421875]","[1367.3366432189941, 270.3295612335205]","[742.3584594726562, 695.6084594726562, 225.09744262695312, 1367.3369140625, 270.3295593261719, 40.27727508544922, 120.34988403320312, 108.8060073852539, 175.8877410888672, 128.746826171875, 143.57908630371094, 117.74798583984375]",1771.5138336313473, Eight,0.9999914169311523,1.8553755865013954e-07,0.9999914169311523,7.889257176429965e-06,-15.49999991978054,"[{""token"": "" Eight"", ""token_id"": 38923, ""probability"": 0.9999914169311523}, {""token"": "" Four"", ""token_id"": 13038, ""probability"": 7.889257176429965e-06}, {""token"": ""Eight"", ""token_id"": 80357, ""probability"": 5.043433475293568e-07}, {""token"": "" Six"", ""token_id"": 19759, ""probability"": 1.8553755865013954e-07}, {""token"": "" Many"", ""token_id"": 8732, ""probability"": 4.363425176734381e-09}, {""token"": "" Two"", ""token_id"": 8512, ""probability"": 1.6052141837974432e-09}, {""token"": "" Legs"", ""token_id"": 156403, ""probability"": 5.905253508409203e-10}, {""token"": "" None"", ""token_id"": 5450, ""probability"": 3.5817171450958085e-10}, {""token"": "" Typically"", ""token_id"": 50338, ""probability"": 2.789444231154903e-10}, {""token"": ""\n\n"", ""token_id"": 108, ""probability"": 2.1724212706519808e-10}, {""token"": "" Some"", ""token_id"": 4943, ""probability"": 2.1724212706519808e-10}, {""token"": "" Zero"", ""token_id"": 31234, ""probability"": 2.1724212706519808e-10}]"
L22-L25,"[22, 23, 24, 25]","[23422, 23422, 60476, 56900, 56900, 184534, 184534, 109731, 109731, 169121]","[16, 21, 16, 16, 21, 16, 21, 16, 21, 16]","[1703, 197021]","[16, 16]",0.4,1.0,False,joint,False,"[1113.53759765625, 1043.41259765625, 337.6461547851562, 341.0492431640625, 431.497998046875, 279.1304260253906, 364.9177734375, 372.48684082031247, 366.283740234375, 322.753857421875]","[1823.1155242919922, 360.43941497802734]","[742.3584594726562, 695.6084594726562, 225.09744262695312, 1823.11572265625, 360.4394226074219, 32.556758880615234, 120.2118148803711, 107.17862701416016, 173.94505310058594, 115.89246368408203, 140.90196228027344, 110.9722900390625]",2154.5667368002055, Eight,0.9999929666519165,2.3823528749744582e-07,0.9999929666519165,6.144169219624018e-06,-15.250000015317724,"[{""token"": "" Eight"", ""token_id"": 38923, ""probability"": 0.9999929666519165}, {""token"": "" Four"", ""token_id"": 13038, ""probability"": 6.144169219624018e-06}, {""token"": ""Eight"", ""token_id"": 80357, ""probability"": 6.475906957348343e-07}, {""token"": "" Six"", ""token_id"": 19759, ""probability"": 2.3823528749744582e-07}, {""token"": "" Many"", ""token_id"": 8732, ""probability"": 4.363431838072529e-09}, {""token"": "" Two"", ""token_id"": 8512, ""probability"": 1.6052166262880974e-09}, {""token"": "" Legs"", ""token_id"": 156403, ""probability"": 5.9052623901934e-10}, {""token"": "" None"", ""token_id"": 5450, ""probability"": 3.5817226962109316e-10}, {""token"": "" Typically"", ""token_id"": 50338, ""probability"": 2.789448394491245e-10}, {""token"": "" Usually"", ""token_id"": 34645, ""probability"": 2.789448394491245e-10}, {""token"": ""\n\n"", ""token_id"": 108, ""probability"": 2.789448394491245e-10}, {""token"": "" Zero"", ""token_id"": 31234, ""probability"": 2.789448394491245e-10}]"
L22-L25,"[22, 23, 24, 25]","[23422, 23422, 60476, 56900, 56900, 184534, 184534, 109731, 109731, 169121]","[16, 21, 16, 16, 21, 16, 21, 16, 21, 16]","[1703, 197021]","[16, 16]",0.4,1.25,False,joint,False,"[1113.53759765625, 1043.41259765625, 337.6461547851562, 341.0492431640625, 431.497998046875, 279.1304260253906, 364.9177734375, 372.48684082031247, 366.283740234375, 322.753857421875]","[2278.8944053649902, 450.5492687225342]","[742.3584594726562, 695.6084594726562, 225.09744262695312, 2278.894775390625, 450.54925537109375, 25.884700775146484, 120.1452865600586, 110.48270416259766, 173.23973083496094, 106.65528106689453, 138.7892303466797, 106.706787109375]",2565.412165026591, Eight,0.9999914169311523,2.3823491801522323e-07,0.9999914169311523,7.889257176429965e-06,-15.250000016499138,"[{""token"": "" Eight"", ""token_id"": 38923, ""probability"": 0.9999914169311523}, {""token"": "" Four"", ""token_id"": 13038, ""probability"": 7.889257176429965e-06}, {""token"": ""Eight"", ""token_id"": 80357, ""probability"": 5.043433475293568e-07}, {""token"": "" Six"", ""token_id"": 19759, ""probability"": 2.3823491801522323e-07}, {""token"": "" Many"", ""token_id"": 8732, ""probability"": 4.363425176734381e-09}, {""token"": "" Two"", ""token_id"": 8512, ""probability"": 1.6052141837974432e-09}, {""token"": "" Legs"", ""token_id"": 156403, ""probability"": 5.905253508409203e-10}, {""token"": "" Typically"", ""token_id"": 50338, ""probability"": 3.5817171450958085e-10}, {""token"": "" None"", ""token_id"": 5450, ""probability"": 3.5817171450958085e-10}, {""token"": "" Zero"", ""token_id"": 31234, ""probability"": 2.789444231154903e-10}, {""token"": "" Usually"", ""token_id"": 34645, ""probability"": 2.789444231154903e-10}, {""token"": ""\n\n"", ""token_id"": 108, ""probability"": 2.1724212706519808e-10}]"
L22-L25,"[22, 23, 24, 25]","[23422, 23422, 60476, 56900, 56900, 184534, 184534, 109731, 109731, 169121]","[16, 21, 16, 16, 21, 16, 21, 16, 21, 16]","[1703, 197021]","[16, 16]",0.4,1.5,False,joint,False,"[1113.53759765625, 1043.41259765625, 337.6461547851562, 341.0492431640625, 431.497998046875, 279.1304260253906, 364.9177734375, 372.48684082031247, 366.283740234375, 322.753857421875]","[2734.6732864379883, 540.659122467041]","[742.3584594726562, 695.6084594726562, 225.09744262695312, 2734.673828125, 540.6591186523438, 22.252986907958984, 120.2020492553711, 110.13126373291016, 169.22410583496094, 93.12709045410156, 137.4492645263672, 101.35333251953125]",2991.644392864595, Eight,0.9999858140945435,3.9278077679227863e-07,0.9999858140945435,1.3007113011553884e-05,-14.75000001457743,"[{""token"": "" Eight"", ""token_id"": 38923, ""probability"": 0.9999858140945435}, {""token"": "" Four"", ""token_id"": 13038, ""probability"": 1.3007113011553884e-05}, {""token"": ""Eight"", ""token_id"": 80357, ""probability"": 8.315168997796718e-07}, {""token"": "" Six"", ""token_id"": 19759, ""probability"": 3.9278077679227863e-07}, {""token"": "" Many"", ""token_id"": 8732, ""probability"": 7.194031148571867e-09}, {""token"": "" Two"", ""token_id"": 8512, ""probability"": 2.6465363234251527e-09}, {""token"": "" Legs"", ""token_id"": 156403, ""probability"": 7.582452443699594e-10}, {""token"": "" None"", ""token_id"": 5450, ""probability"": 5.905220201718464e-10}, {""token"": ""\n\n"", ""token_id"": 108, ""probability"": 4.598990355209054e-10}, {""token"": "" Typically"", ""token_id"": 50338, ""probability"": 4.598990355209054e-10}, {""token"": "" Usually"", ""token_id"": 34645, ""probability"": 4.598990355209054e-10}, {""token"": "" Some"", ""token_id"": 4943, ""probability"": 3.5816971610813653e-10}]"
L22-L25,"[22, 23, 24, 25]","[23422, 23422, 60476, 56900, 56900, 184534, 184534, 109731, 109731, 169121]","[16, 21, 16, 16, 21, 16, 21, 16, 21, 16]","[1703, 197021]","[16, 16]",0.4,2.0,True,joint,False,"[1113.53759765625, 1043.41259765625, 337.6461547851562, 341.0492431640625, 431.497998046875, 279.1304260253906, 364.9177734375, 372.48684082031247, 366.283740234375, 322.753857421875]","[3646.2310485839844, 720.8788299560547]","[742.3584594726562, 695.6084594726562, 225.09744262695312, 3646.2314453125, 720.8788452148438, 6.705471992492676, 120.19546508789062, 97.6620864868164, 167.25999450683594, 50.52564239501953, 135.86863708496094, 79.88116455078125]",3870.3625103853215, Eight,0.9999889135360718,3.9278199892578414e-07,0.9999889135360718,1.0129981092177331e-05,-14.750000002572849,"[{""token"": "" Eight"", ""token_id"": 38923, ""probability"": 0.9999889135360718}, {""token"": "" Four"", ""token_id"": 13038, ""probability"": 1.0129981092177331e-05}, {""token"": ""Eight"", ""token_id"": 80357, ""probability"": 6.475880809375667e-07}, {""token"": "" Six"", ""token_id"": 19759, ""probability"": 3.9278199892578414e-07}, {""token"": "" Many"", ""token_id"": 8732, ""probability"": 5.6027342765219146e-09}, {""token"": "" Two"", ""token_id"": 8512, ""probability"": 2.646544539075535e-09}, {""token"": "" Legs"", ""token_id"": 156403, ""probability"": 7.582476313494624e-10}, {""token"": "" None"", ""token_id"": 5450, ""probability"": 4.599004510552618e-10}, {""token"": "" Zero"", ""token_id"": 31234, ""probability"": 3.5817082633116115e-10}, {""token"": "" Typically"", ""token_id"": 50338, ""probability"": 3.5817082633116115e-10}, {""token"": "" Usually"", ""token_id"": 34645, ""probability"": 3.5817082633116115e-10}, {""token"": ""\n\n"", ""token_id"": 108, ""probability"": 2.789437292260999e-10}]"
L22-L25,"[22, 23, 24, 25]","[23422, 23422, 60476, 56900, 56900, 184534, 184534, 109731, 109731, 169121]","[16, 21, 16, 16, 21, 16, 21, 16, 21, 16]","[1703, 197021]","[16, 16]",0.4,3.0,True,joint,False,"[1113.53759765625, 1043.41259765625, 337.6461547851562, 341.0492431640625, 431.497998046875, 279.1304260253906, 364.9177734375, 372.48684082031247, 366.283740234375, 322.753857421875]","[5469.346572875977, 1081.318244934082]","[742.3584594726562, 695.6084594726562, 225.09744262695312, 5469.34765625, 1081.3182373046875, 21.558748245239258, 120.25985717773438, 60.105690002441406, 156.2950897216797, 70.33745574951172, 135.0480194091797, 9.120882987976074]",5677.577437853493, Eight,0.9999816417694092,8.315134323311213e-07,0.9999816417694092,1.6701393178664148e-05,-14.000000025707918,"[{""token"": "" Eight"", ""token_id"": 38923, ""probability"": 0.9999816417694092}, {""token"": "" Four"", ""token_id"": 13038, ""probability"": 1.6701393178664148e-05}, {""token"": "" Six"", ""token_id"": 19759, ""probability"": 8.315134323311213e-07}, {""token"": ""Eight"", ""token_id"": 80357, ""probability"": 8.315134323311213e-07}, {""token"": "" Many"", ""token_id"": 8732, ""probability"": 9.237280274021487e-09}, {""token"": "" Two"", ""token_id"": 8512, ""probability"": 4.363382544170236e-09}, {""token"": "" Legs"", ""token_id"": 156403, ""probability"": 9.736021988615562e-10}, {""token"": "" None"", ""token_id"": 5450, ""probability"": 7.582420802343393e-10}, {""token"": ""\n\n"", ""token_id"": 108, ""probability"": 5.905195776811922e-10}, {""token"": "" Typically"", ""token_id"": 50338, ""probability"": 5.905195776811922e-10}, {""token"": "" Zero"", ""token_id"": 31234, ""probability"": 5.905195776811922e-10}, {""token"": "" Some"", ""token_id"": 4943, ""probability"": 4.598971203861879e-10}]"
L22-L25,"[22, 23, 24, 25]","[23422, 23422, 60476, 56900, 56900, 184534, 184534, 109731, 109731, 169121]","[16, 21, 16, 16, 21, 16, 21, 16, 21, 16]","[1703, 197021]","[16, 16]",0.6,0.0,False,spider_only,False,"[742.3583984375, 695.6083984375, 225.09743652343752, 227.366162109375, 287.66533203125, 186.08695068359376, 243.278515625, 248.324560546875, 244.18916015625, 215.16923828125002]","[0.0, 0.0]","[1113.5377197265625, 1043.4127197265625, 337.6461486816406, 0.0, 0.0, 90.90554809570312, 181.24578857421875, 132.563720703125, 252.1039581298828, 207.88970947265625, 214.1923370361328, 176.93832397460938]",1638.6971465170154, Eight,0.999992847442627,3.05900130115333e-07,0.999992847442627,6.1441683101293165e-06,-15.000000007854181,"[{""token"": "" Eight"", ""token_id"": 38923, ""probability"": 0.999992847442627}, {""token"": "" Four"", ""token_id"": 13038, ""probability"": 6.1441683101293165e-06}, {""token"": ""Eight"", ""token_id"": 80357, ""probability"": 6.475906388914154e-07}, {""token"": "" Six"", ""token_id"": 19759, ""probability"": 3.05900130115333e-07}, {""token"": "" Many"", ""token_id"": 8732, ""probability"": 4.363431393983319e-09}, {""token"": "" Two"", ""token_id"": 8512, ""probability"": 1.6052165152657949e-09}, {""token"": "" Legs"", ""token_id"": 156403, ""probability"": 5.905261835081888e-10}, {""token"": "" None"", ""token_id"": 5450, ""probability"": 3.5817224186551755e-10}, {""token"": ""\n\n"", ""token_id"": 108, ""probability"": 2.789448116935489e-10}, {""token"": "" Typically"", ""token_id"": 50338, ""probability"": 2.789448116935489e-10}, {""token"": "" Usually"", ""token_id"": 34645, ""probability"": 2.789448116935489e-10}, {""token"": "" Some"", ""token_id"": 4943, ""probability"": 2.1724243237652985e-10}]"
L22-L25,"[22, 23, 24, 25]","[23422, 23422, 60476, 56900, 56900, 184534, 184534, 109731, 109731, 169121]","[16, 21, 16, 16, 21, 16, 21, 16, 21, 16]","[1703, 197021]","[16, 16]",0.6,0.25,False,joint,False,"[742.3583984375, 695.6083984375, 225.09743652343752, 227.366162109375, 287.66533203125, 186.08695068359376, 243.278515625, 248.324560546875, 244.18916015625, 215.16923828125002]","[455.77888107299805, 90.10985374450684]","[1113.5377197265625, 1043.4127197265625, 337.6461486816406, 455.7789306640625, 90.10985565185547, 84.28097534179688, 181.23016357421875, 142.8076171875, 256.3208923339844, 209.33465576171875, 221.56044006347656, 179.23428344726562]",1705.758635861959, Eight,0.999992847442627,3.05900130115333e-07,0.999992847442627,6.1441683101293165e-06,-15.000000007854181,"[{""token"": "" Eight"", ""token_id"": 38923, ""probability"": 0.999992847442627}, {""token"": "" Four"", ""token_id"": 13038, ""probability"": 6.1441683101293165e-06}, {""token"": ""Eight"", ""token_id"": 80357, ""probability"": 6.475906388914154e-07}, {""token"": "" Six"", ""token_id"": 19759, ""probability"": 3.05900130115333e-07}, {""token"": "" Many"", ""token_id"": 8732, ""probability"": 5.602756480982407e-09}, {""token"": "" Two"", ""token_id"": 8512, ""probability"": 2.06113881517922e-09}, {""token"": "" Legs"", ""token_id"": 156403, ""probability"": 5.905261835081888e-10}, {""token"": "" None"", ""token_id"": 5450, ""probability"": 4.599022551676768e-10}, {""token"": "" Typically"", ""token_id"": 50338, ""probability"": 3.5817224186551755e-10}, {""token"": ""\n\n"", ""token_id"": 108, ""probability"": 2.789448116935489e-10}, {""token"": "" Zero"", ""token_id"": 31234, ""probability"": 2.789448116935489e-10}, {""token"": "" Usually"", ""token_id"": 34645, ""probability"": 2.789448116935489e-10}]"
L22-L25,"[22, 23, 24, 25]","[23422, 23422, 60476, 56900, 56900, 184534, 184534, 109731, 109731, 169121]","[16, 21, 16, 16, 21, 16, 21, 16, 21, 16]","[1703, 197021]","[16, 16]",0.6,0.5,False,joint,False,"[742.3583984375, 695.6083984375, 225.09743652343752, 227.366162109375, 287.66533203125, 186.08695068359376, 243.278515625, 248.324560546875, 244.18916015625, 215.16923828125002]","[911.5577621459961, 180.21970748901367]","[1113.5377197265625, 1043.4127197265625, 337.6461486816406, 911.557861328125, 180.21971130371094, 77.42357635498047, 181.1488037109375, 143.87152099609375, 254.0298614501953, 199.7279815673828, 217.07911682128906, 174.86196899414062]",1883.541600192863, Eight,0.999992847442627,3.927835336980934e-07,0.999992847442627,6.1441683101293165e-06,-14.750000029082365,"[{""token"": "" Eight"", ""token_id"": 38923, ""probability"": 0.999992847442627}, {""token"": "" Four"", ""token_id"": 13038, ""probability"": 6.1441683101293165e-06}, {""token"": ""Eight"", ""token_id"": 80357, ""probability"": 6.475906388914154e-07}, {""token"": "" Six"", ""token_id"": 19759, ""probability"": 3.927835336980934e-07}, {""token"": "" Many"", ""token_id"": 8732, ""probability"": 5.602756480982407e-09}, {""token"": "" Two"", ""token_id"": 8512, ""probability"": 2.06113881517922e-09}, {""token"": "" Legs"", ""token_id"": 156403, ""probability"": 5.905261835081888e-10}, {""token"": "" None"", ""token_id"": 5450, ""probability"": 4.599022551676768e-10}, {""token"": "" Typically"", ""token_id"": 50338, ""probability"": 2.789448116935489e-10}, {""token"": "" Usually"", ""token_id"": 34645, ""probability"": 2.789448116935489e-10}, {""token"": ""\n\n"", ""token_id"": 108, ""probability"": 2.789448116935489e-10}, {""token"": "" Zero"", ""token_id"": 31234, ""probability"": 2.789448116935489e-10}]"
L22-L25,"[22, 23, 24, 25]","[23422, 23422, 60476, 56900, 56900, 184534, 184534, 109731, 109731, 169121]","[16, 21, 16, 16, 21, 16, 21, 16, 21, 16]","[1703, 197021]","[16, 16]",0.6,0.75,False,joint,False,"[742.3583984375, 695.6083984375, 225.09743652343752, 227.366162109375, 287.66533203125, 186.08695068359376, 243.278515625, 248.324560546875, 244.18916015625, 215.16923828125002]","[1367.3366432189941, 270.3295612335205]","[1113.5377197265625, 1043.4127197265625, 337.6461486816406, 1367.3369140625, 270.3295593261719, 69.46224975585938, 180.84149169921875, 151.8680419921875, 255.21803283691406, 195.25262451171875, 218.1916046142578, 173.71530151367188]",2151.047779867215, Eight,0.9999924898147583,5.043438591201266e-07,0.9999924898147583,6.144166491139913e-06,-14.500000031136276,"[{""token"": "" Eight"", ""token_id"": 38923, ""probability"": 0.9999924898147583}, {""token"": "" Four"", ""token_id"": 13038, ""probability"": 6.144166491139913e-06}, {""token"": ""Eight"", ""token_id"": 80357, ""probability"": 8.315224704347202e-07}, {""token"": "" Six"", ""token_id"": 19759, ""probability"": 5.043438591201266e-07}, {""token"": "" Many"", ""token_id"": 8732, ""probability"": 7.1940791102065305e-09}, {""token"": "" Two"", ""token_id"": 8512, ""probability"": 2.6465538649489417e-09}, {""token"": "" Legs"", ""token_id"": 156403, ""probability"": 7.582502958847215e-10}, {""token"": "" None"", ""token_id"": 5450, ""probability"": 4.599021163897987e-10}, {""token"": ""\n\n"", ""token_id"": 108, ""probability"": 3.5817210308763947e-10}, {""token"": "" Typically"", ""token_id"": 50338, ""probability"": 3.5817210308763947e-10}, {""token"": "" Usually"", ""token_id"": 34645, ""probability"": 3.5817210308763947e-10}, {""token"": "" Some"", ""token_id"": 4943, ""probability"": 2.7894472842682205e-10}]"
L22-L25,"[22, 23, 24, 25]","[23422, 23422, 60476, 56900, 56900, 184534, 184534, 109731, 109731, 169121]","[16, 21, 16, 16, 21, 16, 21, 16, 21, 16]","[1703, 197021]","[16, 16]",0.6,1.0,False,joint,False,"[742.3583984375, 695.6083984375, 225.09743652343752, 227.366162109375, 287.66533203125, 186.08695068359376, 243.278515625, 248.324560546875, 244.18916015625, 215.16923828125002]","[1823.1155242919922, 360.43941497802734]","[1113.5377197265625, 1043.4127197265625, 337.6461486816406, 1823.11572265625, 360.4394226074219, 63.36838150024414, 180.9978485107422, 148.9275665283203, 251.1316680908203, 179.53460693359375, 208.41920471191406, 165.82150268554688]",2474.1744305300294, Eight,0.999992847442627,5.04344086493802e-07,0.999992847442627,6.1441683101293165e-06,-14.499999937936206,"[{""token"": "" Eight"", ""token_id"": 38923, ""probability"": 0.999992847442627}, {""token"": "" Four"", ""token_id"": 13038, ""probability"": 6.1441683101293165e-06}, {""token"": "" Six"", ""token_id"": 19759, ""probability"": 5.04344086493802e-07}, {""token"": ""Eight"", ""token_id"": 80357, ""probability"": 5.04344086493802e-07}, {""token"": "" Many"", ""token_id"": 8732, ""probability"": 5.602756480982407e-09}, {""token"": "" Two"", ""token_id"": 8512, ""probability"": 2.6465549751719664e-09}, {""token"": "" Legs"", ""token_id"": 156403, ""probability"": 5.905261835081888e-10}, {""token"": "" None"", ""token_id"": 5450, ""probability"": 4.599022551676768e-10}, {""token"": "" Usually"", ""token_id"": 34645, ""probability"": 3.5817224186551755e-10}, {""token"": "" Typically"", ""token_id"": 50338, ""probability"": 3.5817224186551755e-10}, {""token"": "" Some"", ""token_id"": 4943, ""probability"": 2.789448116935489e-10}, {""token"": ""\n\n"", ""token_id"": 108, ""probability"": 2.789448116935489e-10}]"
L22-L25,"[22, 23, 24, 25]","[23422, 23422, 60476, 56900, 56900, 184534, 184534, 109731, 109731, 169121]","[16, 21, 16, 16, 21, 16, 21, 16, 21, 16]","[1703, 197021]","[16, 16]",0.6,1.25,False,joint,False,"[742.3583984375, 695.6083984375, 225.09743652343752, 227.366162109375, 287.66533203125, 186.08695068359376, 243.278515625, 248.324560546875, 244.18916015625, 215.16923828125002]","[2278.8944053649902, 450.5492687225342]","[1113.5377197265625, 1043.4127197265625, 337.6461486816406, 2278.894775390625, 450.54925537109375, 56.057281494140625, 180.90472412109375, 152.19915771484375, 249.3917999267578, 169.8214111328125, 207.86415100097656, 161.35330200195312]",2838.723093926877, Eight,0.9999926090240479,6.475904683611589e-07,0.9999926090240479,6.144166945887264e-06,-14.249999942652616,"[{""token"": "" Eight"", ""token_id"": 38923, ""probability"": 0.9999926090240479}, {""token"": "" Four"", ""token_id"": 13038, ""probability"": 6.144166945887264e-06}, {""token"": "" Six"", ""token_id"": 19759, ""probability"": 6.475904683611589e-07}, {""token"": ""Eight"", ""token_id"": 80357, ""probability"": 6.475904683611589e-07}, {""token"": "" Many"", ""token_id"": 8732, ""probability"": 7.19407999838495e-09}, {""token"": "" Two"", ""token_id"": 8512, ""probability"": 2.6465543090381516e-09}, {""token"": "" Legs"", ""token_id"": 156403, ""probability"": 9.736128570025926e-10}, {""token"": "" None"", ""token_id"": 5450, ""probability"": 5.905260169747351e-10}, {""token"": ""\n\n"", ""token_id"": 108, ""probability"": 3.581721585987907e-10}, {""token"": "" Typically"", ""token_id"": 50338, ""probability"": 3.581721585987907e-10}, {""token"": "" Usually"", ""token_id"": 34645, ""probability"": 3.581721585987907e-10}, {""token"": "" Some"", ""token_id"": 4943, ""probability"": 2.7894475618239767e-10}]"
L22-L25,"[22, 23, 24, 25]","[23422, 23422, 60476, 56900, 56900, 184534, 184534, 109731, 109731, 169121]","[16, 21, 16, 16, 21, 16, 21, 16, 21, 16]","[1703, 197021]","[16, 16]",0.6,1.5,False,joint,False,"[742.3583984375, 695.6083984375, 225.09743652343752, 227.366162109375, 287.66533203125, 186.08695068359376, 243.278515625, 248.324560546875, 244.18916015625, 215.16923828125002]","[2734.6732864379883, 540.659122467041]","[1113.5377197265625, 1043.4127197265625, 337.6461486816406, 2734.673828125, 540.6591186523438, 52.02182388305664, 181.18524169921875, 151.055419921875, 250.78150939941406, 157.47418212890625, 208.4154815673828, 155.00753784179688]",3229.0773361086267, Eight,0.9999905824661255,8.315208788189921e-07,0.9999905824661255,7.88924990047235e-06,-14.000000011226051,"[{""token"": "" Eight"", ""token_id"": 38923, ""probability"": 0.9999905824661255}, {""token"": "" Four"", ""token_id"": 13038, ""probability"": 7.88924990047235e-06}, {""token"": "" Six"", ""token_id"": 19759, ""probability"": 8.315208788189921e-07}, {""token"": ""Eight"", ""token_id"": 80357, ""probability"": 6.475891609625251e-07}, {""token"": "" Many"", ""token_id"": 8732, ""probability"": 9.237362874614519e-09}, {""token"": "" Two"", ""token_id"": 8512, ""probability"": 3.398235914886527e-09}, {""token"": "" Legs"", ""token_id"": 156403, ""probability"": 9.736108586011483e-10}, {""token"": "" None"", ""token_id"": 5450, ""probability"": 7.582488525947895e-10}, {""token"": "" Typically"", ""token_id"": 50338, ""probability"": 5.905248512405592e-10}, {""token"": "" Zero"", ""token_id"": 31234, ""probability"": 4.59901228211379e-10}, {""token"": "" Usually"", ""token_id"": 34645, ""probability"": 4.59901228211379e-10}, {""token"": ""\n\n"", ""token_id"": 108, ""probability"": 3.581714091982491e-10}]"
L22-L25,"[22, 23, 24, 25]","[23422, 23422, 60476, 56900, 56900, 184534, 184534, 109731, 109731, 169121]","[16, 21, 16, 16, 21, 16, 21, 16, 21, 16]","[1703, 197021]","[16, 16]",0.6,2.0,True,joint,False,"[742.3583984375, 695.6083984375, 225.09743652343752, 227.366162109375, 287.66533203125, 186.08695068359376, 243.278515625, 248.324560546875, 244.18916015625, 215.16923828125002]","[3646.2310485839844, 720.8788299560547]","[1113.5377197265625, 1043.4127197265625, 337.6461486816406, 3646.2314453125, 720.8788452148438, 35.60000991821289, 180.9332733154297, 143.9547119140625, 246.52503967285156, 116.42790985107422, 205.3715362548828, 132.08554077148438]",4055.370836491797, Eight,0.9999924898147583,8.315224704347202e-07,0.9999924898147583,6.144166491139913e-06,-14.000000004490719,"[{""token"": "" Eight"", ""token_id"": 38923, ""probability"": 0.9999924898147583}, {""token"": "" Four"", ""token_id"": 13038, ""probability"": 6.144166491139913e-06}, {""token"": "" Six"", ""token_id"": 19759, ""probability"": 8.315224704347202e-07}, {""token"": ""Eight"", ""token_id"": 80357, ""probability"": 5.043438591201266e-07}, {""token"": "" Many"", ""token_id"": 8732, ""probability"": 7.1940791102065305e-09}, {""token"": "" Two"", ""token_id"": 8512, ""probability"": 2.6465538649489417e-09}, {""token"": "" Legs"", ""token_id"": 156403, ""probability"": 5.905259614635838e-10}, {""token"": "" None"", ""token_id"": 5450, ""probability"": 4.599021163897987e-10}, {""token"": "" Usually"", ""token_id"": 34645, ""probability"": 3.5817210308763947e-10}, {""token"": "" Typically"", ""token_id"": 50338, ""probability"": 3.5817210308763947e-10}, {""token"": "" Zero"", ""token_id"": 31234, ""probability"": 2.7894472842682205e-10}, {""token"": ""\n\n"", ""token_id"": 108, ""probability"": 2.7894472842682205e-10}]"
L22-L25,"[22, 23, 24, 25]","[23422, 23422, 60476, 56900, 56900, 184534, 184534, 109731, 109731, 169121]","[16, 21, 16, 16, 21, 16, 21, 16, 21, 16]","[1703, 197021]","[16, 16]",0.6,3.0,True,joint,False,"[742.3583984375, 695.6083984375, 225.09743652343752, 227.366162109375, 287.66533203125, 186.08695068359376, 243.278515625, 248.324560546875, 244.18916015625, 215.16923828125002]","[5469.346572875977, 1081.318244934082]","[1113.5377197265625, 1043.4127197265625, 337.6461486816406, 5469.34765625, 1081.3182373046875, 7.721315860748291, 180.65789794921875, 110.81676483154297, 233.3589630126953, 6.734564304351807, 201.2526397705078, 59.01095199584961]",5802.5130867183925, Eight,0.9999878406524658,1.3709424138141912e-06,0.9999878406524658,1.012997017824091e-05,-13.500000001897897,"[{""token"": "" Eight"", ""token_id"": 38923, ""probability"": 0.9999878406524658}, {""token"": "" Four"", ""token_id"": 13038, ""probability"": 1.012997017824091e-05}, {""token"": "" Six"", ""token_id"": 19759, ""probability"": 1.3709424138141912e-06}, {""token"": ""Eight"", ""token_id"": 80357, ""probability"": 6.475873419731215e-07}, {""token"": "" Many"", ""token_id"": 8732, ""probability"": 7.194045803515792e-09}, {""token"": "" Two"", ""token_id"": 8512, ""probability"": 4.3634096336120365e-09}, {""token"": "" Legs"", ""token_id"": 156403, ""probability"": 9.736081940658892e-10}, {""token"": "" None"", ""token_id"": 5450, ""probability"": 7.582467986821939e-10}, {""token"": "" Typically"", ""token_id"": 50338, ""probability"": 5.905232414171735e-10}, {""token"": "" Zero"", ""token_id"": 31234, ""probability"": 4.598999792104763e-10}, {""token"": "" Some"", ""token_id"": 4943, ""probability"": 3.5817043775310253e-10}, {""token"": ""\n\n"", ""token_id"": 108, ""probability"": 3.5817043775310253e-10}]"
L22-L25,"[22, 23, 24, 25]","[23422, 23422, 60476, 56900, 56900, 184534, 184534, 109731, 109731, 169121]","[16, 21, 16, 16, 21, 16, 21, 16, 21, 16]","[1703, 197021]","[16, 16]",0.8,0.0,False,spider_only,False,"[371.17919921874994, 347.80419921874994, 112.54871826171872, 113.68308105468748, 143.83266601562497, 93.04347534179685, 121.63925781249998, 124.16228027343747, 122.09458007812498, 107.58461914062498]","[0.0, 0.0]","[1484.7169189453125, 1391.2169189453125, 450.19488525390625, 0.0, 0.0, 120.56140899658203, 239.60693359375, 171.20826721191406, 320.58892822265625, 267.4844055175781, 275.02593994140625, 232.3710174560547]",2178.936394639902, Eight,0.9999947547912598,8.315243462675426e-07,0.9999947547912598,3.7266336221364327e-06,-14.00000001358267,"[{""token"": "" Eight"", ""token_id"": 38923, ""probability"": 0.9999947547912598}, {""token"": "" Four"", ""token_id"": 13038, ""probability"": 3.7266336221364327e-06}, {""token"": "" Six"", ""token_id"": 19759, ""probability"": 8.315243462675426e-07}, {""token"": ""Eight"", ""token_id"": 80357, ""probability"": 6.475918326032115e-07}, {""token"": "" Many"", ""token_id"": 8732, ""probability"": 7.194095541507295e-09}, {""token"": "" Two"", ""token_id"": 8512, ""probability"": 2.6465598601532747e-09}, {""token"": "" Legs"", ""token_id"": 156403, ""probability"": 7.582520167304097e-10}, {""token"": "" None"", ""token_id"": 5450, ""probability"": 5.905272937312134e-10}, {""token"": ""\n\n"", ""token_id"": 108, ""probability"": 3.581729079993323e-10}, {""token"": "" Typically"", ""token_id"": 50338, ""probability"": 3.581729079993323e-10}, {""token"": "" Usually"", ""token_id"": 34645, ""probability"": 3.581729079993323e-10}, {""token"": "" Some"", ""token_id"": 4943, ""probability"": 2.789453390494856e-10}]"
L22-L25,"[22, 23, 24, 25]","[23422, 23422, 60476, 56900, 56900, 184534, 184534, 109731, 109731, 169121]","[16, 21, 16, 16, 21, 16, 21, 16, 21, 16]","[1703, 197021]","[16, 16]",0.8,0.25,False,joint,False,"[371.17919921874994, 347.80419921874994, 112.54871826171872, 113.68308105468748, 143.83266601562497, 93.04347534179685, 121.63925781249998, 124.16228027343747, 122.09458007812498, 107.58461914062498]","[455.77888107299805, 90.10985374450684]","[1484.7169189453125, 1391.2169189453125, 450.19488525390625, 455.7789306640625, 90.10985565185547, 114.30060577392578, 239.4032745361328, 176.7967071533203, 318.98394775390625, 266.4217224121094, 267.10394287109375, 231.8071746826172]",2226.62177008631, Eight,0.9999921321868896,1.067695620804443e-06,0.9999921321868896,6.1441642174031585e-06,-13.74999998944899,"[{""token"": "" Eight"", ""token_id"": 38923, ""probability"": 0.9999921321868896}, {""token"": "" Four"", ""token_id"": 13038, ""probability"": 6.1441642174031585e-06}, {""token"": "" Six"", ""token_id"": 19759, ""probability"": 1.067695620804443e-06}, {""token"": ""Eight"", ""token_id"": 80357, ""probability"": 6.475901273006457e-07}, {""token"": "" Many"", ""token_id"": 8732, ""probability"": 9.237377085469234e-09}, {""token"": "" Two"", ""token_id"": 8512, ""probability"": 3.3982412439570453e-09}, {""token"": "" Legs"", ""token_id"": 156403, ""probability"": 9.736124129133827e-10}, {""token"": "" None"", ""token_id"": 5450, ""probability"": 7.582500738401166e-10}, {""token"": ""\n\n"", ""token_id"": 108, ""probability"": 4.5990194985634503e-10}, {""token"": "" Typically"", ""token_id"": 50338, ""probability"": 4.5990194985634503e-10}, {""token"": "" Several"", ""token_id"": 22624, ""probability"": 3.581719643097614e-10}, {""token"": "" Some"", ""token_id"": 4943, ""probability"": 3.581719643097614e-10}]"
L22-L25,"[22, 23, 24, 25]","[23422, 23422, 60476, 56900, 56900, 184534, 184534, 109731, 109731, 169121]","[16, 21, 16, 16, 21, 16, 21, 16, 21, 16]","[1703, 197021]","[16, 16]",0.8,0.5,False,joint,False,"[371.17919921874994, 347.80419921874994, 112.54871826171872, 113.68308105468748, 143.83266601562497, 93.04347534179685, 121.63925781249998, 124.16228027343747, 122.09458007812498, 107.58461914062498]","[911.5577621459961, 180.21970748901367]","[1484.7169189453125, 1391.2169189453125, 450.19488525390625, 911.557861328125, 180.21971130371094, 107.40985870361328, 241.8919677734375, 187.0993194580078, 323.30340576171875, 262.7098388671875, 270.04864501953125, 231.68670654296875]",2368.7892409424007, Eight,0.9999929666519165,1.37094946239813e-06,0.9999929666519165,4.7850840019236784e-06,-13.49999998654472,"[{""token"": "" Eight"", ""token_id"": 38923, ""probability"": 0.9999929666519165}, {""token"": "" Four"", ""token_id"": 13038, ""probability"": 4.7850840019236784e-06}, {""token"": "" Six"", ""token_id"": 19759, ""probability"": 1.37094946239813e-06}, {""token"": ""Eight"", ""token_id"": 80357, ""probability"": 8.315228683386522e-07}, {""token"": "" Many"", ""token_id"": 8732, ""probability"": 7.194082662920209e-09}, {""token"": "" Two"", ""token_id"": 8512, ""probability"": 3.3982439084923044e-09}, {""token"": "" Legs"", ""token_id"": 156403, ""probability"": 7.582506844627801e-10}, {""token"": "" None"", ""token_id"": 5450, ""probability"": 5.9052623901934e-10}, {""token"": "" Typically"", ""token_id"": 50338, ""probability"": 3.5817226962109316e-10}, {""token"": "" Usually"", ""token_id"": 34645, ""probability"": 3.5817226962109316e-10}, {""token"": ""\n\n"", ""token_id"": 108, ""probability"": 3.5817226962109316e-10}, {""token"": "" Zero"", ""token_id"": 31234, ""probability"": 3.5817226962109316e-10}]"
L22-L25,"[22, 23, 24, 25]","[23422, 23422, 60476, 56900, 56900, 184534, 184534, 109731, 109731, 169121]","[16, 21, 16, 16, 21, 16, 21, 16, 21, 16]","[1703, 197021]","[16, 16]",0.8,0.75,False,joint,False,"[371.17919921874994, 347.80419921874994, 112.54871826171872, 113.68308105468748, 143.83266601562497, 93.04347534179685, 121.63925781249998, 124.16228027343747, 122.09458007812498, 107.58461914062498]","[1367.3366432189941, 270.3295612335205]","[1484.7169189453125, 1391.2169189453125, 450.19488525390625, 1367.3369140625, 270.3295593261719, 99.99121856689453, 242.3602294921875, 187.12403869628906, 321.23638916015625, 253.18724060058594, 267.79071044921875, 225.09315490722656]",2584.3103735571235, Eight,0.9999934434890747,1.0676969850464957e-06,0.9999934434890747,4.785086275660433e-06,-13.750000023017092,"[{""token"": "" Eight"", ""token_id"": 38923, ""probability"": 0.9999934434890747}, {""token"": "" Four"", ""token_id"": 13038, ""probability"": 4.785086275660433e-06}, {""token"": "" Six"", ""token_id"": 19759, ""probability"": 1.0676969850464957e-06}, {""token"": ""Eight"", ""token_id"": 80357, ""probability"": 6.475909799519286e-07}, {""token"": "" Many"", ""token_id"": 8732, ""probability"": 7.194086215633888e-09}, {""token"": "" Two"", ""token_id"": 8512, ""probability"": 3.398245684849144e-09}, {""token"": "" Legs"", ""token_id"": 156403, ""probability"": 7.582510175296875e-10}, {""token"": "" None"", ""token_id"": 5450, ""probability"": 5.905265165750961e-10}, {""token"": "" Typically"", ""token_id"": 50338, ""probability"": 3.5817243615454686e-10}, {""token"": ""\n\n"", ""token_id"": 108, ""probability"": 2.789449782270026e-10}, {""token"": "" Zero"", ""token_id"": 31234, ""probability"": 2.789449782270026e-10}, {""token"": "" Usually"", ""token_id"": 34645, ""probability"": 2.789449782270026e-10}]"
L22-L25,"[22, 23, 24, 25]","[23422, 23422, 60476, 56900, 56900, 184534, 184534, 109731, 109731, 169121]","[16, 21, 16, 16, 21, 16, 21, 16, 21, 16]","[1703, 197021]","[16, 16]",0.8,1.0,False,joint,False,"[371.17919921874994, 347.80419921874994, 112.54871826171872, 113.68308105468748, 143.83266601562497, 93.04347534179685, 121.63925781249998, 124.16228027343747, 122.09458007812498, 107.58461914062498]","[1823.1155242919922, 360.43941497802734]","[1484.7169189453125, 1391.2169189453125, 450.19488525390625, 1823.11572265625, 360.4394226074219, 92.92005157470703, 240.05079650878906, 194.79627990722656, 320.4326171875, 247.61131286621094, 265.00567626953125, 221.7908477783203]",2860.7382823009207, Eight,0.9999914169311523,1.7603312016944983e-06,0.9999914169311523,6.14415966992965e-06,-13.250000000731726,"[{""token"": "" Eight"", ""token_id"": 38923, ""probability"": 0.9999914169311523}, {""token"": "" Four"", ""token_id"": 13038, ""probability"": 6.14415966992965e-06}, {""token"": "" Six"", ""token_id"": 19759, ""probability"": 1.7603312016944983e-06}, {""token"": ""Eight"", ""token_id"": 80357, ""probability"": 6.475896725532948e-07}, {""token"": "" Many"", ""token_id"": 8732, ""probability"": 9.237370868220296e-09}, {""token"": "" Two"", ""token_id"": 8512, ""probability"": 4.363425176734381e-09}, {""token"": "" Legs"", ""token_id"": 156403, ""probability"": 9.73611746779568e-10}, {""token"": "" None"", ""token_id"": 5450, ""probability"": 7.582495187286042e-10}, {""token"": "" Zero"", ""token_id"": 31234, ""probability"": 4.5990161678943764e-10}, {""token"": "" Typically"", ""token_id"": 50338, ""probability"": 4.5990161678943764e-10}, {""token"": "" Usually"", ""token_id"": 34645, ""probability"": 4.5990161678943764e-10}, {""token"": ""\n\n"", ""token_id"": 108, ""probability"": 3.5817171450958085e-10}]"
L22-L25,"[22, 23, 24, 25]","[23422, 23422, 60476, 56900, 56900, 184534, 184534, 109731, 109731, 169121]","[16, 21, 16, 16, 21, 16, 21, 16, 21, 16]","[1703, 197021]","[16, 16]",0.8,1.25,False,joint,False,"[371.17919921874994, 347.80419921874994, 112.54871826171872, 113.68308105468748, 143.83266601562497, 93.04347534179685, 121.63925781249998, 124.16228027343747, 122.09458007812498, 107.58461914062498]","[2278.8944053649902, 450.5492687225342]","[1484.7169189453125, 1391.2169189453125, 450.19488525390625, 2278.894775390625, 450.54925537109375, 86.05786895751953, 242.19732666015625, 192.87269592285156, 320.337890625, 231.90074157714844, 264.30828857421875, 213.13671875]",3180.2273719932514, Eight,0.999991774559021,1.3709478707824019e-06,0.999991774559021,6.144161943666404e-06,-13.49999995540212,"[{""token"": "" Eight"", ""token_id"": 38923, ""probability"": 0.999991774559021}, {""token"": "" Four"", ""token_id"": 13038, ""probability"": 6.144161943666404e-06}, {""token"": "" Six"", ""token_id"": 19759, ""probability"": 1.3709478707824019e-06}, {""token"": ""Eight"", ""token_id"": 80357, ""probability"": 6.475898999269702e-07}, {""token"": "" Many"", ""token_id"": 8732, ""probability"": 7.194074225225222e-09}, {""token"": "" Two"", ""token_id"": 8512, ""probability"": 3.3982399116894157e-09}, {""token"": "" Legs"", ""token_id"": 156403, ""probability"": 7.582497962843604e-10}, {""token"": "" None"", ""token_id"": 5450, ""probability"": 5.90525517374374e-10}, {""token"": "" Typically"", ""token_id"": 50338, ""probability"": 4.5990178332289133e-10}, {""token"": ""\n\n"", ""token_id"": 108, ""probability"": 3.5817185328745893e-10}, {""token"": "" Several"", ""token_id"": 22624, ""probability"": 3.5817185328745893e-10}, {""token"": "" Zero"", ""token_id"": 31234, ""probability"": 3.5817185328745893e-10}]"
L22-L25,"[22, 23, 24, 25]","[23422, 23422, 60476, 56900, 56900, 184534, 184534, 109731, 109731, 169121]","[16, 21, 16, 16, 21, 16, 21, 16, 21, 16]","[1703, 197021]","[16, 16]",0.8,1.5,False,joint,False,"[371.17919921874994, 347.80419921874994, 112.54871826171872, 113.68308105468748, 143.83266601562497, 93.04347534179685, 121.63925781249998, 124.16228027343747, 122.09458007812498, 107.58461914062498]","[2734.6732864379883, 540.659122467041]","[1484.7169189453125, 1391.2169189453125, 450.19488525390625, 2734.673828125, 540.6591186523438, 81.19684600830078, 242.35707092285156, 193.59645080566406, 318.882080078125, 218.8137664794922, 264.036376953125, 205.43443298339844]",3532.3633352024935, Eight,0.9999927282333374,1.7603334754312527e-06,0.9999927282333374,4.785082637681626e-06,-13.250000020392322,"[{""token"": "" Eight"", ""token_id"": 38923, ""probability"": 0.9999927282333374}, {""token"": "" Four"", ""token_id"": 13038, ""probability"": 4.785082637681626e-06}, {""token"": "" Six"", ""token_id"": 19759, ""probability"": 1.7603334754312527e-06}, {""token"": ""Eight"", ""token_id"": 80357, ""probability"": 6.475905252045777e-07}, {""token"": "" Many"", ""token_id"": 8732, ""probability"": 7.19408088656337e-09}, {""token"": "" Two"", ""token_id"": 8512, ""probability"": 3.3982432423584896e-09}, {""token"": "" Legs"", ""token_id"": 156403, ""probability"": 5.905261279970375e-10}, {""token"": "" None"", ""token_id"": 5450, ""probability"": 5.905261279970375e-10}, {""token"": "" Typically"", ""token_id"": 50338, ""probability"": 4.599022274121012e-10}, {""token"": "" Usually"", ""token_id"": 34645, ""probability"": 3.581721863543663e-10}, {""token"": "" Some"", ""token_id"": 4943, ""probability"": 2.789447839379733e-10}, {""token"": ""\n\n"", ""token_id"": 108, ""probability"": 2.789447839379733e-10}]"
L22-L25,"[22, 23, 24, 25]","[23422, 23422, 60476, 56900, 56900, 184534, 184534, 109731, 109731, 169121]","[16, 21, 16, 16, 21, 16, 21, 16, 21, 16]","[1703, 197021]","[16, 16]",0.8,2.0,True,joint,False,"[371.17919921874994, 347.80419921874994, 112.54871826171872, 113.68308105468748, 143.83266601562497, 93.04347534179685, 121.63925781249998, 124.16228027343747, 122.09458007812498, 107.58461914062498]","[3646.2310485839844, 720.8788299560547]","[1484.7169189453125, 1391.2169189453125, 450.19488525390625, 3646.2314453125, 720.8788452148438, 66.04505157470703, 242.13111877441406, 184.10304260253906, 315.28729248046875, 176.9905242919922, 260.6329345703125, 182.6811065673828]",4299.550131759729, Eight,0.9999895095825195,3.7266140680003446e-06,0.9999895095825195,6.144147846498527e-06,-12.500000002664818,"[{""token"": "" Eight"", ""token_id"": 38923, ""probability"": 0.9999895095825195}, {""token"": "" Four"", ""token_id"": 13038, ""probability"": 6.144147846498527e-06}, {""token"": "" Six"", ""token_id"": 19759, ""probability"": 3.7266140680003446e-06}, {""token"": ""Eight"", ""token_id"": 80357, ""probability"": 6.475884219980799e-07}, {""token"": "" Many"", ""token_id"": 8732, ""probability"": 9.237353104651902e-09}, {""token"": "" Two"", ""token_id"": 8512, ""probability"": 5.602737829235593e-09}, {""token"": "" Legs"", ""token_id"": 156403, ""probability"": 9.73609859400426e-10}, {""token"": "" None"", ""token_id"": 5450, ""probability"": 7.582480754386722e-10}, {""token"": "" Typically"", ""token_id"": 50338, ""probability"": 5.905241851067444e-10}, {""token"": "" Zero"", ""token_id"": 31234, ""probability"": 4.5990072861101794e-10}, {""token"": "" Usually"", ""token_id"": 34645, ""probability"": 4.5990072861101794e-10}, {""token"": ""\n\n"", ""token_id"": 108, ""probability"": 3.581710483757661e-10}]"
L22-L25,"[22, 23, 24, 25]","[23422, 23422, 60476, 56900, 56900, 184534, 184534, 109731, 109731, 169121]","[16, 21, 16, 16, 21, 16, 21, 16, 21, 16]","[1703, 197021]","[16, 16]",0.8,3.0,True,joint,False,"[371.17919921874994, 347.80419921874994, 112.54871826171872, 113.68308105468748, 143.83266601562497, 93.04347534179685, 121.63925781249998, 124.16228027343747, 122.09458007812498, 107.58461914062498]","[5469.346572875977, 1081.318244934082]","[1484.7169189453125, 1391.2169189453125, 450.19488525390625, 5469.34765625, 1081.3182373046875, 38.76819610595703, 241.8386993408203, 153.4400177001953, 303.33599853515625, 57.50370407104492, 256.7135009765625, 111.88385009765625]",5973.510624831227, Eight,0.9999868869781494,4.785054898093222e-06,0.9999868869781494,7.889220796641894e-06,-12.249999947061603,"[{""token"": "" Eight"", ""token_id"": 38923, ""probability"": 0.9999868869781494}, {""token"": "" Four"", ""token_id"": 13038, ""probability"": 7.889220796641894e-06}, {""token"": "" Six"", ""token_id"": 19759, ""probability"": 4.785054898093222e-06}, {""token"": ""Eight"", ""token_id"": 80357, ""probability"": 5.043410737926024e-07}, {""token"": "" Many"", ""token_id"": 8732, ""probability"": 7.194039142177644e-09}, {""token"": "" Two"", ""token_id"": 8512, ""probability"": 5.602723174291668e-09}, {""token"": "" None"", ""token_id"": 5450, ""probability"": 7.582460770372279e-10}, {""token"": "" Legs"", ""token_id"": 156403, ""probability"": 7.582460770372279e-10}, {""token"": "" Typically"", ""token_id"": 50338, ""probability"": 5.905226863056612e-10}, {""token"": ""\n\n"", ""token_id"": 108, ""probability"": 3.5817010468619515e-10}, {""token"": "" Zero"", ""token_id"": 31234, ""probability"": 3.5817010468619515e-10}, {""token"": "" Usually"", ""token_id"": 34645, ""probability"": 3.5817010468619515e-10}]"
L22-L25,"[22, 23, 24, 25]","[23422, 23422, 60476, 56900, 56900, 184534, 184534, 109731, 109731, 169121]","[16, 21, 16, 16, 21, 16, 21, 16, 21, 16]","[1703, 197021]","[16, 16]",1.0,0.0,False,spider_only,False,"[0.0, 0.0, 0.0, 0.0, 0.0, 0.0, 0.0, 0.0, 0.0, 0.0]","[0.0, 0.0]","[1855.8961181640625, 1739.021240234375, 562.7435302734375, 0.0, 0.0, 150.6357879638672, 303.9625244140625, 198.16281127929688, 384.2519836425781, 317.9283752441406, 322.638427734375, 279.62396240234375]",2714.883343170432, Eight,0.9999908208847046,3.7266190702212043e-06,0.9999908208847046,4.785073542734608e-06,-12.499999971684343,"[{""token"": "" Eight"", ""token_id"": 38923, ""probability"": 0.9999908208847046}, {""token"": "" Four"", ""token_id"": 13038, ""probability"": 4.785073542734608e-06}, {""token"": "" Six"", ""token_id"": 19759, ""probability"": 3.7266190702212043e-06}, {""token"": ""Eight"", ""token_id"": 80357, ""probability"": 6.475892746493628e-07}, {""token"": "" Many"", ""token_id"": 8732, ""probability"": 7.1940671197978645e-09}, {""token"": "" Two"", ""token_id"": 8512, ""probability"": 4.363422512199122e-09}, {""token"": "" Legs"", ""token_id"": 156403, ""probability"": 7.582490746393944e-10}, {""token"": "" None"", ""token_id"": 5450, ""probability"": 5.905249622628617e-10}, {""token"": "" Typically"", ""token_id"": 50338, ""probability"": 3.5817152022055154e-10}, {""token"": "" Usually"", ""token_id"": 34645, ""probability"": 3.5817152022055154e-10}, {""token"": ""\n\n"", ""token_id"": 108, ""probability"": 3.5817152022055154e-10}, {""token"": "" Several"", ""token_id"": 22624, ""probability"": 3.5817152022055154e-10}]"
L22-L25,"[22, 23, 24, 25]","[23422, 23422, 60476, 56900, 56900, 184534, 184534, 109731, 109731, 169121]","[16, 21, 16, 16, 21, 16, 21, 16, 21, 16]","[1703, 197021]","[16, 16]",1.0,0.25,False,joint,False,"[0.0, 0.0, 0.0, 0.0, 0.0, 0.0, 0.0, 0.0, 0.0, 0.0]","[455.77888107299805, 90.10985374450684]","[1855.8961181640625, 1739.021240234375, 562.7435302734375, 455.7789306640625, 90.10985565185547, 143.7262725830078, 304.0544128417969, 208.96652221679688, 385.8682556152344, 317.9823303222656, 321.8146057128906, 280.375732421875]",2755.0018830604727, Eight,0.9999885559082031,4.785063083545538e-06,0.9999885559082031,6.144141934782965e-06,-12.249999905384897,"[{""token"": "" Eight"", ""token_id"": 38923, ""probability"": 0.9999885559082031}, {""token"": "" Four"", ""token_id"": 13038, ""probability"": 6.144141934782965e-06}, {""token"": "" Six"", ""token_id"": 19759, ""probability"": 4.785063083545538e-06}, {""token"": ""Eight"", ""token_id"": 80357, ""probability"": 5.043418696004665e-07}, {""token"": "" Many"", ""token_id"": 8732, ""probability"": 9.237344222867705e-09}, {""token"": "" Two"", ""token_id"": 8512, ""probability"": 5.602732500165075e-09}, {""token"": "" None"", ""token_id"": 5450, ""probability"": 7.582473537937062e-10}, {""token"": "" Legs"", ""token_id"": 156403, ""probability"": 7.582473537937062e-10}, {""token"": "" Typically"", ""token_id"": 50338, ""probability"": 5.905236299952321e-10}, {""token"": ""\n\n"", ""token_id"": 108, ""probability"": 4.599002845218081e-10}, {""token"": "" Several"", ""token_id"": 22624, ""probability"": 4.599002845218081e-10}, {""token"": "" Usually"", ""token_id"": 34645, ""probability"": 4.599002845218081e-10}]"
L22-L25,"[22, 23, 24, 25]","[23422, 23422, 60476, 56900, 56900, 184534, 184534, 109731, 109731, 169121]","[16, 21, 16, 16, 21, 16, 21, 16, 21, 16]","[1703, 197021]","[16, 16]",1.0,0.5,False,joint,False,"[0.0, 0.0, 0.0, 0.0, 0.0, 0.0, 0.0, 0.0, 0.0, 0.0]","[911.5577621459961, 180.21970748901367]","[1855.8961181640625, 1739.021240234375, 562.7435302734375, 911.557861328125, 180.21971130371094, 137.23934936523438, 304.14776611328125, 213.41354370117188, 388.1483459472656, 311.5345153808594, 322.8609924316406, 276.1647033691406]",2869.450702659993, Eight,0.9999884366989136,4.785062174050836e-06,0.9999884366989136,6.144141480035614e-06,-12.249999976243785,"[{""token"": "" Eight"", ""token_id"": 38923, ""probability"": 0.9999884366989136}, {""token"": "" Four"", ""token_id"": 13038, ""probability"": 6.144141480035614e-06}, {""token"": "" Six"", ""token_id"": 19759, ""probability"": 4.785062174050836e-06}, {""token"": ""Eight"", ""token_id"": 80357, ""probability"": 6.475877398770535e-07}, {""token"": "" Many"", ""token_id"": 8732, ""probability"": 9.237343334689285e-09}, {""token"": "" Two"", ""token_id"": 8512, ""probability"": 5.6027316119866555e-09}, {""token"": "" Legs"", ""token_id"": 156403, ""probability"": 7.582472427714038e-10}, {""token"": "" None"", ""token_id"": 5450, ""probability"": 5.905235744840809e-10}, {""token"": "" Typically"", ""token_id"": 50338, ""probability"": 4.5990022901065686e-10}, {""token"": ""\n\n"", ""token_id"": 108, ""probability"": 3.5817065979770746e-10}, {""token"": "" Several"", ""token_id"": 22624, ""probability"": 3.5817065979770746e-10}, {""token"": "" Zero"", ""token_id"": 31234, ""probability"": 3.5817065979770746e-10}]"
L22-L25,"[22, 23, 24, 25]","[23422, 23422, 60476, 56900, 56900, 184534, 184534, 109731, 109731, 169121]","[16, 21, 16, 16, 21, 16, 21, 16, 21, 16]","[1703, 197021]","[16, 16]",1.0,0.75,False,joint,False,"[0.0, 0.0, 0.0, 0.0, 0.0, 0.0, 0.0, 0.0, 0.0, 0.0]","[1367.3366432189941, 270.3295612335205]","[1855.8961181640625, 1739.021240234375, 562.7435302734375, 1367.3369140625, 270.3295593261719, 129.4043731689453, 304.3182373046875, 219.98397827148438, 386.0810241699219, 306.4872131347656, 318.4740295410156, 273.75823974609375]",3050.413766340331, Eight,0.999987006187439,6.1441323850885965e-06,0.999987006187439,6.1441323850885965e-06,-12.000000021401876,"[{""token"": "" Eight"", ""token_id"": 38923, ""probability"": 0.999987006187439}, {""token"": "" Six"", ""token_id"": 19759, ""probability"": 6.1441323850885965e-06}, {""token"": "" Four"", ""token_id"": 13038, ""probability"": 6.1441323850885965e-06}, {""token"": ""Eight"", ""token_id"": 80357, ""probability"": 6.475868303823518e-07}, {""token"": "" Many"", ""token_id"": 8732, ""probability"": 9.23733001201299e-09}, {""token"": "" Two"", ""token_id"": 8512, ""probability"": 7.194040030356064e-09}, {""token"": "" Legs"", ""token_id"": 156403, ""probability"": 7.582461880595304e-10}, {""token"": "" None"", ""token_id"": 5450, ""probability"": 7.582461880595304e-10}, {""token"": "" Typically"", ""token_id"": 50338, ""probability"": 5.905227418168124e-10}, {""token"": ""\n\n"", ""token_id"": 108, ""probability"": 4.598995906324177e-10}, {""token"": "" Several"", ""token_id"": 22624, ""probability"": 3.5817013244177076e-10}, {""token"": "" Some"", ""token_id"": 4943, ""probability"": 3.5817013244177076e-10}]"
L22-L25,"[22, 23, 24, 25]","[23422, 23422, 60476, 56900, 56900, 184534, 184534, 109731, 109731, 169121]","[16, 21, 16, 16, 21, 16, 21, 16, 21, 16]","[1703, 197021]","[16, 16]",1.0,1.0,False,joint,False,"[0.0, 0.0, 0.0, 0.0, 0.0, 0.0, 0.0, 0.0, 0.0, 0.0]","[1823.1155242919922, 360.43941497802734]","[1855.8961181640625, 1739.021240234375, 562.7435302734375, 1823.11572265625, 360.4394226074219, 0.0, 304.0857849121094, 216.92477416992188, 389.1325378417969, 290.8084411621094, 319.9618225097656, 268.2127685546875]",3284.6194501959435, Eight,0.9999850988388062,7.889207154221367e-06,0.9999850988388062,6.144121016404824e-06,-11.750000014307888,"[{""token"": "" Eight"", ""token_id"": 38923, ""probability"": 0.9999850988388062}, {""token"": "" Six"", ""token_id"": 19759, ""probability"": 7.889207154221367e-06}, {""token"": "" Four"", ""token_id"": 13038, ""probability"": 6.144121016404824e-06}, {""token"": ""Eight"", ""token_id"": 80357, ""probability"": 8.315163313454832e-07}, {""token"": "" Many"", ""token_id"": 8732, ""probability"": 1.5229753458356754e-08}, {""token"": "" Two"", ""token_id"": 8512, ""probability"": 9.237312248444596e-09}, {""token"": "" None"", ""token_id"": 5450, ""probability"": 9.7360552953063e-10}, {""token"": "" Legs"", ""token_id"": 156403, ""probability"": 9.7360552953063e-10}, {""token"": "" Typically"", ""token_id"": 50338, ""probability"": 7.582446892584471e-10}, {""token"": ""\n\n"", ""token_id"": 108, ""probability"": 5.905215760826366e-10}, {""token"": "" Several"", ""token_id"": 22624, ""probability"": 5.905215760826366e-10}, {""token"": "" Zero"", ""token_id"": 31234, ""probability"": 5.905215760826366e-10}]"
L22-L25,"[22, 23, 24, 25]","[23422, 23422, 60476, 56900, 56900, 184534, 184534, 109731, 109731, 169121]","[16, 21, 16, 16, 21, 16, 21, 16, 21, 16]","[1703, 197021]","[16, 16]",1.0,1.25,False,joint,False,"[0.0, 0.0, 0.0, 0.0, 0.0, 0.0, 0.0, 0.0, 0.0, 0.0]","[2278.8944053649902, 450.5492687225342]","[1855.8961181640625, 1739.021240234375, 562.7435302734375, 2278.894775390625, 450.54925537109375, 0.0, 304.16412353515625, 219.11477661132812, 386.2408752441406, 281.5140686035156, 317.2342834472656, 262.0511474609375]",3566.4897677508884, Eight,0.9999830722808838,1.0129921065527014e-05,0.9999830722808838,6.1441082834789995e-06,-11.500000104021007,"[{""token"": "" Eight"", ""token_id"": 38923, ""probability"": 0.9999830722808838}, {""token"": "" Six"", ""token_id"": 19759, ""probability"": 1.0129921065527014e-05}, {""token"": "" Four"", ""token_id"": 13038, ""probability"": 6.1441082834789995e-06}, {""token"": ""Eight"", ""token_id"": 80357, ""probability"": 6.47584272428503e-07}, {""token"": "" Many"", ""token_id"": 8732, ""probability"": 1.186091935778677e-08}, {""token"": "" Two"", ""token_id"": 8512, ""probability"": 7.194011608646633e-09}, {""token"": "" Legs"", ""token_id"": 156403, ""probability"": 9.736036421514882e-10}, {""token"": "" None"", ""token_id"": 5450, ""probability"": 7.582431904573639e-10}, {""token"": "" Typically"", ""token_id"": 50338, ""probability"": 5.905204103484607e-10}, {""token"": ""\n\n"", ""token_id"": 108, ""probability"": 4.598977865200027e-10}, {""token"": "" Several"", ""token_id"": 22624, ""probability"": 4.598977865200027e-10}, {""token"": "" Zero"", ""token_id"": 31234, ""probability"": 4.598977865200027e-10}]"
L22-L25,"[22, 23, 24, 25]","[23422, 23422, 60476, 56900, 56900, 184534, 184534, 109731, 109731, 169121]","[16, 21, 16, 16, 21, 16, 21, 16, 21, 16]","[1703, 197021]","[16, 16]",1.0,1.5,False,joint,False,"[0.0, 0.0, 0.0, 0.0, 0.0, 0.0, 0.0, 0.0, 0.0, 0.0]","[2734.6732864379883, 540.659122467041]","[1855.8961181640625, 1739.021240234375, 562.7435302734375, 2734.673828125, 540.6591186523438, 0.0, 304.23248291015625, 222.60403442382812, 387.7807312011719, 270.0008850097656, 321.7891540527344, 254.5160675048828]",3884.5449935046013, Eight,0.9999747276306152,1.6701278582331724e-05,0.9999747276306152,7.889125299698208e-06,-11.000000006967264,"[{""token"": "" Eight"", ""token_id"": 38923, ""probability"": 0.9999747276306152}, {""token"": "" Six"", ""token_id"": 19759, ""probability"": 1.6701278582331724e-05}, {""token"": "" Four"", ""token_id"": 13038, ""probability"": 7.889125299698208e-06}, {""token"": ""Eight"", ""token_id"": 80357, ""probability"": 6.475788723037113e-07}, {""token"": "" Many"", ""token_id"": 8732, ""probability"": 1.5229595362598047e-08}, {""token"": "" Two"", ""token_id"": 8512, ""probability"": 9.237216325175268e-09}, {""token"": "" Legs"", ""token_id"": 156403, ""probability"": 1.2501212287574504e-09}, {""token"": "" None"", ""token_id"": 5450, ""probability"": 1.2501212287574504e-09}, {""token"": "" Typically"", ""token_id"": 50338, ""probability"": 9.73595426501106e-10}, {""token"": "" Several"", ""token_id"": 22624, ""probability"": 7.582368621861235e-10}, {""token"": "" Zero"", ""token_id"": 31234, ""probability"": 5.905154698560011e-10}, {""token"": "" Some"", ""token_id"": 4943, ""probability"": 5.905154698560011e-10}]"
L22-L25,"[22, 23, 24, 25]","[23422, 23422, 60476, 56900, 56900, 184534, 184534, 109731, 109731, 169121]","[16, 21, 16, 16, 21, 16, 21, 16, 21, 16]","[1703, 197021]","[16, 16]",1.0,2.0,True,joint,False,"[0.0, 0.0, 0.0, 0.0, 0.0, 0.0, 0.0, 0.0, 0.0, 0.0]","[3646.2310485839844, 720.8788299560547]","[1855.8961181640625, 1739.021240234375, 562.7435302734375, 3646.2314453125, 720.8788452148438, 0.0, 303.9489440917969, 217.4320526123047, 384.8089294433594, 231.83175659179688, 318.2832946777344, 231.12290954589844]",4593.0494453228675, Eight,0.9999765157699585,1.670130768616218e-05,0.9999765157699585,6.1440682657121215e-06,-11.000000052540798,"[{""token"": "" Eight"", ""token_id"": 38923, ""probability"": 0.9999765157699585}, {""token"": "" Six"", ""token_id"": 19759, ""probability"": 1.670130768616218e-05}, {""token"": "" Four"", ""token_id"": 13038, ""probability"": 6.1440682657121215e-06}, {""token"": ""Eight"", ""token_id"": 80357, ""probability"": 6.475800091720885e-07}, {""token"": "" Many"", ""token_id"": 8732, ""probability"": 1.1860841198085836e-08}, {""token"": "" Two"", ""token_id"": 8512, ""probability"": 9.237233200565242e-09}, {""token"": "" Legs"", ""token_id"": 156403, ""probability"": 9.735972028579454e-10}, {""token"": "" None"", ""token_id"": 5450, ""probability"": 9.735972028579454e-10}, {""token"": "" Typically"", ""token_id"": 50338, ""probability"": 7.582381944537531e-10}, {""token"": "" Several"", ""token_id"": 22624, ""probability"": 5.905165245678745e-10}, {""token"": "" Zero"", ""token_id"": 31234, ""probability"": 5.905165245678745e-10}, {""token"": ""\n\n"", ""token_id"": 108, ""probability"": 4.598947611622606e-10}]"
L22-L25,"[22, 23, 24, 25]","[23422, 23422, 60476, 56900, 56900, 184534, 184534, 109731, 109731, 169121]","[16, 21, 16, 16, 21, 16, 21, 16, 21, 16]","[1703, 197021]","[16, 16]",1.0,3.0,True,joint,False,"[0.0, 0.0, 0.0, 0.0, 0.0, 0.0, 0.0, 0.0, 0.0, 0.0]","[5469.346572875977, 1081.318244934082]","[1855.8961181640625, 1739.021240234375, 562.7435302734375, 5469.34765625, 1081.3182373046875, 0.0, 304.0630187988281, 187.08529663085938, 375.6983337402344, 0.0, 314.3345642089844, 159.01527404785156]",6185.542418636469, Eight,0.9999562501907349,3.5355955333216116e-05,0.9999562501907349,7.888979780545924e-06,-10.249999961343867,"[{""token"": "" Eight"", ""token_id"": 38923, ""probability"": 0.9999562501907349}, {""token"": "" Six"", ""token_id"": 19759, ""probability"": 3.5355955333216116e-05}, {""token"": "" Four"", ""token_id"": 13038, ""probability"": 7.888979780545924e-06}, {""token"": ""Eight"", ""token_id"": 80357, ""probability"": 5.043256123826723e-07}, {""token"": "" Many"", ""token_id"": 8732, ""probability"": 1.5229314698217422e-08}, {""token"": "" Two"", ""token_id"": 8512, ""probability"": 1.1860601389912517e-08}, {""token"": "" None"", ""token_id"": 5450, ""probability"": 1.6051576734454898e-09}, {""token"": "" Legs"", ""token_id"": 156403, ""probability"": 1.2500981361185382e-09}, {""token"": "" Typically"", ""token_id"": 50338, ""probability"": 9.73577440888107e-10}, {""token"": "" Zero"", ""token_id"": 31234, ""probability"": 7.58222817864862e-10}, {""token"": "" Some"", ""token_id"": 4943, ""probability"": 5.905045896703598e-10}, {""token"": ""\n\n"", ""token_id"": 108, ""probability"": 5.905045896703598e-10}]"
L22-L26,"[22, 23, 24, 25, 26]","[23422, 23422, 60476, 56900, 56900, 184534, 184534, 109731, 109731, 169121, 145491, 145491, 233390]","[16, 21, 16, 16, 21, 16, 21, 16, 21, 16, 16, 21, 21]","[1703, 197021]","[16, 16]",0.0,0.0,False,unmodified,False,"[1855.89599609375, 1739.02099609375, 562.7435913085938, 568.4154052734375, 719.163330078125, 465.2173767089844, 608.1962890625, 620.8114013671875, 610.472900390625, 537.923095703125, 916.8988647460938, 702.4598388671875, 603.0096435546875]","[0.0, 0.0]","[3.0517578125e-05, 3.0517578125e-05, 0.0, 0.0, 0.0, 1.5258788153005298e-05, 1.5258788153005298e-05, 0.0, 3.0517578125e-05, 3.0517578125e-05, 3.0517578125e-05, 1.52587890625e-05, 0.0, 0.0, 0.0]",7.317858121423133e-05, Eight,0.999982476234436,1.1253320053583593e-07,0.999982476234436,1.6701407730579376e-05,-16.000000019046855,"[{""token"": "" Eight"", ""token_id"": 38923, ""probability"": 0.999982476234436}, {""token"": "" Four"", ""token_id"": 13038, ""probability"": 1.6701407730579376e-05}, {""token"": ""Eight"", ""token_id"": 80357, ""probability"": 6.47583874524571e-07}, {""token"": "" Six"", ""token_id"": 19759, ""probability"": 1.1253320053583593e-07}, {""token"": "" Many"", ""token_id"": 8732, ""probability"": 4.3633860968839144e-09}, {""token"": "" Two"", ""token_id"": 8512, ""probability"": 1.6051998619204255e-09}, {""token"": "" Legs"", ""token_id"": 156403, ""probability"": 5.905200772815533e-10}, {""token"": "" None"", ""token_id"": 5450, ""probability"": 2.789419251136849e-10}, {""token"": "" Typically"", ""token_id"": 50338, ""probability"": 2.789419251136849e-10}, {""token"": "" Usually"", ""token_id"": 34645, ""probability"": 2.789419251136849e-10}, {""token"": "" Some"", ""token_id"": 4943, ""probability"": 2.789419251136849e-10}, {""token"": ""\n\n"", ""token_id"": 108, ""probability"": 2.789419251136849e-10}]"
L22-L26,"[22, 23, 24, 25, 26]","[23422, 23422, 60476, 56900, 56900, 184534, 184534, 109731, 109731, 169121, 145491, 145491, 233390]","[16, 21, 16, 16, 21, 16, 21, 16, 21, 16, 16, 21, 21]","[1703, 197021]","[16, 16]",0.0,0.25,False,ant_only,False,"[1855.89599609375, 1739.02099609375, 562.7435913085938, 568.4154052734375, 719.163330078125, 465.2173767089844, 608.1962890625, 620.8114013671875, 610.472900390625, 537.923095703125, 916.8988647460938, 702.4598388671875, 603.0096435546875]","[455.77888107299805, 90.10985374450684]","[3.0517578125e-05, 3.0517578125e-05, 0.0, 455.7789306640625, 90.10985565185547, 6.6026153564453125, 0.1982574313879013, 1.19073486328125, 1.559906005859375, 11.140289306640625, 1.333343505859375, 3.6433563232421875, 0.55908203125, 2.5496826171875, 1.7895509004592896]",464.8127349345349, Eight,0.9999823570251465,1.4449548757511366e-07,0.9999823570251465,1.6701405911589973e-05,-15.749999914604915,"[{""token"": "" Eight"", ""token_id"": 38923, ""probability"": 0.9999823570251465}, {""token"": "" Four"", ""token_id"": 13038, ""probability"": 1.6701405911589973e-05}, {""token"": ""Eight"", ""token_id"": 80357, ""probability"": 8.315140576087288e-07}, {""token"": "" Six"", ""token_id"": 19759, ""probability"": 1.4449548757511366e-07}, {""token"": "" Many"", ""token_id"": 8732, ""probability"": 5.602697417117497e-09}, {""token"": "" Two"", ""token_id"": 8512, ""probability"": 2.061117054807937e-09}, {""token"": "" Legs"", ""token_id"": 156403, ""probability"": 7.582426353458516e-10}, {""token"": "" None"", ""token_id"": 5450, ""probability"": 4.598974534530953e-10}, {""token"": "" Usually"", ""token_id"": 34645, ""probability"": 4.598974534530953e-10}, {""token"": ""\n\n"", ""token_id"": 108, ""probability"": 3.581684671072338e-10}, {""token"": "" Some"", ""token_id"": 4943, ""probability"": 3.581684671072338e-10}, {""token"": "" Typically"", ""token_id"": 50338, ""probability"": 3.581684671072338e-10}]"
L22-L26,"[22, 23, 24, 25, 26]","[23422, 23422, 60476, 56900, 56900, 184534, 184534, 109731, 109731, 169121, 145491, 145491, 233390]","[16, 21, 16, 16, 21, 16, 21, 16, 21, 16, 16, 21, 21]","[1703, 197021]","[16, 16]",0.0,0.5,False,ant_only,False,"[1855.89599609375, 1739.02099609375, 562.7435913085938, 568.4154052734375, 719.163330078125, 465.2173767089844, 608.1962890625, 620.8114013671875, 610.472900390625, 537.923095703125, 916.8988647460938, 702.4598388671875, 603.0096435546875]","[911.5577621459961, 180.21970748901367]","[3.0517578125e-05, 3.0517578125e-05, 0.0, 911.557861328125, 180.21971130371094, 13.004165649414062, 0.2899322211742401, 7.83477783203125, 1.659759521484375, 14.503753662109375, 7.364227294921875, 4.0713348388671875, 16.2884521484375, 10.00360107421875, 13.3702392578125]",929.7717597930928, Eight,0.999982476234436,1.1253320053583593e-07,0.999982476234436,1.6701407730579376e-05,-16.000000019046855,"[{""token"": "" Eight"", ""token_id"": 38923, ""probability"": 0.999982476234436}, {""token"": "" Four"", ""token_id"": 13038, ""probability"": 1.6701407730579376e-05}, {""token"": ""Eight"", ""token_id"": 80357, ""probability"": 6.47583874524571e-07}, {""token"": "" Six"", ""token_id"": 19759, ""probability"": 1.1253320053583593e-07}, {""token"": "" Many"", ""token_id"": 8732, ""probability"": 4.3633860968839144e-09}, {""token"": "" Two"", ""token_id"": 8512, ""probability"": 1.250130998720067e-09}, {""token"": "" Legs"", ""token_id"": 156403, ""probability"": 5.905200772815533e-10}, {""token"": "" Typically"", ""token_id"": 50338, ""probability"": 2.789419251136849e-10}, {""token"": "" None"", ""token_id"": 5450, ""probability"": 2.789419251136849e-10}, {""token"": ""\n\n"", ""token_id"": 108, ""probability"": 2.789419251136849e-10}, {""token"": "" Usually"", ""token_id"": 34645, ""probability"": 2.789419251136849e-10}, {""token"": "" Some"", ""token_id"": 4943, ""probability"": 2.1724018417490498e-10}]"
L22-L26,"[22, 23, 24, 25, 26]","[23422, 23422, 60476, 56900, 56900, 184534, 184534, 109731, 109731, 169121, 145491, 145491, 233390]","[16, 21, 16, 16, 21, 16, 21, 16, 21, 16, 16, 21, 21]","[1703, 197021]","[16, 16]",0.0,0.75,False,ant_only,False,"[1855.89599609375, 1739.02099609375, 562.7435913085938, 568.4154052734375, 719.163330078125, 465.2173767089844, 608.1962890625, 620.8114013671875, 610.472900390625, 537.923095703125, 916.8988647460938, 702.4598388671875, 603.0096435546875]","[1367.3366432189941, 270.3295612335205]","[3.0517578125e-05, 3.0517578125e-05, 0.0, 1367.3369140625, 270.3295593261719, 20.612442016601562, 0.2970123291015625, 12.33477783203125, 0.502166748046875, 16.886199951171875, 4.128204345703125, 0.7782440185546875, 31.755126953125, 7.03070068359375, 8.333985328674316]",1394.5234787325373, Eight,0.999982476234436,1.1253320053583593e-07,0.999982476234436,1.6701407730579376e-05,-16.000000019046855,"[{""token"": "" Eight"", ""token_id"": 38923, ""probability"": 0.999982476234436}, {""token"": "" Four"", ""token_id"": 13038, ""probability"": 1.6701407730579376e-05}, {""token"": ""Eight"", ""token_id"": 80357, ""probability"": 6.47583874524571e-07}, {""token"": "" Six"", ""token_id"": 19759, ""probability"": 1.1253320053583593e-07}, {""token"": "" Many"", ""token_id"": 8732, ""probability"": 4.3633860968839144e-09}, {""token"": "" Two"", ""token_id"": 8512, ""probability"": 1.250130998720067e-09}, {""token"": "" Legs"", ""token_id"": 156403, ""probability"": 5.905200772815533e-10}, {""token"": "" None"", ""token_id"": 5450, ""probability"": 2.789419251136849e-10}, {""token"": "" Typically"", ""token_id"": 50338, ""probability"": 2.789419251136849e-10}, {""token"": "" Usually"", ""token_id"": 34645, ""probability"": 2.789419251136849e-10}, {""token"": "" Some"", ""token_id"": 4943, ""probability"": 2.789419251136849e-10}, {""token"": ""\n\n"", ""token_id"": 108, ""probability"": 2.789419251136849e-10}]"
L22-L26,"[22, 23, 24, 25, 26]","[23422, 23422, 60476, 56900, 56900, 184534, 184534, 109731, 109731, 169121, 145491, 145491, 233390]","[16, 21, 16, 16, 21, 16, 21, 16, 21, 16, 16, 21, 21]","[1703, 197021]","[16, 16]",0.0,1.0,False,ant_only,False,"[1855.89599609375, 1739.02099609375, 562.7435913085938, 568.4154052734375, 719.163330078125, 465.2173767089844, 608.1962890625, 620.8114013671875, 610.472900390625, 537.923095703125, 916.8988647460938, 702.4598388671875, 603.0096435546875]","[1823.1155242919922, 360.43941497802734]","[3.0517578125e-05, 3.0517578125e-05, 0.0, 1823.11572265625, 360.4394226074219, 27.35694694519043, 0.3437042236328125, 10.34661865234375, 0.245819091796875, 29.486116409301758, 2.632293701171875, 5.8713836669921875, 32.2027587890625, 8.51336669921875, 13.535035133361816]",1859.2274402634964, Eight,0.9999774694442749,1.8553497227458138e-07,0.9999774694442749,2.1444924641400576e-05,-15.499999912076776,"[{""token"": "" Eight"", ""token_id"": 38923, ""probability"": 0.9999774694442749}, {""token"": "" Four"", ""token_id"": 13038, ""probability"": 2.1444924641400576e-05}, {""token"": ""Eight"", ""token_id"": 80357, ""probability"": 8.315099648825708e-07}, {""token"": "" Six"", ""token_id"": 19759, ""probability"": 1.8553497227458138e-07}, {""token"": "" Many"", ""token_id"": 8732, ""probability"": 7.193971196528537e-09}, {""token"": "" Two"", ""token_id"": 8512, ""probability"": 2.0611070628007155e-09}, {""token"": "" Legs"", ""token_id"": 156403, ""probability"": 9.73598091036365e-10}, {""token"": "" Typically"", ""token_id"": 50338, ""probability"": 5.905170796793868e-10}, {""token"": "" Usually"", ""token_id"": 34645, ""probability"": 4.5989520525147043e-10}, {""token"": "" Zero"", ""token_id"": 31234, ""probability"": 4.5989520525147043e-10}, {""token"": ""\n\n"", ""token_id"": 108, ""probability"": 4.5989520525147043e-10}, {""token"": "" None"", ""token_id"": 5450, ""probability"": 4.5989520525147043e-10}]"
L22-L26,"[22, 23, 24, 25, 26]","[23422, 23422, 60476, 56900, 56900, 184534, 184534, 109731, 109731, 169121, 145491, 145491, 233390]","[16, 21, 16, 16, 21, 16, 21, 16, 21, 16, 16, 21, 21]","[1703, 197021]","[16, 16]",0.0,1.25,False,ant_only,False,"[1855.89599609375, 1739.02099609375, 562.7435913085938, 568.4154052734375, 719.163330078125, 465.2173767089844, 608.1962890625, 620.8114013671875, 610.472900390625, 537.923095703125, 916.8988647460938, 702.4598388671875, 603.0096435546875]","[2278.8944053649902, 450.5492687225342]","[3.0517578125e-05, 3.0517578125e-05, 0.0, 2278.894775390625, 450.54925537109375, 35.70655822753906, 0.0999908447265625, 11.00946044921875, 4.290802001953125, 41.110321044921875, 7.343597412109375, 8.593917846679688, 35.8736572265625, 5.736083984375, 8.840210914611816]",2324.0022439603167, Eight,0.9999861717224121,1.4449602758759283e-07,0.9999861717224121,1.3007117559027392e-05,-15.749999992141905,"[{""token"": "" Eight"", ""token_id"": 38923, ""probability"": 0.9999861717224121}, {""token"": "" Four"", ""token_id"": 13038, ""probability"": 1.3007117559027392e-05}, {""token"": ""Eight"", ""token_id"": 80357, ""probability"": 6.475862619481632e-07}, {""token"": "" Six"", ""token_id"": 19759, ""probability"": 1.4449602758759283e-07}, {""token"": "" Many"", ""token_id"": 8732, ""probability"": 4.363402084095469e-09}, {""token"": "" Two"", ""token_id"": 8512, ""probability"": 1.605205746102456e-09}, {""token"": "" Legs"", ""token_id"": 156403, ""probability"": 7.582455219257156e-10}, {""token"": "" None"", ""token_id"": 5450, ""probability"": 3.581698548860146e-10}, {""token"": "" Usually"", ""token_id"": 34645, ""probability"": 3.581698548860146e-10}, {""token"": "" Typically"", ""token_id"": 50338, ""probability"": 3.581698548860146e-10}, {""token"": "" Some"", ""token_id"": 4943, ""probability"": 2.7894295206998265e-10}, {""token"": ""\n\n"", ""token_id"": 108, ""probability"": 2.7894295206998265e-10}]"
L22-L26,"[22, 23, 24, 25, 26]","[23422, 23422, 60476, 56900, 56900, 184534, 184534, 109731, 109731, 169121, 145491, 145491, 233390]","[16, 21, 16, 16, 21, 16, 21, 16, 21, 16, 16, 21, 21]","[1703, 197021]","[16, 16]",0.0,1.5,False,ant_only,False,"[1855.89599609375, 1739.02099609375, 562.7435913085938, 568.4154052734375, 719.163330078125, 465.2173767089844, 608.1962890625, 620.8114013671875, 610.472900390625, 537.923095703125, 916.8988647460938, 702.4598388671875, 603.0096435546875]","[2734.6732864379883, 540.659122467041]","[3.0517578125e-05, 3.0517578125e-05, 0.0, 2734.673828125, 540.6591186523438, 37.57289123535156, 0.4360503852367401, 11.02227783203125, 3.739105224609375, 53.100799560546875, 8.553924560546875, 14.437301635742188, 37.5506591796875, 15.08709716796875, 21.966676712036133]",2788.8209193556004, Eight,0.9999774694442749,1.8553497227458138e-07,0.9999774694442749,2.1444924641400576e-05,-15.499999912076776,"[{""token"": "" Eight"", ""token_id"": 38923, ""probability"": 0.9999774694442749}, {""token"": "" Four"", ""token_id"": 13038, ""probability"": 2.1444924641400576e-05}, {""token"": ""Eight"", ""token_id"": 80357, ""probability"": 8.315099648825708e-07}, {""token"": "" Six"", ""token_id"": 19759, ""probability"": 1.8553497227458138e-07}, {""token"": "" Many"", ""token_id"": 8732, ""probability"": 5.602670327675696e-09}, {""token"": "" Two"", ""token_id"": 8512, ""probability"": 2.0611070628007155e-09}, {""token"": "" Legs"", ""token_id"": 156403, ""probability"": 7.582389160987191e-10}, {""token"": "" None"", ""token_id"": 5450, ""probability"": 4.5989520525147043e-10}, {""token"": "" Usually"", ""token_id"": 34645, ""probability"": 4.5989520525147043e-10}, {""token"": "" Typically"", ""token_id"": 50338, ""probability"": 4.5989520525147043e-10}, {""token"": "" Some"", ""token_id"": 4943, ""probability"": 3.5816671850597004e-10}, {""token"": ""\n\n"", ""token_id"": 108, ""probability"": 3.5816671850597004e-10}]"
L22-L26,"[22, 23, 24, 25, 26]","[23422, 23422, 60476, 56900, 56900, 184534, 184534, 109731, 109731, 169121, 145491, 145491, 233390]","[16, 21, 16, 16, 21, 16, 21, 16, 21, 16, 16, 21, 21]","[1703, 197021]","[16, 16]",0.0,2.0,True,ant_only,False,"[1855.89599609375, 1739.02099609375, 562.7435913085938, 568.4154052734375, 719.163330078125, 465.2173767089844, 608.1962890625, 620.8114013671875, 610.472900390625, 537.923095703125, 916.8988647460938, 702.4598388671875, 603.0096435546875]","[3646.2310485839844, 720.8788299560547]","[3.0517578125e-05, 3.0517578125e-05, 0.0, 3646.2314453125, 720.8788452148438, 53.70655822753906, 0.2719879150390625, 1.15887451171875, 11.564666748046875, 91.51388549804688, 12.913848876953125, 33.16429138183594, 10.2054443359375, 28.45281982421875, 32.025390625]",3718.772698592175, Eight,0.9999774694442749,2.3823159267521987e-07,0.9999774694442749,2.1444924641400576e-05,-15.25000002713203,"[{""token"": "" Eight"", ""token_id"": 38923, ""probability"": 0.9999774694442749}, {""token"": "" Four"", ""token_id"": 13038, ""probability"": 2.1444924641400576e-05}, {""token"": ""Eight"", ""token_id"": 80357, ""probability"": 8.315099648825708e-07}, {""token"": "" Six"", ""token_id"": 19759, ""probability"": 2.3823159267521987e-07}, {""token"": "" Many"", ""token_id"": 8732, ""probability"": 7.193971196528537e-09}, {""token"": "" Two"", ""token_id"": 8512, ""probability"": 2.64651411896466e-09}, {""token"": "" Legs"", ""token_id"": 156403, ""probability"": 9.73598091036365e-10}, {""token"": "" Zero"", ""token_id"": 31234, ""probability"": 5.905170796793868e-10}, {""token"": "" Typically"", ""token_id"": 50338, ""probability"": 5.905170796793868e-10}, {""token"": "" Usually"", ""token_id"": 34645, ""probability"": 5.905170796793868e-10}, {""token"": "" None"", ""token_id"": 5450, ""probability"": 5.905170796793868e-10}, {""token"": ""\n\n"", ""token_id"": 108, ""probability"": 5.905170796793868e-10}]"
L22-L26,"[22, 23, 24, 25, 26]","[23422, 23422, 60476, 56900, 56900, 184534, 184534, 109731, 109731, 169121, 145491, 145491, 233390]","[16, 21, 16, 16, 21, 16, 21, 16, 21, 16, 16, 21, 21]","[1703, 197021]","[16, 16]",0.0,3.0,True,ant_only,False,"[1855.89599609375, 1739.02099609375, 562.7435913085938, 568.4154052734375, 719.163330078125, 465.2173767089844, 608.1962890625, 620.8114013671875, 610.472900390625, 537.923095703125, 916.8988647460938, 702.4598388671875, 603.0096435546875]","[5469.346572875977, 1081.318244934082]","[3.0517578125e-05, 3.0517578125e-05, 0.0, 5469.34765625, 1081.3182373046875, 82.35768127441406, 0.3415679931640625, 37.09637451171875, 17.607088088989258, 215.22976684570312, 8.386017799377441, 99.32847595214844, 135.70733642578125, 42.30804443359375, 34.129032135009766]",5582.930550949526, Eight,0.9999774694442749,2.3823159267521987e-07,0.9999774694442749,2.1444924641400576e-05,-15.25000002713203,"[{""token"": "" Eight"", ""token_id"": 38923, ""probability"": 0.9999774694442749}, {""token"": "" Four"", ""token_id"": 13038, ""probability"": 2.1444924641400576e-05}, {""token"": ""Eight"", ""token_id"": 80357, ""probability"": 8.315099648825708e-07}, {""token"": "" Six"", ""token_id"": 19759, ""probability"": 2.3823159267521987e-07}, {""token"": "" Many"", ""token_id"": 8732, ""probability"": 7.193971196528537e-09}, {""token"": "" Two"", ""token_id"": 8512, ""probability"": 2.64651411896466e-09}, {""token"": "" Legs"", ""token_id"": 156403, ""probability"": 7.582389160987191e-10}, {""token"": "" None"", ""token_id"": 5450, ""probability"": 5.905170796793868e-10}, {""token"": "" Typically"", ""token_id"": 50338, ""probability"": 5.905170796793868e-10}, {""token"": ""\n\n"", ""token_id"": 108, ""probability"": 4.5989520525147043e-10}, {""token"": "" Some"", ""token_id"": 4943, ""probability"": 4.5989520525147043e-10}, {""token"": "" Usually"", ""token_id"": 34645, ""probability"": 4.5989520525147043e-10}]"
L22-L26,"[22, 23, 24, 25, 26]","[23422, 23422, 60476, 56900, 56900, 184534, 184534, 109731, 109731, 169121, 145491, 145491, 233390]","[16, 21, 16, 16, 21, 16, 21, 16, 21, 16, 16, 21, 21]","[1703, 197021]","[16, 16]",0.2,0.0,False,spider_only,False,"[1484.716796875, 1391.216796875, 450.19487304687505, 454.73232421875, 575.3306640625, 372.1739013671875, 486.55703125, 496.64912109375, 488.3783203125, 430.33847656250003, 733.519091796875, 561.96787109375, 482.40771484375]","[0.0, 0.0]","[371.17919921875, 347.80419921875, 112.54872131347656, 0.0, 0.0, 31.034015655517578, 59.923954010009766, 40.85902786254883, 84.47608184814453, 67.55598449707031, 73.66791534423828, 55.543739318847656, 115.25952911376953, 94.85420989990234, 92.47827911376953]",573.305175814344, Eight,0.9999887943267822,1.8553707548107923e-07,0.9999887943267822,1.0129979273187928e-05,-15.499999901311302,"[{""token"": "" Eight"", ""token_id"": 38923, ""probability"": 0.9999887943267822}, {""token"": "" Four"", ""token_id"": 13038, ""probability"": 1.0129979273187928e-05}, {""token"": ""Eight"", ""token_id"": 80357, ""probability"": 8.315194008901017e-07}, {""token"": "" Six"", ""token_id"": 19759, ""probability"": 1.8553707548107923e-07}, {""token"": "" Many"", ""token_id"": 8732, ""probability"": 5.602733832432705e-09}, {""token"": "" Two"", ""token_id"": 8512, ""probability"": 1.6052099649499496e-09}, {""token"": "" Legs"", ""token_id"": 156403, ""probability"": 5.905237965286858e-10}, {""token"": "" None"", ""token_id"": 5450, ""probability"": 3.581707708200099e-10}, {""token"": "" Usually"", ""token_id"": 34645, ""probability"": 3.581707708200099e-10}, {""token"": ""\n\n"", ""token_id"": 108, ""probability"": 2.7894367371494866e-10}, {""token"": "" Some"", ""token_id"": 4943, ""probability"": 2.7894367371494866e-10}, {""token"": "" Typically"", ""token_id"": 50338, ""probability"": 2.7894367371494866e-10}]"
L22-L26,"[22, 23, 24, 25, 26]","[23422, 23422, 60476, 56900, 56900, 184534, 184534, 109731, 109731, 169121, 145491, 145491, 233390]","[16, 21, 16, 16, 21, 16, 21, 16, 21, 16, 16, 21, 21]","[1703, 197021]","[16, 16]",0.2,0.25,False,joint,False,"[1484.716796875, 1391.216796875, 450.19487304687505, 454.73232421875, 575.3306640625, 372.1739013671875, 486.55703125, 496.64912109375, 488.3783203125, 430.33847656250003, 733.519091796875, 561.96787109375, 482.40771484375]","[455.77888107299805, 90.10985374450684]","[371.17919921875, 347.80419921875, 112.54872131347656, 455.7789306640625, 90.10985565185547, 24.47737693786621, 59.376895904541016, 49.24849319458008, 86.68378448486328, 62.88112258911133, 74.27527618408203, 56.811317443847656, 124.54481506347656, 93.22872161865234, 90.50330352783203]",739.2020529638038, Eight,0.9999891519546509,1.44496468124089e-07,0.9999891519546509,1.0129982911166735e-05,-15.749999923636274,"[{""token"": "" Eight"", ""token_id"": 38923, ""probability"": 0.9999891519546509}, {""token"": "" Four"", ""token_id"": 13038, ""probability"": 1.0129982911166735e-05}, {""token"": ""Eight"", ""token_id"": 80357, ""probability"": 6.475881946244044e-07}, {""token"": "" Six"", ""token_id"": 19759, ""probability"": 1.44496468124089e-07}, {""token"": "" Many"", ""token_id"": 8732, ""probability"": 4.363414962682555e-09}, {""token"": "" Two"", ""token_id"": 8512, ""probability"": 1.605210520061462e-09}, {""token"": "" Legs"", ""token_id"": 156403, ""probability"": 5.905240185732907e-10}, {""token"": "" Typically"", ""token_id"": 50338, ""probability"": 2.789437847372511e-10}, {""token"": "" None"", ""token_id"": 5450, ""probability"": 2.789437847372511e-10}, {""token"": ""\n\n"", ""token_id"": 108, ""probability"": 2.789437847372511e-10}, {""token"": "" Usually"", ""token_id"": 34645, ""probability"": 2.789437847372511e-10}, {""token"": "" Some"", ""token_id"": 4943, ""probability"": 2.17241627464837e-10}]"
L22-L26,"[22, 23, 24, 25, 26]","[23422, 23422, 60476, 56900, 56900, 184534, 184534, 109731, 109731, 169121, 145491, 145491, 233390]","[16, 21, 16, 16, 21, 16, 21, 16, 21, 16, 16, 21, 21]","[1703, 197021]","[16, 16]",0.2,0.5,False,joint,False,"[1484.716796875, 1391.216796875, 450.19487304687505, 454.73232421875, 575.3306640625, 372.1739013671875, 486.55703125, 496.64912109375, 488.3783203125, 430.33847656250003, 733.519091796875, 561.96787109375, 482.40771484375]","[911.5577621459961, 180.21970748901367]","[371.17919921875, 347.80419921875, 112.54872131347656, 911.557861328125, 180.21971130371094, 16.83913230895996, 59.28736114501953, 51.77309036254883, 84.50641632080078, 61.37837600708008, 72.98456573486328, 57.083045959472656, 140.1995391845703, 89.97420501708984, 88.99597930908203]",1093.8328327688776, Eight,0.9999891519546509,1.44496468124089e-07,0.9999891519546509,1.0129982911166735e-05,-15.749999923636274,"[{""token"": "" Eight"", ""token_id"": 38923, ""probability"": 0.9999891519546509}, {""token"": "" Four"", ""token_id"": 13038, ""probability"": 1.0129982911166735e-05}, {""token"": ""Eight"", ""token_id"": 80357, ""probability"": 6.475881946244044e-07}, {""token"": "" Six"", ""token_id"": 19759, ""probability"": 1.44496468124089e-07}, {""token"": "" Many"", ""token_id"": 8732, ""probability"": 4.363414962682555e-09}, {""token"": "" Two"", ""token_id"": 8512, ""probability"": 1.605210520061462e-09}, {""token"": "" Legs"", ""token_id"": 156403, ""probability"": 5.905240185732907e-10}, {""token"": "" Typically"", ""token_id"": 50338, ""probability"": 2.789437847372511e-10}, {""token"": "" None"", ""token_id"": 5450, ""probability"": 2.789437847372511e-10}, {""token"": ""\n\n"", ""token_id"": 108, ""probability"": 2.789437847372511e-10}, {""token"": "" Usually"", ""token_id"": 34645, ""probability"": 2.789437847372511e-10}, {""token"": "" Some"", ""token_id"": 4943, ""probability"": 2.17241627464837e-10}]"
L22-L26,"[22, 23, 24, 25, 26]","[23422, 23422, 60476, 56900, 56900, 184534, 184534, 109731, 109731, 169121, 145491, 145491, 233390]","[16, 21, 16, 16, 21, 16, 21, 16, 21, 16, 16, 21, 21]","[1703, 197021]","[16, 16]",0.2,0.75,False,joint,False,"[1484.716796875, 1391.216796875, 450.19487304687505, 454.73232421875, 575.3306640625, 372.1739013671875, 486.55703125, 496.64912109375, 488.3783203125, 430.33847656250003, 733.519091796875, 561.96787109375, 482.40771484375]","[1367.3366432189941, 270.3295612335205]","[371.17919921875, 347.80419921875, 112.54872131347656, 1367.3369140625, 270.3295593261719, 10.369710922241211, 59.633426666259766, 57.36421585083008, 84.82672882080078, 55.15266799926758, 71.51667022705078, 57.222999572753906, 148.49659729003906, 81.95858001708984, 76.9400634765625]",1508.1002382678746, Eight,0.9999892711639404,1.4449648233494372e-07,0.9999892711639404,1.0129984730156139e-05,-15.749999944499436,"[{""token"": "" Eight"", ""token_id"": 38923, ""probability"": 0.9999892711639404}, {""token"": "" Four"", ""token_id"": 13038, ""probability"": 1.0129984730156139e-05}, {""token"": ""Eight"", ""token_id"": 80357, ""probability"": 5.043422675043985e-07}, {""token"": "" Six"", ""token_id"": 19759, ""probability"": 1.4449648233494372e-07}, {""token"": "" Many"", ""token_id"": 8732, ""probability"": 4.363415850860974e-09}, {""token"": "" Two"", ""token_id"": 8512, ""probability"": 1.2501394364150542e-09}, {""token"": "" Legs"", ""token_id"": 156403, ""probability"": 4.599006175887155e-10}, {""token"": "" Typically"", ""token_id"": 50338, ""probability"": 2.7894381249282674e-10}, {""token"": "" None"", ""token_id"": 5450, ""probability"": 2.7894381249282674e-10}, {""token"": ""\n\n"", ""token_id"": 108, ""probability"": 2.7894381249282674e-10}, {""token"": "" Usually"", ""token_id"": 34645, ""probability"": 2.7894381249282674e-10}, {""token"": "" Zero"", ""token_id"": 31234, ""probability"": 2.172416552204126e-10}]"
L22-L26,"[22, 23, 24, 25, 26]","[23422, 23422, 60476, 56900, 56900, 184534, 184534, 109731, 109731, 169121, 145491, 145491, 233390]","[16, 21, 16, 16, 21, 16, 21, 16, 21, 16, 16, 21, 21]","[1703, 197021]","[16, 16]",0.2,1.0,False,joint,False,"[1484.716796875, 1391.216796875, 450.19487304687505, 454.73232421875, 575.3306640625, 372.1739013671875, 486.55703125, 496.64912109375, 488.3783203125, 430.33847656250003, 733.519091796875, 561.96787109375, 482.40771484375]","[1823.1155242919922, 360.43941497802734]","[371.17919921875, 347.80419921875, 112.54872131347656, 1823.11572265625, 360.4394226074219, 2.403097629547119, 59.542423248291016, 60.98604202270508, 85.09265899658203, 44.41255569458008, 70.29431915283203, 52.339271545410156, 151.74610900878906, 80.2616195678711, 77.15198516845703]",1945.4207837607128, Eight,0.9999823570251465,2.3823275796530652e-07,0.9999823570251465,1.6701405911589973e-05,-15.25000002340594,"[{""token"": "" Eight"", ""token_id"": 38923, ""probability"": 0.9999823570251465}, {""token"": "" Four"", ""token_id"": 13038, ""probability"": 1.6701405911589973e-05}, {""token"": ""Eight"", ""token_id"": 80357, ""probability"": 6.475838176811521e-07}, {""token"": "" Six"", ""token_id"": 19759, ""probability"": 2.3823275796530652e-07}, {""token"": "" Many"", ""token_id"": 8732, ""probability"": 7.194006279576115e-09}, {""token"": "" Two"", ""token_id"": 8512, ""probability"": 2.6465272195963507e-09}, {""token"": "" Legs"", ""token_id"": 156403, ""probability"": 7.582426353458516e-10}, {""token"": "" None"", ""token_id"": 5450, ""probability"": 5.905199662592509e-10}, {""token"": ""\n\n"", ""token_id"": 108, ""probability"": 4.598974534530953e-10}, {""token"": "" Typically"", ""token_id"": 50338, ""probability"": 4.598974534530953e-10}, {""token"": "" Usually"", ""token_id"": 34645, ""probability"": 4.598974534530953e-10}, {""token"": "" Some"", ""token_id"": 4943, ""probability"": 3.581684671072338e-10}]"
L22-L26,"[22, 23, 24, 25, 26]","[23422, 23422, 60476, 56900, 56900, 184534, 184534, 109731, 109731, 169121, 145491, 145491, 233390]","[16, 21, 16, 16, 21, 16, 21, 16, 21, 16, 16, 21, 21]","[1703, 197021]","[16, 16]",0.2,1.25,False,joint,False,"[1484.716796875, 1391.216796875, 450.19487304687505, 454.73232421875, 575.3306640625, 372.1739013671875, 486.55703125, 496.64912109375, 488.3783203125, 430.33847656250003, 733.519091796875, 561.96787109375, 482.40771484375]","[2278.8944053649902, 450.5492687225342]","[371.17919921875, 347.80419921875, 112.54872131347656, 2278.894775390625, 450.54925537109375, 4.280984401702881, 59.69593048095703, 57.28792190551758, 83.73230743408203, 30.168354034423828, 66.32129669189453, 45.027870178222656, 149.4295196533203, 82.45601654052734, 78.4554443359375]",2392.542481229655, Eight,0.999985933303833,2.3823361061658943e-07,0.999985933303833,1.3007114830543287e-05,-15.250000020679556,"[{""token"": "" Eight"", ""token_id"": 38923, ""probability"": 0.999985933303833}, {""token"": "" Four"", ""token_id"": 13038, ""probability"": 1.3007114830543287e-05}, {""token"": ""Eight"", ""token_id"": 80357, ""probability"": 8.315170134665095e-07}, {""token"": "" Six"", ""token_id"": 19759, ""probability"": 2.3823361061658943e-07}, {""token"": "" Many"", ""token_id"": 8732, ""probability"": 5.60271784522115e-09}, {""token"": "" Two"", ""token_id"": 8512, ""probability"": 2.0611243822798997e-09}, {""token"": "" Legs"", ""token_id"": 156403, ""probability"": 7.582453553922619e-10}, {""token"": "" None"", ""token_id"": 5450, ""probability"": 4.598990910320566e-10}, {""token"": ""\n\n"", ""token_id"": 108, ""probability"": 3.5816974386371214e-10}, {""token"": "" Typically"", ""token_id"": 50338, ""probability"": 3.5816974386371214e-10}, {""token"": "" Usually"", ""token_id"": 34645, ""probability"": 3.5816974386371214e-10}, {""token"": "" Some"", ""token_id"": 4943, ""probability"": 2.789428965588314e-10}]"
L22-L26,"[22, 23, 24, 25, 26]","[23422, 23422, 60476, 56900, 56900, 184534, 184534, 109731, 109731, 169121, 145491, 145491, 233390]","[16, 21, 16, 16, 21, 16, 21, 16, 21, 16, 16, 21, 21]","[1703, 197021]","[16, 16]",0.2,1.5,False,joint,False,"[1484.716796875, 1391.216796875, 450.19487304687505, 454.73232421875, 575.3306640625, 372.1739013671875, 486.55703125, 496.64912109375, 488.3783203125, 430.33847656250003, 733.519091796875, 561.96787109375, 482.40771484375]","[2734.6732864379883, 540.659122467041]","[371.17919921875, 347.80419921875, 112.54872131347656, 2734.673828125, 540.6591186523438, 8.194008827209473, 59.64722442626953, 59.99623489379883, 81.49628448486328, 18.904804229736328, 62.18494415283203, 44.031898498535156, 156.48121643066406, 76.3680648803711, 70.70398712158203]",2845.612236649672, Eight,0.9999860525131226,1.8553656389030948e-07,0.9999860525131226,1.300711664953269e-05,-15.499999916817579,"[{""token"": "" Eight"", ""token_id"": 38923, ""probability"": 0.9999860525131226}, {""token"": "" Four"", ""token_id"": 13038, ""probability"": 1.300711664953269e-05}, {""token"": ""Eight"", ""token_id"": 80357, ""probability"": 6.475862051047443e-07}, {""token"": "" Six"", ""token_id"": 19759, ""probability"": 1.8553656389030948e-07}, {""token"": "" Many"", ""token_id"": 8732, ""probability"": 5.60271828931036e-09}, {""token"": "" Two"", ""token_id"": 8512, ""probability"": 2.0611248263691095e-09}, {""token"": "" Legs"", ""token_id"": 156403, ""probability"": 5.905221867053001e-10}, {""token"": "" None"", ""token_id"": 5450, ""probability"": 4.5989914654320785e-10}, {""token"": ""\n\n"", ""token_id"": 108, ""probability"": 3.5816979937486337e-10}, {""token"": "" Typically"", ""token_id"": 50338, ""probability"": 3.5816979937486337e-10}, {""token"": "" Usually"", ""token_id"": 34645, ""probability"": 3.5816979937486337e-10}, {""token"": "" Some"", ""token_id"": 4943, ""probability"": 2.7894292431440704e-10}]"
L22-L26,"[22, 23, 24, 25, 26]","[23422, 23422, 60476, 56900, 56900, 184534, 184534, 109731, 109731, 169121, 145491, 145491, 233390]","[16, 21, 16, 16, 21, 16, 21, 16, 21, 16, 16, 21, 21]","[1703, 197021]","[16, 16]",0.2,2.0,True,joint,False,"[1484.716796875, 1391.216796875, 450.19487304687505, 454.73232421875, 575.3306640625, 372.1739013671875, 486.55703125, 496.64912109375, 488.3783203125, 430.33847656250003, 733.519091796875, 561.96787109375, 482.40771484375]","[3646.2310485839844, 720.8788299560547]","[371.17919921875, 347.80419921875, 112.54872131347656, 3646.2314453125, 720.8788452148438, 22.81681251525879, 59.825260162353516, 52.17775344848633, 76.90650177001953, 18.648845672607422, 64.26844024658203, 24.84556007385254, 128.58863830566406, 64.4415512084961, 56.267826080322266]",3758.6919487906584, Eight,0.9999890327453613,2.3823434958103462e-07,0.9999890327453613,1.0129982001672033e-05,-15.250000018316706,"[{""token"": "" Eight"", ""token_id"": 38923, ""probability"": 0.9999890327453613}, {""token"": "" Four"", ""token_id"": 13038, ""probability"": 1.0129982001672033e-05}, {""token"": ""Eight"", ""token_id"": 80357, ""probability"": 6.475881377809856e-07}, {""token"": "" Six"", ""token_id"": 19759, ""probability"": 2.3823434958103462e-07}, {""token"": "" Many"", ""token_id"": 8732, ""probability"": 4.363414518593345e-09}, {""token"": "" Two"", ""token_id"": 8512, ""probability"": 1.605210298016857e-09}, {""token"": "" Legs"", ""token_id"": 156403, ""probability"": 5.905239075509883e-10}, {""token"": "" None"", ""token_id"": 5450, ""probability"": 2.789437569816755e-10}, {""token"": "" Usually"", ""token_id"": 34645, ""probability"": 2.789437569816755e-10}, {""token"": "" Typically"", ""token_id"": 50338, ""probability"": 2.789437569816755e-10}, {""token"": "" Some"", ""token_id"": 4943, ""probability"": 2.1724159970926138e-10}, {""token"": ""\n\n"", ""token_id"": 108, ""probability"": 2.1724159970926138e-10}]"
L22-L26,"[22, 23, 24, 25, 26]","[23422, 23422, 60476, 56900, 56900, 184534, 184534, 109731, 109731, 169121, 145491, 145491, 233390]","[16, 21, 16, 16, 21, 16, 21, 16, 21, 16, 16, 21, 21]","[1703, 197021]","[16, 16]",0.2,3.0,True,joint,False,"[1484.716796875, 1391.216796875, 450.19487304687505, 454.73232421875, 575.3306640625, 372.1739013671875, 486.55703125, 496.64912109375, 488.3783203125, 430.33847656250003, 733.519091796875, 561.96787109375, 482.40771484375]","[5469.346572875977, 1081.318244934082]","[371.17919921875, 347.80419921875, 112.54872131347656, 5469.34765625, 1081.3182373046875, 51.977516174316406, 59.752567291259766, 10.733965873718262, 68.42169952392578, 140.42381286621094, 62.81171417236328, 43.25539779663086, 11.176501274108887, 51.822227478027344, 54.8482666015625]",5603.288734771066, Eight,0.9999773502349854,3.9277745145227527e-07,0.9999773502349854,2.1444922822411172e-05,-14.750000016745354,"[{""token"": "" Eight"", ""token_id"": 38923, ""probability"": 0.9999773502349854}, {""token"": "" Four"", ""token_id"": 13038, ""probability"": 2.1444922822411172e-05}, {""token"": ""Eight"", ""token_id"": 80357, ""probability"": 8.315099080391519e-07}, {""token"": "" Six"", ""token_id"": 19759, ""probability"": 3.9277745145227527e-07}, {""token"": "" Many"", ""token_id"": 8732, ""probability"": 7.193970308350117e-09}, {""token"": "" Two"", ""token_id"": 8512, ""probability"": 3.3981908398317273e-09}, {""token"": "" Legs"", ""token_id"": 156403, ""probability"": 9.735979800140626e-10}, {""token"": "" None"", ""token_id"": 5450, ""probability"": 7.582388605875678e-10}, {""token"": "" Typically"", ""token_id"": 50338, ""probability"": 5.905170241682356e-10}, {""token"": ""\n\n"", ""token_id"": 108, ""probability"": 4.598951497403192e-10}, {""token"": "" Some"", ""token_id"": 4943, ""probability"": 4.598951497403192e-10}, {""token"": "" Zero"", ""token_id"": 31234, ""probability"": 4.598951497403192e-10}]"
L22-L26,"[22, 23, 24, 25, 26]","[23422, 23422, 60476, 56900, 56900, 184534, 184534, 109731, 109731, 169121, 145491, 145491, 233390]","[16, 21, 16, 16, 21, 16, 21, 16, 21, 16, 16, 21, 21]","[1703, 197021]","[16, 16]",0.4,0.0,False,spider_only,False,"[1113.53759765625, 1043.41259765625, 337.6461547851562, 341.0492431640625, 431.497998046875, 279.1304260253906, 364.9177734375, 372.48684082031247, 366.283740234375, 322.753857421875, 550.1393188476562, 421.4759033203125, 361.8057861328125]","[0.0, 0.0]","[742.3584594726562, 695.6084594726562, 225.09744262695312, 0.0, 0.0, 60.88744354248047, 120.98880004882812, 86.40306091308594, 176.6643524169922, 136.90625, 146.22984313964844, 116.21978759765625, 231.07815551757812, 179.5654754638672, 174.83937072753906]",1145.6441985282852, Eight,0.9999911785125732,2.3823486117180437e-07,0.9999911785125732,7.88925444794586e-06,-15.250000016680895,"[{""token"": "" Eight"", ""token_id"": 38923, ""probability"": 0.9999911785125732}, {""token"": "" Four"", ""token_id"": 13038, ""probability"": 7.88925444794586e-06}, {""token"": ""Eight"", ""token_id"": 80357, ""probability"": 6.475895588664571e-07}, {""token"": "" Six"", ""token_id"": 19759, ""probability"": 2.3823486117180437e-07}, {""token"": "" Many"", ""token_id"": 8732, ""probability"": 5.602747155109e-09}, {""token"": "" Two"", ""token_id"": 8512, ""probability"": 1.6052137397082333e-09}, {""token"": "" Legs"", ""token_id"": 156403, ""probability"": 5.905251843074666e-10}, {""token"": "" None"", ""token_id"": 5450, ""probability"": 3.58171631242854e-10}, {""token"": "" Typically"", ""token_id"": 50338, ""probability"": 2.7894433984876343e-10}, {""token"": "" Usually"", ""token_id"": 34645, ""probability"": 2.7894433984876343e-10}, {""token"": ""\n\n"", ""token_id"": 108, ""probability"": 2.7894433984876343e-10}, {""token"": "" Zero"", ""token_id"": 31234, ""probability"": 2.7894433984876343e-10}]"
L22-L26,"[22, 23, 24, 25, 26]","[23422, 23422, 60476, 56900, 56900, 184534, 184534, 109731, 109731, 169121, 145491, 145491, 233390]","[16, 21, 16, 16, 21, 16, 21, 16, 21, 16, 16, 21, 21]","[1703, 197021]","[16, 16]",0.4,0.25,False,joint,False,"[1113.53759765625, 1043.41259765625, 337.6461547851562, 341.0492431640625, 431.497998046875, 279.1304260253906, 364.9177734375, 372.48684082031247, 366.283740234375, 322.753857421875, 550.1393188476562, 421.4759033203125, 361.8057861328125]","[455.77888107299805, 90.10985374450684]","[742.3584594726562, 695.6084594726562, 225.09744262695312, 455.7789306640625, 90.10985565185547, 53.867610931396484, 120.90591430664062, 94.7632827758789, 177.8695526123047, 138.6534423828125, 145.52098083496094, 118.05352783203125, 250.06301879882812, 185.31700134277344, 180.00941467285156]",1242.273306837523, Eight,0.9999911785125732,1.855375160175754e-07,0.9999911785125732,7.88925444794586e-06,-15.499999911138532,"[{""token"": "" Eight"", ""token_id"": 38923, ""probability"": 0.9999911785125732}, {""token"": "" Four"", ""token_id"": 13038, ""probability"": 7.88925444794586e-06}, {""token"": ""Eight"", ""token_id"": 80357, ""probability"": 6.475895588664571e-07}, {""token"": "" Six"", ""token_id"": 19759, ""probability"": 1.855375160175754e-07}, {""token"": "" Many"", ""token_id"": 8732, ""probability"": 5.602747155109e-09}, {""token"": "" Two"", ""token_id"": 8512, ""probability"": 2.061135262465541e-09}, {""token"": "" Legs"", ""token_id"": 156403, ""probability"": 5.905251843074666e-10}, {""token"": "" None"", ""token_id"": 5450, ""probability"": 3.58171631242854e-10}, {""token"": ""\n\n"", ""token_id"": 108, ""probability"": 2.7894433984876343e-10}, {""token"": "" Typically"", ""token_id"": 50338, ""probability"": 2.7894433984876343e-10}, {""token"": "" Usually"", ""token_id"": 34645, ""probability"": 2.7894433984876343e-10}, {""token"": "" Some"", ""token_id"": 4943, ""probability"": 2.1724207155404684e-10}]"
L22-L26,"[22, 23, 24, 25, 26]","[23422, 23422, 60476, 56900, 56900, 184534, 184534, 109731, 109731, 169121, 145491, 145491, 233390]","[16, 21, 16, 16, 21, 16, 21, 16, 21, 16, 16, 21, 21]","[1703, 197021]","[16, 16]",0.4,0.5,False,joint,False,"[1113.53759765625, 1043.41259765625, 337.6461547851562, 341.0492431640625, 431.497998046875, 279.1304260253906, 364.9177734375, 372.48684082031247, 366.283740234375, 322.753857421875, 550.1393188476562, 421.4759033203125, 361.8057861328125]","[911.5577621459961, 180.21970748901367]","[742.3584594726562, 695.6084594726562, 225.09744262695312, 911.557861328125, 180.21971130371094, 47.348567962646484, 120.6787338256836, 103.11600494384766, 176.2947235107422, 135.593505859375, 143.6934051513672, 120.7734375, 261.6325988769531, 179.15159606933594, 172.21681213378906]",1480.3364789060777, Eight,0.9999911785125732,2.3823486117180437e-07,0.9999911785125732,7.88925444794586e-06,-15.250000016680895,"[{""token"": "" Eight"", ""token_id"": 38923, ""probability"": 0.9999911785125732}, {""token"": "" Four"", ""token_id"": 13038, ""probability"": 7.88925444794586e-06}, {""token"": ""Eight"", ""token_id"": 80357, ""probability"": 6.475895588664571e-07}, {""token"": "" Six"", ""token_id"": 19759, ""probability"": 2.3823486117180437e-07}, {""token"": "" Many"", ""token_id"": 8732, ""probability"": 4.363423844466752e-09}, {""token"": "" Two"", ""token_id"": 8512, ""probability"": 1.6052137397082333e-09}, {""token"": "" Legs"", ""token_id"": 156403, ""probability"": 5.905251843074666e-10}, {""token"": "" None"", ""token_id"": 5450, ""probability"": 3.58171631242854e-10}, {""token"": ""\n\n"", ""token_id"": 108, ""probability"": 2.7894433984876343e-10}, {""token"": "" Typically"", ""token_id"": 50338, ""probability"": 2.7894433984876343e-10}, {""token"": "" Usually"", ""token_id"": 34645, ""probability"": 2.7894433984876343e-10}, {""token"": "" Some"", ""token_id"": 4943, ""probability"": 2.1724207155404684e-10}]"
L22-L26,"[22, 23, 24, 25, 26]","[23422, 23422, 60476, 56900, 56900, 184534, 184534, 109731, 109731, 169121, 145491, 145491, 233390]","[16, 21, 16, 16, 21, 16, 21, 16, 21, 16, 16, 21, 21]","[1703, 197021]","[16, 16]",0.4,0.75,False,joint,False,"[1113.53759765625, 1043.41259765625, 337.6461547851562, 341.0492431640625, 431.497998046875, 279.1304260253906, 364.9177734375, 372.48684082031247, 366.283740234375, 322.753857421875, 550.1393188476562, 421.4759033203125, 361.8057861328125]","[1367.3366432189941, 270.3295612335205]","[742.3584594726562, 695.6084594726562, 225.09744262695312, 1367.3369140625, 270.3295593261719, 40.27727508544922, 120.34988403320312, 108.8060073852539, 175.8877410888672, 128.746826171875, 143.57908630371094, 117.74798583984375, 267.2013244628906, 170.64305114746094, 160.18702697753906]",1806.7752336853562, Eight,0.9999911785125732,2.3823486117180437e-07,0.9999911785125732,7.88925444794586e-06,-15.250000016680895,"[{""token"": "" Eight"", ""token_id"": 38923, ""probability"": 0.9999911785125732}, {""token"": "" Four"", ""token_id"": 13038, ""probability"": 7.88925444794586e-06}, {""token"": ""Eight"", ""token_id"": 80357, ""probability"": 6.475895588664571e-07}, {""token"": "" Six"", ""token_id"": 19759, ""probability"": 2.3823486117180437e-07}, {""token"": "" Many"", ""token_id"": 8732, ""probability"": 5.602747155109e-09}, {""token"": "" Two"", ""token_id"": 8512, ""probability"": 2.061135262465541e-09}, {""token"": "" Legs"", ""token_id"": 156403, ""probability"": 5.905251843074666e-10}, {""token"": "" None"", ""token_id"": 5450, ""probability"": 4.599015057671352e-10}, {""token"": "" Usually"", ""token_id"": 34645, ""probability"": 2.7894433984876343e-10}, {""token"": "" Zero"", ""token_id"": 31234, ""probability"": 2.7894433984876343e-10}, {""token"": ""\n\n"", ""token_id"": 108, ""probability"": 2.7894433984876343e-10}, {""token"": "" Some"", ""token_id"": 4943, ""probability"": 2.7894433984876343e-10}]"
L22-L26,"[22, 23, 24, 25, 26]","[23422, 23422, 60476, 56900, 56900, 184534, 184534, 109731, 109731, 169121, 145491, 145491, 233390]","[16, 21, 16, 16, 21, 16, 21, 16, 21, 16, 16, 21, 21]","[1703, 197021]","[16, 16]",0.4,1.0,False,joint,False,"[1113.53759765625, 1043.41259765625, 337.6461547851562, 341.0492431640625, 431.497998046875, 279.1304260253906, 364.9177734375, 372.48684082031247, 366.283740234375, 322.753857421875, 550.1393188476562, 421.4759033203125, 361.8057861328125]","[1823.1155242919922, 360.43941497802734]","[742.3584594726562, 695.6084594726562, 225.09744262695312, 1823.11572265625, 360.4394226074219, 32.556758880615234, 120.2118148803711, 107.17862701416016, 173.94505310058594, 115.89246368408203, 140.90196228027344, 110.9722900390625, 264.4322814941406, 173.90379333496094, 165.036376953125]",2183.9326431637455, Eight,0.9999910593032837,3.0589959010285384e-07,0.9999910593032837,7.889253538451158e-06,-14.999999985024823,"[{""token"": "" Eight"", ""token_id"": 38923, ""probability"": 0.9999910593032837}, {""token"": "" Four"", ""token_id"": 13038, ""probability"": 7.889253538451158e-06}, {""token"": ""Eight"", ""token_id"": 80357, ""probability"": 6.475894451796194e-07}, {""token"": "" Six"", ""token_id"": 19759, ""probability"": 3.0589959010285384e-07}, {""token"": "" Many"", ""token_id"": 8732, ""probability"": 5.6027462669305805e-09}, {""token"": "" Two"", ""token_id"": 8512, ""probability"": 2.061135040420936e-09}, {""token"": "" Legs"", ""token_id"": 156403, ""probability"": 7.582492411728481e-10}, {""token"": "" None"", ""token_id"": 5450, ""probability"": 4.5990145025598395e-10}, {""token"": ""\n\n"", ""token_id"": 108, ""probability"": 3.581716034872784e-10}, {""token"": "" Typically"", ""token_id"": 50338, ""probability"": 3.581716034872784e-10}, {""token"": "" Usually"", ""token_id"": 34645, ""probability"": 3.581716034872784e-10}, {""token"": "" Some"", ""token_id"": 4943, ""probability"": 2.789443120931878e-10}]"
L22-L26,"[22, 23, 24, 25, 26]","[23422, 23422, 60476, 56900, 56900, 184534, 184534, 109731, 109731, 169121, 145491, 145491, 233390]","[16, 21, 16, 16, 21, 16, 21, 16, 21, 16, 16, 21, 21]","[1703, 197021]","[16, 16]",0.4,1.25,False,joint,False,"[1113.53759765625, 1043.41259765625, 337.6461547851562, 341.0492431640625, 431.497998046875, 279.1304260253906, 364.9177734375, 372.48684082031247, 366.283740234375, 322.753857421875, 550.1393188476562, 421.4759033203125, 361.8057861328125]","[2278.8944053649902, 450.5492687225342]","[742.3584594726562, 695.6084594726562, 225.09744262695312, 2278.894775390625, 450.54925537109375, 25.884700775146484, 120.1452865600586, 110.48270416259766, 173.23973083496094, 106.65528106689453, 138.7892303466797, 106.706787109375, 267.6246643066406, 169.8340301513672, 160.10792541503906]",2589.872715596237, Eight,0.9999910593032837,3.0589959010285384e-07,0.9999910593032837,7.889253538451158e-06,-14.999999985024823,"[{""token"": "" Eight"", ""token_id"": 38923, ""probability"": 0.9999910593032837}, {""token"": "" Four"", ""token_id"": 13038, ""probability"": 7.889253538451158e-06}, {""token"": ""Eight"", ""token_id"": 80357, ""probability"": 6.475894451796194e-07}, {""token"": "" Six"", ""token_id"": 19759, ""probability"": 3.0589959010285384e-07}, {""token"": "" Many"", ""token_id"": 8732, ""probability"": 5.6027462669305805e-09}, {""token"": "" Two"", ""token_id"": 8512, ""probability"": 2.061135040420936e-09}, {""token"": "" Legs"", ""token_id"": 156403, ""probability"": 7.582492411728481e-10}, {""token"": "" None"", ""token_id"": 5450, ""probability"": 4.5990145025598395e-10}, {""token"": "" Typically"", ""token_id"": 50338, ""probability"": 3.581716034872784e-10}, {""token"": ""\n\n"", ""token_id"": 108, ""probability"": 2.789443120931878e-10}, {""token"": "" Zero"", ""token_id"": 31234, ""probability"": 2.789443120931878e-10}, {""token"": "" Usually"", ""token_id"": 34645, ""probability"": 2.789443120931878e-10}]"
L22-L26,"[22, 23, 24, 25, 26]","[23422, 23422, 60476, 56900, 56900, 184534, 184534, 109731, 109731, 169121, 145491, 145491, 233390]","[16, 21, 16, 16, 21, 16, 21, 16, 21, 16, 16, 21, 21]","[1703, 197021]","[16, 16]",0.4,1.5,False,joint,False,"[1113.53759765625, 1043.41259765625, 337.6461547851562, 341.0492431640625, 431.497998046875, 279.1304260253906, 364.9177734375, 372.48684082031247, 366.283740234375, 322.753857421875, 550.1393188476562, 421.4759033203125, 361.8057861328125]","[2734.6732864379883, 540.659122467041]","[742.3584594726562, 695.6084594726562, 225.09744262695312, 2734.673828125, 540.6591186523438, 22.252986907958984, 120.2020492553711, 110.13126373291016, 169.22410583496094, 93.12709045410156, 137.4492645263672, 101.35333251953125, 264.8115539550781, 166.09532165527344, 156.25306701660156]",3011.9867213010975, Eight,0.9999910593032837,3.927828231553576e-07,0.9999910593032837,7.889253538451158e-06,-14.750000049923456,"[{""token"": "" Eight"", ""token_id"": 38923, ""probability"": 0.9999910593032837}, {""token"": "" Four"", ""token_id"": 13038, ""probability"": 7.889253538451158e-06}, {""token"": ""Eight"", ""token_id"": 80357, ""probability"": 6.475894451796194e-07}, {""token"": "" Six"", ""token_id"": 19759, ""probability"": 3.927828231553576e-07}, {""token"": "" Many"", ""token_id"": 8732, ""probability"": 5.6027462669305805e-09}, {""token"": "" Two"", ""token_id"": 8512, ""probability"": 2.646550090190658e-09}, {""token"": "" Legs"", ""token_id"": 156403, ""probability"": 5.905251287963154e-10}, {""token"": "" None"", ""token_id"": 5450, ""probability"": 4.5990145025598395e-10}, {""token"": ""\n\n"", ""token_id"": 108, ""probability"": 3.581716034872784e-10}, {""token"": "" Typically"", ""token_id"": 50338, ""probability"": 3.581716034872784e-10}, {""token"": "" Usually"", ""token_id"": 34645, ""probability"": 3.581716034872784e-10}, {""token"": "" Some"", ""token_id"": 4943, ""probability"": 2.789443120931878e-10}]"
L22-L26,"[22, 23, 24, 25, 26]","[23422, 23422, 60476, 56900, 56900, 184534, 184534, 109731, 109731, 169121, 145491, 145491, 233390]","[16, 21, 16, 16, 21, 16, 21, 16, 21, 16, 16, 21, 21]","[1703, 197021]","[16, 16]",0.4,2.0,True,joint,False,"[1113.53759765625, 1043.41259765625, 337.6461547851562, 341.0492431640625, 431.497998046875, 279.1304260253906, 364.9177734375, 372.48684082031247, 366.283740234375, 322.753857421875, 550.1393188476562, 421.4759033203125, 361.8057861328125]","[3646.2310485839844, 720.8788299560547]","[742.3584594726562, 695.6084594726562, 225.09744262695312, 3646.2314453125, 720.8788452148438, 6.705471992492676, 120.19546508789062, 97.6620864868164, 167.25999450683594, 50.52564239501953, 135.86863708496094, 79.88116455078125, 244.23641967773438, 156.01304626464844, 149.68727111816406]",3884.0833848197367, Eight,0.9999887943267822,5.04342040130723e-07,0.9999887943267822,1.0129979273187928e-05,-14.49999994226551,"[{""token"": "" Eight"", ""token_id"": 38923, ""probability"": 0.9999887943267822}, {""token"": "" Four"", ""token_id"": 13038, ""probability"": 1.0129979273187928e-05}, {""token"": ""Eight"", ""token_id"": 80357, ""probability"": 6.47587967250729e-07}, {""token"": "" Six"", ""token_id"": 19759, ""probability"": 5.04342040130723e-07}, {""token"": "" Many"", ""token_id"": 8732, ""probability"": 5.602733832432705e-09}, {""token"": "" Two"", ""token_id"": 8512, ""probability"": 2.646544094986325e-09}, {""token"": "" Legs"", ""token_id"": 156403, ""probability"": 7.582475203271599e-10}, {""token"": "" None"", ""token_id"": 5450, ""probability"": 4.5990039554411055e-10}, {""token"": "" Typically"", ""token_id"": 50338, ""probability"": 4.5990039554411055e-10}, {""token"": ""\n\n"", ""token_id"": 108, ""probability"": 3.581707708200099e-10}, {""token"": "" Zero"", ""token_id"": 31234, ""probability"": 3.581707708200099e-10}, {""token"": "" Usually"", ""token_id"": 34645, ""probability"": 3.581707708200099e-10}]"
L22-L26,"[22, 23, 24, 25, 26]","[23422, 23422, 60476, 56900, 56900, 184534, 184534, 109731, 109731, 169121, 145491, 145491, 233390]","[16, 21, 16, 16, 21, 16, 21, 16, 21, 16, 16, 21, 21]","[1703, 197021]","[16, 16]",0.4,3.0,True,joint,False,"[1113.53759765625, 1043.41259765625, 337.6461547851562, 341.0492431640625, 431.497998046875, 279.1304260253906, 364.9177734375, 372.48684082031247, 366.283740234375, 322.753857421875, 550.1393188476562, 421.4759033203125, 361.8057861328125]","[5469.346572875977, 1081.318244934082]","[742.3584594726562, 695.6084594726562, 225.09744262695312, 5469.34765625, 1081.3182373046875, 21.558748245239258, 120.25985717773438, 60.105690002441406, 156.2950897216797, 70.33745574951172, 135.0480194091797, 9.120882987976074, 99.32283782958984, 141.63572692871094, 139.99708557128906]",5681.937209442625, Eight,0.9999853372573853,8.315165587191586e-07,0.9999853372573853,1.3007106645090971e-05,-13.999999961387207,"[{""token"": "" Eight"", ""token_id"": 38923, ""probability"": 0.9999853372573853}, {""token"": "" Four"", ""token_id"": 13038, ""probability"": 1.3007106645090971e-05}, {""token"": "" Six"", ""token_id"": 19759, ""probability"": 8.315165587191586e-07}, {""token"": ""Eight"", ""token_id"": 80357, ""probability"": 8.315165587191586e-07}, {""token"": "" Many"", ""token_id"": 8732, ""probability"": 1.1860946003139361e-08}, {""token"": "" Two"", ""token_id"": 8512, ""probability"": 5.602714292507471e-09}, {""token"": "" Legs"", ""token_id"": 156403, ""probability"": 9.73605751575235e-10}, {""token"": "" None"", ""token_id"": 5450, ""probability"": 9.73605751575235e-10}, {""token"": ""\n\n"", ""token_id"": 108, ""probability"": 5.905217426160903e-10}, {""token"": "" Typically"", ""token_id"": 50338, ""probability"": 5.905217426160903e-10}, {""token"": "" Usually"", ""token_id"": 34645, ""probability"": 5.905217426160903e-10}, {""token"": "" Some"", ""token_id"": 4943, ""probability"": 4.5989881347630046e-10}]"
L22-L26,"[22, 23, 24, 25, 26]","[23422, 23422, 60476, 56900, 56900, 184534, 184534, 109731, 109731, 169121, 145491, 145491, 233390]","[16, 21, 16, 16, 21, 16, 21, 16, 21, 16, 16, 21, 21]","[1703, 197021]","[16, 16]",0.6,0.0,False,spider_only,False,"[742.3583984375, 695.6083984375, 225.09743652343752, 227.366162109375, 287.66533203125, 186.08695068359376, 243.278515625, 248.324560546875, 244.18916015625, 215.16923828125002, 366.7595458984375, 280.983935546875, 241.203857421875]","[0.0, 0.0]","[1113.5377197265625, 1043.4127197265625, 337.6461486816406, 0.0, 0.0, 90.90554809570312, 181.24578857421875, 132.563720703125, 252.1039581298828, 207.88970947265625, 214.1923370361328, 176.93832397460938, 348.6150817871094, 264.0559997558594, 260.0673828125]",1715.8733717446785, Eight,0.999994158744812,3.927840452888631e-07,0.999994158744812,4.78508991363924e-06,-14.750000037918824,"[{""token"": "" Eight"", ""token_id"": 38923, ""probability"": 0.999994158744812}, {""token"": "" Four"", ""token_id"": 13038, ""probability"": 4.78508991363924e-06}, {""token"": ""Eight"", ""token_id"": 80357, ""probability"": 6.475914346992795e-07}, {""token"": "" Six"", ""token_id"": 19759, ""probability"": 3.927840452888631e-07}, {""token"": "" Many"", ""token_id"": 8732, ""probability"": 5.602763586409765e-09}, {""token"": "" Two"", ""token_id"": 8512, ""probability"": 2.061141479714479e-09}, {""token"": "" Legs"", ""token_id"": 156403, ""probability"": 5.90526960664306e-10}, {""token"": "" None"", ""token_id"": 5450, ""probability"": 3.58172713710303e-10}, {""token"": ""\n\n"", ""token_id"": 108, ""probability"": 2.789451725160319e-10}, {""token"": "" Typically"", ""token_id"": 50338, ""probability"": 2.789451725160319e-10}, {""token"": "" Usually"", ""token_id"": 34645, ""probability"": 2.789451725160319e-10}, {""token"": "" Some"", ""token_id"": 4943, ""probability"": 2.172427238100738e-10}]"
L22-L26,"[22, 23, 24, 25, 26]","[23422, 23422, 60476, 56900, 56900, 184534, 184534, 109731, 109731, 169121, 145491, 145491, 233390]","[16, 21, 16, 16, 21, 16, 21, 16, 21, 16, 16, 21, 21]","[1703, 197021]","[16, 16]",0.6,0.25,False,joint,False,"[742.3583984375, 695.6083984375, 225.09743652343752, 227.366162109375, 287.66533203125, 186.08695068359376, 243.278515625, 248.324560546875, 244.18916015625, 215.16923828125002, 366.7595458984375, 280.983935546875, 241.203857421875]","[455.77888107299805, 90.10985374450684]","[1113.5377197265625, 1043.4127197265625, 337.6461486816406, 455.7789306640625, 90.10985565185547, 84.28097534179688, 181.23016357421875, 142.8076171875, 256.3208923339844, 209.33465576171875, 221.56044006347656, 179.23428344726562, 363.3934631347656, 269.431396484375, 266.4660949707031]",1784.7310133594883, Eight,0.999995231628418,3.927844716145046e-07,0.999995231628418,3.7266354411258362e-06,-14.750000025414213,"[{""token"": "" Eight"", ""token_id"": 38923, ""probability"": 0.999995231628418}, {""token"": "" Four"", ""token_id"": 13038, ""probability"": 3.7266354411258362e-06}, {""token"": ""Eight"", ""token_id"": 80357, ""probability"": 6.475921736637247e-07}, {""token"": "" Six"", ""token_id"": 19759, ""probability"": 3.927844716145046e-07}, {""token"": "" Many"", ""token_id"": 8732, ""probability"": 7.194099094220974e-09}, {""token"": "" Two"", ""token_id"": 8512, ""probability"": 2.6465611924209043e-09}, {""token"": "" Legs"", ""token_id"": 156403, ""probability"": 7.582524053084683e-10}, {""token"": "" None"", ""token_id"": 5450, ""probability"": 4.599033653907014e-10}, {""token"": ""\n\n"", ""token_id"": 108, ""probability"": 3.58173074532786e-10}, {""token"": "" Typically"", ""token_id"": 50338, ""probability"": 3.58173074532786e-10}, {""token"": "" Usually"", ""token_id"": 34645, ""probability"": 3.58173074532786e-10}, {""token"": "" Some"", ""token_id"": 4943, ""probability"": 2.789454778273637e-10}]"
L22-L26,"[22, 23, 24, 25, 26]","[23422, 23422, 60476, 56900, 56900, 184534, 184534, 109731, 109731, 169121, 145491, 145491, 233390]","[16, 21, 16, 16, 21, 16, 21, 16, 21, 16, 16, 21, 21]","[1703, 197021]","[16, 16]",0.6,0.5,False,joint,False,"[742.3583984375, 695.6083984375, 225.09743652343752, 227.366162109375, 287.66533203125, 186.08695068359376, 243.278515625, 248.324560546875, 244.18916015625, 215.16923828125002, 366.7595458984375, 280.983935546875, 241.203857421875]","[911.5577621459961, 180.21970748901367]","[1113.5377197265625, 1043.4127197265625, 337.6461486816406, 911.557861328125, 180.21971130371094, 77.42357635498047, 181.1488037109375, 143.87152099609375, 254.0298614501953, 199.7279815673828, 217.07911682128906, 174.86196899414062, 364.1846008300781, 268.2164306640625, 267.4885559082031]",1955.4665848228856, Eight,0.9999927282333374,5.043439728069643e-07,0.9999927282333374,6.144167855381966e-06,-14.500000044141311,"[{""token"": "" Eight"", ""token_id"": 38923, ""probability"": 0.9999927282333374}, {""token"": "" Four"", ""token_id"": 13038, ""probability"": 6.144167855381966e-06}, {""token"": ""Eight"", ""token_id"": 80357, ""probability"": 6.475905252045777e-07}, {""token"": "" Six"", ""token_id"": 19759, ""probability"": 5.043439728069643e-07}, {""token"": "" Many"", ""token_id"": 8732, ""probability"": 7.19408088656337e-09}, {""token"": "" Two"", ""token_id"": 8512, ""probability"": 2.6465545310827565e-09}, {""token"": "" Legs"", ""token_id"": 156403, ""probability"": 7.582505179293264e-10}, {""token"": "" None"", ""token_id"": 5450, ""probability"": 5.905261279970375e-10}, {""token"": ""\n\n"", ""token_id"": 108, ""probability"": 3.581721863543663e-10}, {""token"": "" Typically"", ""token_id"": 50338, ""probability"": 3.581721863543663e-10}, {""token"": "" Usually"", ""token_id"": 34645, ""probability"": 3.581721863543663e-10}, {""token"": "" Some"", ""token_id"": 4943, ""probability"": 2.789447839379733e-10}]"
L22-L26,"[22, 23, 24, 25, 26]","[23422, 23422, 60476, 56900, 56900, 184534, 184534, 109731, 109731, 169121, 145491, 145491, 233390]","[16, 21, 16, 16, 21, 16, 21, 16, 21, 16, 16, 21, 21]","[1703, 197021]","[16, 16]",0.6,0.75,False,joint,False,"[742.3583984375, 695.6083984375, 225.09743652343752, 227.366162109375, 287.66533203125, 186.08695068359376, 243.278515625, 248.324560546875, 244.18916015625, 215.16923828125002, 366.7595458984375, 280.983935546875, 241.203857421875]","[1367.3366432189941, 270.3295612335205]","[1113.5377197265625, 1043.4127197265625, 337.6461486816406, 1367.3369140625, 270.3295593261719, 69.46224975585938, 180.84149169921875, 151.8680419921875, 255.21803283691406, 195.25262451171875, 218.1916046142578, 173.71530151367188, 374.3638610839844, 263.8128662109375, 261.7947082519531]",2214.788601515851, Eight,0.9999953508377075,3.9278452845792344e-07,0.9999953508377075,3.726635895873187e-06,-14.749999999904965,"[{""token"": "" Eight"", ""token_id"": 38923, ""probability"": 0.9999953508377075}, {""token"": "" Four"", ""token_id"": 13038, ""probability"": 3.726635895873187e-06}, {""token"": ""Eight"", ""token_id"": 80357, ""probability"": 5.04345337049017e-07}, {""token"": "" Six"", ""token_id"": 19759, ""probability"": 3.9278452845792344e-07}, {""token"": "" Many"", ""token_id"": 8732, ""probability"": 4.3634420521243555e-09}, {""token"": "" Two"", ""token_id"": 8512, ""probability"": 2.061143922205133e-09}, {""token"": "" Legs"", ""token_id"": 156403, ""probability"": 4.5990342090185266e-10}, {""token"": "" None"", ""token_id"": 5450, ""probability"": 3.5817313004393725e-10}, {""token"": "" Usually"", ""token_id"": 34645, ""probability"": 2.789455055829393e-10}, {""token"": "" Typically"", ""token_id"": 50338, ""probability"": 2.789455055829393e-10}, {""token"": "" Some"", ""token_id"": 4943, ""probability"": 2.1724297361025435e-10}, {""token"": ""\n\n"", ""token_id"": 108, ""probability"": 2.1724297361025435e-10}]"
L22-L26,"[22, 23, 24, 25, 26]","[23422, 23422, 60476, 56900, 56900, 184534, 184534, 109731, 109731, 169121, 145491, 145491, 233390]","[16, 21, 16, 16, 21, 16, 21, 16, 21, 16, 16, 21, 21]","[1703, 197021]","[16, 16]",0.6,1.0,False,joint,False,"[742.3583984375, 695.6083984375, 225.09743652343752, 227.366162109375, 287.66533203125, 186.08695068359376, 243.278515625, 248.324560546875, 244.18916015625, 215.16923828125002, 366.7595458984375, 280.983935546875, 241.203857421875]","[1823.1155242919922, 360.43941497802734]","[1113.5377197265625, 1043.4127197265625, 337.6461486816406, 1823.11572265625, 360.4394226074219, 63.36838150024414, 180.9978485107422, 148.9275665283203, 251.1316680908203, 179.53460693359375, 208.41920471191406, 165.82150268554688, 368.9584045410156, 259.75152587890625, 250.13710021972656]",2527.391707091087, Eight,0.9999926090240479,6.475904683611589e-07,0.9999926090240479,6.144166945887264e-06,-14.249999942652616,"[{""token"": "" Eight"", ""token_id"": 38923, ""probability"": 0.9999926090240479}, {""token"": "" Four"", ""token_id"": 13038, ""probability"": 6.144166945887264e-06}, {""token"": "" Six"", ""token_id"": 19759, ""probability"": 6.475904683611589e-07}, {""token"": ""Eight"", ""token_id"": 80357, ""probability"": 6.475904683611589e-07}, {""token"": "" Many"", ""token_id"": 8732, ""probability"": 7.19407999838495e-09}, {""token"": "" Two"", ""token_id"": 8512, ""probability"": 3.3982427982692798e-09}, {""token"": "" Legs"", ""token_id"": 156403, ""probability"": 7.582504069070239e-10}, {""token"": "" None"", ""token_id"": 5450, ""probability"": 5.905260169747351e-10}, {""token"": "" Usually"", ""token_id"": 34645, ""probability"": 4.5990217190094995e-10}, {""token"": "" Typically"", ""token_id"": 50338, ""probability"": 4.5990217190094995e-10}, {""token"": "" Some"", ""token_id"": 4943, ""probability"": 3.581721585987907e-10}, {""token"": ""\n\n"", ""token_id"": 108, ""probability"": 3.581721585987907e-10}]"
L22-L26,"[22, 23, 24, 25, 26]","[23422, 23422, 60476, 56900, 56900, 184534, 184534, 109731, 109731, 169121, 145491, 145491, 233390]","[16, 21, 16, 16, 21, 16, 21, 16, 21, 16, 16, 21, 21]","[1703, 197021]","[16, 16]",0.6,1.25,False,joint,False,"[742.3583984375, 695.6083984375, 225.09743652343752, 227.366162109375, 287.66533203125, 186.08695068359376, 243.278515625, 248.324560546875, 244.18916015625, 215.16923828125002, 366.7595458984375, 280.983935546875, 241.203857421875]","[2278.8944053649902, 450.5492687225342]","[1113.5377197265625, 1043.4127197265625, 337.6461486816406, 2278.894775390625, 450.54925537109375, 56.057281494140625, 180.90472412109375, 152.19915771484375, 249.3917999267578, 169.8214111328125, 207.86415100097656, 161.35330200195312, 368.1810302734375, 252.9334716796875, 244.36109924316406]",2884.023883910509, Eight,0.9999926090240479,6.475904683611589e-07,0.9999926090240479,6.144166945887264e-06,-14.249999942652616,"[{""token"": "" Eight"", ""token_id"": 38923, ""probability"": 0.9999926090240479}, {""token"": "" Four"", ""token_id"": 13038, ""probability"": 6.144166945887264e-06}, {""token"": "" Six"", ""token_id"": 19759, ""probability"": 6.475904683611589e-07}, {""token"": ""Eight"", ""token_id"": 80357, ""probability"": 6.475904683611589e-07}, {""token"": "" Many"", ""token_id"": 8732, ""probability"": 7.19407999838495e-09}, {""token"": "" Two"", ""token_id"": 8512, ""probability"": 3.3982427982692798e-09}, {""token"": "" Legs"", ""token_id"": 156403, ""probability"": 7.582504069070239e-10}, {""token"": "" None"", ""token_id"": 5450, ""probability"": 5.905260169747351e-10}, {""token"": "" Typically"", ""token_id"": 50338, ""probability"": 3.581721585987907e-10}, {""token"": "" Usually"", ""token_id"": 34645, ""probability"": 3.581721585987907e-10}, {""token"": ""\n\n"", ""token_id"": 108, ""probability"": 3.581721585987907e-10}, {""token"": "" Zero"", ""token_id"": 31234, ""probability"": 3.581721585987907e-10}]"
L22-L26,"[22, 23, 24, 25, 26]","[23422, 23422, 60476, 56900, 56900, 184534, 184534, 109731, 109731, 169121, 145491, 145491, 233390]","[16, 21, 16, 16, 21, 16, 21, 16, 21, 16, 16, 21, 21]","[1703, 197021]","[16, 16]",0.6,1.5,False,joint,False,"[742.3583984375, 695.6083984375, 225.09743652343752, 227.366162109375, 287.66533203125, 186.08695068359376, 243.278515625, 248.324560546875, 244.18916015625, 215.16923828125002, 366.7595458984375, 280.983935546875, 241.203857421875]","[2734.6732864379883, 540.659122467041]","[1113.5377197265625, 1043.4127197265625, 337.6461486816406, 2734.673828125, 540.6591186523438, 52.02182388305664, 181.18524169921875, 151.055419921875, 250.78150939941406, 157.47418212890625, 208.4154815673828, 155.00753784179688, 369.2352600097656, 245.5861358642578, 239.70436096191406]",3268.186936299355, Eight,0.999994158744812,6.475914346992795e-07,0.999994158744812,4.78508991363924e-06,-14.250000000179151,"[{""token"": "" Eight"", ""token_id"": 38923, ""probability"": 0.999994158744812}, {""token"": "" Four"", ""token_id"": 13038, ""probability"": 4.78508991363924e-06}, {""token"": "" Six"", ""token_id"": 19759, ""probability"": 6.475914346992795e-07}, {""token"": ""Eight"", ""token_id"": 80357, ""probability"": 5.043447117714095e-07}, {""token"": "" Many"", ""token_id"": 8732, ""probability"": 7.194091100615196e-09}, {""token"": "" Two"", ""token_id"": 8512, ""probability"": 2.6465583058410402e-09}, {""token"": "" Legs"", ""token_id"": 156403, ""probability"": 5.90526960664306e-10}, {""token"": "" Typically"", ""token_id"": 50338, ""probability"": 4.5990286579034034e-10}, {""token"": "" None"", ""token_id"": 5450, ""probability"": 4.5990286579034034e-10}, {""token"": ""\n\n"", ""token_id"": 108, ""probability"": 3.58172713710303e-10}, {""token"": "" Usually"", ""token_id"": 34645, ""probability"": 3.58172713710303e-10}, {""token"": "" Some"", ""token_id"": 4943, ""probability"": 2.789451725160319e-10}]"
L22-L26,"[22, 23, 24, 25, 26]","[23422, 23422, 60476, 56900, 56900, 184534, 184534, 109731, 109731, 169121, 145491, 145491, 233390]","[16, 21, 16, 16, 21, 16, 21, 16, 21, 16, 16, 21, 21]","[1703, 197021]","[16, 16]",0.6,2.0,True,joint,False,"[742.3583984375, 695.6083984375, 225.09743652343752, 227.366162109375, 287.66533203125, 186.08695068359376, 243.278515625, 248.324560546875, 244.18916015625, 215.16923828125002, 366.7595458984375, 280.983935546875, 241.203857421875]","[3646.2310485839844, 720.8788299560547]","[1113.5377197265625, 1043.4127197265625, 337.6461486816406, 3646.2314453125, 720.8788452148438, 35.60000991821289, 180.9332733154297, 143.9547119140625, 246.52503967285156, 116.42790985107422, 205.3715362548828, 132.08554077148438, 343.8567810058594, 237.81703186035156, 226.38954162597656]",4083.145756951664, Eight,0.9999939203262329,8.315236641465162e-07,0.9999939203262329,4.785088549397187e-06,-13.999999999439236,"[{""token"": "" Eight"", ""token_id"": 38923, ""probability"": 0.9999939203262329}, {""token"": "" Four"", ""token_id"": 13038, ""probability"": 4.785088549397187e-06}, {""token"": "" Six"", ""token_id"": 19759, ""probability"": 8.315236641465162e-07}, {""token"": ""Eight"", ""token_id"": 80357, ""probability"": 5.043445980845718e-07}, {""token"": "" Many"", ""token_id"": 8732, ""probability"": 5.602762254142135e-09}, {""token"": "" Two"", ""token_id"": 8512, ""probability"": 2.6465578617518304e-09}, {""token"": "" Legs"", ""token_id"": 156403, ""probability"": 5.905267941308523e-10}, {""token"": "" None"", ""token_id"": 5450, ""probability"": 4.599027547680379e-10}, {""token"": "" Typically"", ""token_id"": 50338, ""probability"": 3.5817263044357617e-10}, {""token"": ""\n\n"", ""token_id"": 108, ""probability"": 2.7894511700488067e-10}, {""token"": "" Zero"", ""token_id"": 31234, ""probability"": 2.7894511700488067e-10}, {""token"": "" Usually"", ""token_id"": 34645, ""probability"": 2.7894511700488067e-10}]"
L22-L26,"[22, 23, 24, 25, 26]","[23422, 23422, 60476, 56900, 56900, 184534, 184534, 109731, 109731, 169121, 145491, 145491, 233390]","[16, 21, 16, 16, 21, 16, 21, 16, 21, 16, 16, 21, 21]","[1703, 197021]","[16, 16]",0.6,3.0,True,joint,False,"[742.3583984375, 695.6083984375, 225.09743652343752, 227.366162109375, 287.66533203125, 186.08695068359376, 243.278515625, 248.324560546875, 244.18916015625, 215.16923828125002, 366.7595458984375, 280.983935546875, 241.203857421875]","[5469.346572875977, 1081.318244934082]","[1113.5377197265625, 1043.4127197265625, 337.6461486816406, 5469.34765625, 1081.3182373046875, 7.721315860748291, 180.65789794921875, 110.81676483154297, 233.3589630126953, 6.734564304351807, 201.2526397705078, 59.01095199584961, 203.25247192382812, 218.22364807128906, 213.7852325439453]",5814.103144519606, Eight,0.9999896287918091,1.760328018463042e-06,0.9999896287918091,7.889242624514736e-06,-13.250000020891013,"[{""token"": "" Eight"", ""token_id"": 38923, ""probability"": 0.9999896287918091}, {""token"": "" Four"", ""token_id"": 13038, ""probability"": 7.889242624514736e-06}, {""token"": "" Six"", ""token_id"": 19759, ""probability"": 1.760328018463042e-06}, {""token"": ""Eight"", ""token_id"": 80357, ""probability"": 6.475885356849176e-07}, {""token"": "" Many"", ""token_id"": 8732, ""probability"": 9.237353992830322e-09}, {""token"": "" Two"", ""token_id"": 8512, ""probability"": 5.602738273324803e-09}, {""token"": "" None"", ""token_id"": 5450, ""probability"": 9.736099704227286e-10}, {""token"": "" Legs"", ""token_id"": 156403, ""probability"": 9.736099704227286e-10}, {""token"": "" Typically"", ""token_id"": 50338, ""probability"": 7.582481309498235e-10}, {""token"": ""\n\n"", ""token_id"": 108, ""probability"": 4.5990078412216917e-10}, {""token"": "" Some"", ""token_id"": 4943, ""probability"": 4.5990078412216917e-10}, {""token"": "" Zero"", ""token_id"": 31234, ""probability"": 4.5990078412216917e-10}]"
L22-L26,"[22, 23, 24, 25, 26]","[23422, 23422, 60476, 56900, 56900, 184534, 184534, 109731, 109731, 169121, 145491, 145491, 233390]","[16, 21, 16, 16, 21, 16, 21, 16, 21, 16, 16, 21, 21]","[1703, 197021]","[16, 16]",0.8,0.0,False,spider_only,False,"[371.17919921874994, 347.80419921874994, 112.54871826171872, 113.68308105468748, 143.83266601562497, 93.04347534179685, 121.63925781249998, 124.16228027343747, 122.09458007812498, 107.58461914062498, 183.3797729492187, 140.49196777343747, 120.60192871093747]","[0.0, 0.0]","[1484.7169189453125, 1391.2169189453125, 450.19488525390625, 0.0, 0.0, 120.56140899658203, 239.60693359375, 171.20826721191406, 320.58892822265625, 267.4844055175781, 275.02593994140625, 232.3710174560547, 450.65325927734375, 330.4113464355469, 335.3982849121094]",2274.3165653353894, Eight,0.9999945163726807,1.0676982356017106e-06,0.9999945163726807,3.726632712641731e-06,-13.74999992464368,"[{""token"": "" Eight"", ""token_id"": 38923, ""probability"": 0.9999945163726807}, {""token"": "" Four"", ""token_id"": 13038, ""probability"": 3.726632712641731e-06}, {""token"": "" Six"", ""token_id"": 19759, ""probability"": 1.0676982356017106e-06}, {""token"": ""Eight"", ""token_id"": 80357, ""probability"": 6.475917189163738e-07}, {""token"": "" Many"", ""token_id"": 8732, ""probability"": 7.1940937651504555e-09}, {""token"": "" Two"", ""token_id"": 8512, ""probability"": 2.646559416064065e-09}, {""token"": "" Legs"", ""token_id"": 156403, ""probability"": 5.905271827089109e-10}, {""token"": "" None"", ""token_id"": 5450, ""probability"": 4.5990303232379404e-10}, {""token"": "" Typically"", ""token_id"": 50338, ""probability"": 3.581728247326055e-10}, {""token"": ""\n\n"", ""token_id"": 108, ""probability"": 2.7894528353833437e-10}, {""token"": "" Several"", ""token_id"": 22624, ""probability"": 2.7894528353833437e-10}, {""token"": "" Zero"", ""token_id"": 31234, ""probability"": 2.7894528353833437e-10}]"
L22-L26,"[22, 23, 24, 25, 26]","[23422, 23422, 60476, 56900, 56900, 184534, 184534, 109731, 109731, 169121, 145491, 145491, 233390]","[16, 21, 16, 16, 21, 16, 21, 16, 21, 16, 16, 21, 21]","[1703, 197021]","[16, 16]",0.8,0.25,False,joint,False,"[371.17919921874994, 347.80419921874994, 112.54871826171872, 113.68308105468748, 143.83266601562497, 93.04347534179685, 121.63925781249998, 124.16228027343747, 122.09458007812498, 107.58461914062498, 183.3797729492187, 140.49196777343747, 120.60192871093747]","[455.77888107299805, 90.10985374450684]","[1484.7169189453125, 1391.2169189453125, 450.19488525390625, 455.7789306640625, 90.10985565185547, 114.30060577392578, 239.4032745361328, 176.7967071533203, 318.98394775390625, 266.4217224121094, 267.10394287109375, 231.8071746826172, 459.74066162109375, 337.3432312011719, 341.0373840332031]",2323.6421703686547, Eight,0.9999945163726807,1.0676982356017106e-06,0.9999945163726807,3.726632712641731e-06,-13.74999992464368,"[{""token"": "" Eight"", ""token_id"": 38923, ""probability"": 0.9999945163726807}, {""token"": "" Four"", ""token_id"": 13038, ""probability"": 3.726632712641731e-06}, {""token"": "" Six"", ""token_id"": 19759, ""probability"": 1.0676982356017106e-06}, {""token"": ""Eight"", ""token_id"": 80357, ""probability"": 6.475917189163738e-07}, {""token"": "" Many"", ""token_id"": 8732, ""probability"": 7.1940937651504555e-09}, {""token"": "" Two"", ""token_id"": 8512, ""probability"": 3.3982492375628226e-09}, {""token"": "" Legs"", ""token_id"": 156403, ""probability"": 5.905271827089109e-10}, {""token"": "" None"", ""token_id"": 5450, ""probability"": 5.905271827089109e-10}, {""token"": ""\n\n"", ""token_id"": 108, ""probability"": 3.581728247326055e-10}, {""token"": "" Typically"", ""token_id"": 50338, ""probability"": 3.581728247326055e-10}, {""token"": "" Usually"", ""token_id"": 34645, ""probability"": 3.581728247326055e-10}, {""token"": "" Some"", ""token_id"": 4943, ""probability"": 2.7894528353833437e-10}]"
L22-L26,"[22, 23, 24, 25, 26]","[23422, 23422, 60476, 56900, 56900, 184534, 184534, 109731, 109731, 169121, 145491, 145491, 233390]","[16, 21, 16, 16, 21, 16, 21, 16, 21, 16, 16, 21, 21]","[1703, 197021]","[16, 16]",0.8,0.5,False,joint,False,"[371.17919921874994, 347.80419921874994, 112.54871826171872, 113.68308105468748, 143.83266601562497, 93.04347534179685, 121.63925781249998, 124.16228027343747, 122.09458007812498, 107.58461914062498, 183.3797729492187, 140.49196777343747, 120.60192871093747]","[911.5577621459961, 180.21970748901367]","[1484.7169189453125, 1391.2169189453125, 450.19488525390625, 911.557861328125, 180.21971130371094, 107.40985870361328, 241.8919677734375, 187.0993194580078, 323.30340576171875, 262.7098388671875, 270.04864501953125, 231.68670654296875, 469.19232177734375, 326.6001892089844, 329.9084777832031]",2459.026472025843, Eight,0.9999951124191284,1.3709524182559107e-06,0.9999951124191284,2.9023065053479513e-06,-13.49999997626086,"[{""token"": "" Eight"", ""token_id"": 38923, ""probability"": 0.9999951124191284}, {""token"": "" Four"", ""token_id"": 13038, ""probability"": 2.9023065053479513e-06}, {""token"": "" Six"", ""token_id"": 19759, ""probability"": 1.3709524182559107e-06}, {""token"": ""Eight"", ""token_id"": 80357, ""probability"": 5.043452233621792e-07}, {""token"": "" Many"", ""token_id"": 8732, ""probability"": 5.602768915480283e-09}, {""token"": "" Two"", ""token_id"": 8512, ""probability"": 2.6465609703762993e-09}, {""token"": "" Legs"", ""token_id"": 156403, ""probability"": 4.599033098795502e-10}, {""token"": "" None"", ""token_id"": 5450, ""probability"": 3.581730467772104e-10}, {""token"": "" Typically"", ""token_id"": 50338, ""probability"": 2.7894545007178806e-10}, {""token"": ""\n\n"", ""token_id"": 108, ""probability"": 2.1724291809910312e-10}, {""token"": "" Zero"", ""token_id"": 31234, ""probability"": 2.1724291809910312e-10}, {""token"": "" Usually"", ""token_id"": 34645, ""probability"": 2.1724291809910312e-10}]"
L22-L26,"[22, 23, 24, 25, 26]","[23422, 23422, 60476, 56900, 56900, 184534, 184534, 109731, 109731, 169121, 145491, 145491, 233390]","[16, 21, 16, 16, 21, 16, 21, 16, 21, 16, 16, 21, 21]","[1703, 197021]","[16, 16]",0.8,0.75,False,joint,False,"[371.17919921874994, 347.80419921874994, 112.54871826171872, 113.68308105468748, 143.83266601562497, 93.04347534179685, 121.63925781249998, 124.16228027343747, 122.09458007812498, 107.58461914062498, 183.3797729492187, 140.49196777343747, 120.60192871093747]","[1367.3366432189941, 270.3295612335205]","[1484.7169189453125, 1391.2169189453125, 450.19488525390625, 1367.3369140625, 270.3295593261719, 99.99121856689453, 242.3602294921875, 187.12403869628906, 321.23638916015625, 253.18724060058594, 267.79071044921875, 225.09315490722656, 467.1180419921875, 327.6060485839844, 331.5780334472656]",2667.2324771873828, Eight,0.999994158744812,1.3709511677006958e-06,0.999994158744812,3.7266313483996782e-06,-13.499999934761725,"[{""token"": "" Eight"", ""token_id"": 38923, ""probability"": 0.999994158744812}, {""token"": "" Four"", ""token_id"": 13038, ""probability"": 3.7266313483996782e-06}, {""token"": "" Six"", ""token_id"": 19759, ""probability"": 1.3709511677006958e-06}, {""token"": ""Eight"", ""token_id"": 80357, ""probability"": 6.475914346992795e-07}, {""token"": "" Many"", ""token_id"": 8732, ""probability"": 7.194091100615196e-09}, {""token"": "" Two"", ""token_id"": 8512, ""probability"": 3.398248127339798e-09}, {""token"": "" Legs"", ""token_id"": 156403, ""probability"": 5.90526960664306e-10}, {""token"": "" None"", ""token_id"": 5450, ""probability"": 4.5990286579034034e-10}, {""token"": "" Typically"", ""token_id"": 50338, ""probability"": 3.58172713710303e-10}, {""token"": ""\n\n"", ""token_id"": 108, ""probability"": 2.789451725160319e-10}, {""token"": "" Zero"", ""token_id"": 31234, ""probability"": 2.789451725160319e-10}, {""token"": "" Usually"", ""token_id"": 34645, ""probability"": 2.789451725160319e-10}]"
L22-L26,"[22, 23, 24, 25, 26]","[23422, 23422, 60476, 56900, 56900, 184534, 184534, 109731, 109731, 169121, 145491, 145491, 233390]","[16, 21, 16, 16, 21, 16, 21, 16, 21, 16, 16, 21, 21]","[1703, 197021]","[16, 16]",0.8,1.0,False,joint,False,"[371.17919921874994, 347.80419921874994, 112.54871826171872, 113.68308105468748, 143.83266601562497, 93.04347534179685, 121.63925781249998, 124.16228027343747, 122.09458007812498, 107.58461914062498, 183.3797729492187, 140.49196777343747, 120.60192871093747]","[1823.1155242919922, 360.43941497802734]","[1484.7169189453125, 1391.2169189453125, 450.19488525390625, 1823.11572265625, 360.4394226074219, 92.92005157470703, 240.05079650878906, 194.79627990722656, 320.4326171875, 247.61131286621094, 265.00567626953125, 221.7908477783203, 470.6478271484375, 320.9839172363281, 321.27703857421875]",2934.5497964186884, Eight,0.9999933242797852,2.2603144316235557e-06,0.9999933242797852,3.7266283925418975e-06,-12.999999949578157,"[{""token"": "" Eight"", ""token_id"": 38923, ""probability"": 0.9999933242797852}, {""token"": "" Four"", ""token_id"": 13038, ""probability"": 3.7266283925418975e-06}, {""token"": "" Six"", ""token_id"": 19759, ""probability"": 2.2603144316235557e-06}, {""token"": ""Eight"", ""token_id"": 80357, ""probability"": 6.475909231085097e-07}, {""token"": "" Many"", ""token_id"": 8732, ""probability"": 9.23738863178869e-09}, {""token"": "" Two"", ""token_id"": 8512, ""probability"": 4.3634331703401585e-09}, {""token"": "" None"", ""token_id"": 5450, ""probability"": 7.582509620185363e-10}, {""token"": "" Legs"", ""token_id"": 156403, ""probability"": 7.582509620185363e-10}, {""token"": "" Typically"", ""token_id"": 50338, ""probability"": 4.599024772122817e-10}, {""token"": ""\n\n"", ""token_id"": 108, ""probability"": 3.5817240839897124e-10}, {""token"": "" Zero"", ""token_id"": 31234, ""probability"": 3.5817240839897124e-10}, {""token"": "" Usually"", ""token_id"": 34645, ""probability"": 3.5817240839897124e-10}]"
L22-L26,"[22, 23, 24, 25, 26]","[23422, 23422, 60476, 56900, 56900, 184534, 184534, 109731, 109731, 169121, 145491, 145491, 233390]","[16, 21, 16, 16, 21, 16, 21, 16, 21, 16, 16, 21, 21]","[1703, 197021]","[16, 16]",0.8,1.25,False,joint,False,"[371.17919921874994, 347.80419921874994, 112.54871826171872, 113.68308105468748, 143.83266601562497, 93.04347534179685, 121.63925781249998, 124.16228027343747, 122.09458007812498, 107.58461914062498, 183.3797729492187, 140.49196777343747, 120.60192871093747]","[2278.8944053649902, 450.5492687225342]","[1484.7169189453125, 1391.2169189453125, 450.19488525390625, 2278.894775390625, 450.54925537109375, 86.05786895751953, 242.19732666015625, 192.87269592285156, 320.337890625, 231.90074157714844, 264.30828857421875, 213.13671875, 466.95904541015625, 320.5360412597656, 323.0593566894531]",3246.383771114646, Eight,0.9999933242797852,2.2603144316235557e-06,0.9999933242797852,3.7266283925418975e-06,-12.999999949578157,"[{""token"": "" Eight"", ""token_id"": 38923, ""probability"": 0.9999933242797852}, {""token"": "" Four"", ""token_id"": 13038, ""probability"": 3.7266283925418975e-06}, {""token"": "" Six"", ""token_id"": 19759, ""probability"": 2.2603144316235557e-06}, {""token"": ""Eight"", ""token_id"": 80357, ""probability"": 6.475909231085097e-07}, {""token"": "" Many"", ""token_id"": 8732, ""probability"": 7.194085327455468e-09}, {""token"": "" Two"", ""token_id"": 8512, ""probability"": 3.398245240759934e-09}, {""token"": "" None"", ""token_id"": 5450, ""probability"": 5.905264610639449e-10}, {""token"": "" Legs"", ""token_id"": 156403, ""probability"": 5.905264610639449e-10}, {""token"": "" Typically"", ""token_id"": 50338, ""probability"": 4.599024772122817e-10}, {""token"": ""\n\n"", ""token_id"": 108, ""probability"": 3.5817240839897124e-10}, {""token"": "" Zero"", ""token_id"": 31234, ""probability"": 3.5817240839897124e-10}, {""token"": "" Usually"", ""token_id"": 34645, ""probability"": 3.5817240839897124e-10}]"
L22-L26,"[22, 23, 24, 25, 26]","[23422, 23422, 60476, 56900, 56900, 184534, 184534, 109731, 109731, 169121, 145491, 145491, 233390]","[16, 21, 16, 16, 21, 16, 21, 16, 21, 16, 16, 21, 21]","[1703, 197021]","[16, 16]",0.8,1.5,False,joint,False,"[371.17919921874994, 347.80419921874994, 112.54871826171872, 113.68308105468748, 143.83266601562497, 93.04347534179685, 121.63925781249998, 124.16228027343747, 122.09458007812498, 107.58461914062498, 183.3797729492187, 140.49196777343747, 120.60192871093747]","[2734.6732864379883, 540.659122467041]","[1484.7169189453125, 1391.2169189453125, 450.19488525390625, 2734.673828125, 540.6591186523438, 81.19684600830078, 242.35707092285156, 193.59645080566406, 318.882080078125, 218.8137664794922, 264.036376953125, 205.43443298339844, 458.2876892089844, 314.1700744628906, 309.6531982421875]",3589.1790533258477, Eight,0.999992847442627,2.9022999115113635e-06,0.999992847442627,3.726626573552494e-06,-12.749999909770107,"[{""token"": "" Eight"", ""token_id"": 38923, ""probability"": 0.999992847442627}, {""token"": "" Four"", ""token_id"": 13038, ""probability"": 3.726626573552494e-06}, {""token"": "" Six"", ""token_id"": 19759, ""probability"": 2.9022999115113635e-06}, {""token"": ""Eight"", ""token_id"": 80357, ""probability"": 5.04344086493802e-07}, {""token"": "" Many"", ""token_id"": 8732, ""probability"": 7.1940817747417896e-09}, {""token"": "" Two"", ""token_id"": 8512, ""probability"": 3.3982436864476995e-09}, {""token"": "" None"", ""token_id"": 5450, ""probability"": 5.905261835081888e-10}, {""token"": "" Legs"", ""token_id"": 156403, ""probability"": 5.905261835081888e-10}, {""token"": "" Typically"", ""token_id"": 50338, ""probability"": 4.599022551676768e-10}, {""token"": ""\n\n"", ""token_id"": 108, ""probability"": 3.5817224186551755e-10}, {""token"": "" Zero"", ""token_id"": 31234, ""probability"": 3.5817224186551755e-10}, {""token"": "" Usually"", ""token_id"": 34645, ""probability"": 3.5817224186551755e-10}]"
L22-L26,"[22, 23, 24, 25, 26]","[23422, 23422, 60476, 56900, 56900, 184534, 184534, 109731, 109731, 169121, 145491, 145491, 233390]","[16, 21, 16, 16, 21, 16, 21, 16, 21, 16, 16, 21, 21]","[1703, 197021]","[16, 16]",0.8,2.0,True,joint,False,"[371.17919921874994, 347.80419921874994, 112.54871826171872, 113.68308105468748, 143.83266601562497, 93.04347534179685, 121.63925781249998, 124.16228027343747, 122.09458007812498, 107.58461914062498, 183.3797729492187, 140.49196777343747, 120.60192871093747]","[3646.2310485839844, 720.8788299560547]","[1484.7169189453125, 1391.2169189453125, 450.19488525390625, 3646.2314453125, 720.8788452148438, 66.04505157470703, 242.13111877441406, 184.10304260253906, 315.28729248046875, 176.9905242919922, 260.6329345703125, 182.6811065673828, 435.9169921875, 300.7664489746094, 291.3924255371094]",4341.834285423856, Eight,0.9999897480010986,4.785068540513748e-06,0.9999897480010986,4.785068540513748e-06,-12.24999995707418,"[{""token"": "" Eight"", ""token_id"": 38923, ""probability"": 0.9999897480010986}, {""token"": "" Six"", ""token_id"": 19759, ""probability"": 4.785068540513748e-06}, {""token"": "" Four"", ""token_id"": 13038, ""probability"": 4.785068540513748e-06}, {""token"": ""Eight"", ""token_id"": 80357, ""probability"": 6.475885925283364e-07}, {""token"": "" Many"", ""token_id"": 8732, ""probability"": 9.237354881008741e-09}, {""token"": "" Two"", ""token_id"": 8512, ""probability"": 5.602739161503223e-09}, {""token"": "" Legs"", ""token_id"": 156403, ""probability"": 9.73610081445031e-10}, {""token"": "" None"", ""token_id"": 5450, ""probability"": 7.582482419721259e-10}, {""token"": "" Typically"", ""token_id"": 50338, ""probability"": 5.905243516401981e-10}, {""token"": ""\n\n"", ""token_id"": 108, ""probability"": 4.599008396333204e-10}, {""token"": "" Zero"", ""token_id"": 31234, ""probability"": 4.599008396333204e-10}, {""token"": "" Usually"", ""token_id"": 34645, ""probability"": 4.599008396333204e-10}]"
L22-L26,"[22, 23, 24, 25, 26]","[23422, 23422, 60476, 56900, 56900, 184534, 184534, 109731, 109731, 169121, 145491, 145491, 233390]","[16, 21, 16, 16, 21, 16, 21, 16, 21, 16, 16, 21, 21]","[1703, 197021]","[16, 16]",0.8,3.0,True,joint,False,"[371.17919921874994, 347.80419921874994, 112.54871826171872, 113.68308105468748, 143.83266601562497, 93.04347534179685, 121.63925781249998, 124.16228027343747, 122.09458007812498, 107.58461914062498, 183.3797729492187, 140.49196777343747, 120.60192871093747]","[5469.346572875977, 1081.318244934082]","[1484.7169189453125, 1391.2169189453125, 450.19488525390625, 5469.34765625, 1081.3182373046875, 38.76819610595703, 241.8386993408203, 153.4400177001953, 303.33599853515625, 57.50370407104492, 256.7135009765625, 111.88385009765625, 306.52777099609375, 279.7785949707031, 271.2910461425781]",5994.052331543686, Eight,0.9999854564666748,7.889209882705472e-06,0.9999854564666748,6.144123290141579e-06,-11.750000026090852,"[{""token"": "" Eight"", ""token_id"": 38923, ""probability"": 0.9999854564666748}, {""token"": "" Six"", ""token_id"": 19759, ""probability"": 7.889209882705472e-06}, {""token"": "" Four"", ""token_id"": 13038, ""probability"": 6.144123290141579e-06}, {""token"": ""Eight"", ""token_id"": 80357, ""probability"": 5.043403348281572e-07}, {""token"": "" Many"", ""token_id"": 8732, ""probability"": 9.237315801158275e-09}, {""token"": "" Two"", ""token_id"": 8512, ""probability"": 7.1940284840366076e-09}, {""token"": "" None"", ""token_id"": 5450, ""probability"": 9.736058625975375e-10}, {""token"": "" Legs"", ""token_id"": 156403, ""probability"": 7.582449668142033e-10}, {""token"": "" Typically"", ""token_id"": 50338, ""probability"": 7.582449668142033e-10}, {""token"": ""\n\n"", ""token_id"": 108, ""probability"": 4.598988689874517e-10}, {""token"": "" Zero"", ""token_id"": 31234, ""probability"": 4.598988689874517e-10}, {""token"": "" Usually"", ""token_id"": 34645, ""probability"": 4.598988689874517e-10}]"
L22-L26,"[22, 23, 24, 25, 26]","[23422, 23422, 60476, 56900, 56900, 184534, 184534, 109731, 109731, 169121, 145491, 145491, 233390]","[16, 21, 16, 16, 21, 16, 21, 16, 21, 16, 16, 21, 21]","[1703, 197021]","[16, 16]",1.0,0.0,False,spider_only,False,"[0.0, 0.0, 0.0, 0.0, 0.0, 0.0, 0.0, 0.0, 0.0, 0.0, 0.0, 0.0, 0.0]","[0.0, 0.0]","[1855.8961181640625, 1739.021240234375, 562.7435302734375, 0.0, 0.0, 150.6357879638672, 303.9625244140625, 198.16281127929688, 384.2519836425781, 317.9283752441406, 322.638427734375, 279.62396240234375, 536.6539306640625, 381.92962646484375, 398.8506774902344]",2821.974682882085, Eight,0.9999881982803345,6.1441401157935616e-06,0.9999881982803345,4.785061264556134e-06,-11.999999955284693,"[{""token"": "" Eight"", ""token_id"": 38923, ""probability"": 0.9999881982803345}, {""token"": "" Six"", ""token_id"": 19759, ""probability"": 6.1441401157935616e-06}, {""token"": "" Four"", ""token_id"": 13038, ""probability"": 4.785061264556134e-06}, {""token"": ""Eight"", ""token_id"": 80357, ""probability"": 8.315188892993319e-07}, {""token"": "" Many"", ""token_id"": 8732, ""probability"": 1.186097975391931e-08}, {""token"": "" Two"", ""token_id"": 8512, ""probability"": 5.602730279719026e-09}, {""token"": "" Legs"", ""token_id"": 156403, ""probability"": 7.582470762379501e-10}, {""token"": "" None"", ""token_id"": 5450, ""probability"": 7.582470762379501e-10}, {""token"": ""\n\n"", ""token_id"": 108, ""probability"": 4.599001179883544e-10}, {""token"": "" Typically"", ""token_id"": 50338, ""probability"": 4.599001179883544e-10}, {""token"": "" Several"", ""token_id"": 22624, ""probability"": 4.599001179883544e-10}, {""token"": "" Some"", ""token_id"": 4943, ""probability"": 3.581705765309806e-10}]"
L22-L26,"[22, 23, 24, 25, 26]","[23422, 23422, 60476, 56900, 56900, 184534, 184534, 109731, 109731, 169121, 145491, 145491, 233390]","[16, 21, 16, 16, 21, 16, 21, 16, 21, 16, 16, 21, 21]","[1703, 197021]","[16, 16]",1.0,0.25,False,joint,False,"[0.0, 0.0, 0.0, 0.0, 0.0, 0.0, 0.0, 0.0, 0.0, 0.0, 0.0, 0.0, 0.0]","[455.77888107299805, 90.10985374450684]","[1855.8961181640625, 1739.021240234375, 562.7435302734375, 455.7789306640625, 90.10985565185547, 143.7262725830078, 304.0544128417969, 208.96652221679688, 385.8682556152344, 317.9823303222656, 321.8146057128906, 280.375732421875, 547.091552734375, 378.8704833984375, 395.3824157714844]",2861.6803875750907, Eight,0.9999895095825195,6.144147846498527e-06,0.9999895095825195,3.7266140680003446e-06,-12.000000008378217,"[{""token"": "" Eight"", ""token_id"": 38923, ""probability"": 0.9999895095825195}, {""token"": "" Six"", ""token_id"": 19759, ""probability"": 6.144147846498527e-06}, {""token"": "" Four"", ""token_id"": 13038, ""probability"": 3.7266140680003446e-06}, {""token"": ""Eight"", ""token_id"": 80357, ""probability"": 5.043423811912362e-07}, {""token"": "" Many"", ""token_id"": 8732, ""probability"": 7.194057793924458e-09}, {""token"": "" Two"", ""token_id"": 8512, ""probability"": 3.3982321401282434e-09}, {""token"": "" None"", ""token_id"": 5450, ""probability"": 5.905241851067444e-10}, {""token"": "" Legs"", ""token_id"": 156403, ""probability"": 5.905241851067444e-10}, {""token"": "" Typically"", ""token_id"": 50338, ""probability"": 3.581710483757661e-10}, {""token"": ""\n\n"", ""token_id"": 108, ""probability"": 2.789438957595536e-10}, {""token"": "" Several"", ""token_id"": 22624, ""probability"": 2.789438957595536e-10}, {""token"": "" Usually"", ""token_id"": 34645, ""probability"": 2.789438957595536e-10}]"
L22-L26,"[22, 23, 24, 25, 26]","[23422, 23422, 60476, 56900, 56900, 184534, 184534, 109731, 109731, 169121, 145491, 145491, 233390]","[16, 21, 16, 16, 21, 16, 21, 16, 21, 16, 16, 21, 21]","[1703, 197021]","[16, 16]",1.0,0.5,False,joint,False,"[0.0, 0.0, 0.0, 0.0, 0.0, 0.0, 0.0, 0.0, 0.0, 0.0, 0.0, 0.0, 0.0]","[911.5577621459961, 180.21970748901367]","[1855.8961181640625, 1739.021240234375, 562.7435302734375, 911.557861328125, 180.21971130371094, 137.23934936523438, 304.14776611328125, 213.41354370117188, 388.1483459472656, 311.5345153808594, 322.8609924316406, 276.1647033691406, 553.1669311523438, 378.9427185058594, 396.28466796875]",2973.2776713068934, Eight,0.9999866485595703,7.88921897765249e-06,0.9999866485595703,4.78505398859852e-06,-11.75000006536734,"[{""token"": "" Eight"", ""token_id"": 38923, ""probability"": 0.9999866485595703}, {""token"": "" Six"", ""token_id"": 19759, ""probability"": 7.88921897765249e-06}, {""token"": "" Four"", ""token_id"": 13038, ""probability"": 4.78505398859852e-06}, {""token"": ""Eight"", ""token_id"": 80357, ""probability"": 6.475866030086763e-07}, {""token"": "" Many"", ""token_id"": 8732, ""probability"": 1.1860961990350916e-08}, {""token"": "" Two"", ""token_id"": 8512, ""probability"": 5.602721842024039e-09}, {""token"": "" Legs"", ""token_id"": 156403, ""probability"": 9.736070838428645e-10}, {""token"": "" None"", ""token_id"": 5450, ""probability"": 7.582459105037742e-10}, {""token"": "" Typically"", ""token_id"": 50338, ""probability"": 5.905225197722075e-10}, {""token"": "" Several"", ""token_id"": 22624, ""probability"": 4.59899424098964e-10}, {""token"": "" Usually"", ""token_id"": 34645, ""probability"": 4.59899424098964e-10}, {""token"": ""\n\n"", ""token_id"": 108, ""probability"": 3.581700214194683e-10}]"
L22-L26,"[22, 23, 24, 25, 26]","[23422, 23422, 60476, 56900, 56900, 184534, 184534, 109731, 109731, 169121, 145491, 145491, 233390]","[16, 21, 16, 16, 21, 16, 21, 16, 21, 16, 16, 21, 21]","[1703, 197021]","[16, 16]",1.0,0.75,False,joint,False,"[0.0, 0.0, 0.0, 0.0, 0.0, 0.0, 0.0, 0.0, 0.0, 0.0, 0.0, 0.0, 0.0]","[1367.3366432189941, 270.3295612335205]","[1855.8961181640625, 1739.021240234375, 562.7435302734375, 1367.3369140625, 270.3295593261719, 129.4043731689453, 304.3182373046875, 219.98397827148438, 386.0810241699219, 306.4872131347656, 318.4740295410156, 273.75823974609375, 551.1698608398438, 377.00518798828125, 389.5475158691406]",3146.8543881575956, Eight,0.9999830722808838,1.0129921065527014e-05,0.9999830722808838,6.1441082834789995e-06,-11.500000104021007,"[{""token"": "" Eight"", ""token_id"": 38923, ""probability"": 0.9999830722808838}, {""token"": "" Six"", ""token_id"": 19759, ""probability"": 1.0129921065527014e-05}, {""token"": "" Four"", ""token_id"": 13038, ""probability"": 6.1441082834789995e-06}, {""token"": ""Eight"", ""token_id"": 80357, ""probability"": 6.47584272428503e-07}, {""token"": "" Many"", ""token_id"": 8732, ""probability"": 1.186091935778677e-08}, {""token"": "" Two"", ""token_id"": 8512, ""probability"": 7.194011608646633e-09}, {""token"": "" None"", ""token_id"": 5450, ""probability"": 9.736036421514882e-10}, {""token"": "" Legs"", ""token_id"": 156403, ""probability"": 9.736036421514882e-10}, {""token"": "" Typically"", ""token_id"": 50338, ""probability"": 5.905204103484607e-10}, {""token"": ""\n\n"", ""token_id"": 108, ""probability"": 4.598977865200027e-10}, {""token"": "" Several"", ""token_id"": 22624, ""probability"": 4.598977865200027e-10}, {""token"": "" Zero"", ""token_id"": 31234, ""probability"": 4.598977865200027e-10}]"
L22-L26,"[22, 23, 24, 25, 26]","[23422, 23422, 60476, 56900, 56900, 184534, 184534, 109731, 109731, 169121, 145491, 145491, 233390]","[16, 21, 16, 16, 21, 16, 21, 16, 21, 16, 16, 21, 21]","[1703, 197021]","[16, 16]",1.0,1.0,False,joint,False,"[0.0, 0.0, 0.0, 0.0, 0.0, 0.0, 0.0, 0.0, 0.0, 0.0, 0.0, 0.0, 0.0]","[1823.1155242919922, 360.43941497802734]","[1855.8961181640625, 1739.021240234375, 562.7435302734375, 1823.11572265625, 360.4394226074219, 0.0, 304.0857849121094, 216.92477416992188, 389.1325378417969, 290.8084411621094, 319.9618225097656, 268.2127685546875, 553.9343872070312, 379.62017822265625, 391.8775939941406]",3375.3885356095484, Eight,0.9999802112579346,1.3007040251977742e-05,0.9999802112579346,6.144091003079666e-06,-11.250000000309958,"[{""token"": "" Eight"", ""token_id"": 38923, ""probability"": 0.9999802112579346}, {""token"": "" Six"", ""token_id"": 19759, ""probability"": 1.3007040251977742e-05}, {""token"": "" Four"", ""token_id"": 13038, ""probability"": 6.144091003079666e-06}, {""token"": ""Eight"", ""token_id"": 80357, ""probability"": 6.475824534390995e-07}, {""token"": "" Many"", ""token_id"": 8732, ""probability"": 1.1860885607006821e-08}, {""token"": "" Two"", ""token_id"": 8512, ""probability"": 9.237266951345191e-09}, {""token"": "" None"", ""token_id"": 5450, ""probability"": 9.736007555716242e-10}, {""token"": "" Legs"", ""token_id"": 156403, ""probability"": 9.736007555716242e-10}, {""token"": "" Typically"", ""token_id"": 50338, ""probability"": 7.582410255224659e-10}, {""token"": ""\n\n"", ""token_id"": 108, ""probability"": 4.5989645425237313e-10}, {""token"": "" Some"", ""token_id"": 4943, ""probability"": 4.5989645425237313e-10}, {""token"": "" Several"", ""token_id"": 22624, ""probability"": 4.5989645425237313e-10}]"
L22-L26,"[22, 23, 24, 25, 26]","[23422, 23422, 60476, 56900, 56900, 184534, 184534, 109731, 109731, 169121, 145491, 145491, 233390]","[16, 21, 16, 16, 21, 16, 21, 16, 21, 16, 16, 21, 21]","[1703, 197021]","[16, 16]",1.0,1.25,False,joint,False,"[0.0, 0.0, 0.0, 0.0, 0.0, 0.0, 0.0, 0.0, 0.0, 0.0, 0.0, 0.0, 0.0]","[2278.8944053649902, 450.5492687225342]","[1855.8961181640625, 1739.021240234375, 562.7435302734375, 2278.894775390625, 450.54925537109375, 0.0, 304.16412353515625, 219.11477661132812, 386.2408752441406, 281.5140686035156, 317.2342834472656, 262.0511474609375, 550.260009765625, 368.523681640625, 375.62371826171875]",3646.8531946693124, Eight,0.9999717473983765,2.1444802769110538e-05,0.9999717473983765,6.144038707134314e-06,-10.749999984094085,"[{""token"": "" Eight"", ""token_id"": 38923, ""probability"": 0.9999717473983765}, {""token"": "" Six"", ""token_id"": 19759, ""probability"": 2.1444802769110538e-05}, {""token"": "" Four"", ""token_id"": 13038, ""probability"": 6.144038707134314e-06}, {""token"": ""Eight"", ""token_id"": 80357, ""probability"": 6.4757693962747e-07}, {""token"": "" Many"", ""token_id"": 8732, ""probability"": 1.5229550953677062e-08}, {""token"": "" Two"", ""token_id"": 8512, ""probability"": 1.1860785242845395e-08}, {""token"": "" None"", ""token_id"": 5450, ""probability"": 1.250117565021469e-09}, {""token"": "" Legs"", ""token_id"": 156403, ""probability"": 1.250117565021469e-09}, {""token"": "" Typically"", ""token_id"": 50338, ""probability"": 7.58234586228923e-10}, {""token"": ""\n\n"", ""token_id"": 108, ""probability"": 5.905136934991617e-10}, {""token"": "" Some"", ""token_id"": 4943, ""probability"": 5.905136934991617e-10}, {""token"": "" Several"", ""token_id"": 22624, ""probability"": 5.905136934991617e-10}]"
L22-L26,"[22, 23, 24, 25, 26]","[23422, 23422, 60476, 56900, 56900, 184534, 184534, 109731, 109731, 169121, 145491, 145491, 233390]","[16, 21, 16, 16, 21, 16, 21, 16, 21, 16, 16, 21, 21]","[1703, 197021]","[16, 16]",1.0,1.5,False,joint,False,"[0.0, 0.0, 0.0, 0.0, 0.0, 0.0, 0.0, 0.0, 0.0, 0.0, 0.0, 0.0, 0.0]","[2734.6732864379883, 540.659122467041]","[1855.8961181640625, 1739.021240234375, 562.7435302734375, 2734.673828125, 540.6591186523438, 0.0, 304.23248291015625, 222.60403442382812, 387.7807312011719, 270.0008850097656, 321.7891540527344, 254.5160675048828, 549.9302368164062, 366.8673095703125, 374.4175109863281]",3958.142641099632, Eight,0.9999638795852661,2.7535455956240185e-05,0.9999638795852661,7.889039807196241e-06,-10.499999955168207,"[{""token"": "" Eight"", ""token_id"": 38923, ""probability"": 0.9999638795852661}, {""token"": "" Six"", ""token_id"": 19759, ""probability"": 2.7535455956240185e-05}, {""token"": "" Four"", ""token_id"": 13038, ""probability"": 7.889039807196241e-06}, {""token"": ""Eight"", ""token_id"": 80357, ""probability"": 6.475718805631914e-07}, {""token"": "" Many"", ""token_id"": 8732, ""probability"": 1.5229430161411983e-08}, {""token"": "" Two"", ""token_id"": 8512, ""probability"": 1.1860691984111327e-08}, {""token"": "" Legs"", ""token_id"": 156403, ""probability"": 1.25010768403655e-09}, {""token"": "" None"", ""token_id"": 5450, ""probability"": 1.25010768403655e-09}, {""token"": "" Typically"", ""token_id"": 50338, ""probability"": 9.73584879382372e-10}, {""token"": "" Several"", ""token_id"": 22624, ""probability"": 7.582286465357413e-10}, {""token"": "" Usually"", ""token_id"": 34645, ""probability"": 7.582286465357413e-10}, {""token"": ""\n\n"", ""token_id"": 108, ""probability"": 5.905090860736095e-10}]"
L22-L26,"[22, 23, 24, 25, 26]","[23422, 23422, 60476, 56900, 56900, 184534, 184534, 109731, 109731, 169121, 145491, 145491, 233390]","[16, 21, 16, 16, 21, 16, 21, 16, 21, 16, 16, 21, 21]","[1703, 197021]","[16, 16]",1.0,2.0,True,joint,False,"[0.0, 0.0, 0.0, 0.0, 0.0, 0.0, 0.0, 0.0, 0.0, 0.0, 0.0, 0.0, 0.0]","[3646.2310485839844, 720.8788299560547]","[1855.8961181640625, 1739.021240234375, 562.7435302734375, 3646.2314453125, 720.8788452148438, 0.0, 303.9489440917969, 217.4320526123047, 384.8089294433594, 231.83175659179688, 318.2832946777344, 231.12290954589844, 527.1299438476562, 362.4717102050781, 366.3229064941406]",4651.8326923270615, Eight,0.999945878982544,4.5397475332720205e-05,0.999945878982544,7.888897926022764e-06,-9.99999994139263,"[{""token"": "" Eight"", ""token_id"": 38923, ""probability"": 0.999945878982544}, {""token"": "" Six"", ""token_id"": 19759, ""probability"": 4.5397475332720205e-05}, {""token"": "" Four"", ""token_id"": 13038, ""probability"": 7.888897926022764e-06}, {""token"": ""Eight"", ""token_id"": 80357, ""probability"": 8.314837032230571e-07}, {""token"": "" Many"", ""token_id"": 8732, ""probability"": 1.5229156602458715e-08}, {""token"": "" Two"", ""token_id"": 8512, ""probability"": 1.1860477933112179e-08}, {""token"": "" None"", ""token_id"": 5450, ""probability"": 1.6051411311224228e-09}, {""token"": "" Legs"", ""token_id"": 156403, ""probability"": 1.2500852575314525e-09}, {""token"": "" Typically"", ""token_id"": 50338, ""probability"": 9.73567337858583e-10}, {""token"": "" Zero"", ""token_id"": 31234, ""probability"": 7.582149907925384e-10}, {""token"": "" Usually"", ""token_id"": 34645, ""probability"": 7.582149907925384e-10}, {""token"": ""\n\n"", ""token_id"": 108, ""probability"": 5.904984279325731e-10}]"
L22-L26,"[22, 23, 24, 25, 26]","[23422, 23422, 60476, 56900, 56900, 184534, 184534, 109731, 109731, 169121, 145491, 145491, 233390]","[16, 21, 16, 16, 21, 16, 21, 16, 21, 16, 16, 21, 21]","[1703, 197021]","[16, 16]",1.0,3.0,True,joint,False,"[0.0, 0.0, 0.0, 0.0, 0.0, 0.0, 0.0, 0.0, 0.0, 0.0, 0.0, 0.0, 0.0]","[5469.346572875977, 1081.318244934082]","[1855.8961181640625, 1739.021240234375, 562.7435302734375, 5469.34765625, 1081.3182373046875, 0.0, 304.0630187988281, 187.08529663085938, 375.6983337402344, 0.0, 314.3345642089844, 159.01527404785156, 405.97747802734375, 341.83038330078125, 341.5981750488281]",6217.659531492601, Eight,0.9999145269393921,7.484544039471075e-05,0.9999145269393921,1.0129227121069562e-05,-9.49999988881082,"[{""token"": "" Eight"", ""token_id"": 38923, ""probability"": 0.9999145269393921}, {""token"": "" Six"", ""token_id"": 19759, ""probability"": 7.484544039471075e-05}, {""token"": "" Four"", ""token_id"": 13038, ""probability"": 1.0129227121069562e-05}, {""token"": ""Eight"", ""token_id"": 80357, ""probability"": 5.043045803176938e-07}, {""token"": "" Many"", ""token_id"": 8732, ""probability"": 1.955400996678236e-08}, {""token"": "" Two"", ""token_id"": 8512, ""probability"": 1.5228678762468917e-08}, {""token"": "" Legs"", ""token_id"": 156403, ""probability"": 1.6050907269971049e-09}, {""token"": "" None"", ""token_id"": 5450, ""probability"": 1.6050907269971049e-09}, {""token"": "" Typically"", ""token_id"": 50338, ""probability"": 1.6050907269971049e-09}, {""token"": "" Zero"", ""token_id"": 31234, ""probability"": 9.735369177477082e-10}, {""token"": "" Some"", ""token_id"": 4943, ""probability"": 7.581912320198114e-10}, {""token"": ""\n\n"", ""token_id"": 108, ""probability"": 7.581912320198114e-10}]"
L22-L27,"[22, 23, 24, 25, 26, 27]","[23422, 23422, 60476, 56900, 56900, 184534, 184534, 109731, 109731, 169121, 145491, 145491, 233390, 129426, 129426, 144881, 144881]","[16, 21, 16, 16, 21, 16, 21, 16, 21, 16, 16, 21, 21, 16, 21, 16, 21]","[1703, 197021, 248182]","[16, 16, 16]",0.0,0.0,False,unmodified,False,"[1855.89599609375, 1739.02099609375, 562.7435913085938, 568.4154052734375, 719.163330078125, 465.2173767089844, 608.1962890625, 620.8114013671875, 610.472900390625, 537.923095703125, 916.8988647460938, 702.4598388671875, 603.0096435546875, 704.150634765625, 703.5153198242188, 943.4798583984375, 952.3358764648438]","[0.0, 0.0, 0.0]","[3.0517578125e-05, 3.0517578125e-05, 0.0, 0.0, 0.0, 1.5258788153005298e-05, 1.5258788153005298e-05, 0.0, 3.0517578125e-05, 3.0517578125e-05, 3.0517578125e-05, 1.52587890625e-05, 0.0, 0.0, 0.0, 1.5258787243510596e-05, 1.5258787243510596e-05, 1.9073486328125e-05, 1.9073486328125e-05, 0.0]",8.09219481119408e-05, Eight,0.999982476234436,1.1253320053583593e-07,0.999982476234436,1.6701407730579376e-05,-16.000000019046855,"[{""token"": "" Eight"", ""token_id"": 38923, ""probability"": 0.999982476234436}, {""token"": "" Four"", ""token_id"": 13038, ""probability"": 1.6701407730579376e-05}, {""token"": ""Eight"", ""token_id"": 80357, ""probability"": 6.47583874524571e-07}, {""token"": "" Six"", ""token_id"": 19759, ""probability"": 1.1253320053583593e-07}, {""token"": "" Many"", ""token_id"": 8732, ""probability"": 4.3633860968839144e-09}, {""token"": "" Two"", ""token_id"": 8512, ""probability"": 1.6051998619204255e-09}, {""token"": "" Legs"", ""token_id"": 156403, ""probability"": 5.905200772815533e-10}, {""token"": "" None"", ""token_id"": 5450, ""probability"": 2.789419251136849e-10}, {""token"": "" Typically"", ""token_id"": 50338, ""probability"": 2.789419251136849e-10}, {""token"": "" Usually"", ""token_id"": 34645, ""probability"": 2.789419251136849e-10}, {""token"": "" Some"", ""token_id"": 4943, ""probability"": 2.789419251136849e-10}, {""token"": ""\n\n"", ""token_id"": 108, ""probability"": 2.789419251136849e-10}]"
L22-L27,"[22, 23, 24, 25, 26, 27]","[23422, 23422, 60476, 56900, 56900, 184534, 184534, 109731, 109731, 169121, 145491, 145491, 233390, 129426, 129426, 144881, 144881]","[16, 21, 16, 16, 21, 16, 21, 16, 21, 16, 16, 21, 21, 16, 21, 16, 21]","[1703, 197021, 248182]","[16, 16, 16]",0.0,0.25,False,ant_only,False,"[1855.89599609375, 1739.02099609375, 562.7435913085938, 568.4154052734375, 719.163330078125, 465.2173767089844, 608.1962890625, 620.8114013671875, 610.472900390625, 537.923095703125, 916.8988647460938, 702.4598388671875, 603.0096435546875, 704.150634765625, 703.5153198242188, 943.4798583984375, 952.3358764648438]","[455.77888107299805, 90.10985374450684, 236.18194580078125]","[3.0517578125e-05, 3.0517578125e-05, 0.0, 455.7789306640625, 90.10985565185547, 6.6026153564453125, 0.1982574313879013, 1.19073486328125, 1.559906005859375, 11.140289306640625, 1.333343505859375, 3.6433563232421875, 0.55908203125, 2.5496826171875, 1.7895509004592896, 6.383742809295654, 2.0649261474609375, 9.669635772705078, 4.795818328857422, 236.18197631835938]",521.5307491573609, Eight,0.9999823570251465,1.1253319343040857e-07,0.9999823570251465,1.6701405911589973e-05,-15.999999962976192,"[{""token"": "" Eight"", ""token_id"": 38923, ""probability"": 0.9999823570251465}, {""token"": "" Four"", ""token_id"": 13038, ""probability"": 1.6701405911589973e-05}, {""token"": ""Eight"", ""token_id"": 80357, ""probability"": 8.315140576087288e-07}, {""token"": "" Six"", ""token_id"": 19759, ""probability"": 1.1253319343040857e-07}, {""token"": "" Many"", ""token_id"": 8732, ""probability"": 5.602697417117497e-09}, {""token"": "" Two"", ""token_id"": 8512, ""probability"": 1.6051996398758206e-09}, {""token"": "" Legs"", ""token_id"": 156403, ""probability"": 7.582426353458516e-10}, {""token"": "" None"", ""token_id"": 5450, ""probability"": 3.581684671072338e-10}, {""token"": "" Usually"", ""token_id"": 34645, ""probability"": 3.581684671072338e-10}, {""token"": "" Typically"", ""token_id"": 50338, ""probability"": 3.581684671072338e-10}, {""token"": "" Some"", ""token_id"": 4943, ""probability"": 2.7894189735810926e-10}, {""token"": ""\n\n"", ""token_id"": 108, ""probability"": 2.7894189735810926e-10}]"
L22-L27,"[22, 23, 24, 25, 26, 27]","[23422, 23422, 60476, 56900, 56900, 184534, 184534, 109731, 109731, 169121, 145491, 145491, 233390, 129426, 129426, 144881, 144881]","[16, 21, 16, 16, 21, 16, 21, 16, 21, 16, 16, 21, 21, 16, 21, 16, 21]","[1703, 197021, 248182]","[16, 16, 16]",0.0,0.5,False,ant_only,False,"[1855.89599609375, 1739.02099609375, 562.7435913085938, 568.4154052734375, 719.163330078125, 465.2173767089844, 608.1962890625, 620.8114013671875, 610.472900390625, 537.923095703125, 916.8988647460938, 702.4598388671875, 603.0096435546875, 704.150634765625, 703.5153198242188, 943.4798583984375, 952.3358764648438]","[911.5577621459961, 180.21970748901367, 472.3638916015625]","[3.0517578125e-05, 3.0517578125e-05, 0.0, 911.557861328125, 180.21971130371094, 13.004165649414062, 0.2899322211742401, 7.83477783203125, 1.659759521484375, 14.503753662109375, 7.364227294921875, 4.0713348388671875, 16.2884521484375, 10.00360107421875, 13.3702392578125, 12.493422508239746, 5.110824108123779, 22.81905174255371, 20.436504364013672, 472.36395263671875]",1043.4192805490093, Eight,0.999982476234436,1.1253320053583593e-07,0.999982476234436,1.6701407730579376e-05,-16.000000019046855,"[{""token"": "" Eight"", ""token_id"": 38923, ""probability"": 0.999982476234436}, {""token"": "" Four"", ""token_id"": 13038, ""probability"": 1.6701407730579376e-05}, {""token"": ""Eight"", ""token_id"": 80357, ""probability"": 6.47583874524571e-07}, {""token"": "" Six"", ""token_id"": 19759, ""probability"": 1.1253320053583593e-07}, {""token"": "" Many"", ""token_id"": 8732, ""probability"": 4.3633860968839144e-09}, {""token"": "" Two"", ""token_id"": 8512, ""probability"": 1.6051998619204255e-09}, {""token"": "" Legs"", ""token_id"": 156403, ""probability"": 5.905200772815533e-10}, {""token"": "" Typically"", ""token_id"": 50338, ""probability"": 3.5816852261838505e-10}, {""token"": "" Usually"", ""token_id"": 34645, ""probability"": 3.5816852261838505e-10}, {""token"": "" None"", ""token_id"": 5450, ""probability"": 3.5816852261838505e-10}, {""token"": ""\n\n"", ""token_id"": 108, ""probability"": 2.789419251136849e-10}, {""token"": "" Some"", ""token_id"": 4943, ""probability"": 2.1724018417490498e-10}]"
L22-L27,"[22, 23, 24, 25, 26, 27]","[23422, 23422, 60476, 56900, 56900, 184534, 184534, 109731, 109731, 169121, 145491, 145491, 233390, 129426, 129426, 144881, 144881]","[16, 21, 16, 16, 21, 16, 21, 16, 21, 16, 16, 21, 21, 16, 21, 16, 21]","[1703, 197021, 248182]","[16, 16, 16]",0.0,0.75,False,ant_only,False,"[1855.89599609375, 1739.02099609375, 562.7435913085938, 568.4154052734375, 719.163330078125, 465.2173767089844, 608.1962890625, 620.8114013671875, 610.472900390625, 537.923095703125, 916.8988647460938, 702.4598388671875, 603.0096435546875, 704.150634765625, 703.5153198242188, 943.4798583984375, 952.3358764648438]","[1367.3366432189941, 270.3295612335205, 708.5458374023438]","[3.0517578125e-05, 3.0517578125e-05, 0.0, 1367.3369140625, 270.3295593261719, 20.612442016601562, 0.2970123291015625, 12.33477783203125, 0.502166748046875, 16.886199951171875, 4.128204345703125, 0.7782440185546875, 31.755126953125, 7.03070068359375, 8.333985328674316, 30.00367546081543, 1.5275115966796875, 50.67793655395508, 22.123088836669922, 708.5458984375]",1565.4690227132505, Eight,0.999982476234436,1.1253320053583593e-07,0.999982476234436,1.6701407730579376e-05,-16.000000019046855,"[{""token"": "" Eight"", ""token_id"": 38923, ""probability"": 0.999982476234436}, {""token"": "" Four"", ""token_id"": 13038, ""probability"": 1.6701407730579376e-05}, {""token"": ""Eight"", ""token_id"": 80357, ""probability"": 6.47583874524571e-07}, {""token"": "" Six"", ""token_id"": 19759, ""probability"": 1.1253320053583593e-07}, {""token"": "" Many"", ""token_id"": 8732, ""probability"": 4.3633860968839144e-09}, {""token"": "" Two"", ""token_id"": 8512, ""probability"": 1.6051998619204255e-09}, {""token"": "" Legs"", ""token_id"": 156403, ""probability"": 7.58242746368154e-10}, {""token"": "" Usually"", ""token_id"": 34645, ""probability"": 3.5816852261838505e-10}, {""token"": "" Typically"", ""token_id"": 50338, ""probability"": 3.5816852261838505e-10}, {""token"": ""\n\n"", ""token_id"": 108, ""probability"": 2.789419251136849e-10}, {""token"": "" Some"", ""token_id"": 4943, ""probability"": 2.789419251136849e-10}, {""token"": "" None"", ""token_id"": 5450, ""probability"": 2.789419251136849e-10}]"
L22-L27,"[22, 23, 24, 25, 26, 27]","[23422, 23422, 60476, 56900, 56900, 184534, 184534, 109731, 109731, 169121, 145491, 145491, 233390, 129426, 129426, 144881, 144881]","[16, 21, 16, 16, 21, 16, 21, 16, 21, 16, 16, 21, 21, 16, 21, 16, 21]","[1703, 197021, 248182]","[16, 16, 16]",0.0,1.0,False,ant_only,False,"[1855.89599609375, 1739.02099609375, 562.7435913085938, 568.4154052734375, 719.163330078125, 465.2173767089844, 608.1962890625, 620.8114013671875, 610.472900390625, 537.923095703125, 916.8988647460938, 702.4598388671875, 603.0096435546875, 704.150634765625, 703.5153198242188, 943.4798583984375, 952.3358764648438]","[1823.1155242919922, 360.43941497802734, 944.727783203125]","[3.0517578125e-05, 3.0517578125e-05, 0.0, 1823.11572265625, 360.4394226074219, 27.35694694519043, 0.3437042236328125, 10.34661865234375, 0.245819091796875, 29.486116409301758, 2.632293701171875, 5.8713836669921875, 32.2027587890625, 8.51336669921875, 13.535035133361816, 35.79219055175781, 2.6848905086517334, 57.961753845214844, 24.158552169799805, 944.7279052734375]",2086.7364423243253, Eight,0.9999774694442749,1.8553497227458138e-07,0.9999774694442749,2.1444924641400576e-05,-15.499999912076776,"[{""token"": "" Eight"", ""token_id"": 38923, ""probability"": 0.9999774694442749}, {""token"": "" Four"", ""token_id"": 13038, ""probability"": 2.1444924641400576e-05}, {""token"": ""Eight"", ""token_id"": 80357, ""probability"": 8.315099648825708e-07}, {""token"": "" Six"", ""token_id"": 19759, ""probability"": 1.8553497227458138e-07}, {""token"": "" Many"", ""token_id"": 8732, ""probability"": 5.602670327675696e-09}, {""token"": "" Two"", ""token_id"": 8512, ""probability"": 2.0611070628007155e-09}, {""token"": "" Legs"", ""token_id"": 156403, ""probability"": 9.73598091036365e-10}, {""token"": "" Typically"", ""token_id"": 50338, ""probability"": 4.5989520525147043e-10}, {""token"": "" None"", ""token_id"": 5450, ""probability"": 4.5989520525147043e-10}, {""token"": ""\n\n"", ""token_id"": 108, ""probability"": 4.5989520525147043e-10}, {""token"": "" Usually"", ""token_id"": 34645, ""probability"": 4.5989520525147043e-10}, {""token"": "" Some"", ""token_id"": 4943, ""probability"": 3.5816671850597004e-10}]"
L22-L27,"[22, 23, 24, 25, 26, 27]","[23422, 23422, 60476, 56900, 56900, 184534, 184534, 109731, 109731, 169121, 145491, 145491, 233390, 129426, 129426, 144881, 144881]","[16, 21, 16, 16, 21, 16, 21, 16, 21, 16, 16, 21, 21, 16, 21, 16, 21]","[1703, 197021, 248182]","[16, 16, 16]",0.0,1.25,False,ant_only,False,"[1855.89599609375, 1739.02099609375, 562.7435913085938, 568.4154052734375, 719.163330078125, 465.2173767089844, 608.1962890625, 620.8114013671875, 610.472900390625, 537.923095703125, 916.8988647460938, 702.4598388671875, 603.0096435546875, 704.150634765625, 703.5153198242188, 943.4798583984375, 952.3358764648438]","[2278.8944053649902, 450.5492687225342, 1180.9097290039062]","[3.0517578125e-05, 3.0517578125e-05, 0.0, 2278.894775390625, 450.54925537109375, 35.70655822753906, 0.0999908447265625, 11.00946044921875, 4.290802001953125, 41.110321044921875, 7.343597412109375, 8.593917846679688, 35.8736572265625, 5.736083984375, 8.840210914611816, 42.6357536315918, 6.469985485076904, 62.262413024902344, 19.221050262451172, 1180.9097900390625]",2607.995415485134, Eight,0.9999823570251465,1.8553588176928315e-07,0.9999823570251465,1.6701405911589973e-05,-15.499999897755618,"[{""token"": "" Eight"", ""token_id"": 38923, ""probability"": 0.9999823570251465}, {""token"": "" Four"", ""token_id"": 13038, ""probability"": 1.6701405911589973e-05}, {""token"": ""Eight"", ""token_id"": 80357, ""probability"": 6.475838176811521e-07}, {""token"": "" Six"", ""token_id"": 19759, ""probability"": 1.8553588176928315e-07}, {""token"": "" Many"", ""token_id"": 8732, ""probability"": 5.602697417117497e-09}, {""token"": "" Two"", ""token_id"": 8512, ""probability"": 1.6051996398758206e-09}, {""token"": "" Legs"", ""token_id"": 156403, ""probability"": 7.582426353458516e-10}, {""token"": "" None"", ""token_id"": 5450, ""probability"": 4.598974534530953e-10}, {""token"": "" Typically"", ""token_id"": 50338, ""probability"": 3.581684671072338e-10}, {""token"": "" Usually"", ""token_id"": 34645, ""probability"": 3.581684671072338e-10}, {""token"": ""\n\n"", ""token_id"": 108, ""probability"": 3.581684671072338e-10}, {""token"": "" Zero"", ""token_id"": 31234, ""probability"": 3.581684671072338e-10}]"
L22-L27,"[22, 23, 24, 25, 26, 27]","[23422, 23422, 60476, 56900, 56900, 184534, 184534, 109731, 109731, 169121, 145491, 145491, 233390, 129426, 129426, 144881, 144881]","[16, 21, 16, 16, 21, 16, 21, 16, 21, 16, 16, 21, 21, 16, 21, 16, 21]","[1703, 197021, 248182]","[16, 16, 16]",0.0,1.5,False,ant_only,False,"[1855.89599609375, 1739.02099609375, 562.7435913085938, 568.4154052734375, 719.163330078125, 465.2173767089844, 608.1962890625, 620.8114013671875, 610.472900390625, 537.923095703125, 916.8988647460938, 702.4598388671875, 603.0096435546875, 704.150634765625, 703.5153198242188, 943.4798583984375, 952.3358764648438]","[2734.6732864379883, 540.659122467041, 1417.0916748046875]","[3.0517578125e-05, 3.0517578125e-05, 0.0, 2734.673828125, 540.6591186523438, 37.57289123535156, 0.4360503852367401, 11.02227783203125, 3.739105224609375, 53.100799560546875, 8.553924560546875, 14.437301635742188, 37.5506591796875, 15.08709716796875, 21.966676712036133, 48.07978439331055, 3.3746793270111084, 78.44990539550781, 37.60251998901367, 1417.091796875]",3129.7863620860435, Eight,0.999982476234436,1.4449550178596837e-07,0.999982476234436,1.6701407730579376e-05,-15.74999993546822,"[{""token"": "" Eight"", ""token_id"": 38923, ""probability"": 0.999982476234436}, {""token"": "" Four"", ""token_id"": 13038, ""probability"": 1.6701407730579376e-05}, {""token"": ""Eight"", ""token_id"": 80357, ""probability"": 6.47583874524571e-07}, {""token"": "" Six"", ""token_id"": 19759, ""probability"": 1.4449550178596837e-07}, {""token"": "" Many"", ""token_id"": 8732, ""probability"": 5.602698305295917e-09}, {""token"": "" Two"", ""token_id"": 8512, ""probability"": 1.6051998619204255e-09}, {""token"": "" Legs"", ""token_id"": 156403, ""probability"": 7.58242746368154e-10}, {""token"": "" None"", ""token_id"": 5450, ""probability"": 4.5989750896424653e-10}, {""token"": "" Typically"", ""token_id"": 50338, ""probability"": 3.5816852261838505e-10}, {""token"": "" Usually"", ""token_id"": 34645, ""probability"": 3.5816852261838505e-10}, {""token"": ""\n\n"", ""token_id"": 108, ""probability"": 3.5816852261838505e-10}, {""token"": "" Zero"", ""token_id"": 31234, ""probability"": 3.5816852261838505e-10}]"
L22-L27,"[22, 23, 24, 25, 26, 27]","[23422, 23422, 60476, 56900, 56900, 184534, 184534, 109731, 109731, 169121, 145491, 145491, 233390, 129426, 129426, 144881, 144881]","[16, 21, 16, 16, 21, 16, 21, 16, 21, 16, 16, 21, 21, 16, 21, 16, 21]","[1703, 197021, 248182]","[16, 16, 16]",0.0,2.0,True,ant_only,False,"[1855.89599609375, 1739.02099609375, 562.7435913085938, 568.4154052734375, 719.163330078125, 465.2173767089844, 608.1962890625, 620.8114013671875, 610.472900390625, 537.923095703125, 916.8988647460938, 702.4598388671875, 603.0096435546875, 704.150634765625, 703.5153198242188, 943.4798583984375, 952.3358764648438]","[3646.2310485839844, 720.8788299560547, 1889.45556640625]","[3.0517578125e-05, 3.0517578125e-05, 0.0, 3646.2314453125, 720.8788452148438, 53.70655822753906, 0.2719879150390625, 1.15887451171875, 11.564666748046875, 91.51388549804688, 12.913848876953125, 33.16429138183594, 10.2054443359375, 28.45281982421875, 32.025390625, 25.84052848815918, 15.658431053161621, 54.331260681152344, 58.61161422729492, 1889.455810546875]",4172.123412650805, Eight,0.999977707862854,2.3823164951863873e-07,0.999977707862854,2.1444930098368786e-05,-15.25000002695027,"[{""token"": "" Eight"", ""token_id"": 38923, ""probability"": 0.999977707862854}, {""token"": "" Four"", ""token_id"": 13038, ""probability"": 2.1444930098368786e-05}, {""token"": ""Eight"", ""token_id"": 80357, ""probability"": 6.475808049799525e-07}, {""token"": "" Six"", ""token_id"": 19759, ""probability"": 2.3823164951863873e-07}, {""token"": "" Many"", ""token_id"": 8732, ""probability"": 7.193972972885376e-09}, {""token"": "" Two"", ""token_id"": 8512, ""probability"": 2.646514785098475e-09}, {""token"": "" Legs"", ""token_id"": 156403, ""probability"": 7.58239138143324e-10}, {""token"": "" Typically"", ""token_id"": 50338, ""probability"": 4.598953162737729e-10}, {""token"": "" None"", ""token_id"": 5450, ""probability"": 4.598953162737729e-10}, {""token"": ""\n\n"", ""token_id"": 108, ""probability"": 4.598953162737729e-10}, {""token"": "" Usually"", ""token_id"": 34645, ""probability"": 4.598953162737729e-10}, {""token"": "" Some"", ""token_id"": 4943, ""probability"": 3.581668017726969e-10}]"
L22-L27,"[22, 23, 24, 25, 26, 27]","[23422, 23422, 60476, 56900, 56900, 184534, 184534, 109731, 109731, 169121, 145491, 145491, 233390, 129426, 129426, 144881, 144881]","[16, 21, 16, 16, 21, 16, 21, 16, 21, 16, 16, 21, 21, 16, 21, 16, 21]","[1703, 197021, 248182]","[16, 16, 16]",0.0,3.0,True,ant_only,False,"[1855.89599609375, 1739.02099609375, 562.7435913085938, 568.4154052734375, 719.163330078125, 465.2173767089844, 608.1962890625, 620.8114013671875, 610.472900390625, 537.923095703125, 916.8988647460938, 702.4598388671875, 603.0096435546875, 704.150634765625, 703.5153198242188, 943.4798583984375, 952.3358764648438]","[5469.346572875977, 1081.318244934082, 2834.183349609375]","[3.0517578125e-05, 3.0517578125e-05, 0.0, 5469.34765625, 1081.3182373046875, 82.35768127441406, 0.3415679931640625, 37.09637451171875, 17.607088088989258, 215.22976684570312, 8.386017799377441, 99.32847595214844, 135.70733642578125, 42.30804443359375, 34.129032135009766, 90.3904800415039, 24.067121505737305, 73.96281433105469, 57.64335632324219, 2834.18359375]",6262.5276925103435, Eight,0.9999712705612183,3.0589353627874516e-07,0.9999712705612183,2.7535659683053382e-05,-14.99999998633868,"[{""token"": "" Eight"", ""token_id"": 38923, ""probability"": 0.9999712705612183}, {""token"": "" Four"", ""token_id"": 13038, ""probability"": 2.7535659683053382e-05}, {""token"": ""Eight"", ""token_id"": 80357, ""probability"": 8.315048489748733e-07}, {""token"": "" Six"", ""token_id"": 19759, ""probability"": 3.0589353627874516e-07}, {""token"": "" Many"", ""token_id"": 8732, ""probability"": 9.237184350752159e-09}, {""token"": "" Two"", ""token_id"": 8512, ""probability"": 3.3981701896834693e-09}, {""token"": "" Legs"", ""token_id"": 156403, ""probability"": 9.73592095832032e-10}, {""token"": "" None"", ""token_id"": 5450, ""probability"": 7.582342531620156e-10}, {""token"": "" Usually"", ""token_id"": 34645, ""probability"": 7.582342531620156e-10}, {""token"": "" Typically"", ""token_id"": 50338, ""probability"": 7.582342531620156e-10}, {""token"": "" Zero"", ""token_id"": 31234, ""probability"": 5.905134159434056e-10}, {""token"": ""\n\n"", ""token_id"": 108, ""probability"": 5.905134159434056e-10}]"
L22-L27,"[22, 23, 24, 25, 26, 27]","[23422, 23422, 60476, 56900, 56900, 184534, 184534, 109731, 109731, 169121, 145491, 145491, 233390, 129426, 129426, 144881, 144881]","[16, 21, 16, 16, 21, 16, 21, 16, 21, 16, 16, 21, 21, 16, 21, 16, 21]","[1703, 197021, 248182]","[16, 16, 16]",0.2,0.0,False,spider_only,False,"[1484.716796875, 1391.216796875, 450.19487304687505, 454.73232421875, 575.3306640625, 372.1739013671875, 486.55703125, 496.64912109375, 488.3783203125, 430.33847656250003, 733.519091796875, 561.96787109375, 482.40771484375, 563.3205078125001, 562.812255859375, 754.7838867187501, 761.868701171875]","[0.0, 0.0, 0.0]","[371.17919921875, 347.80419921875, 112.54872131347656, 0.0, 0.0, 31.034015655517578, 59.923954010009766, 40.85902786254883, 84.47608184814453, 67.55598449707031, 73.66791534423828, 55.543739318847656, 115.25952911376953, 94.85420989990234, 92.47827911376953, 76.42131805419922, 81.76483917236328, 219.8951416015625, 199.77273559570312, 0.0]",655.337737797009, Eight,0.9999860525131226,1.8553656389030948e-07,0.9999860525131226,1.300711664953269e-05,-15.499999916817579,"[{""token"": "" Eight"", ""token_id"": 38923, ""probability"": 0.9999860525131226}, {""token"": "" Four"", ""token_id"": 13038, ""probability"": 1.300711664953269e-05}, {""token"": ""Eight"", ""token_id"": 80357, ""probability"": 6.475862051047443e-07}, {""token"": "" Six"", ""token_id"": 19759, ""probability"": 1.8553656389030948e-07}, {""token"": "" Many"", ""token_id"": 8732, ""probability"": 4.363401640006259e-09}, {""token"": "" Two"", ""token_id"": 8512, ""probability"": 1.6052055240578511e-09}, {""token"": "" Legs"", ""token_id"": 156403, ""probability"": 7.582454109034131e-10}, {""token"": "" None"", ""token_id"": 5450, ""probability"": 3.5816979937486337e-10}, {""token"": "" Typically"", ""token_id"": 50338, ""probability"": 2.7894292431440704e-10}, {""token"": "" Usually"", ""token_id"": 34645, ""probability"": 2.7894292431440704e-10}, {""token"": ""\n\n"", ""token_id"": 108, ""probability"": 2.7894292431440704e-10}, {""token"": "" Some"", ""token_id"": 4943, ""probability"": 2.7894292431440704e-10}]"
L22-L27,"[22, 23, 24, 25, 26, 27]","[23422, 23422, 60476, 56900, 56900, 184534, 184534, 109731, 109731, 169121, 145491, 145491, 233390, 129426, 129426, 144881, 144881]","[16, 21, 16, 16, 21, 16, 21, 16, 21, 16, 16, 21, 21, 16, 21, 16, 21]","[1703, 197021, 248182]","[16, 16, 16]",0.2,0.25,False,joint,False,"[1484.716796875, 1391.216796875, 450.19487304687505, 454.73232421875, 575.3306640625, 372.1739013671875, 486.55703125, 496.64912109375, 488.3783203125, 430.33847656250003, 733.519091796875, 561.96787109375, 482.40771484375, 563.3205078125001, 562.812255859375, 754.7838867187501, 761.868701171875]","[455.77888107299805, 90.10985374450684, 236.18194580078125]","[371.17919921875, 347.80419921875, 112.54872131347656, 455.7789306640625, 90.10985565185547, 24.47737693786621, 59.376895904541016, 49.24849319458008, 86.68378448486328, 62.88112258911133, 74.27527618408203, 56.811317443847656, 124.54481506347656, 93.22872161865234, 90.50330352783203, 77.80327606201172, 83.11927032470703, 222.5738525390625, 199.07461547851562, 236.18197631835938]",839.2458437614338, Eight,0.999985933303833,1.8553653546860005e-07,0.999985933303833,1.3007114830543287e-05,-15.499999950793198,"[{""token"": "" Eight"", ""token_id"": 38923, ""probability"": 0.999985933303833}, {""token"": "" Four"", ""token_id"": 13038, ""probability"": 1.3007114830543287e-05}, {""token"": ""Eight"", ""token_id"": 80357, ""probability"": 8.315170134665095e-07}, {""token"": "" Six"", ""token_id"": 19759, ""probability"": 1.8553653546860005e-07}, {""token"": "" Many"", ""token_id"": 8732, ""probability"": 5.60271784522115e-09}, {""token"": "" Two"", ""token_id"": 8512, ""probability"": 1.6052054130355486e-09}, {""token"": "" Legs"", ""token_id"": 156403, ""probability"": 7.582453553922619e-10}, {""token"": "" Typically"", ""token_id"": 50338, ""probability"": 3.5816974386371214e-10}, {""token"": "" None"", ""token_id"": 5450, ""probability"": 3.5816974386371214e-10}, {""token"": ""\n\n"", ""token_id"": 108, ""probability"": 3.5816974386371214e-10}, {""token"": "" Usually"", ""token_id"": 34645, ""probability"": 3.5816974386371214e-10}, {""token"": "" Some"", ""token_id"": 4943, ""probability"": 2.789428965588314e-10}]"
L22-L27,"[22, 23, 24, 25, 26, 27]","[23422, 23422, 60476, 56900, 56900, 184534, 184534, 109731, 109731, 169121, 145491, 145491, 233390, 129426, 129426, 144881, 144881]","[16, 21, 16, 16, 21, 16, 21, 16, 21, 16, 16, 21, 21, 16, 21, 16, 21]","[1703, 197021, 248182]","[16, 16, 16]",0.2,0.5,False,joint,False,"[1484.716796875, 1391.216796875, 450.19487304687505, 454.73232421875, 575.3306640625, 372.1739013671875, 486.55703125, 496.64912109375, 488.3783203125, 430.33847656250003, 733.519091796875, 561.96787109375, 482.40771484375, 563.3205078125001, 562.812255859375, 754.7838867187501, 761.868701171875]","[911.5577621459961, 180.21970748901367, 472.3638916015625]","[371.17919921875, 347.80419921875, 112.54872131347656, 911.557861328125, 180.21971130371094, 16.83913230895996, 59.28736114501953, 51.77309036254883, 84.50641632080078, 61.37837600708008, 72.98456573486328, 57.083045959472656, 140.1995391845703, 89.97420501708984, 88.99597930908203, 96.9735107421875, 81.47296905517578, 254.28956604003906, 187.51516723632812, 472.36395263671875]",1239.1387321872405, Eight,0.9999887943267822,1.8553707548107923e-07,0.9999887943267822,1.0129979273187928e-05,-15.499999901311302,"[{""token"": "" Eight"", ""token_id"": 38923, ""probability"": 0.9999887943267822}, {""token"": "" Four"", ""token_id"": 13038, ""probability"": 1.0129979273187928e-05}, {""token"": ""Eight"", ""token_id"": 80357, ""probability"": 8.315194008901017e-07}, {""token"": "" Six"", ""token_id"": 19759, ""probability"": 1.8553707548107923e-07}, {""token"": "" Many"", ""token_id"": 8732, ""probability"": 5.602733832432705e-09}, {""token"": "" Two"", ""token_id"": 8512, ""probability"": 1.6052099649499496e-09}, {""token"": "" Legs"", ""token_id"": 156403, ""probability"": 7.582475203271599e-10}, {""token"": "" None"", ""token_id"": 5450, ""probability"": 3.581707708200099e-10}, {""token"": "" Usually"", ""token_id"": 34645, ""probability"": 3.581707708200099e-10}, {""token"": "" Typically"", ""token_id"": 50338, ""probability"": 3.581707708200099e-10}, {""token"": "" Some"", ""token_id"": 4943, ""probability"": 2.7894367371494866e-10}, {""token"": ""\n\n"", ""token_id"": 108, ""probability"": 2.7894367371494866e-10}]"
L22-L27,"[22, 23, 24, 25, 26, 27]","[23422, 23422, 60476, 56900, 56900, 184534, 184534, 109731, 109731, 169121, 145491, 145491, 233390, 129426, 129426, 144881, 144881]","[16, 21, 16, 16, 21, 16, 21, 16, 21, 16, 16, 21, 21, 16, 21, 16, 21]","[1703, 197021, 248182]","[16, 16, 16]",0.2,0.75,False,joint,False,"[1484.716796875, 1391.216796875, 450.19487304687505, 454.73232421875, 575.3306640625, 372.1739013671875, 486.55703125, 496.64912109375, 488.3783203125, 430.33847656250003, 733.519091796875, 561.96787109375, 482.40771484375, 563.3205078125001, 562.812255859375, 754.7838867187501, 761.868701171875]","[1367.3366432189941, 270.3295612335205, 708.5458374023438]","[371.17919921875, 347.80419921875, 112.54872131347656, 1367.3369140625, 270.3295593261719, 10.369710922241211, 59.633426666259766, 57.36421585083008, 84.82672882080078, 55.15266799926758, 71.51667022705078, 57.222999572753906, 148.49659729003906, 81.95858001708984, 76.9400634765625, 106.02001953125, 75.77899932861328, 265.819091796875, 174.07546997070312, 708.5458984375]",1701.2784542649429, Eight,0.9999862909317017,1.8553660652287363e-07,0.9999862909317017,1.3007119378016796e-05,-15.499999925459631,"[{""token"": "" Eight"", ""token_id"": 38923, ""probability"": 0.9999862909317017}, {""token"": "" Four"", ""token_id"": 13038, ""probability"": 1.3007119378016796e-05}, {""token"": ""Eight"", ""token_id"": 80357, ""probability"": 5.043407327320892e-07}, {""token"": "" Six"", ""token_id"": 19759, ""probability"": 1.8553660652287363e-07}, {""token"": "" Many"", ""token_id"": 8732, ""probability"": 4.363402528184679e-09}, {""token"": "" Two"", ""token_id"": 8512, ""probability"": 1.605205968147061e-09}, {""token"": "" Legs"", ""token_id"": 156403, ""probability"": 5.905222977276026e-10}, {""token"": "" Zero"", ""token_id"": 31234, ""probability"": 2.7894297982555827e-10}, {""token"": "" Typically"", ""token_id"": 50338, ""probability"": 2.7894297982555827e-10}, {""token"": "" Usually"", ""token_id"": 34645, ""probability"": 2.7894297982555827e-10}, {""token"": "" None"", ""token_id"": 5450, ""probability"": 2.7894297982555827e-10}, {""token"": ""\n\n"", ""token_id"": 108, ""probability"": 2.7894297982555827e-10}]"
L22-L27,"[22, 23, 24, 25, 26, 27]","[23422, 23422, 60476, 56900, 56900, 184534, 184534, 109731, 109731, 169121, 145491, 145491, 233390, 129426, 129426, 144881, 144881]","[16, 21, 16, 16, 21, 16, 21, 16, 21, 16, 16, 21, 21, 16, 21, 16, 21]","[1703, 197021, 248182]","[16, 16, 16]",0.2,1.0,False,joint,False,"[1484.716796875, 1391.216796875, 450.19487304687505, 454.73232421875, 575.3306640625, 372.1739013671875, 486.55703125, 496.64912109375, 488.3783203125, 430.33847656250003, 733.519091796875, 561.96787109375, 482.40771484375, 563.3205078125001, 562.812255859375, 754.7838867187501, 761.868701171875]","[1823.1155242919922, 360.43941497802734, 944.727783203125]","[371.17919921875, 347.80419921875, 112.54872131347656, 1823.11572265625, 360.4394226074219, 2.403097629547119, 59.542423248291016, 60.98604202270508, 85.09265899658203, 44.41255569458008, 70.29431915283203, 52.339271545410156, 151.74610900878906, 80.2616195678711, 77.15198516845703, 112.80675506591797, 74.60987091064453, 280.909912109375, 170.84738159179688, 944.7279052734375]",2191.70345718447, Eight,0.9999860525131226,1.8553656389030948e-07,0.9999860525131226,1.300711664953269e-05,-15.499999916817579,"[{""token"": "" Eight"", ""token_id"": 38923, ""probability"": 0.9999860525131226}, {""token"": "" Four"", ""token_id"": 13038, ""probability"": 1.300711664953269e-05}, {""token"": ""Eight"", ""token_id"": 80357, ""probability"": 6.475862051047443e-07}, {""token"": "" Six"", ""token_id"": 19759, ""probability"": 1.8553656389030948e-07}, {""token"": "" Many"", ""token_id"": 8732, ""probability"": 4.363401640006259e-09}, {""token"": "" Two"", ""token_id"": 8512, ""probability"": 2.0611248263691095e-09}, {""token"": "" Legs"", ""token_id"": 156403, ""probability"": 5.905221867053001e-10}, {""token"": "" None"", ""token_id"": 5450, ""probability"": 3.5816979937486337e-10}, {""token"": "" Usually"", ""token_id"": 34645, ""probability"": 2.7894292431440704e-10}, {""token"": "" Zero"", ""token_id"": 31234, ""probability"": 2.7894292431440704e-10}, {""token"": ""\n\n"", ""token_id"": 108, ""probability"": 2.7894292431440704e-10}, {""token"": "" Some"", ""token_id"": 4943, ""probability"": 2.7894292431440704e-10}]"
L22-L27,"[22, 23, 24, 25, 26, 27]","[23422, 23422, 60476, 56900, 56900, 184534, 184534, 109731, 109731, 169121, 145491, 145491, 233390, 129426, 129426, 144881, 144881]","[16, 21, 16, 16, 21, 16, 21, 16, 21, 16, 16, 21, 21, 16, 21, 16, 21]","[1703, 197021, 248182]","[16, 16, 16]",0.2,1.25,False,joint,False,"[1484.716796875, 1391.216796875, 450.19487304687505, 454.73232421875, 575.3306640625, 372.1739013671875, 486.55703125, 496.64912109375, 488.3783203125, 430.33847656250003, 733.519091796875, 561.96787109375, 482.40771484375, 563.3205078125001, 562.812255859375, 754.7838867187501, 761.868701171875]","[2278.8944053649902, 450.5492687225342, 1180.9097290039062]","[371.17919921875, 347.80419921875, 112.54872131347656, 2278.894775390625, 450.54925537109375, 4.280984401702881, 59.69593048095703, 57.28792190551758, 83.73230743408203, 30.168354034423828, 66.32129669189453, 45.027870178222656, 149.4295196533203, 82.45601654052734, 78.4554443359375, 113.64250946044922, 78.50331115722656, 280.205810546875, 167.68167114257812, 1180.9097900390625]",2691.564096509532, Eight,0.999985933303833,1.8553653546860005e-07,0.999985933303833,1.3007114830543287e-05,-15.499999950793198,"[{""token"": "" Eight"", ""token_id"": 38923, ""probability"": 0.999985933303833}, {""token"": "" Four"", ""token_id"": 13038, ""probability"": 1.3007114830543287e-05}, {""token"": ""Eight"", ""token_id"": 80357, ""probability"": 8.315170134665095e-07}, {""token"": "" Six"", ""token_id"": 19759, ""probability"": 1.8553653546860005e-07}, {""token"": "" Many"", ""token_id"": 8732, ""probability"": 4.363401195917049e-09}, {""token"": "" Two"", ""token_id"": 8512, ""probability"": 1.6052054130355486e-09}, {""token"": "" Legs"", ""token_id"": 156403, ""probability"": 5.905220756829976e-10}, {""token"": "" None"", ""token_id"": 5450, ""probability"": 3.5816974386371214e-10}, {""token"": ""\n\n"", ""token_id"": 108, ""probability"": 2.789428965588314e-10}, {""token"": "" Typically"", ""token_id"": 50338, ""probability"": 2.789428965588314e-10}, {""token"": "" Usually"", ""token_id"": 34645, ""probability"": 2.789428965588314e-10}, {""token"": "" Some"", ""token_id"": 4943, ""probability"": 2.172409335754466e-10}]"
L22-L27,"[22, 23, 24, 25, 26, 27]","[23422, 23422, 60476, 56900, 56900, 184534, 184534, 109731, 109731, 169121, 145491, 145491, 233390, 129426, 129426, 144881, 144881]","[16, 21, 16, 16, 21, 16, 21, 16, 21, 16, 16, 21, 21, 16, 21, 16, 21]","[1703, 197021, 248182]","[16, 16, 16]",0.2,1.5,False,joint,False,"[1484.716796875, 1391.216796875, 450.19487304687505, 454.73232421875, 575.3306640625, 372.1739013671875, 486.55703125, 496.64912109375, 488.3783203125, 430.33847656250003, 733.519091796875, 561.96787109375, 482.40771484375, 563.3205078125001, 562.812255859375, 754.7838867187501, 761.868701171875]","[2734.6732864379883, 540.659122467041, 1417.0916748046875]","[371.17919921875, 347.80419921875, 112.54872131347656, 2734.673828125, 540.6591186523438, 8.194008827209473, 59.64722442626953, 59.99623489379883, 81.49628448486328, 18.904804229736328, 62.18494415283203, 44.031898498535156, 156.48121643066406, 76.3680648803711, 70.70398712158203, 125.37743377685547, 76.42378234863281, 299.758544921875, 157.47567749023438, 1417.091796875]",3200.29249160204, Eight,0.9999860525131226,2.3823363903829886e-07,0.9999860525131226,1.300711664953269e-05,-15.250000020588676,"[{""token"": "" Eight"", ""token_id"": 38923, ""probability"": 0.9999860525131226}, {""token"": "" Four"", ""token_id"": 13038, ""probability"": 1.300711664953269e-05}, {""token"": ""Eight"", ""token_id"": 80357, ""probability"": 6.475862051047443e-07}, {""token"": "" Six"", ""token_id"": 19759, ""probability"": 2.3823363903829886e-07}, {""token"": "" Many"", ""token_id"": 8732, ""probability"": 5.60271828931036e-09}, {""token"": "" Two"", ""token_id"": 8512, ""probability"": 2.0611248263691095e-09}, {""token"": "" Legs"", ""token_id"": 156403, ""probability"": 7.582454109034131e-10}, {""token"": "" None"", ""token_id"": 5450, ""probability"": 3.5816979937486337e-10}, {""token"": "" Typically"", ""token_id"": 50338, ""probability"": 3.5816979937486337e-10}, {""token"": ""\n\n"", ""token_id"": 108, ""probability"": 2.7894292431440704e-10}, {""token"": "" Some"", ""token_id"": 4943, ""probability"": 2.7894292431440704e-10}, {""token"": "" Zero"", ""token_id"": 31234, ""probability"": 2.7894292431440704e-10}]"
L22-L27,"[22, 23, 24, 25, 26, 27]","[23422, 23422, 60476, 56900, 56900, 184534, 184534, 109731, 109731, 169121, 145491, 145491, 233390, 129426, 129426, 144881, 144881]","[16, 21, 16, 16, 21, 16, 21, 16, 21, 16, 16, 21, 21, 16, 21, 16, 21]","[1703, 197021, 248182]","[16, 16, 16]",0.2,2.0,True,joint,False,"[1484.716796875, 1391.216796875, 450.19487304687505, 454.73232421875, 575.3306640625, 372.1739013671875, 486.55703125, 496.64912109375, 488.3783203125, 430.33847656250003, 733.519091796875, 561.96787109375, 482.40771484375, 563.3205078125001, 562.812255859375, 754.7838867187501, 761.868701171875]","[3646.2310485839844, 720.8788299560547, 1889.45556640625]","[371.17919921875, 347.80419921875, 112.54872131347656, 3646.2314453125, 720.8788452148438, 22.81681251525879, 59.825260162353516, 52.17775344848633, 76.90650177001953, 18.648845672607422, 64.26844024658203, 24.84556007385254, 128.58863830566406, 64.4415512084961, 56.267826080322266, 102.04778289794922, 60.39973068237305, 273.51806640625, 136.02139282226562, 1889.455810546875]",4219.618970396484, Eight,0.9999860525131226,2.3823363903829886e-07,0.9999860525131226,1.300711664953269e-05,-15.250000020588676,"[{""token"": "" Eight"", ""token_id"": 38923, ""probability"": 0.9999860525131226}, {""token"": "" Four"", ""token_id"": 13038, ""probability"": 1.300711664953269e-05}, {""token"": ""Eight"", ""token_id"": 80357, ""probability"": 6.475862051047443e-07}, {""token"": "" Six"", ""token_id"": 19759, ""probability"": 2.3823363903829886e-07}, {""token"": "" Many"", ""token_id"": 8732, ""probability"": 5.60271828931036e-09}, {""token"": "" Two"", ""token_id"": 8512, ""probability"": 2.0611248263691095e-09}, {""token"": "" Legs"", ""token_id"": 156403, ""probability"": 5.905221867053001e-10}, {""token"": "" None"", ""token_id"": 5450, ""probability"": 3.5816979937486337e-10}, {""token"": "" Usually"", ""token_id"": 34645, ""probability"": 3.5816979937486337e-10}, {""token"": "" Typically"", ""token_id"": 50338, ""probability"": 3.5816979937486337e-10}, {""token"": "" Some"", ""token_id"": 4943, ""probability"": 2.7894292431440704e-10}, {""token"": ""\n\n"", ""token_id"": 108, ""probability"": 2.7894292431440704e-10}]"
L22-L27,"[22, 23, 24, 25, 26, 27]","[23422, 23422, 60476, 56900, 56900, 184534, 184534, 109731, 109731, 169121, 145491, 145491, 233390, 129426, 129426, 144881, 144881]","[16, 21, 16, 16, 21, 16, 21, 16, 21, 16, 16, 21, 21, 16, 21, 16, 21]","[1703, 197021, 248182]","[16, 16, 16]",0.2,3.0,True,joint,False,"[1484.716796875, 1391.216796875, 450.19487304687505, 454.73232421875, 575.3306640625, 372.1739013671875, 486.55703125, 496.64912109375, 488.3783203125, 430.33847656250003, 733.519091796875, 561.96787109375, 482.40771484375, 563.3205078125001, 562.812255859375, 754.7838867187501, 761.868701171875]","[5469.346572875977, 1081.318244934082, 2834.183349609375]","[371.17919921875, 347.80419921875, 112.54872131347656, 5469.34765625, 1081.3182373046875, 51.977516174316406, 59.752567291259766, 10.733965873718262, 68.42169952392578, 140.42381286621094, 62.81171417236328, 43.25539779663086, 11.176501274108887, 51.822227478027344, 54.8482666015625, 6.956783771514893, 46.96601486206055, 148.0773468017578, 129.27725219726562, 2834.18359375]",6282.542081057474, Eight,0.9999822378158569,3.0589689004045795e-07,0.9999822378158569,1.670140409260057e-05,-14.999999990088233,"[{""token"": "" Eight"", ""token_id"": 38923, ""probability"": 0.9999822378158569}, {""token"": "" Four"", ""token_id"": 13038, ""probability"": 1.670140409260057e-05}, {""token"": ""Eight"", ""token_id"": 80357, ""probability"": 6.475837608377333e-07}, {""token"": "" Six"", ""token_id"": 19759, ""probability"": 3.0589689004045795e-07}, {""token"": "" Many"", ""token_id"": 8732, ""probability"": 5.602696973028287e-09}, {""token"": "" Two"", ""token_id"": 8512, ""probability"": 2.646526775507141e-09}, {""token"": "" Legs"", ""token_id"": 156403, ""probability"": 7.582425243235491e-10}, {""token"": "" None"", ""token_id"": 5450, ""probability"": 4.5989739794194406e-10}, {""token"": "" Typically"", ""token_id"": 50338, ""probability"": 4.5989739794194406e-10}, {""token"": ""\n\n"", ""token_id"": 108, ""probability"": 3.581684393516582e-10}, {""token"": "" Some"", ""token_id"": 4943, ""probability"": 3.581684393516582e-10}, {""token"": "" Zero"", ""token_id"": 31234, ""probability"": 3.581684393516582e-10}]"
L22-L27,"[22, 23, 24, 25, 26, 27]","[23422, 23422, 60476, 56900, 56900, 184534, 184534, 109731, 109731, 169121, 145491, 145491, 233390, 129426, 129426, 144881, 144881]","[16, 21, 16, 16, 21, 16, 21, 16, 21, 16, 16, 21, 21, 16, 21, 16, 21]","[1703, 197021, 248182]","[16, 16, 16]",0.4,0.0,False,spider_only,False,"[1113.53759765625, 1043.41259765625, 337.6461547851562, 341.0492431640625, 431.497998046875, 279.1304260253906, 364.9177734375, 372.48684082031247, 366.283740234375, 322.753857421875, 550.1393188476562, 421.4759033203125, 361.8057861328125, 422.49038085937497, 422.10919189453125, 566.0879150390625, 571.4015258789062]","[0.0, 0.0, 0.0]","[742.3584594726562, 695.6084594726562, 225.09744262695312, 0.0, 0.0, 60.88744354248047, 120.98880004882812, 86.40306091308594, 176.6643524169922, 136.90625, 146.22984313964844, 116.21978759765625, 231.07815551757812, 179.5654754638672, 174.83937072753906, 147.13864135742188, 158.4344482421875, 428.60919189453125, 404.86053466796875, 0.0]",1306.4722636550491, Eight,0.9999911785125732,2.3823486117180437e-07,0.9999911785125732,7.88925444794586e-06,-15.250000016680895,"[{""token"": "" Eight"", ""token_id"": 38923, ""probability"": 0.9999911785125732}, {""token"": "" Four"", ""token_id"": 13038, ""probability"": 7.88925444794586e-06}, {""token"": ""Eight"", ""token_id"": 80357, ""probability"": 6.475895588664571e-07}, {""token"": "" Six"", ""token_id"": 19759, ""probability"": 2.3823486117180437e-07}, {""token"": "" Many"", ""token_id"": 8732, ""probability"": 5.602747155109e-09}, {""token"": "" Two"", ""token_id"": 8512, ""probability"": 2.061135262465541e-09}, {""token"": "" Legs"", ""token_id"": 156403, ""probability"": 7.582493521951505e-10}, {""token"": "" None"", ""token_id"": 5450, ""probability"": 4.599015057671352e-10}, {""token"": ""\n\n"", ""token_id"": 108, ""probability"": 3.58171631242854e-10}, {""token"": "" Typically"", ""token_id"": 50338, ""probability"": 3.58171631242854e-10}, {""token"": "" Zero"", ""token_id"": 31234, ""probability"": 2.7894433984876343e-10}, {""token"": "" Some"", ""token_id"": 4943, ""probability"": 2.7894433984876343e-10}]"
L22-L27,"[22, 23, 24, 25, 26, 27]","[23422, 23422, 60476, 56900, 56900, 184534, 184534, 109731, 109731, 169121, 145491, 145491, 233390, 129426, 129426, 144881, 144881]","[16, 21, 16, 16, 21, 16, 21, 16, 21, 16, 16, 21, 21, 16, 21, 16, 21]","[1703, 197021, 248182]","[16, 16, 16]",0.4,0.25,False,joint,False,"[1113.53759765625, 1043.41259765625, 337.6461547851562, 341.0492431640625, 431.497998046875, 279.1304260253906, 364.9177734375, 372.48684082031247, 366.283740234375, 322.753857421875, 550.1393188476562, 421.4759033203125, 361.8057861328125, 422.49038085937497, 422.10919189453125, 566.0879150390625, 571.4015258789062]","[455.77888107299805, 90.10985374450684, 236.18194580078125]","[742.3584594726562, 695.6084594726562, 225.09744262695312, 455.7789306640625, 90.10985565185547, 53.867610931396484, 120.90591430664062, 94.7632827758789, 177.8695526123047, 138.6534423828125, 145.52098083496094, 118.05352783203125, 250.06301879882812, 185.31700134277344, 180.00941467285156, 164.06527709960938, 166.9824981689453, 457.92962646484375, 408.90032958984375, 236.18197631835938]",1425.0349072903823, Eight,0.9999911785125732,2.3823486117180437e-07,0.9999911785125732,7.88925444794586e-06,-15.250000016680895,"[{""token"": "" Eight"", ""token_id"": 38923, ""probability"": 0.9999911785125732}, {""token"": "" Four"", ""token_id"": 13038, ""probability"": 7.88925444794586e-06}, {""token"": ""Eight"", ""token_id"": 80357, ""probability"": 6.475895588664571e-07}, {""token"": "" Six"", ""token_id"": 19759, ""probability"": 2.3823486117180437e-07}, {""token"": "" Many"", ""token_id"": 8732, ""probability"": 7.194069784333124e-09}, {""token"": "" Two"", ""token_id"": 8512, ""probability"": 2.061135262465541e-09}, {""token"": "" Legs"", ""token_id"": 156403, ""probability"": 7.582493521951505e-10}, {""token"": "" None"", ""token_id"": 5450, ""probability"": 4.599015057671352e-10}, {""token"": ""\n\n"", ""token_id"": 108, ""probability"": 3.58171631242854e-10}, {""token"": "" Typically"", ""token_id"": 50338, ""probability"": 3.58171631242854e-10}, {""token"": "" Usually"", ""token_id"": 34645, ""probability"": 3.58171631242854e-10}, {""token"": "" Some"", ""token_id"": 4943, ""probability"": 2.7894433984876343e-10}]"
L22-L27,"[22, 23, 24, 25, 26, 27]","[23422, 23422, 60476, 56900, 56900, 184534, 184534, 109731, 109731, 169121, 145491, 145491, 233390, 129426, 129426, 144881, 144881]","[16, 21, 16, 16, 21, 16, 21, 16, 21, 16, 16, 21, 21, 16, 21, 16, 21]","[1703, 197021, 248182]","[16, 16, 16]",0.4,0.5,False,joint,False,"[1113.53759765625, 1043.41259765625, 337.6461547851562, 341.0492431640625, 431.497998046875, 279.1304260253906, 364.9177734375, 372.48684082031247, 366.283740234375, 322.753857421875, 550.1393188476562, 421.4759033203125, 361.8057861328125, 422.49038085937497, 422.10919189453125, 566.0879150390625, 571.4015258789062]","[911.5577621459961, 180.21970748901367, 472.3638916015625]","[742.3584594726562, 695.6084594726562, 225.09744262695312, 911.557861328125, 180.21971130371094, 47.348567962646484, 120.6787338256836, 103.11600494384766, 176.2947235107422, 135.593505859375, 143.6934051513672, 120.7734375, 261.6325988769531, 179.15159606933594, 172.21681213378906, 173.3007049560547, 162.88507080078125, 471.70489501953125, 396.57244873046875, 472.36395263671875]",1688.4500852071808, Eight,0.9999910593032837,3.0589959010285384e-07,0.9999910593032837,7.889253538451158e-06,-14.999999985024823,"[{""token"": "" Eight"", ""token_id"": 38923, ""probability"": 0.9999910593032837}, {""token"": "" Four"", ""token_id"": 13038, ""probability"": 7.889253538451158e-06}, {""token"": ""Eight"", ""token_id"": 80357, ""probability"": 6.475894451796194e-07}, {""token"": "" Six"", ""token_id"": 19759, ""probability"": 3.0589959010285384e-07}, {""token"": "" Many"", ""token_id"": 8732, ""probability"": 5.6027462669305805e-09}, {""token"": "" Two"", ""token_id"": 8512, ""probability"": 2.061135040420936e-09}, {""token"": "" Legs"", ""token_id"": 156403, ""probability"": 7.582492411728481e-10}, {""token"": "" None"", ""token_id"": 5450, ""probability"": 4.5990145025598395e-10}, {""token"": ""\n\n"", ""token_id"": 108, ""probability"": 3.581716034872784e-10}, {""token"": "" Typically"", ""token_id"": 50338, ""probability"": 3.581716034872784e-10}, {""token"": "" Usually"", ""token_id"": 34645, ""probability"": 3.581716034872784e-10}, {""token"": "" Some"", ""token_id"": 4943, ""probability"": 2.789443120931878e-10}]"
L22-L27,"[22, 23, 24, 25, 26, 27]","[23422, 23422, 60476, 56900, 56900, 184534, 184534, 109731, 109731, 169121, 145491, 145491, 233390, 129426, 129426, 144881, 144881]","[16, 21, 16, 16, 21, 16, 21, 16, 21, 16, 16, 21, 21, 16, 21, 16, 21]","[1703, 197021, 248182]","[16, 16, 16]",0.4,0.75,False,joint,False,"[1113.53759765625, 1043.41259765625, 337.6461547851562, 341.0492431640625, 431.497998046875, 279.1304260253906, 364.9177734375, 372.48684082031247, 366.283740234375, 322.753857421875, 550.1393188476562, 421.4759033203125, 361.8057861328125, 422.49038085937497, 422.10919189453125, 566.0879150390625, 571.4015258789062]","[1367.3366432189941, 270.3295612335205, 708.5458374023438]","[742.3584594726562, 695.6084594726562, 225.09744262695312, 1367.3369140625, 270.3295593261719, 40.27727508544922, 120.34988403320312, 108.8060073852539, 175.8877410888672, 128.746826171875, 143.57908630371094, 117.74798583984375, 267.2013244628906, 170.64305114746094, 160.18702697753906, 181.59622192382812, 151.51275634765625, 488.84442138671875, 375.9197998046875, 708.5458984375]",2050.0468049804526, Eight,0.999993085861206,2.3823531591915525e-07,0.999993085861206,6.14417012911872e-06,-15.250000015226847,"[{""token"": "" Eight"", ""token_id"": 38923, ""probability"": 0.999993085861206}, {""token"": "" Four"", ""token_id"": 13038, ""probability"": 6.14417012911872e-06}, {""token"": ""Eight"", ""token_id"": 80357, ""probability"": 5.043442001806397e-07}, {""token"": "" Six"", ""token_id"": 19759, ""probability"": 2.3823531591915525e-07}, {""token"": "" Many"", ""token_id"": 8732, ""probability"": 4.363432282161739e-09}, {""token"": "" Two"", ""token_id"": 8512, ""probability"": 1.6052168483327023e-09}, {""token"": "" Legs"", ""token_id"": 156403, ""probability"": 5.905262945304912e-10}, {""token"": "" None"", ""token_id"": 5450, ""probability"": 3.581723251322444e-10}, {""token"": "" Usually"", ""token_id"": 34645, ""probability"": 2.7894489496027575e-10}, {""token"": "" Typically"", ""token_id"": 50338, ""probability"": 2.7894489496027575e-10}, {""token"": "" Some"", ""token_id"": 4943, ""probability"": 2.1724248788768108e-10}, {""token"": ""\n\n"", ""token_id"": 108, ""probability"": 2.1724248788768108e-10}]"
L22-L27,"[22, 23, 24, 25, 26, 27]","[23422, 23422, 60476, 56900, 56900, 184534, 184534, 109731, 109731, 169121, 145491, 145491, 233390, 129426, 129426, 144881, 144881]","[16, 21, 16, 16, 21, 16, 21, 16, 21, 16, 16, 21, 21, 16, 21, 16, 21]","[1703, 197021, 248182]","[16, 16, 16]",0.4,1.0,False,joint,False,"[1113.53759765625, 1043.41259765625, 337.6461547851562, 341.0492431640625, 431.497998046875, 279.1304260253906, 364.9177734375, 372.48684082031247, 366.283740234375, 322.753857421875, 550.1393188476562, 421.4759033203125, 361.8057861328125, 422.49038085937497, 422.10919189453125, 566.0879150390625, 571.4015258789062]","[1823.1155242919922, 360.43941497802734, 944.727783203125]","[742.3584594726562, 695.6084594726562, 225.09744262695312, 1823.11572265625, 360.4394226074219, 32.556758880615234, 120.2118148803711, 107.17862701416016, 173.94505310058594, 115.89246368408203, 140.90196228027344, 110.9722900390625, 264.4322814941406, 173.90379333496094, 165.036376953125, 182.92478942871094, 159.3167724609375, 492.1541442871094, 384.32257080078125, 944.7279052734375]",2472.0104080726132, Eight,0.9999910593032837,3.0589959010285384e-07,0.9999910593032837,7.889253538451158e-06,-14.999999985024823,"[{""token"": "" Eight"", ""token_id"": 38923, ""probability"": 0.9999910593032837}, {""token"": "" Four"", ""token_id"": 13038, ""probability"": 7.889253538451158e-06}, {""token"": ""Eight"", ""token_id"": 80357, ""probability"": 6.475894451796194e-07}, {""token"": "" Six"", ""token_id"": 19759, ""probability"": 3.0589959010285384e-07}, {""token"": "" Many"", ""token_id"": 8732, ""probability"": 5.6027462669305805e-09}, {""token"": "" Two"", ""token_id"": 8512, ""probability"": 2.061135040420936e-09}, {""token"": "" Legs"", ""token_id"": 156403, ""probability"": 5.905251287963154e-10}, {""token"": "" None"", ""token_id"": 5450, ""probability"": 4.5990145025598395e-10}, {""token"": ""\n\n"", ""token_id"": 108, ""probability"": 2.789443120931878e-10}, {""token"": "" Typically"", ""token_id"": 50338, ""probability"": 2.789443120931878e-10}, {""token"": "" Usually"", ""token_id"": 34645, ""probability"": 2.789443120931878e-10}, {""token"": "" Some"", ""token_id"": 4943, ""probability"": 2.1724204379847123e-10}]"
L22-L27,"[22, 23, 24, 25, 26, 27]","[23422, 23422, 60476, 56900, 56900, 184534, 184534, 109731, 109731, 169121, 145491, 145491, 233390, 129426, 129426, 144881, 144881]","[16, 21, 16, 16, 21, 16, 21, 16, 21, 16, 16, 21, 21, 16, 21, 16, 21]","[1703, 197021, 248182]","[16, 16, 16]",0.4,1.25,False,joint,False,"[1113.53759765625, 1043.41259765625, 337.6461547851562, 341.0492431640625, 431.497998046875, 279.1304260253906, 364.9177734375, 372.48684082031247, 366.283740234375, 322.753857421875, 550.1393188476562, 421.4759033203125, 361.8057861328125, 422.49038085937497, 422.10919189453125, 566.0879150390625, 571.4015258789062]","[2278.8944053649902, 450.5492687225342, 1180.9097290039062]","[742.3584594726562, 695.6084594726562, 225.09744262695312, 2278.894775390625, 450.54925537109375, 25.884700775146484, 120.1452865600586, 110.48270416259766, 173.23973083496094, 106.65528106689453, 138.7892303466797, 106.706787109375, 267.6246643066406, 169.8340301513672, 160.10792541503906, 189.9038543701172, 154.1941680908203, 507.3247985839844, 369.4132080078125, 1180.9097900390625]",2925.008119661667, Eight,0.9999910593032837,3.927828231553576e-07,0.9999910593032837,7.889253538451158e-06,-14.750000049923456,"[{""token"": "" Eight"", ""token_id"": 38923, ""probability"": 0.9999910593032837}, {""token"": "" Four"", ""token_id"": 13038, ""probability"": 7.889253538451158e-06}, {""token"": ""Eight"", ""token_id"": 80357, ""probability"": 6.475894451796194e-07}, {""token"": "" Six"", ""token_id"": 19759, ""probability"": 3.927828231553576e-07}, {""token"": "" Many"", ""token_id"": 8732, ""probability"": 5.6027462669305805e-09}, {""token"": "" Two"", ""token_id"": 8512, ""probability"": 2.061135040420936e-09}, {""token"": "" Legs"", ""token_id"": 156403, ""probability"": 7.582492411728481e-10}, {""token"": "" None"", ""token_id"": 5450, ""probability"": 4.5990145025598395e-10}, {""token"": "" Zero"", ""token_id"": 31234, ""probability"": 3.581716034872784e-10}, {""token"": "" Typically"", ""token_id"": 50338, ""probability"": 3.581716034872784e-10}, {""token"": "" Some"", ""token_id"": 4943, ""probability"": 2.789443120931878e-10}, {""token"": ""\n\n"", ""token_id"": 108, ""probability"": 2.789443120931878e-10}]"
L22-L27,"[22, 23, 24, 25, 26, 27]","[23422, 23422, 60476, 56900, 56900, 184534, 184534, 109731, 109731, 169121, 145491, 145491, 233390, 129426, 129426, 144881, 144881]","[16, 21, 16, 16, 21, 16, 21, 16, 21, 16, 16, 21, 21, 16, 21, 16, 21]","[1703, 197021, 248182]","[16, 16, 16]",0.4,1.5,False,joint,False,"[1113.53759765625, 1043.41259765625, 337.6461547851562, 341.0492431640625, 431.497998046875, 279.1304260253906, 364.9177734375, 372.48684082031247, 366.283740234375, 322.753857421875, 550.1393188476562, 421.4759033203125, 361.8057861328125, 422.49038085937497, 422.10919189453125, 566.0879150390625, 571.4015258789062]","[2734.6732864379883, 540.659122467041, 1417.0916748046875]","[742.3584594726562, 695.6084594726562, 225.09744262695312, 2734.673828125, 540.6591186523438, 22.252986907958984, 120.2020492553711, 110.13126373291016, 169.22410583496094, 93.12709045410156, 137.4492645263672, 101.35333251953125, 264.8115539550781, 166.09532165527344, 156.25306701660156, 191.62252807617188, 150.277587890625, 510.64178466796875, 358.6262512207031, 1417.091796875]",3395.4209661051723, Eight,0.9999912977218628,3.058996469462727e-07,0.9999912977218628,7.889256266935263e-06,-15.00000003762174,"[{""token"": "" Eight"", ""token_id"": 38923, ""probability"": 0.9999912977218628}, {""token"": "" Four"", ""token_id"": 13038, ""probability"": 7.889256266935263e-06}, {""token"": ""Eight"", ""token_id"": 80357, ""probability"": 5.04343290685938e-07}, {""token"": "" Six"", ""token_id"": 19759, ""probability"": 3.058996469462727e-07}, {""token"": "" Many"", ""token_id"": 8732, ""probability"": 4.3634242885559615e-09}, {""token"": "" Two"", ""token_id"": 8512, ""probability"": 1.6052139617528383e-09}, {""token"": "" Legs"", ""token_id"": 156403, ""probability"": 4.599015612782864e-10}, {""token"": "" None"", ""token_id"": 5450, ""probability"": 3.5817168675400524e-10}, {""token"": ""\n\n"", ""token_id"": 108, ""probability"": 2.7894439535991467e-10}, {""token"": "" Typically"", ""token_id"": 50338, ""probability"": 2.7894439535991467e-10}, {""token"": "" Usually"", ""token_id"": 34645, ""probability"": 2.1724209930962246e-10}, {""token"": "" Zero"", ""token_id"": 31234, ""probability"": 2.1724209930962246e-10}]"
L22-L27,"[22, 23, 24, 25, 26, 27]","[23422, 23422, 60476, 56900, 56900, 184534, 184534, 109731, 109731, 169121, 145491, 145491, 233390, 129426, 129426, 144881, 144881]","[16, 21, 16, 16, 21, 16, 21, 16, 21, 16, 16, 21, 21, 16, 21, 16, 21]","[1703, 197021, 248182]","[16, 16, 16]",0.4,2.0,True,joint,False,"[1113.53759765625, 1043.41259765625, 337.6461547851562, 341.0492431640625, 431.497998046875, 279.1304260253906, 364.9177734375, 372.48684082031247, 366.283740234375, 322.753857421875, 550.1393188476562, 421.4759033203125, 361.8057861328125, 422.49038085937497, 422.10919189453125, 566.0879150390625, 571.4015258789062]","[3646.2310485839844, 720.8788299560547, 1889.45556640625]","[742.3584594726562, 695.6084594726562, 225.09744262695312, 3646.2314453125, 720.8788452148438, 6.705471992492676, 120.19546508789062, 97.6620864868164, 167.25999450683594, 50.52564239501953, 135.86863708496094, 79.88116455078125, 244.23641967773438, 156.01304626464844, 149.68727111816406, 178.27731323242188, 139.7533721923828, 494.3095397949219, 349.74237060546875, 1889.455810546875]",4367.39309572926, Eight,0.9999909400939941,5.043431201556814e-07,0.9999909400939941,7.889252628956456e-06,-14.499999946603394,"[{""token"": "" Eight"", ""token_id"": 38923, ""probability"": 0.9999909400939941}, {""token"": "" Four"", ""token_id"": 13038, ""probability"": 7.889252628956456e-06}, {""token"": ""Eight"", ""token_id"": 80357, ""probability"": 6.475893883362005e-07}, {""token"": "" Six"", ""token_id"": 19759, ""probability"": 5.043431201556814e-07}, {""token"": "" Many"", ""token_id"": 8732, ""probability"": 5.602745822841371e-09}, {""token"": "" Two"", ""token_id"": 8512, ""probability"": 2.646549868146053e-09}, {""token"": "" Legs"", ""token_id"": 156403, ""probability"": 5.905250732851641e-10}, {""token"": "" None"", ""token_id"": 5450, ""probability"": 4.599013947448327e-10}, {""token"": "" Usually"", ""token_id"": 34645, ""probability"": 3.5817154797612716e-10}, {""token"": "" Typically"", ""token_id"": 50338, ""probability"": 3.5817154797612716e-10}, {""token"": "" Some"", ""token_id"": 4943, ""probability"": 2.789442843376122e-10}, {""token"": ""\n\n"", ""token_id"": 108, ""probability"": 2.789442843376122e-10}]"
L22-L27,"[22, 23, 24, 25, 26, 27]","[23422, 23422, 60476, 56900, 56900, 184534, 184534, 109731, 109731, 169121, 145491, 145491, 233390, 129426, 129426, 144881, 144881]","[16, 21, 16, 16, 21, 16, 21, 16, 21, 16, 16, 21, 21, 16, 21, 16, 21]","[1703, 197021, 248182]","[16, 16, 16]",0.4,3.0,True,joint,False,"[1113.53759765625, 1043.41259765625, 337.6461547851562, 341.0492431640625, 431.497998046875, 279.1304260253906, 364.9177734375, 372.48684082031247, 366.283740234375, 322.753857421875, 550.1393188476562, 421.4759033203125, 361.8057861328125, 422.49038085937497, 422.10919189453125, 566.0879150390625, 571.4015258789062]","[5469.346572875977, 1081.318244934082, 2834.183349609375]","[742.3584594726562, 695.6084594726562, 225.09744262695312, 5469.34765625, 1081.3182373046875, 21.558748245239258, 120.25985717773438, 60.105690002441406, 156.2950897216797, 70.33745574951172, 135.0480194091797, 9.120882987976074, 99.32283782958984, 141.63572692871094, 139.99708557128906, 69.22545623779297, 124.81128692626953, 355.15032958984375, 334.8736267089844, 2834.18359375]",6369.901821750382, Eight,0.9999886751174927,6.475879104073101e-07,0.9999886751174927,1.0129978363693226e-05,-14.249999958673039,"[{""token"": "" Eight"", ""token_id"": 38923, ""probability"": 0.9999886751174927}, {""token"": "" Four"", ""token_id"": 13038, ""probability"": 1.0129978363693226e-05}, {""token"": "" Six"", ""token_id"": 19759, ""probability"": 6.475879104073101e-07}, {""token"": ""Eight"", ""token_id"": 80357, ""probability"": 6.475879104073101e-07}, {""token"": "" Many"", ""token_id"": 8732, ""probability"": 5.602732944254285e-09}, {""token"": "" Two"", ""token_id"": 8512, ""probability"": 2.64654387294172e-09}, {""token"": "" Legs"", ""token_id"": 156403, ""probability"": 5.905237410175346e-10}, {""token"": "" None"", ""token_id"": 5450, ""probability"": 5.905237410175346e-10}, {""token"": ""\n\n"", ""token_id"": 108, ""probability"": 3.581707430644343e-10}, {""token"": "" Typically"", ""token_id"": 50338, ""probability"": 3.581707430644343e-10}, {""token"": "" Zero"", ""token_id"": 31234, ""probability"": 2.7894364595937304e-10}, {""token"": "" Some"", ""token_id"": 4943, ""probability"": 2.7894364595937304e-10}]"
L22-L27,"[22, 23, 24, 25, 26, 27]","[23422, 23422, 60476, 56900, 56900, 184534, 184534, 109731, 109731, 169121, 145491, 145491, 233390, 129426, 129426, 144881, 144881]","[16, 21, 16, 16, 21, 16, 21, 16, 21, 16, 16, 21, 21, 16, 21, 16, 21]","[1703, 197021, 248182]","[16, 16, 16]",0.6,0.0,False,spider_only,False,"[742.3583984375, 695.6083984375, 225.09743652343752, 227.366162109375, 287.66533203125, 186.08695068359376, 243.278515625, 248.324560546875, 244.18916015625, 215.16923828125002, 366.7595458984375, 280.983935546875, 241.203857421875, 281.66025390625003, 281.4061279296875, 377.39194335937503, 380.9343505859375]","[0.0, 0.0, 0.0]","[1113.5377197265625, 1043.4127197265625, 337.6461486816406, 0.0, 0.0, 90.90554809570312, 181.24578857421875, 132.563720703125, 252.1039581298828, 207.88970947265625, 214.1923370361328, 176.93832397460938, 348.6150817871094, 264.0559997558594, 260.0673828125, 223.48300170898438, 232.4232177734375, 646.52294921875, 605.2511596679688, 0.0]",1957.6791162551128, Eight,0.999994158744812,3.927840452888631e-07,0.999994158744812,4.78508991363924e-06,-14.750000037918824,"[{""token"": "" Eight"", ""token_id"": 38923, ""probability"": 0.999994158744812}, {""token"": "" Four"", ""token_id"": 13038, ""probability"": 4.78508991363924e-06}, {""token"": ""Eight"", ""token_id"": 80357, ""probability"": 6.475914346992795e-07}, {""token"": "" Six"", ""token_id"": 19759, ""probability"": 3.927840452888631e-07}, {""token"": "" Many"", ""token_id"": 8732, ""probability"": 5.602763586409765e-09}, {""token"": "" Two"", ""token_id"": 8512, ""probability"": 2.061141479714479e-09}, {""token"": "" Legs"", ""token_id"": 156403, ""probability"": 5.90526960664306e-10}, {""token"": "" None"", ""token_id"": 5450, ""probability"": 4.5990286579034034e-10}, {""token"": "" Typically"", ""token_id"": 50338, ""probability"": 2.789451725160319e-10}, {""token"": "" Usually"", ""token_id"": 34645, ""probability"": 2.789451725160319e-10}, {""token"": ""\n\n"", ""token_id"": 108, ""probability"": 2.789451725160319e-10}, {""token"": "" Zero"", ""token_id"": 31234, ""probability"": 2.789451725160319e-10}]"
L22-L27,"[22, 23, 24, 25, 26, 27]","[23422, 23422, 60476, 56900, 56900, 184534, 184534, 109731, 109731, 169121, 145491, 145491, 233390, 129426, 129426, 144881, 144881]","[16, 21, 16, 16, 21, 16, 21, 16, 21, 16, 16, 21, 21, 16, 21, 16, 21]","[1703, 197021, 248182]","[16, 16, 16]",0.6,0.25,False,joint,False,"[742.3583984375, 695.6083984375, 225.09743652343752, 227.366162109375, 287.66533203125, 186.08695068359376, 243.278515625, 248.324560546875, 244.18916015625, 215.16923828125002, 366.7595458984375, 280.983935546875, 241.203857421875, 281.66025390625003, 281.4061279296875, 377.39194335937503, 380.9343505859375]","[455.77888107299805, 90.10985374450684, 236.18194580078125]","[1113.5377197265625, 1043.4127197265625, 337.6461486816406, 455.7789306640625, 90.10985565185547, 84.28097534179688, 181.23016357421875, 142.8076171875, 256.3208923339844, 209.33465576171875, 221.56044006347656, 179.23428344726562, 363.3934631347656, 269.431396484375, 266.4660949707031, 231.66201782226562, 238.0823974609375, 665.123291015625, 618.3368530273438, 236.18197631835938]",2043.5573616931526, Eight,0.9999943971633911,3.9278415897570085e-07,0.9999943971633911,4.785090823133942e-06,-14.749999986900278,"[{""token"": "" Eight"", ""token_id"": 38923, ""probability"": 0.9999943971633911}, {""token"": "" Four"", ""token_id"": 13038, ""probability"": 4.785090823133942e-06}, {""token"": ""Eight"", ""token_id"": 80357, ""probability"": 5.043448254582472e-07}, {""token"": "" Six"", ""token_id"": 19759, ""probability"": 3.9278415897570085e-07}, {""token"": "" Many"", ""token_id"": 8732, ""probability"": 4.363438055321467e-09}, {""token"": "" Two"", ""token_id"": 8512, ""probability"": 1.605218957756449e-09}, {""token"": "" Legs"", ""token_id"": 156403, ""probability"": 4.599029768126428e-10}, {""token"": "" None"", ""token_id"": 5450, ""probability"": 3.5817279697702986e-10}, {""token"": "" Typically"", ""token_id"": 50338, ""probability"": 2.7894525578275875e-10}, {""token"": ""\n\n"", ""token_id"": 108, ""probability"": 2.1724276544343724e-10}, {""token"": "" Zero"", ""token_id"": 31234, ""probability"": 2.1724276544343724e-10}, {""token"": "" Usually"", ""token_id"": 34645, ""probability"": 2.1724276544343724e-10}]"
L22-L27,"[22, 23, 24, 25, 26, 27]","[23422, 23422, 60476, 56900, 56900, 184534, 184534, 109731, 109731, 169121, 145491, 145491, 233390, 129426, 129426, 144881, 144881]","[16, 21, 16, 16, 21, 16, 21, 16, 21, 16, 16, 21, 21, 16, 21, 16, 21]","[1703, 197021, 248182]","[16, 16, 16]",0.6,0.5,False,joint,False,"[742.3583984375, 695.6083984375, 225.09743652343752, 227.366162109375, 287.66533203125, 186.08695068359376, 243.278515625, 248.324560546875, 244.18916015625, 215.16923828125002, 366.7595458984375, 280.983935546875, 241.203857421875, 281.66025390625003, 281.4061279296875, 377.39194335937503, 380.9343505859375]","[911.5577621459961, 180.21970748901367, 472.3638916015625]","[1113.5377197265625, 1043.4127197265625, 337.6461486816406, 911.557861328125, 180.21971130371094, 77.42357635498047, 181.1488037109375, 143.87152099609375, 254.0298614501953, 199.7279815673828, 217.07911682128906, 174.86196899414062, 364.1846008300781, 268.2164306640625, 267.4885559082031, 237.27072143554688, 236.4996337890625, 680.09521484375, 610.7390747070312, 472.36395263671875]",2234.8911514366278, Eight,0.9999942779541016,5.043447686148284e-07,0.9999942779541016,4.785090368386591e-06,-14.50000001596643,"[{""token"": "" Eight"", ""token_id"": 38923, ""probability"": 0.9999942779541016}, {""token"": "" Four"", ""token_id"": 13038, ""probability"": 4.785090368386591e-06}, {""token"": "" Six"", ""token_id"": 19759, ""probability"": 5.043447686148284e-07}, {""token"": ""Eight"", ""token_id"": 80357, ""probability"": 5.043447686148284e-07}, {""token"": "" Many"", ""token_id"": 8732, ""probability"": 7.194091988793616e-09}, {""token"": "" Two"", ""token_id"": 8512, ""probability"": 2.64655874993025e-09}, {""token"": "" Legs"", ""token_id"": 156403, ""probability"": 7.582516836635023e-10}, {""token"": "" None"", ""token_id"": 5450, ""probability"": 5.905270161754572e-10}, {""token"": "" Typically"", ""token_id"": 50338, ""probability"": 3.5817274146587863e-10}, {""token"": "" Usually"", ""token_id"": 34645, ""probability"": 3.5817274146587863e-10}, {""token"": ""\n\n"", ""token_id"": 108, ""probability"": 3.5817274146587863e-10}, {""token"": "" Zero"", ""token_id"": 31234, ""probability"": 3.5817274146587863e-10}]"
L22-L27,"[22, 23, 24, 25, 26, 27]","[23422, 23422, 60476, 56900, 56900, 184534, 184534, 109731, 109731, 169121, 145491, 145491, 233390, 129426, 129426, 144881, 144881]","[16, 21, 16, 16, 21, 16, 21, 16, 21, 16, 16, 21, 21, 16, 21, 16, 21]","[1703, 197021, 248182]","[16, 16, 16]",0.6,0.75,False,joint,False,"[742.3583984375, 695.6083984375, 225.09743652343752, 227.366162109375, 287.66533203125, 186.08695068359376, 243.278515625, 248.324560546875, 244.18916015625, 215.16923828125002, 366.7595458984375, 280.983935546875, 241.203857421875, 281.66025390625003, 281.4061279296875, 377.39194335937503, 380.9343505859375]","[1367.3366432189941, 270.3295612335205, 708.5458374023438]","[1113.5377197265625, 1043.4127197265625, 337.6461486816406, 1367.3369140625, 270.3295593261719, 69.46224975585938, 180.84149169921875, 151.8680419921875, 255.21803283691406, 195.25262451171875, 218.1916046142578, 173.71530151367188, 374.3638610839844, 263.8128662109375, 261.7947082519531, 249.81259155273438, 234.3863525390625, 698.72314453125, 600.5275268554688, 708.5458984375]",2524.582435961794, Eight,0.9999939203262329,6.475913210124418e-07,0.9999939203262329,4.785088549397187e-06,-14.249999937312504,"[{""token"": "" Eight"", ""token_id"": 38923, ""probability"": 0.9999939203262329}, {""token"": "" Four"", ""token_id"": 13038, ""probability"": 4.785088549397187e-06}, {""token"": "" Six"", ""token_id"": 19759, ""probability"": 6.475913210124418e-07}, {""token"": ""Eight"", ""token_id"": 80357, ""probability"": 6.475913210124418e-07}, {""token"": "" Many"", ""token_id"": 8732, ""probability"": 7.194089768347567e-09}, {""token"": "" Two"", ""token_id"": 8512, ""probability"": 2.6465578617518304e-09}, {""token"": "" Legs"", ""token_id"": 156403, ""probability"": 5.905267941308523e-10}, {""token"": "" None"", ""token_id"": 5450, ""probability"": 4.599027547680379e-10}, {""token"": "" Typically"", ""token_id"": 50338, ""probability"": 3.5817263044357617e-10}, {""token"": ""\n\n"", ""token_id"": 108, ""probability"": 2.7894511700488067e-10}, {""token"": "" Zero"", ""token_id"": 31234, ""probability"": 2.7894511700488067e-10}, {""token"": "" Usually"", ""token_id"": 34645, ""probability"": 2.7894511700488067e-10}]"
L22-L27,"[22, 23, 24, 25, 26, 27]","[23422, 23422, 60476, 56900, 56900, 184534, 184534, 109731, 109731, 169121, 145491, 145491, 233390, 129426, 129426, 144881, 144881]","[16, 21, 16, 16, 21, 16, 21, 16, 21, 16, 16, 21, 21, 16, 21, 16, 21]","[1703, 197021, 248182]","[16, 16, 16]",0.6,1.0,False,joint,False,"[742.3583984375, 695.6083984375, 225.09743652343752, 227.366162109375, 287.66533203125, 186.08695068359376, 243.278515625, 248.324560546875, 244.18916015625, 215.16923828125002, 366.7595458984375, 280.983935546875, 241.203857421875, 281.66025390625003, 281.4061279296875, 377.39194335937503, 380.9343505859375]","[1823.1155242919922, 360.43941497802734, 944.727783203125]","[1113.5377197265625, 1043.4127197265625, 337.6461486816406, 1823.11572265625, 360.4394226074219, 63.36838150024414, 180.9978485107422, 148.9275665283203, 251.1316680908203, 179.53460693359375, 208.41920471191406, 165.82150268554688, 368.9584045410156, 259.75152587890625, 250.13710021972656, 249.58578491210938, 232.222412109375, 701.8889770507812, 587.2550659179688, 944.7279052734375]",2869.4871697470503, Eight,0.9999923706054688,8.315223567478824e-07,0.9999923706054688,6.144165581645211e-06,-14.000000022001842,"[{""token"": "" Eight"", ""token_id"": 38923, ""probability"": 0.9999923706054688}, {""token"": "" Four"", ""token_id"": 13038, ""probability"": 6.144165581645211e-06}, {""token"": "" Six"", ""token_id"": 19759, ""probability"": 8.315223567478824e-07}, {""token"": ""Eight"", ""token_id"": 80357, ""probability"": 6.475902978309023e-07}, {""token"": "" Many"", ""token_id"": 8732, ""probability"": 7.194078222028111e-09}, {""token"": "" Two"", ""token_id"": 8512, ""probability"": 2.646553642904337e-09}, {""token"": "" Legs"", ""token_id"": 156403, ""probability"": 7.582502403735703e-10}, {""token"": "" None"", ""token_id"": 5450, ""probability"": 5.905259059524326e-10}, {""token"": ""\n\n"", ""token_id"": 108, ""probability"": 3.5817207533206386e-10}, {""token"": "" Typically"", ""token_id"": 50338, ""probability"": 3.5817207533206386e-10}, {""token"": "" Usually"", ""token_id"": 34645, ""probability"": 3.5817207533206386e-10}, {""token"": "" Some"", ""token_id"": 4943, ""probability"": 2.789446729156708e-10}]"
L22-L27,"[22, 23, 24, 25, 26, 27]","[23422, 23422, 60476, 56900, 56900, 184534, 184534, 109731, 109731, 169121, 145491, 145491, 233390, 129426, 129426, 144881, 144881]","[16, 21, 16, 16, 21, 16, 21, 16, 21, 16, 16, 21, 21, 16, 21, 16, 21]","[1703, 197021, 248182]","[16, 16, 16]",0.6,1.25,False,joint,False,"[742.3583984375, 695.6083984375, 225.09743652343752, 227.366162109375, 287.66533203125, 186.08695068359376, 243.278515625, 248.324560546875, 244.18916015625, 215.16923828125002, 366.7595458984375, 280.983935546875, 241.203857421875, 281.66025390625003, 281.4061279296875, 377.39194335937503, 380.9343505859375]","[2278.8944053649902, 450.5492687225342, 1180.9097290039062]","[1113.5377197265625, 1043.4127197265625, 337.6461486816406, 2278.894775390625, 450.54925537109375, 56.057281494140625, 180.90472412109375, 152.19915771484375, 249.3917999267578, 169.8214111328125, 207.86415100097656, 161.35330200195312, 368.1810302734375, 252.9334716796875, 244.36109924316406, 252.52645874023438, 227.07696533203125, 706.8544921875, 576.5512084960938, 1180.9097900390625]",3264.8935395918506, Eight,0.9999923706054688,8.315223567478824e-07,0.9999923706054688,6.144165581645211e-06,-14.000000022001842,"[{""token"": "" Eight"", ""token_id"": 38923, ""probability"": 0.9999923706054688}, {""token"": "" Four"", ""token_id"": 13038, ""probability"": 6.144165581645211e-06}, {""token"": "" Six"", ""token_id"": 19759, ""probability"": 8.315223567478824e-07}, {""token"": ""Eight"", ""token_id"": 80357, ""probability"": 6.475902978309023e-07}, {""token"": "" Many"", ""token_id"": 8732, ""probability"": 7.194078222028111e-09}, {""token"": "" Two"", ""token_id"": 8512, ""probability"": 3.39824191009086e-09}, {""token"": "" Legs"", ""token_id"": 156403, ""probability"": 7.582502403735703e-10}, {""token"": "" None"", ""token_id"": 5450, ""probability"": 5.905259059524326e-10}, {""token"": "" Typically"", ""token_id"": 50338, ""probability"": 3.5817207533206386e-10}, {""token"": "" Usually"", ""token_id"": 34645, ""probability"": 3.5817207533206386e-10}, {""token"": ""\n\n"", ""token_id"": 108, ""probability"": 3.5817207533206386e-10}, {""token"": "" Zero"", ""token_id"": 31234, ""probability"": 3.5817207533206386e-10}]"
L22-L27,"[22, 23, 24, 25, 26, 27]","[23422, 23422, 60476, 56900, 56900, 184534, 184534, 109731, 109731, 169121, 145491, 145491, 233390, 129426, 129426, 144881, 144881]","[16, 21, 16, 16, 21, 16, 21, 16, 21, 16, 16, 21, 21, 16, 21, 16, 21]","[1703, 197021, 248182]","[16, 16, 16]",0.6,1.5,False,joint,False,"[742.3583984375, 695.6083984375, 225.09743652343752, 227.366162109375, 287.66533203125, 186.08695068359376, 243.278515625, 248.324560546875, 244.18916015625, 215.16923828125002, 366.7595458984375, 280.983935546875, 241.203857421875, 281.66025390625003, 281.4061279296875, 377.39194335937503, 380.9343505859375]","[2734.6732864379883, 540.659122467041, 1417.0916748046875]","[1113.5377197265625, 1043.4127197265625, 337.6461486816406, 2734.673828125, 540.6591186523438, 52.02182388305664, 181.18524169921875, 151.055419921875, 250.78150939941406, 157.47418212890625, 208.4154815673828, 155.00753784179688, 369.2352600097656, 245.5861358642578, 239.70436096191406, 252.44192504882812, 217.92767333984375, 713.173583984375, 558.0980834960938, 1417.091796875]",3690.5967592508646, Eight,0.9999924898147583,8.315224704347202e-07,0.9999924898147583,6.144166491139913e-06,-14.000000004490719,"[{""token"": "" Eight"", ""token_id"": 38923, ""probability"": 0.9999924898147583}, {""token"": "" Four"", ""token_id"": 13038, ""probability"": 6.144166491139913e-06}, {""token"": "" Six"", ""token_id"": 19759, ""probability"": 8.315224704347202e-07}, {""token"": ""Eight"", ""token_id"": 80357, ""probability"": 5.043438591201266e-07}, {""token"": "" Many"", ""token_id"": 8732, ""probability"": 5.602754260536358e-09}, {""token"": "" Two"", ""token_id"": 8512, ""probability"": 2.6465538649489417e-09}, {""token"": "" Legs"", ""token_id"": 156403, ""probability"": 5.905259614635838e-10}, {""token"": "" None"", ""token_id"": 5450, ""probability"": 4.599021163897987e-10}, {""token"": "" Typically"", ""token_id"": 50338, ""probability"": 3.5817210308763947e-10}, {""token"": ""\n\n"", ""token_id"": 108, ""probability"": 2.7894472842682205e-10}, {""token"": "" Zero"", ""token_id"": 31234, ""probability"": 2.7894472842682205e-10}, {""token"": "" Usually"", ""token_id"": 34645, ""probability"": 2.7894472842682205e-10}]"
L22-L27,"[22, 23, 24, 25, 26, 27]","[23422, 23422, 60476, 56900, 56900, 184534, 184534, 109731, 109731, 169121, 145491, 145491, 233390, 129426, 129426, 144881, 144881]","[16, 21, 16, 16, 21, 16, 21, 16, 21, 16, 16, 21, 21, 16, 21, 16, 21]","[1703, 197021, 248182]","[16, 16, 16]",0.6,2.0,True,joint,False,"[742.3583984375, 695.6083984375, 225.09743652343752, 227.366162109375, 287.66533203125, 186.08695068359376, 243.278515625, 248.324560546875, 244.18916015625, 215.16923828125002, 366.7595458984375, 280.983935546875, 241.203857421875, 281.66025390625003, 281.4061279296875, 377.39194335937503, 380.9343505859375]","[3646.2310485839844, 720.8788299560547, 1889.45556640625]","[1113.5377197265625, 1043.4127197265625, 337.6461486816406, 3646.2314453125, 720.8788452148438, 35.60000991821289, 180.9332733154297, 143.9547119140625, 246.52503967285156, 116.42790985107422, 205.3715362548828, 132.08554077148438, 343.8567810058594, 237.81703186035156, 226.38954162597656, 240.05929565429688, 209.57000732421875, 695.670654296875, 542.7481079101562, 1889.455810546875]",4595.889876162345, Eight,0.999991774559021,1.3709478707824019e-06,0.999991774559021,6.144161943666404e-06,-13.49999995540212,"[{""token"": "" Eight"", ""token_id"": 38923, ""probability"": 0.999991774559021}, {""token"": "" Four"", ""token_id"": 13038, ""probability"": 6.144161943666404e-06}, {""token"": "" Six"", ""token_id"": 19759, ""probability"": 1.3709478707824019e-06}, {""token"": ""Eight"", ""token_id"": 80357, ""probability"": 6.475898999269702e-07}, {""token"": "" Many"", ""token_id"": 8732, ""probability"": 7.194074225225222e-09}, {""token"": "" Two"", ""token_id"": 8512, ""probability"": 3.3982399116894157e-09}, {""token"": "" Legs"", ""token_id"": 156403, ""probability"": 7.582497962843604e-10}, {""token"": "" None"", ""token_id"": 5450, ""probability"": 5.90525517374374e-10}, {""token"": "" Typically"", ""token_id"": 50338, ""probability"": 4.5990178332289133e-10}, {""token"": ""\n\n"", ""token_id"": 108, ""probability"": 3.5817185328745893e-10}, {""token"": "" Zero"", ""token_id"": 31234, ""probability"": 3.5817185328745893e-10}, {""token"": "" Usually"", ""token_id"": 34645, ""probability"": 3.5817185328745893e-10}]"
L22-L27,"[22, 23, 24, 25, 26, 27]","[23422, 23422, 60476, 56900, 56900, 184534, 184534, 109731, 109731, 169121, 145491, 145491, 233390, 129426, 129426, 144881, 144881]","[16, 21, 16, 16, 21, 16, 21, 16, 21, 16, 16, 21, 21, 16, 21, 16, 21]","[1703, 197021, 248182]","[16, 16, 16]",0.6,3.0,True,joint,False,"[742.3583984375, 695.6083984375, 225.09743652343752, 227.366162109375, 287.66533203125, 186.08695068359376, 243.278515625, 248.324560546875, 244.18916015625, 215.16923828125002, 366.7595458984375, 280.983935546875, 241.203857421875, 281.66025390625003, 281.4061279296875, 377.39194335937503, 380.9343505859375]","[5469.346572875977, 1081.318244934082, 2834.183349609375]","[1113.5377197265625, 1043.4127197265625, 337.6461486816406, 5469.34765625, 1081.3182373046875, 7.721315860748291, 180.65789794921875, 110.81676483154297, 233.3589630126953, 6.734564304351807, 201.2526397705078, 59.01095199584961, 203.25247192382812, 218.22364807128906, 213.7852325439453, 135.32601928710938, 182.94036865234375, 548.6057739257812, 522.7262573242188, 2834.18359375]",6516.316702206399, Eight,0.9999898672103882,1.760328473210393e-06,0.9999898672103882,7.88924444350414e-06,-13.25000000098104,"[{""token"": "" Eight"", ""token_id"": 38923, ""probability"": 0.9999898672103882}, {""token"": "" Four"", ""token_id"": 13038, ""probability"": 7.88924444350414e-06}, {""token"": "" Six"", ""token_id"": 19759, ""probability"": 1.760328473210393e-06}, {""token"": ""Eight"", ""token_id"": 80357, ""probability"": 5.043425517214928e-07}, {""token"": "" Many"", ""token_id"": 8732, ""probability"": 7.194060458459717e-09}, {""token"": "" Two"", ""token_id"": 8512, ""probability"": 4.363418071307024e-09}, {""token"": "" Legs"", ""token_id"": 156403, ""probability"": 7.582483529944284e-10}, {""token"": "" None"", ""token_id"": 5450, ""probability"": 7.582483529944284e-10}, {""token"": "" Typically"", ""token_id"": 50338, ""probability"": 5.905244071513494e-10}, {""token"": "" Zero"", ""token_id"": 31234, ""probability"": 4.5990089514447163e-10}, {""token"": "" Usually"", ""token_id"": 34645, ""probability"": 3.5817115939806854e-10}, {""token"": ""\n\n"", ""token_id"": 108, ""probability"": 3.5817115939806854e-10}]"
L22-L27,"[22, 23, 24, 25, 26, 27]","[23422, 23422, 60476, 56900, 56900, 184534, 184534, 109731, 109731, 169121, 145491, 145491, 233390, 129426, 129426, 144881, 144881]","[16, 21, 16, 16, 21, 16, 21, 16, 21, 16, 16, 21, 21, 16, 21, 16, 21]","[1703, 197021, 248182]","[16, 16, 16]",0.8,0.0,False,spider_only,False,"[371.17919921874994, 347.80419921874994, 112.54871826171872, 113.68308105468748, 143.83266601562497, 93.04347534179685, 121.63925781249998, 124.16228027343747, 122.09458007812498, 107.58461914062498, 183.3797729492187, 140.49196777343747, 120.60192871093747, 140.83012695312496, 140.70306396484372, 188.69597167968746, 190.4671752929687]","[0.0, 0.0, 0.0]","[1484.7169189453125, 1391.2169189453125, 450.19488525390625, 0.0, 0.0, 120.56140899658203, 239.60693359375, 171.20826721191406, 320.58892822265625, 267.4844055175781, 275.02593994140625, 232.3710174560547, 450.65325927734375, 330.4113464355469, 335.3982849121094, 282.9835510253906, 290.0353088378906, 841.0784912109375, 803.043212890625, 0.0]",2586.3115512308177, Eight,0.9999933242797852,1.3709499171454809e-06,0.9999933242797852,4.785085820913082e-06,-13.500000012472604,"[{""token"": "" Eight"", ""token_id"": 38923, ""probability"": 0.9999933242797852}, {""token"": "" Four"", ""token_id"": 13038, ""probability"": 4.785085820913082e-06}, {""token"": "" Six"", ""token_id"": 19759, ""probability"": 1.3709499171454809e-06}, {""token"": ""Eight"", ""token_id"": 80357, ""probability"": 5.043443138674775e-07}, {""token"": "" Many"", ""token_id"": 8732, ""probability"": 7.194085327455468e-09}, {""token"": "" Two"", ""token_id"": 8512, ""probability"": 2.646556085394991e-09}, {""token"": "" Legs"", ""token_id"": 156403, ""probability"": 5.905264610639449e-10}, {""token"": "" None"", ""token_id"": 5450, ""probability"": 4.599024772122817e-10}, {""token"": "" Typically"", ""token_id"": 50338, ""probability"": 3.5817240839897124e-10}, {""token"": ""\n\n"", ""token_id"": 108, ""probability"": 2.78944950471427e-10}, {""token"": "" Usually"", ""token_id"": 34645, ""probability"": 2.78944950471427e-10}, {""token"": "" Some"", ""token_id"": 4943, ""probability"": 2.172425295210445e-10}]"
L22-L27,"[22, 23, 24, 25, 26, 27]","[23422, 23422, 60476, 56900, 56900, 184534, 184534, 109731, 109731, 169121, 145491, 145491, 233390, 129426, 129426, 144881, 144881]","[16, 21, 16, 16, 21, 16, 21, 16, 21, 16, 16, 21, 21, 16, 21, 16, 21]","[1703, 197021, 248182]","[16, 16, 16]",0.8,0.25,False,joint,False,"[371.17919921874994, 347.80419921874994, 112.54871826171872, 113.68308105468748, 143.83266601562497, 93.04347534179685, 121.63925781249998, 124.16228027343747, 122.09458007812498, 107.58461914062498, 183.3797729492187, 140.49196777343747, 120.60192871093747, 140.83012695312496, 140.70306396484372, 188.69597167968746, 190.4671752929687]","[455.77888107299805, 90.10985374450684, 236.18194580078125]","[1484.7169189453125, 1391.2169189453125, 450.19488525390625, 455.7789306640625, 90.10985565185547, 114.30060577392578, 239.4032745361328, 176.7967071533203, 318.98394775390625, 266.4217224121094, 267.10394287109375, 231.8071746826172, 459.74066162109375, 337.3432312011719, 341.0373840332031, 293.9888610839844, 300.6145935058594, 863.6073608398438, 803.9840698242188, 236.18197631835938]",2650.3021534065174, Eight,0.9999933242797852,1.3709499171454809e-06,0.9999933242797852,4.785085820913082e-06,-13.500000012472604,"[{""token"": "" Eight"", ""token_id"": 38923, ""probability"": 0.9999933242797852}, {""token"": "" Four"", ""token_id"": 13038, ""probability"": 4.785085820913082e-06}, {""token"": "" Six"", ""token_id"": 19759, ""probability"": 1.3709499171454809e-06}, {""token"": ""Eight"", ""token_id"": 80357, ""probability"": 5.043443138674775e-07}, {""token"": "" Many"", ""token_id"": 8732, ""probability"": 7.194085327455468e-09}, {""token"": "" Two"", ""token_id"": 8512, ""probability"": 3.398245240759934e-09}, {""token"": "" Legs"", ""token_id"": 156403, ""probability"": 5.905264610639449e-10}, {""token"": "" None"", ""token_id"": 5450, ""probability"": 4.599024772122817e-10}, {""token"": "" Typically"", ""token_id"": 50338, ""probability"": 3.5817240839897124e-10}, {""token"": ""\n\n"", ""token_id"": 108, ""probability"": 2.78944950471427e-10}, {""token"": "" Some"", ""token_id"": 4943, ""probability"": 2.78944950471427e-10}, {""token"": "" Zero"", ""token_id"": 31234, ""probability"": 2.78944950471427e-10}]"
L22-L27,"[22, 23, 24, 25, 26, 27]","[23422, 23422, 60476, 56900, 56900, 184534, 184534, 109731, 109731, 169121, 145491, 145491, 233390, 129426, 129426, 144881, 144881]","[16, 21, 16, 16, 21, 16, 21, 16, 21, 16, 16, 21, 21, 16, 21, 16, 21]","[1703, 197021, 248182]","[16, 16, 16]",0.8,0.5,False,joint,False,"[371.17919921874994, 347.80419921874994, 112.54871826171872, 113.68308105468748, 143.83266601562497, 93.04347534179685, 121.63925781249998, 124.16228027343747, 122.09458007812498, 107.58461914062498, 183.3797729492187, 140.49196777343747, 120.60192871093747, 140.83012695312496, 140.70306396484372, 188.69597167968746, 190.4671752929687]","[911.5577621459961, 180.21970748901367, 472.3638916015625]","[1484.7169189453125, 1391.2169189453125, 450.19488525390625, 911.557861328125, 180.21971130371094, 107.40985870361328, 241.8919677734375, 187.0993194580078, 323.30340576171875, 262.7098388671875, 270.04864501953125, 231.68670654296875, 469.19232177734375, 326.6001892089844, 329.9084777832031, 303.4593505859375, 288.3865051269531, 886.0783081054688, 785.634521484375, 472.36395263671875]",2801.347821516432, Eight,0.9999922513961792,2.260311930513126e-06,0.9999922513961792,4.785080363944871e-06,-12.999999983219507,"[{""token"": "" Eight"", ""token_id"": 38923, ""probability"": 0.9999922513961792}, {""token"": "" Four"", ""token_id"": 13038, ""probability"": 4.785080363944871e-06}, {""token"": "" Six"", ""token_id"": 19759, ""probability"": 2.260311930513126e-06}, {""token"": ""Eight"", ""token_id"": 80357, ""probability"": 6.475902409874834e-07}, {""token"": "" Many"", ""token_id"": 8732, ""probability"": 7.194077333849691e-09}, {""token"": "" Two"", ""token_id"": 8512, ""probability"": 3.3982414660016502e-09}, {""token"": "" Legs"", ""token_id"": 156403, ""probability"": 5.905258504412814e-10}, {""token"": "" None"", ""token_id"": 5450, ""probability"": 4.5990200536749626e-10}, {""token"": "" Typically"", ""token_id"": 50338, ""probability"": 2.789446451600952e-10}, {""token"": "" Usually"", ""token_id"": 34645, ""probability"": 2.789446451600952e-10}, {""token"": ""\n\n"", ""token_id"": 108, ""probability"": 2.789446451600952e-10}, {""token"": "" Zero"", ""token_id"": 31234, ""probability"": 2.789446451600952e-10}]"
L22-L27,"[22, 23, 24, 25, 26, 27]","[23422, 23422, 60476, 56900, 56900, 184534, 184534, 109731, 109731, 169121, 145491, 145491, 233390, 129426, 129426, 144881, 144881]","[16, 21, 16, 16, 21, 16, 21, 16, 21, 16, 16, 21, 21, 16, 21, 16, 21]","[1703, 197021, 248182]","[16, 16, 16]",0.8,0.75,False,joint,False,"[371.17919921874994, 347.80419921874994, 112.54871826171872, 113.68308105468748, 143.83266601562497, 93.04347534179685, 121.63925781249998, 124.16228027343747, 122.09458007812498, 107.58461914062498, 183.3797729492187, 140.49196777343747, 120.60192871093747, 140.83012695312496, 140.70306396484372, 188.69597167968746, 190.4671752929687]","[1367.3366432189941, 270.3295612335205, 708.5458374023438]","[1484.7169189453125, 1391.2169189453125, 450.19488525390625, 1367.3369140625, 270.3295593261719, 99.99121856689453, 242.3602294921875, 187.12403869628906, 321.23638916015625, 253.18724060058594, 267.79071044921875, 225.09315490722656, 467.1180419921875, 327.6060485839844, 331.5780334472656, 303.8600769042969, 288.0162658691406, 888.9824829101562, 784.603271484375, 708.5458984375]",3032.7121264377083, Eight,0.9999924898147583,2.2603123852604767e-06,0.9999924898147583,4.785081728186924e-06,-13.00000002045205,"[{""token"": "" Eight"", ""token_id"": 38923, ""probability"": 0.9999924898147583}, {""token"": "" Four"", ""token_id"": 13038, ""probability"": 4.785081728186924e-06}, {""token"": "" Six"", ""token_id"": 19759, ""probability"": 2.2603123852604767e-06}, {""token"": ""Eight"", ""token_id"": 80357, ""probability"": 5.043438591201266e-07}, {""token"": "" Many"", ""token_id"": 8732, ""probability"": 7.1940791102065305e-09}, {""token"": "" Two"", ""token_id"": 8512, ""probability"": 4.36342961762648e-09}, {""token"": "" Legs"", ""token_id"": 156403, ""probability"": 7.582502958847215e-10}, {""token"": "" None"", ""token_id"": 5450, ""probability"": 5.905259614635838e-10}, {""token"": "" Typically"", ""token_id"": 50338, ""probability"": 4.599021163897987e-10}, {""token"": ""\n\n"", ""token_id"": 108, ""probability"": 3.5817210308763947e-10}, {""token"": "" Zero"", ""token_id"": 31234, ""probability"": 3.5817210308763947e-10}, {""token"": "" Usually"", ""token_id"": 34645, ""probability"": 3.5817210308763947e-10}]"
L22-L27,"[22, 23, 24, 25, 26, 27]","[23422, 23422, 60476, 56900, 56900, 184534, 184534, 109731, 109731, 169121, 145491, 145491, 233390, 129426, 129426, 144881, 144881]","[16, 21, 16, 16, 21, 16, 21, 16, 21, 16, 16, 21, 21, 16, 21, 16, 21]","[1703, 197021, 248182]","[16, 16, 16]",0.8,1.0,False,joint,False,"[371.17919921874994, 347.80419921874994, 112.54871826171872, 113.68308105468748, 143.83266601562497, 93.04347534179685, 121.63925781249998, 124.16228027343747, 122.09458007812498, 107.58461914062498, 183.3797729492187, 140.49196777343747, 120.60192871093747, 140.83012695312496, 140.70306396484372, 188.69597167968746, 190.4671752929687]","[1823.1155242919922, 360.43941497802734, 944.727783203125]","[1484.7169189453125, 1391.2169189453125, 450.19488525390625, 1823.11572265625, 360.4394226074219, 92.92005157470703, 240.05079650878906, 194.79627990722656, 320.4326171875, 247.61131286621094, 265.00567626953125, 221.7908477783203, 470.6478271484375, 320.9839172363281, 321.27703857421875, 308.825439453125, 283.8894348144531, 906.8412475585938, 772.9761352539062, 944.7279052734375]",3331.653169203193, Eight,0.9999918937683105,2.902297183027258e-06,0.9999918937683105,4.785078999702819e-06,-12.749999896199968,"[{""token"": "" Eight"", ""token_id"": 38923, ""probability"": 0.9999918937683105}, {""token"": "" Four"", ""token_id"": 13038, ""probability"": 4.785078999702819e-06}, {""token"": "" Six"", ""token_id"": 19759, ""probability"": 2.902297183027258e-06}, {""token"": ""Eight"", ""token_id"": 80357, ""probability"": 5.043435749030323e-07}, {""token"": "" Many"", ""token_id"": 8732, ""probability"": 7.194075113403642e-09}, {""token"": "" Two"", ""token_id"": 8512, ""probability"": 3.3982403557786256e-09}, {""token"": "" Legs"", ""token_id"": 156403, ""probability"": 7.582498517955116e-10}, {""token"": "" None"", ""token_id"": 5450, ""probability"": 5.905256283966764e-10}, {""token"": "" Typically"", ""token_id"": 50338, ""probability"": 3.5817188104303455e-10}, {""token"": ""\n\n"", ""token_id"": 108, ""probability"": 2.7894456189336836e-10}, {""token"": "" Usually"", ""token_id"": 34645, ""probability"": 2.7894456189336836e-10}, {""token"": "" Some"", ""token_id"": 4943, ""probability"": 2.1724222420971273e-10}]"
L22-L27,"[22, 23, 24, 25, 26, 27]","[23422, 23422, 60476, 56900, 56900, 184534, 184534, 109731, 109731, 169121, 145491, 145491, 233390, 129426, 129426, 144881, 144881]","[16, 21, 16, 16, 21, 16, 21, 16, 21, 16, 16, 21, 21, 16, 21, 16, 21]","[1703, 197021, 248182]","[16, 16, 16]",0.8,1.25,False,joint,False,"[371.17919921874994, 347.80419921874994, 112.54871826171872, 113.68308105468748, 143.83266601562497, 93.04347534179685, 121.63925781249998, 124.16228027343747, 122.09458007812498, 107.58461914062498, 183.3797729492187, 140.49196777343747, 120.60192871093747, 140.83012695312496, 140.70306396484372, 188.69597167968746, 190.4671752929687]","[2278.8944053649902, 450.5492687225342, 1180.9097290039062]","[1484.7169189453125, 1391.2169189453125, 450.19488525390625, 2278.894775390625, 450.54925537109375, 86.05786895751953, 242.19732666015625, 192.87269592285156, 320.337890625, 231.90074157714844, 264.30828857421875, 213.13671875, 466.95904541015625, 320.5360412597656, 323.0593566894531, 310.8836669921875, 283.6379089355469, 906.5043334960938, 767.0569458007812, 1180.9097900390625]",3677.0614767913403, Eight,0.9999896287918091,3.7266145227476954e-06,0.9999896287918091,6.144148755993228e-06,-12.499999999848407,"[{""token"": "" Eight"", ""token_id"": 38923, ""probability"": 0.9999896287918091}, {""token"": "" Four"", ""token_id"": 13038, ""probability"": 6.144148755993228e-06}, {""token"": "" Six"", ""token_id"": 19759, ""probability"": 3.7266145227476954e-06}, {""token"": ""Eight"", ""token_id"": 80357, ""probability"": 5.043424380346551e-07}, {""token"": "" Many"", ""token_id"": 8732, ""probability"": 1.1860996629309284e-08}, {""token"": "" Two"", ""token_id"": 8512, ""probability"": 5.602738273324803e-09}, {""token"": "" None"", ""token_id"": 5450, ""probability"": 9.736099704227286e-10}, {""token"": "" Legs"", ""token_id"": 156403, ""probability"": 7.582481309498235e-10}, {""token"": "" Typically"", ""token_id"": 50338, ""probability"": 5.905242961290469e-10}, {""token"": ""\n\n"", ""token_id"": 108, ""probability"": 4.5990078412216917e-10}, {""token"": "" Some"", ""token_id"": 4943, ""probability"": 4.5990078412216917e-10}, {""token"": "" Zero"", ""token_id"": 31234, ""probability"": 4.5990078412216917e-10}]"
L22-L27,"[22, 23, 24, 25, 26, 27]","[23422, 23422, 60476, 56900, 56900, 184534, 184534, 109731, 109731, 169121, 145491, 145491, 233390, 129426, 129426, 144881, 144881]","[16, 21, 16, 16, 21, 16, 21, 16, 21, 16, 16, 21, 21, 16, 21, 16, 21]","[1703, 197021, 248182]","[16, 16, 16]",0.8,1.5,False,joint,False,"[371.17919921874994, 347.80419921874994, 112.54871826171872, 113.68308105468748, 143.83266601562497, 93.04347534179685, 121.63925781249998, 124.16228027343747, 122.09458007812498, 107.58461914062498, 183.3797729492187, 140.49196777343747, 120.60192871093747, 140.83012695312496, 140.70306396484372, 188.69597167968746, 190.4671752929687]","[2734.6732864379883, 540.659122467041, 1417.0916748046875]","[1484.7169189453125, 1391.2169189453125, 450.19488525390625, 2734.673828125, 540.6591186523438, 81.19684600830078, 242.35707092285156, 193.59645080566406, 318.882080078125, 218.8137664794922, 264.036376953125, 205.43443298339844, 458.2876892089844, 314.1700744628906, 309.6531982421875, 300.6207275390625, 276.16973876953125, 895.2764282226562, 751.413818359375, 1417.091796875]",4052.5474202523683, Eight,0.999987006187439,6.1441323850885965e-06,0.999987006187439,6.1441323850885965e-06,-12.000000021401876,"[{""token"": "" Eight"", ""token_id"": 38923, ""probability"": 0.999987006187439}, {""token"": "" Six"", ""token_id"": 19759, ""probability"": 6.1441323850885965e-06}, {""token"": "" Four"", ""token_id"": 13038, ""probability"": 6.1441323850885965e-06}, {""token"": ""Eight"", ""token_id"": 80357, ""probability"": 6.475868303823518e-07}, {""token"": "" Many"", ""token_id"": 8732, ""probability"": 1.1860965543064594e-08}, {""token"": "" Two"", ""token_id"": 8512, ""probability"": 7.194040030356064e-09}, {""token"": "" None"", ""token_id"": 5450, ""probability"": 9.73607416909772e-10}, {""token"": "" Legs"", ""token_id"": 156403, ""probability"": 9.73607416909772e-10}, {""token"": "" Typically"", ""token_id"": 50338, ""probability"": 7.582461880595304e-10}, {""token"": ""\n\n"", ""token_id"": 108, ""probability"": 5.905227418168124e-10}, {""token"": "" Zero"", ""token_id"": 31234, ""probability"": 5.905227418168124e-10}, {""token"": "" Usually"", ""token_id"": 34645, ""probability"": 5.905227418168124e-10}]"
L22-L27,"[22, 23, 24, 25, 26, 27]","[23422, 23422, 60476, 56900, 56900, 184534, 184534, 109731, 109731, 169121, 145491, 145491, 233390, 129426, 129426, 144881, 144881]","[16, 21, 16, 16, 21, 16, 21, 16, 21, 16, 16, 21, 21, 16, 21, 16, 21]","[1703, 197021, 248182]","[16, 16, 16]",0.8,2.0,True,joint,False,"[371.17919921874994, 347.80419921874994, 112.54871826171872, 113.68308105468748, 143.83266601562497, 93.04347534179685, 121.63925781249998, 124.16228027343747, 122.09458007812498, 107.58461914062498, 183.3797729492187, 140.49196777343747, 120.60192871093747, 140.83012695312496, 140.70306396484372, 188.69597167968746, 190.4671752929687]","[3646.2310485839844, 720.8788299560547, 1889.45556640625]","[1484.7169189453125, 1391.2169189453125, 450.19488525390625, 3646.2314453125, 720.8788452148438, 66.04505157470703, 242.13111877441406, 184.10304260253906, 315.28729248046875, 176.9905242919922, 260.6329345703125, 182.6811065673828, 435.9169921875, 300.7664489746094, 291.3924255371094, 292.8133850097656, 261.3302001953125, 882.6524047851562, 718.6288452148438, 1889.455810546875]",4885.806387784342, Eight,0.999983549118042,7.889194421295542e-06,0.999983549118042,7.889194421295542e-06,-11.75000007853187,"[{""token"": "" Eight"", ""token_id"": 38923, ""probability"": 0.999983549118042}, {""token"": "" Six"", ""token_id"": 19759, ""probability"": 7.889194421295542e-06}, {""token"": "" Four"", ""token_id"": 13038, ""probability"": 7.889194421295542e-06}, {""token"": ""Eight"", ""token_id"": 80357, ""probability"": 6.475846134890162e-07}, {""token"": "" Many"", ""token_id"": 8732, ""probability"": 1.1860924686857288e-08}, {""token"": "" Two"", ""token_id"": 8512, ""probability"": 7.194015161360312e-09}, {""token"": "" Legs"", ""token_id"": 156403, ""probability"": 9.73604086240698e-10}, {""token"": "" None"", ""token_id"": 5450, ""probability"": 9.73604086240698e-10}, {""token"": "" Typically"", ""token_id"": 50338, ""probability"": 7.582435235242713e-10}, {""token"": "" Zero"", ""token_id"": 31234, ""probability"": 5.905206879042169e-10}, {""token"": "" Some"", ""token_id"": 4943, ""probability"": 4.59897980809032e-10}, {""token"": ""\n\n"", ""token_id"": 108, ""probability"": 4.59897980809032e-10}]"
L22-L27,"[22, 23, 24, 25, 26, 27]","[23422, 23422, 60476, 56900, 56900, 184534, 184534, 109731, 109731, 169121, 145491, 145491, 233390, 129426, 129426, 144881, 144881]","[16, 21, 16, 16, 21, 16, 21, 16, 21, 16, 16, 21, 21, 16, 21, 16, 21]","[1703, 197021, 248182]","[16, 16, 16]",0.8,3.0,True,joint,False,"[371.17919921874994, 347.80419921874994, 112.54871826171872, 113.68308105468748, 143.83266601562497, 93.04347534179685, 121.63925781249998, 124.16228027343747, 122.09458007812498, 107.58461914062498, 183.3797729492187, 140.49196777343747, 120.60192871093747, 140.83012695312496, 140.70306396484372, 188.69597167968746, 190.4671752929687]","[5469.346572875977, 1081.318244934082, 2834.183349609375]","[1484.7169189453125, 1391.2169189453125, 450.19488525390625, 5469.34765625, 1081.3182373046875, 38.76819610595703, 241.8386993408203, 153.4400177001953, 303.33599853515625, 57.50370407104492, 256.7135009765625, 111.88385009765625, 306.52777099609375, 279.7785949707031, 271.2910461425781, 202.00221252441406, 232.77874755859375, 742.1947021484375, 686.3878173828125, 2834.18359375]",6714.032472910331, Eight,0.999976396560669,1.3006990229769144e-05,0.999976396560669,1.0129853762919083e-05,-11.25000003131681,"[{""token"": "" Eight"", ""token_id"": 38923, ""probability"": 0.999976396560669}, {""token"": "" Six"", ""token_id"": 19759, ""probability"": 1.3006990229769144e-05}, {""token"": "" Four"", ""token_id"": 13038, ""probability"": 1.0129853762919083e-05}, {""token"": ""Eight"", ""token_id"": 80357, ""probability"": 5.043357873546483e-07}, {""token"": "" Many"", ""token_id"": 8732, ""probability"": 9.237232312386823e-09}, {""token"": "" Two"", ""token_id"": 8512, ""probability"": 9.237232312386823e-09}, {""token"": "" None"", ""token_id"": 5450, ""probability"": 9.73597091835643e-10}, {""token"": "" Legs"", ""token_id"": 156403, ""probability"": 9.73597091835643e-10}, {""token"": "" Typically"", ""token_id"": 50338, ""probability"": 7.582381389426018e-10}, {""token"": ""\n\n"", ""token_id"": 108, ""probability"": 4.5989470565110935e-10}, {""token"": "" Zero"", ""token_id"": 31234, ""probability"": 4.5989470565110935e-10}, {""token"": "" Usually"", ""token_id"": 34645, ""probability"": 4.5989470565110935e-10}]"
L22-L27,"[22, 23, 24, 25, 26, 27]","[23422, 23422, 60476, 56900, 56900, 184534, 184534, 109731, 109731, 169121, 145491, 145491, 233390, 129426, 129426, 144881, 144881]","[16, 21, 16, 16, 21, 16, 21, 16, 21, 16, 16, 21, 21, 16, 21, 16, 21]","[1703, 197021, 248182]","[16, 16, 16]",1.0,0.0,False,spider_only,False,"[0.0, 0.0, 0.0, 0.0, 0.0, 0.0, 0.0, 0.0, 0.0, 0.0, 0.0, 0.0, 0.0, 0.0, 0.0, 0.0, 0.0]","[0.0, 0.0, 0.0]","[1855.8961181640625, 1739.021240234375, 562.7435302734375, 0.0, 0.0, 150.6357879638672, 303.9625244140625, 198.16281127929688, 384.2519836425781, 317.9283752441406, 322.638427734375, 279.62396240234375, 536.6539306640625, 381.92962646484375, 398.8506774902344, 336.4251403808594, 332.4264831542969, 1027.0635986328125, 970.18505859375, 0.0]",3191.136010289314, Eight,0.9999725818634033,1.6701242202543654e-05,0.9999725818634033,1.0129815564141609e-05,-11.000000039409542,"[{""token"": "" Eight"", ""token_id"": 38923, ""probability"": 0.9999725818634033}, {""token"": "" Six"", ""token_id"": 19759, ""probability"": 1.6701242202543654e-05}, {""token"": "" Four"", ""token_id"": 13038, ""probability"": 1.0129815564141609e-05}, {""token"": ""Eight"", ""token_id"": 80357, ""probability"": 6.475775080616586e-07}, {""token"": "" Many"", ""token_id"": 8732, ""probability"": 1.5229563388174938e-08}, {""token"": "" Two"", ""token_id"": 8512, ""probability"": 9.237196785250035e-09}, {""token"": "" Legs"", ""token_id"": 156403, ""probability"": 1.6051839857311734e-09}, {""token"": "" None"", ""token_id"": 5450, ""probability"": 1.2501185642221913e-09}, {""token"": "" Typically"", ""token_id"": 50338, ""probability"": 7.582351968515866e-10}, {""token"": ""\n\n"", ""token_id"": 108, ""probability"": 5.905141930995228e-10}, {""token"": "" Several"", ""token_id"": 22624, ""probability"": 5.905141930995228e-10}, {""token"": "" Zero"", ""token_id"": 31234, ""probability"": 5.905141930995228e-10}]"
L22-L27,"[22, 23, 24, 25, 26, 27]","[23422, 23422, 60476, 56900, 56900, 184534, 184534, 109731, 109731, 169121, 145491, 145491, 233390, 129426, 129426, 144881, 144881]","[16, 21, 16, 16, 21, 16, 21, 16, 21, 16, 16, 21, 21, 16, 21, 16, 21]","[1703, 197021, 248182]","[16, 16, 16]",1.0,0.25,False,joint,False,"[0.0, 0.0, 0.0, 0.0, 0.0, 0.0, 0.0, 0.0, 0.0, 0.0, 0.0, 0.0, 0.0, 0.0, 0.0, 0.0, 0.0]","[455.77888107299805, 90.10985374450684, 236.18194580078125]","[1855.8961181640625, 1739.021240234375, 562.7435302734375, 455.7789306640625, 90.10985565185547, 143.7262725830078, 304.0544128417969, 208.96652221679688, 385.8682556152344, 317.9823303222656, 321.8146057128906, 280.375732421875, 547.091552734375, 378.8704833984375, 395.3824157714844, 348.3842468261719, 332.9769592285156, 1058.6514892578125, 966.1104736328125, 236.18197631835938]",3245.2048053018284, Eight,0.9999803304672241,1.3007042070967145e-05,0.9999803304672241,6.144091457827017e-06,-11.249999979675083,"[{""token"": "" Eight"", ""token_id"": 38923, ""probability"": 0.9999803304672241}, {""token"": "" Six"", ""token_id"": 19759, ""probability"": 1.3007042070967145e-05}, {""token"": "" Four"", ""token_id"": 13038, ""probability"": 6.144091457827017e-06}, {""token"": ""Eight"", ""token_id"": 80357, ""probability"": 5.043377200308896e-07}, {""token"": "" Many"", ""token_id"": 8732, ""probability"": 9.23726783952361e-09}, {""token"": "" Two"", ""token_id"": 8512, ""probability"": 5.602686314887251e-09}, {""token"": "" Legs"", ""token_id"": 156403, ""probability"": 7.582410810336171e-10}, {""token"": "" None"", ""token_id"": 5450, ""probability"": 7.582410810336171e-10}, {""token"": "" Typically"", ""token_id"": 50338, ""probability"": 5.90518800525075e-10}, {""token"": ""\n\n"", ""token_id"": 108, ""probability"": 4.5989650976352436e-10}, {""token"": "" Several"", ""token_id"": 22624, ""probability"": 3.581677454622678e-10}, {""token"": "" Some"", ""token_id"": 4943, ""probability"": 3.581677454622678e-10}]"
L22-L27,"[22, 23, 24, 25, 26, 27]","[23422, 23422, 60476, 56900, 56900, 184534, 184534, 109731, 109731, 169121, 145491, 145491, 233390, 129426, 129426, 144881, 144881]","[16, 21, 16, 16, 21, 16, 21, 16, 21, 16, 16, 21, 21, 16, 21, 16, 21]","[1703, 197021, 248182]","[16, 16, 16]",1.0,0.5,False,joint,False,"[0.0, 0.0, 0.0, 0.0, 0.0, 0.0, 0.0, 0.0, 0.0, 0.0, 0.0, 0.0, 0.0, 0.0, 0.0, 0.0, 0.0]","[911.5577621459961, 180.21970748901367, 472.3638916015625]","[1855.8961181640625, 1739.021240234375, 562.7435302734375, 911.557861328125, 180.21971130371094, 137.23934936523438, 304.14776611328125, 213.41354370117188, 388.1483459472656, 311.5345153808594, 322.8609924316406, 276.1647033691406, 553.1669311523438, 378.9427185058594, 396.28466796875, 353.8564758300781, 329.7710876464844, 1069.1905517578125, 968.9911499023438, 472.36395263671875]",3373.3638218748947, Eight,0.9999786615371704,1.3007020243094303e-05,0.9999786615371704,7.889156222518068e-06,-11.249999988870304,"[{""token"": "" Eight"", ""token_id"": 38923, ""probability"": 0.9999786615371704}, {""token"": "" Six"", ""token_id"": 19759, ""probability"": 1.3007020243094303e-05}, {""token"": "" Four"", ""token_id"": 13038, ""probability"": 7.889156222518068e-06}, {""token"": ""Eight"", ""token_id"": 80357, ""probability"": 5.043369242230256e-07}, {""token"": "" Many"", ""token_id"": 8732, ""probability"": 1.5229655758730587e-08}, {""token"": "" Two"", ""token_id"": 8512, ""probability"": 7.193979634223524e-09}, {""token"": "" Legs"", ""token_id"": 156403, ""probability"": 1.2501262247610612e-09}, {""token"": "" None"", ""token_id"": 5450, ""probability"": 9.735993122816922e-10}, {""token"": "" Zero"", ""token_id"": 31234, ""probability"": 5.905178013243528e-10}, {""token"": "" Typically"", ""token_id"": 50338, ""probability"": 5.905178013243528e-10}, {""token"": "" Some"", ""token_id"": 4943, ""probability"": 4.5989573260740713e-10}, {""token"": ""\n\n"", ""token_id"": 108, ""probability"": 4.5989573260740713e-10}]"
L22-L27,"[22, 23, 24, 25, 26, 27]","[23422, 23422, 60476, 56900, 56900, 184534, 184534, 109731, 109731, 169121, 145491, 145491, 233390, 129426, 129426, 144881, 144881]","[16, 21, 16, 16, 21, 16, 21, 16, 21, 16, 16, 21, 21, 16, 21, 16, 21]","[1703, 197021, 248182]","[16, 16, 16]",1.0,0.75,False,joint,False,"[0.0, 0.0, 0.0, 0.0, 0.0, 0.0, 0.0, 0.0, 0.0, 0.0, 0.0, 0.0, 0.0, 0.0, 0.0, 0.0, 0.0]","[1367.3366432189941, 270.3295612335205, 708.5458374023438]","[1855.8961181640625, 1739.021240234375, 562.7435302734375, 1367.3369140625, 270.3295593261719, 129.4043731689453, 304.3182373046875, 219.98397827148438, 386.0810241699219, 306.4872131347656, 318.4740295410156, 273.75823974609375, 551.1698608398438, 377.00518798828125, 389.5475158691406, 351.9191589355469, 328.7791442871094, 1072.3828125, 960.6493530273438, 708.5458984375]",3565.0420371463574, Eight,0.9999749660491943,1.670128222031053e-05,0.9999749660491943,7.889127118687611e-06,-11.000000027565498,"[{""token"": "" Eight"", ""token_id"": 38923, ""probability"": 0.9999749660491943}, {""token"": "" Six"", ""token_id"": 19759, ""probability"": 1.670128222031053e-05}, {""token"": "" Four"", ""token_id"": 13038, ""probability"": 7.889127118687611e-06}, {""token"": ""Eight"", ""token_id"": 80357, ""probability"": 5.043350483902032e-07}, {""token"": "" Many"", ""token_id"": 8732, ""probability"": 1.1860823434517442e-08}, {""token"": "" Two"", ""token_id"": 8512, ""probability"": 9.237218989710527e-09}, {""token"": "" None"", ""token_id"": 5450, ""probability"": 9.73595648545711e-10}, {""token"": "" Legs"", ""token_id"": 156403, ""probability"": 9.73595648545711e-10}, {""token"": "" Typically"", ""token_id"": 50338, ""probability"": 5.905156363894548e-10}, {""token"": ""\n\n"", ""token_id"": 108, ""probability"": 4.5989403951729457e-10}, {""token"": "" Several"", ""token_id"": 22624, ""probability"": 4.5989403951729457e-10}, {""token"": "" Zero"", ""token_id"": 31234, ""probability"": 4.5989403951729457e-10}]"
L22-L27,"[22, 23, 24, 25, 26, 27]","[23422, 23422, 60476, 56900, 56900, 184534, 184534, 109731, 109731, 169121, 145491, 145491, 233390, 129426, 129426, 144881, 144881]","[16, 21, 16, 16, 21, 16, 21, 16, 21, 16, 16, 21, 21, 16, 21, 16, 21]","[1703, 197021, 248182]","[16, 16, 16]",1.0,1.0,False,joint,False,"[0.0, 0.0, 0.0, 0.0, 0.0, 0.0, 0.0, 0.0, 0.0, 0.0, 0.0, 0.0, 0.0, 0.0, 0.0, 0.0, 0.0]","[1823.1155242919922, 360.43941497802734, 944.727783203125]","[1855.8961181640625, 1739.021240234375, 562.7435302734375, 1823.11572265625, 360.4394226074219, 0.0, 304.0857849121094, 216.92477416992188, 389.1325378417969, 290.8084411621094, 319.9618225097656, 268.2127685546875, 553.9343872070312, 379.62017822265625, 391.8775939941406, 361.3293151855469, 330.8727111816406, 1077.9813232421875, 954.8870239257812, 944.7279052734375]",3820.948464460711, Eight,0.9999586343765259,2.7535312256077304e-05,0.9999586343765259,1.3006759218114894e-05,-10.49999992850178,"[{""token"": "" Eight"", ""token_id"": 38923, ""probability"": 0.9999586343765259}, {""token"": "" Six"", ""token_id"": 19759, ""probability"": 2.7535312256077304e-05}, {""token"": "" Four"", ""token_id"": 13038, ""probability"": 1.3006759218114894e-05}, {""token"": ""Eight"", ""token_id"": 80357, ""probability"": 8.314943329423841e-07}, {""token"": "" Many"", ""token_id"": 8732, ""probability"": 1.9554873276206308e-08}, {""token"": "" Two"", ""token_id"": 8512, ""probability"": 1.522935022535421e-08}, {""token"": "" Legs"", ""token_id"": 156403, ""probability"": 2.0610682049948537e-09}, {""token"": "" None"", ""token_id"": 5450, ""probability"": 1.605161559226076e-09}, {""token"": "" Typically"", ""token_id"": 50338, ""probability"": 1.2501011337207046e-09}, {""token"": ""\n\n"", ""token_id"": 108, ""probability"": 7.582246497328526e-10}, {""token"": "" Some"", ""token_id"": 4943, ""probability"": 7.582246497328526e-10}, {""token"": "" Several"", ""token_id"": 22624, ""probability"": 7.582246497328526e-10}]"
L22-L27,"[22, 23, 24, 25, 26, 27]","[23422, 23422, 60476, 56900, 56900, 184534, 184534, 109731, 109731, 169121, 145491, 145491, 233390, 129426, 129426, 144881, 144881]","[16, 21, 16, 16, 21, 16, 21, 16, 21, 16, 16, 21, 21, 16, 21, 16, 21]","[1703, 197021, 248182]","[16, 16, 16]",1.0,1.25,False,joint,False,"[0.0, 0.0, 0.0, 0.0, 0.0, 0.0, 0.0, 0.0, 0.0, 0.0, 0.0, 0.0, 0.0, 0.0, 0.0, 0.0, 0.0]","[2278.8944053649902, 450.5492687225342, 1180.9097290039062]","[1855.8961181640625, 1739.021240234375, 562.7435302734375, 2278.894775390625, 450.54925537109375, 0.0, 304.16412353515625, 219.11477661132812, 386.2408752441406, 281.5140686035156, 317.2342834472656, 262.0511474609375, 550.260009765625, 368.523681640625, 375.62371826171875, 361.51470947265625, 318.9039001464844, 1075.0340576171875, 931.6952514648438, 1180.9097900390625]",4117.066067603558, Eight,0.9999641180038452,2.75354632321978e-05,0.9999641180038452,7.889041626185644e-06,-10.499999929355813,"[{""token"": "" Eight"", ""token_id"": 38923, ""probability"": 0.9999641180038452}, {""token"": "" Six"", ""token_id"": 19759, ""probability"": 2.75354632321978e-05}, {""token"": "" Four"", ""token_id"": 13038, ""probability"": 7.889041626185644e-06}, {""token"": ""Eight"", ""token_id"": 80357, ""probability"": 5.043295914219925e-07}, {""token"": "" Many"", ""token_id"": 8732, ""probability"": 1.5229433714125662e-08}, {""token"": "" Two"", ""token_id"": 8512, ""probability"": 1.1860694648646586e-08}, {""token"": "" None"", ""token_id"": 5450, ""probability"": 1.2501080171034573e-09}, {""token"": "" Legs"", ""token_id"": 156403, ""probability"": 1.2501080171034573e-09}, {""token"": "" Typically"", ""token_id"": 50338, ""probability"": 7.58228813069195e-10}, {""token"": ""\n\n"", ""token_id"": 108, ""probability"": 5.90509197095912e-10}, {""token"": "" Some"", ""token_id"": 4943, ""probability"": 5.90509197095912e-10}, {""token"": "" Several"", ""token_id"": 22624, ""probability"": 5.90509197095912e-10}]"
L22-L27,"[22, 23, 24, 25, 26, 27]","[23422, 23422, 60476, 56900, 56900, 184534, 184534, 109731, 109731, 169121, 145491, 145491, 233390, 129426, 129426, 144881, 144881]","[16, 21, 16, 16, 21, 16, 21, 16, 21, 16, 16, 21, 21, 16, 21, 16, 21]","[1703, 197021, 248182]","[16, 16, 16]",1.0,1.5,False,joint,False,"[0.0, 0.0, 0.0, 0.0, 0.0, 0.0, 0.0, 0.0, 0.0, 0.0, 0.0, 0.0, 0.0, 0.0, 0.0, 0.0, 0.0]","[2734.6732864379883, 540.659122467041, 1417.0916748046875]","[1855.8961181640625, 1739.021240234375, 562.7435302734375, 2734.673828125, 540.6591186523438, 0.0, 304.23248291015625, 222.60403442382812, 387.7807312011719, 270.0008850097656, 321.7891540527344, 254.5160675048828, 549.9302368164062, 366.8673095703125, 374.4175109863281, 359.8135070800781, 318.3175354003906, 1077.44970703125, 924.889404296875, 1417.091796875]",4463.423845283414, Eight,0.9999282360076904,5.829047950101085e-05,0.9999282360076904,1.3006364497414324e-05,-9.750000013245016,"[{""token"": "" Eight"", ""token_id"": 38923, ""probability"": 0.9999282360076904}, {""token"": "" Six"", ""token_id"": 19759, ""probability"": 5.829047950101085e-05}, {""token"": "" Four"", ""token_id"": 13038, ""probability"": 1.3006364497414324e-05}, {""token"": ""Eight"", ""token_id"": 80357, ""probability"": 5.043114583713759e-07}, {""token"": "" Many"", ""token_id"": 8732, ""probability"": 1.955427819666511e-08}, {""token"": "" Two"", ""token_id"": 8512, ""probability"": 1.5228888372575966e-08}, {""token"": "" Legs"", ""token_id"": 156403, ""probability"": 1.6051127094129924e-09}, {""token"": "" None"", ""token_id"": 5450, ""probability"": 1.6051127094129924e-09}, {""token"": "" Typically"", ""token_id"": 50338, ""probability"": 1.2500631640932625e-09}, {""token"": "" Several"", ""token_id"": 22624, ""probability"": 9.735502404240037e-10}, {""token"": "" Some"", ""token_id"": 4943, ""probability"": 7.582016126050917e-10}, {""token"": ""\n\n"", ""token_id"": 108, ""probability"": 7.582016126050917e-10}]"
L22-L27,"[22, 23, 24, 25, 26, 27]","[23422, 23422, 60476, 56900, 56900, 184534, 184534, 109731, 109731, 169121, 145491, 145491, 233390, 129426, 129426, 144881, 144881]","[16, 21, 16, 16, 21, 16, 21, 16, 21, 16, 16, 21, 21, 16, 21, 16, 21]","[1703, 197021, 248182]","[16, 16, 16]",1.0,2.0,True,joint,False,"[0.0, 0.0, 0.0, 0.0, 0.0, 0.0, 0.0, 0.0, 0.0, 0.0, 0.0, 0.0, 0.0, 0.0, 0.0, 0.0, 0.0]","[3646.2310485839844, 720.8788299560547, 1889.45556640625]","[1855.8961181640625, 1739.021240234375, 562.7435302734375, 3646.2314453125, 720.8788452148438, 0.0, 303.9489440917969, 217.4320526123047, 384.8089294433594, 231.83175659179688, 318.2832946777344, 231.12290954589844, 527.1299438476562, 362.4717102050781, 366.3229064941406, 347.7835693359375, 309.1003723144531, 1060.8492431640625, 906.3336181640625, 1889.455810546875]",5231.914453889062, Eight,0.9999279975891113,5.829046494909562e-05,0.9999279975891113,1.3006360859435517e-05,-9.75000002445413,"[{""token"": "" Eight"", ""token_id"": 38923, ""probability"": 0.9999279975891113}, {""token"": "" Six"", ""token_id"": 19759, ""probability"": 5.829046494909562e-05}, {""token"": "" Four"", ""token_id"": 13038, ""probability"": 1.3006360859435517e-05}, {""token"": ""Eight"", ""token_id"": 80357, ""probability"": 6.475486316048773e-07}, {""token"": "" Many"", ""token_id"": 8732, ""probability"": 1.955427286759459e-08}, {""token"": "" Two"", ""token_id"": 8512, ""probability"": 1.5228884819862287e-08}, {""token"": "" Legs"", ""token_id"": 156403, ""probability"": 1.605112376346085e-09}, {""token"": "" None"", ""token_id"": 5450, ""probability"": 1.605112376346085e-09}, {""token"": "" Typically"", ""token_id"": 50338, ""probability"": 1.250062831026355e-09}, {""token"": "" Zero"", ""token_id"": 31234, ""probability"": 9.735500183793988e-10}, {""token"": "" Usually"", ""token_id"": 34645, ""probability"": 7.58201446071638e-10}, {""token"": "" Several"", ""token_id"": 22624, ""probability"": 7.58201446071638e-10}]"
L22-L27,"[22, 23, 24, 25, 26, 27]","[23422, 23422, 60476, 56900, 56900, 184534, 184534, 109731, 109731, 169121, 145491, 145491, 233390, 129426, 129426, 144881, 144881]","[16, 21, 16, 16, 21, 16, 21, 16, 21, 16, 16, 21, 21, 16, 21, 16, 21]","[1703, 197021, 248182]","[16, 16, 16]",1.0,3.0,True,joint,False,"[0.0, 0.0, 0.0, 0.0, 0.0, 0.0, 0.0, 0.0, 0.0, 0.0, 0.0, 0.0, 0.0, 0.0, 0.0, 0.0, 0.0]","[5469.346572875977, 1081.318244934082, 2834.183349609375]","[1855.8961181640625, 1739.021240234375, 562.7435302734375, 5469.34765625, 1081.3182373046875, 0.0, 304.0630187988281, 187.08529663085938, 375.6983337402344, 0.0, 314.3345642089844, 159.01527404785156, 405.97747802734375, 341.83038330078125, 341.5981750488281, 264.9556884765625, 283.0921325683594, 905.3214721679688, 862.9983520507812, 2834.18359375]",6957.485356695434, Eight,0.9998631477355957,0.00012339292152319103,0.9998631477355957,1.3005517757846974e-05,-8.999999948557416,"[{""token"": "" Eight"", ""token_id"": 38923, ""probability"": 0.9998631477355957}, {""token"": "" Six"", ""token_id"": 19759, ""probability"": 0.00012339292152319103}, {""token"": "" Four"", ""token_id"": 13038, ""probability"": 1.3005517757846974e-05}, {""token"": ""Eight"", ""token_id"": 80357, ""probability"": 5.042786597186932e-07}, {""token"": "" Two"", ""token_id"": 8512, ""probability"": 1.95530063251681e-08}, {""token"": "" Many"", ""token_id"": 8732, ""probability"": 1.95530063251681e-08}, {""token"": "" Typically"", ""token_id"": 50338, ""probability"": 1.6050083484486777e-09}, {""token"": "" None"", ""token_id"": 5450, ""probability"": 1.6050083484486777e-09}, {""token"": "" Legs"", ""token_id"": 156403, ""probability"": 1.2499817847455574e-09}, {""token"": "" Zero"", ""token_id"": 31234, ""probability"": 9.734868466892976e-10}, {""token"": "" Several"", ""token_id"": 22624, ""probability"": 7.581522631916471e-10}, {""token"": "" Some"", ""token_id"": 4943, ""probability"": 7.581522631916471e-10}]"
