scope,tested_layers,spider_feature_ids,spider_positions,ant_feature_ids,ant_positions,spider_suppression,ant_factor,overdrive,control,success,spider_targets,ant_targets,operation_delta_norms,total_delta_norm,top_token,top_probability,p_six,p_eight,p_four,log_p_six_minus_log_p_eight,other_top_tokens
L7,[7],"[14209, 137239]","[16, 16]",[42685],[16],0.0,0.0,False,unmodified,False,"[84.83981323242188, 133.324951171875]",[0.0],"[3.814697720372351e-06, 7.629395440744702e-06, 0.0]",8.529923416366061e-06, Eight,0.999982476234436,1.1253320053583593e-07,0.999982476234436,1.6701407730579376e-05,-16.000000019046855,"[{""token"": "" Eight"", ""token_id"": 38923, ""probability"": 0.999982476234436}, {""token"": "" Four"", ""token_id"": 13038, ""probability"": 1.6701407730579376e-05}, {""token"": ""Eight"", ""token_id"": 80357, ""probability"": 6.47583874524571e-07}, {""token"": "" Six"", ""token_id"": 19759, ""probability"": 1.1253320053583593e-07}, {""token"": "" Many"", ""token_id"": 8732, ""probability"": 4.3633860968839144e-09}, {""token"": "" Two"", ""token_id"": 8512, ""probability"": 1.6051998619204255e-09}, {""token"": "" Legs"", ""token_id"": 156403, ""probability"": 5.905200772815533e-10}, {""token"": "" None"", ""token_id"": 5450, ""probability"": 2.789419251136849e-10}, {""token"": "" Typically"", ""token_id"": 50338, ""probability"": 2.789419251136849e-10}, {""token"": "" Usually"", ""token_id"": 34645, ""probability"": 2.789419251136849e-10}, {""token"": "" Some"", ""token_id"": 4943, ""probability"": 2.789419251136849e-10}, {""token"": ""\n\n"", ""token_id"": 108, ""probability"": 2.789419251136849e-10}]"
L7,[7],"[14209, 137239]","[16, 16]",[42685],[16],0.0,0.25,False,ant_only,False,"[84.83981323242188, 133.324951171875]",[31.566993713378906],"[3.814697720372351e-06, 7.629395440744702e-06, 31.566997528076172]",31.566997528077323, Eight,0.9999408721923828,2.3822288142127945e-07,0.9999408721923828,5.829121801070869e-05,-15.24999999537981,"[{""token"": "" Eight"", ""token_id"": 38923, ""probability"": 0.9999408721923828}, {""token"": "" Four"", ""token_id"": 13038, ""probability"": 5.829121801070869e-05}, {""token"": ""Eight"", ""token_id"": 80357, ""probability"": 6.47556930744031e-07}, {""token"": "" Six"", ""token_id"": 19759, ""probability"": 2.3822288142127945e-07}, {""token"": "" Many"", ""token_id"": 8732, ""probability"": 9.236903686371534e-09}, {""token"": "" Two"", ""token_id"": 8512, ""probability"": 2.646417307516913e-09}, {""token"": "" Legs"", ""token_id"": 156403, ""probability"": 1.605133026494343e-09}, {""token"": "" Usually"", ""token_id"": 34645, ""probability"": 7.582111605231034e-10}, {""token"": "" Some"", ""token_id"": 4943, ""probability"": 5.904954858415579e-10}, {""token"": "" Typically"", ""token_id"": 50338, ""probability"": 5.904954858415579e-10}, {""token"": ""\n\n"", ""token_id"": 108, ""probability"": 4.5987835761707174e-10}, {""token"": "" Zero"", ""token_id"": 31234, ""probability"": 3.5815361787427946e-10}]"
L7,[7],"[14209, 137239]","[16, 16]",[42685],[16],0.0,0.5,False,ant_only,False,"[84.83981323242188, 133.324951171875]",[63.13398742675781],"[3.814697720372351e-06, 7.629395440744702e-06, 63.133995056152344]",63.13399505615292, Eight,0.9999538660049438,2.3822597938760737e-07,0.9999538660049438,4.539783549262211e-05,-15.249999985473995,"[{""token"": "" Eight"", ""token_id"": 38923, ""probability"": 0.9999538660049438}, {""token"": "" Four"", ""token_id"": 13038, ""probability"": 4.539783549262211e-05}, {""token"": ""Eight"", ""token_id"": 80357, ""probability"": 5.043244186708762e-07}, {""token"": "" Six"", ""token_id"": 19759, ""probability"": 2.3822597938760737e-07}, {""token"": "" Many"", ""token_id"": 8732, ""probability"": 7.193801554450374e-09}, {""token"": "" Two"", ""token_id"": 8512, ""probability"": 1.605153898687206e-09}, {""token"": "" Legs"", ""token_id"": 156403, ""probability"": 1.2500952495386741e-09}, {""token"": "" Typically"", ""token_id"": 50338, ""probability"": 5.905031463804278e-10}, {""token"": "" Some"", ""token_id"": 4943, ""probability"": 4.598843528214047e-10}, {""token"": "" Usually"", ""token_id"": 34645, ""probability"": 4.598843528214047e-10}, {""token"": "" Zero"", ""token_id"": 31234, ""probability"": 2.1723396692596708e-10}, {""token"": ""\n\n"", ""token_id"": 108, ""probability"": 2.1723396692596708e-10}]"
L7,[7],"[14209, 137239]","[16, 16]",[42685],[16],0.0,0.75,False,ant_only,False,"[84.83981323242188, 133.324951171875]",[94.70098114013672],"[3.814697720372351e-06, 7.629395440744702e-06, 94.70099639892578]",94.70099639892616, Eight,0.9999409914016724,2.3822290984298888e-07,0.9999409914016724,5.8291225286666304e-05,-15.24999999528893,"[{""token"": "" Eight"", ""token_id"": 38923, ""probability"": 0.9999409914016724}, {""token"": "" Four"", ""token_id"": 13038, ""probability"": 5.8291225286666304e-05}, {""token"": ""Eight"", ""token_id"": 80357, ""probability"": 5.043178816777072e-07}, {""token"": "" Six"", ""token_id"": 19759, ""probability"": 2.3822290984298888e-07}, {""token"": "" Many"", ""token_id"": 8732, ""probability"": 7.1937087398055155e-09}, {""token"": "" Two"", ""token_id"": 8512, ""probability"": 2.061031789679646e-09}, {""token"": "" Legs"", ""token_id"": 156403, ""probability"": 1.605133248538948e-09}, {""token"": "" Usually"", ""token_id"": 34645, ""probability"": 5.904955413527091e-10}, {""token"": "" Typically"", ""token_id"": 50338, ""probability"": 5.904955413527091e-10}, {""token"": "" Some"", ""token_id"": 4943, ""probability"": 4.5987841312822297e-10}, {""token"": "" Zero"", ""token_id"": 31234, ""probability"": 2.7893035103865316e-10}, {""token"": ""\n\n"", ""token_id"": 108, ""probability"": 2.7893035103865316e-10}]"
L7,[7],"[14209, 137239]","[16, 16]",[42685],[16],0.0,1.0,False,ant_only,False,"[84.83981323242188, 133.324951171875]",[126.26797485351562],"[3.814697720372351e-06, 7.629395440744702e-06, 126.26799011230469]",126.26799011230497, Eight,0.9999240636825562,2.3821887396024977e-07,0.9999240636825562,7.484615343855694e-05,-15.250000008194137,"[{""token"": "" Eight"", ""token_id"": 38923, ""probability"": 0.9999240636825562}, {""token"": "" Four"", ""token_id"": 13038, ""probability"": 7.484615343855694e-05}, {""token"": ""Eight"", ""token_id"": 80357, ""probability"": 8.314655701724405e-07}, {""token"": "" Six"", ""token_id"": 19759, ""probability"": 2.3821887396024977e-07}, {""token"": "" Many"", ""token_id"": 8732, ""probability"": 9.236748255148086e-09}, {""token"": "" Legs"", ""token_id"": 156403, ""probability"": 2.646372898595928e-09}, {""token"": "" Two"", ""token_id"": 8512, ""probability"": 1.6051060480748447e-09}, {""token"": "" Typically"", ""token_id"": 50338, ""probability"": 7.581984484694715e-10}, {""token"": "" Usually"", ""token_id"": 34645, ""probability"": 7.581984484694715e-10}, {""token"": "" Some"", ""token_id"": 4943, ""probability"": 4.598706415670506e-10}, {""token"": ""\n\n"", ""token_id"": 108, ""probability"": 3.5814759491437087e-10}, {""token"": "" Several"", ""token_id"": 22624, ""probability"": 2.1722748599906083e-10}]"
L7,[7],"[14209, 137239]","[16, 16]",[42685],[16],0.0,1.25,False,ant_only,False,"[84.83981323242188, 133.324951171875]",[157.83496856689453],"[3.814697720372351e-06, 7.629395440744702e-06, 157.83499145507812]",157.83499145507835, Eight,0.9999241828918457,3.0587912647206394e-07,0.9999241828918457,7.484616071451455e-05,-15.000000004578421,"[{""token"": "" Eight"", ""token_id"": 38923, ""probability"": 0.9999241828918457}, {""token"": "" Four"", ""token_id"": 13038, ""probability"": 7.484616071451455e-05}, {""token"": ""Eight"", ""token_id"": 80357, ""probability"": 6.475461304944474e-07}, {""token"": "" Six"", ""token_id"": 19759, ""probability"": 3.0587912647206394e-07}, {""token"": "" Many"", ""token_id"": 8732, ""probability"": 7.193587947540436e-09}, {""token"": "" Legs"", ""token_id"": 156403, ""probability"": 2.6463731206405328e-09}, {""token"": "" Two"", ""token_id"": 8512, ""probability"": 1.2500580570673492e-09}, {""token"": "" Typically"", ""token_id"": 50338, ""probability"": 7.581985039806227e-10}, {""token"": "" Usually"", ""token_id"": 34645, ""probability"": 5.904856603677899e-10}, {""token"": "" Some"", ""token_id"": 4943, ""probability"": 4.5987069707820183e-10}, {""token"": ""\n\n"", ""token_id"": 108, ""probability"": 2.789256603463741e-10}, {""token"": "" Several"", ""token_id"": 22624, ""probability"": 1.6917697798213283e-10}]"
L7,[7],"[14209, 137239]","[16, 16]",[42685],[16],0.0,1.5,False,ant_only,False,"[84.83981323242188, 133.324951171875]",[189.40196228027344],"[3.814697720372351e-06, 7.629395440744702e-06, 189.40199279785156]",189.40199279785176, Eight,0.999902606010437,5.042985549152945e-07,0.999902606010437,9.610229608369991e-05,-14.49999997466106,"[{""token"": "" Eight"", ""token_id"": 38923, ""probability"": 0.999902606010437}, {""token"": "" Four"", ""token_id"": 13038, ""probability"": 9.610229608369991e-05}, {""token"": ""Eight"", ""token_id"": 80357, ""probability"": 8.314477213389182e-07}, {""token"": "" Six"", ""token_id"": 19759, ""probability"": 5.042985549152945e-07}, {""token"": "" Many"", ""token_id"": 8732, ""probability"": 1.5228497574071298e-08}, {""token"": "" Legs"", ""token_id"": 156403, ""probability"": 4.363037486854182e-09}, {""token"": "" Two"", ""token_id"": 8512, ""probability"": 2.646316055177067e-09}, {""token"": "" Typically"", ""token_id"": 50338, ""probability"": 1.6050716311610813e-09}, {""token"": "" Usually"", ""token_id"": 34645, ""probability"": 1.2500310786478508e-09}, {""token"": "" Some"", ""token_id"": 4943, ""probability"": 7.581821837021607e-10}, {""token"": ""\n\n"", ""token_id"": 108, ""probability"": 3.5813990661992534e-10}, {""token"": "" Several"", ""token_id"": 22624, ""probability"": 2.789196373864655e-10}]"
L7,[7],"[14209, 137239]","[16, 16]",[42685],[16],0.2,0.0,False,spider_only,False,"[67.87185058593751, 106.6599609375]",[0.0],"[16.967967987060547, 26.665000915527344, 0.0]",31.605920512381626, Eight,0.9999637603759766,2.3822832417863538e-07,0.9999637603759766,3.5356220905669034e-05,-15.250000037583451,"[{""token"": "" Eight"", ""token_id"": 38923, ""probability"": 0.9999637603759766}, {""token"": "" Four"", ""token_id"": 13038, ""probability"": 3.5356220905669034e-05}, {""token"": ""Eight"", ""token_id"": 80357, ""probability"": 6.475717668763536e-07}, {""token"": "" Six"", ""token_id"": 19759, ""probability"": 2.3822832417863538e-07}, {""token"": "" Many"", ""token_id"": 8732, ""probability"": 7.19387260872395e-09}, {""token"": "" Two"", ""token_id"": 8512, ""probability"": 3.398144654553903e-09}, {""token"": "" Legs"", ""token_id"": 156403, ""probability"": 1.2501075730142475e-09}, {""token"": "" Typically"", ""token_id"": 50338, ""probability"": 5.905089750513071e-10}, {""token"": "" Zero"", ""token_id"": 31234, ""probability"": 5.905089750513071e-10}, {""token"": "" None"", ""token_id"": 5450, ""probability"": 5.905089750513071e-10}, {""token"": "" Usually"", ""token_id"": 34645, ""probability"": 5.905089750513071e-10}, {""token"": ""\n\n"", ""token_id"": 108, ""probability"": 4.598889047358057e-10}]"
L7,[7],"[14209, 137239]","[16, 16]",[42685],[16],0.2,0.25,False,joint,False,"[67.87185058593751, 106.6599609375]",[31.566993713378906],"[16.967967987060547, 26.665000915527344, 31.566997528076172]",44.670007212586754, Eight,0.999971866607666,1.1253200682403985e-07,0.999971866607666,2.7535676053958014e-05,-16.000000016875177,"[{""token"": "" Eight"", ""token_id"": 38923, ""probability"": 0.999971866607666}, {""token"": "" Four"", ""token_id"": 13038, ""probability"": 2.7535676053958014e-05}, {""token"": ""Eight"", ""token_id"": 80357, ""probability"": 5.043334567744751e-07}, {""token"": "" Six"", ""token_id"": 19759, ""probability"": 1.1253200682403985e-07}, {""token"": "" Many"", ""token_id"": 8732, ""probability"": 4.36333991160609e-09}, {""token"": "" Two"", ""token_id"": 8512, ""probability"": 1.2501176760437716e-09}, {""token"": "" Legs"", ""token_id"": 156403, ""probability"": 7.582346972512255e-10}, {""token"": "" Typically"", ""token_id"": 50338, ""probability"": 2.78938955267094e-10}, {""token"": "" Usually"", ""token_id"": 34645, ""probability"": 2.78938955267094e-10}, {""token"": "" Some"", ""token_id"": 4943, ""probability"": 2.1723788046212889e-10}, {""token"": ""\n\n"", ""token_id"": 108, ""probability"": 2.1723788046212889e-10}, {""token"": "" None"", ""token_id"": 5450, ""probability"": 1.6918504097684917e-10}]"
L7,[7],"[14209, 137239]","[16, 16]",[42685],[16],0.2,0.5,False,joint,False,"[67.87185058593751, 106.6599609375]",[63.13398742675781],"[16.967967987060547, 26.665000915527344, 63.133995056152344]",70.60336778925814, Eight,0.9999538660049438,1.855305953313291e-07,0.9999538660049438,4.539783549262211e-05,-15.499999899039148,"[{""token"": "" Eight"", ""token_id"": 38923, ""probability"": 0.9999538660049438}, {""token"": "" Four"", ""token_id"": 13038, ""probability"": 4.539783549262211e-05}, {""token"": ""Eight"", ""token_id"": 80357, ""probability"": 5.043244186708762e-07}, {""token"": "" Six"", ""token_id"": 19759, ""probability"": 1.855305953313291e-07}, {""token"": "" Many"", ""token_id"": 8732, ""probability"": 7.193801554450374e-09}, {""token"": "" Two"", ""token_id"": 8512, ""probability"": 2.061058435032237e-09}, {""token"": "" Legs"", ""token_id"": 156403, ""probability"": 1.605153898687206e-09}, {""token"": "" Typically"", ""token_id"": 50338, ""probability"": 5.905031463804278e-10}, {""token"": "" Usually"", ""token_id"": 34645, ""probability"": 5.905031463804278e-10}, {""token"": "" Some"", ""token_id"": 4943, ""probability"": 3.581582808109829e-10}, {""token"": ""\n\n"", ""token_id"": 108, ""probability"": 3.581582808109829e-10}, {""token"": "" Zero"", ""token_id"": 31234, ""probability"": 2.7893393150790757e-10}]"
L7,[7],"[14209, 137239]","[16, 16]",[42685],[16],0.2,0.75,False,joint,False,"[67.87185058593751, 106.6599609375]",[94.70098114013672],"[16.967967987060547, 26.665000915527344, 94.70099639892578]",99.83593005719104, Eight,0.9999538660049438,1.855305953313291e-07,0.9999538660049438,4.539783549262211e-05,-15.499999899039148,"[{""token"": "" Eight"", ""token_id"": 38923, ""probability"": 0.9999538660049438}, {""token"": "" Four"", ""token_id"": 13038, ""probability"": 4.539783549262211e-05}, {""token"": ""Eight"", ""token_id"": 80357, ""probability"": 5.043244186708762e-07}, {""token"": "" Six"", ""token_id"": 19759, ""probability"": 1.855305953313291e-07}, {""token"": "" Many"", ""token_id"": 8732, ""probability"": 5.602537989091161e-09}, {""token"": "" Two"", ""token_id"": 8512, ""probability"": 2.061058435032237e-09}, {""token"": "" Legs"", ""token_id"": 156403, ""probability"": 1.2500952495386741e-09}, {""token"": "" Typically"", ""token_id"": 50338, ""probability"": 4.598843528214047e-10}, {""token"": "" Usually"", ""token_id"": 34645, ""probability"": 4.598843528214047e-10}, {""token"": "" Some"", ""token_id"": 4943, ""probability"": 3.581582808109829e-10}, {""token"": ""\n\n"", ""token_id"": 108, ""probability"": 2.7893393150790757e-10}, {""token"": "" Zero"", ""token_id"": 31234, ""probability"": 2.1723396692596708e-10}]"
L7,[7],"[14209, 137239]","[16, 16]",[42685],[16],0.2,1.0,False,joint,False,"[67.87185058593751, 106.6599609375]",[126.26797485351562],"[16.967967987060547, 26.665000915527344, 126.26799011230469]",130.1635107794656, Eight,0.9999243021011353,1.8552510994140903e-07,0.9999243021011353,7.484616799047217e-05,-15.499999899730101,"[{""token"": "" Eight"", ""token_id"": 38923, ""probability"": 0.9999243021011353}, {""token"": "" Four"", ""token_id"": 13038, ""probability"": 7.484616799047217e-05}, {""token"": ""Eight"", ""token_id"": 80357, ""probability"": 6.475462441812851e-07}, {""token"": "" Six"", ""token_id"": 19759, ""probability"": 1.8552510994140903e-07}, {""token"": "" Many"", ""token_id"": 8732, ""probability"": 7.193588835718856e-09}, {""token"": "" Legs"", ""token_id"": 156403, ""probability"": 1.6051064921640545e-09}, {""token"": "" Two"", ""token_id"": 8512, ""probability"": 1.6051064921640545e-09}, {""token"": "" Typically"", ""token_id"": 50338, ""probability"": 7.581986150029252e-10}, {""token"": "" Usually"", ""token_id"": 34645, ""probability"": 5.904857158789412e-10}, {""token"": "" Some"", ""token_id"": 4943, ""probability"": 3.581476781810977e-10}, {""token"": ""\n\n"", ""token_id"": 108, ""probability"": 2.7892568810194973e-10}, {""token"": "" Zero"", ""token_id"": 31234, ""probability"": 1.6917699185992063e-10}]"
L7,[7],"[14209, 137239]","[16, 16]",[42685],[16],0.2,1.25,False,joint,False,"[67.87185058593751, 106.6599609375]",[157.83496856689453],"[16.967967987060547, 26.665000915527344, 157.83499145507812]",160.9683780717802, Eight,0.9998756647109985,3.9273751895052555e-07,0.9998756647109985,0.00012339446402620524,-14.749999995907368,"[{""token"": "" Eight"", ""token_id"": 38923, ""probability"": 0.9998756647109985}, {""token"": "" Four"", ""token_id"": 13038, ""probability"": 0.00012339446402620524}, {""token"": ""Eight"", ""token_id"": 80357, ""probability"": 5.042849693381868e-07}, {""token"": "" Six"", ""token_id"": 19759, ""probability"": 3.9273751895052555e-07}, {""token"": "" Many"", ""token_id"": 8732, ""probability"": 9.236301501402977e-09}, {""token"": "" Legs"", ""token_id"": 156403, ""probability"": 3.397845338426464e-09}, {""token"": "" Two"", ""token_id"": 8512, ""probability"": 3.397845338426464e-09}, {""token"": "" Typically"", ""token_id"": 50338, ""probability"": 1.2499974388902046e-09}, {""token"": "" Usually"", ""token_id"": 34645, ""probability"": 9.734990591425685e-10}, {""token"": "" Some"", ""token_id"": 4943, ""probability"": 7.581617555985076e-10}, {""token"": ""\n\n"", ""token_id"": 108, ""probability"": 2.789121433810493e-10}, {""token"": "" Several"", ""token_id"": 22624, ""probability"": 2.1721698051369032e-10}]"
L7,[7],"[14209, 137239]","[16, 16]",[42685],[16],0.2,1.5,False,joint,False,"[67.87185058593751, 106.6599609375]",[189.40196228027344],"[16.967967987060547, 26.665000915527344, 189.40199279785156]",192.0209600205988, Eight,0.9999241828918457,3.927565614958439e-07,0.9999241828918457,7.484616071451455e-05,-14.750000033422065,"[{""token"": "" Eight"", ""token_id"": 38923, ""probability"": 0.9999241828918457}, {""token"": "" Four"", ""token_id"": 13038, ""probability"": 7.484616071451455e-05}, {""token"": ""Eight"", ""token_id"": 80357, ""probability"": 6.475461304944474e-07}, {""token"": "" Six"", ""token_id"": 19759, ""probability"": 3.927565614958439e-07}, {""token"": "" Many"", ""token_id"": 8732, ""probability"": 1.1860221249548886e-08}, {""token"": "" Legs"", ""token_id"": 156403, ""probability"": 3.3980103175679233e-09}, {""token"": "" Two"", ""token_id"": 8512, ""probability"": 2.0609971507212776e-09}, {""token"": "" Typically"", ""token_id"": 50338, ""probability"": 1.6051062701194496e-09}, {""token"": "" Usually"", ""token_id"": 34645, ""probability"": 9.73546243621115e-10}, {""token"": "" Some"", ""token_id"": 4943, ""probability"": 5.904856603677899e-10}, {""token"": ""\n\n"", ""token_id"": 108, ""probability"": 2.789256603463741e-10}, {""token"": "" Several"", ""token_id"": 22624, ""probability"": 2.1722751375463645e-10}]"
L7,[7],"[14209, 137239]","[16, 16]",[42685],[16],0.4,0.0,False,spider_only,False,"[50.90388793945312, 79.99497070312499]",[0.0],"[33.93592834472656, 53.32999801635742, 0.0]",63.21183371049366, Eight,0.9999538660049438,1.855305953313291e-07,0.9999538660049438,4.539783549262211e-05,-15.499999899039148,"[{""token"": "" Eight"", ""token_id"": 38923, ""probability"": 0.9999538660049438}, {""token"": "" Four"", ""token_id"": 13038, ""probability"": 4.539783549262211e-05}, {""token"": ""Eight"", ""token_id"": 80357, ""probability"": 5.043244186708762e-07}, {""token"": "" Six"", ""token_id"": 19759, ""probability"": 1.855305953313291e-07}, {""token"": "" Many"", ""token_id"": 8732, ""probability"": 7.193801554450374e-09}, {""token"": "" Two"", ""token_id"": 8512, ""probability"": 2.6464517244306762e-09}, {""token"": "" Legs"", ""token_id"": 156403, ""probability"": 9.735751094197553e-10}, {""token"": "" Typically"", ""token_id"": 50338, ""probability"": 5.905031463804278e-10}, {""token"": "" Usually"", ""token_id"": 34645, ""probability"": 5.905031463804278e-10}, {""token"": "" Some"", ""token_id"": 4943, ""probability"": 4.598843528214047e-10}, {""token"": ""\n\n"", ""token_id"": 108, ""probability"": 3.581582808109829e-10}, {""token"": "" None"", ""token_id"": 5450, ""probability"": 2.7893393150790757e-10}]"
L7,[7],"[14209, 137239]","[16, 16]",[42685],[16],0.4,0.25,False,joint,False,"[50.90388793945312, 79.99497070312499]",[31.566993713378906],"[33.93592834472656, 53.32999801635742, 31.566997528076172]",70.65558190249847, Eight,0.9999638795852661,1.8553244274244207e-07,0.9999638795852661,3.535622454364784e-05,-15.499999955633658,"[{""token"": "" Eight"", ""token_id"": 38923, ""probability"": 0.9999638795852661}, {""token"": "" Four"", ""token_id"": 13038, ""probability"": 3.535622454364784e-05}, {""token"": ""Eight"", ""token_id"": 80357, ""probability"": 5.043294777351548e-07}, {""token"": "" Six"", ""token_id"": 19759, ""probability"": 1.8553244274244207e-07}, {""token"": "" Many"", ""token_id"": 8732, ""probability"": 7.19387349690237e-09}, {""token"": "" Two"", ""token_id"": 8512, ""probability"": 2.061079085180495e-09}, {""token"": "" Legs"", ""token_id"": 156403, ""probability"": 1.25010768403655e-09}, {""token"": "" Typically"", ""token_id"": 50338, ""probability"": 5.905090860736095e-10}, {""token"": "" Usually"", ""token_id"": 34645, ""probability"": 5.905090860736095e-10}, {""token"": "" Some"", ""token_id"": 4943, ""probability"": 4.598889602469569e-10}, {""token"": "" Zero"", ""token_id"": 31234, ""probability"": 3.581618612802373e-10}, {""token"": ""\n\n"", ""token_id"": 108, ""probability"": 2.7893673482104475e-10}]"
L7,[7],"[14209, 137239]","[16, 16]",[42685],[16],0.4,0.5,False,joint,False,"[50.90388793945312, 79.99497070312499]",[63.13398742675781],"[33.93592834472656, 53.32999801635742, 63.133995056152344]",89.34000925001838, Eight,0.9999243021011353,2.3821893080366863e-07,0.9999243021011353,7.484616799047217e-05,-15.250000008012371,"[{""token"": "" Eight"", ""token_id"": 38923, ""probability"": 0.9999243021011353}, {""token"": "" Four"", ""token_id"": 13038, ""probability"": 7.484616799047217e-05}, {""token"": ""Eight"", ""token_id"": 80357, ""probability"": 6.475462441812851e-07}, {""token"": "" Six"", ""token_id"": 19759, ""probability"": 2.3821893080366863e-07}, {""token"": "" Many"", ""token_id"": 8732, ""probability"": 9.236750919683345e-09}, {""token"": "" Two"", ""token_id"": 8512, ""probability"": 2.6463735647297426e-09}, {""token"": "" Legs"", ""token_id"": 156403, ""probability"": 2.0609973727658826e-09}, {""token"": "" Typically"", ""token_id"": 50338, ""probability"": 5.904857158789412e-10}, {""token"": "" Usually"", ""token_id"": 34645, ""probability"": 5.904857158789412e-10}, {""token"": "" Some"", ""token_id"": 4943, ""probability"": 5.904857158789412e-10}, {""token"": "" Zero"", ""token_id"": 31234, ""probability"": 4.5987075258935306e-10}, {""token"": ""\n\n"", ""token_id"": 108, ""probability"": 3.581476781810977e-10}]"
L7,[7],"[14209, 137239]","[16, 16]",[42685],[16],0.4,0.75,False,joint,False,"[50.90388793945312, 79.99497070312499]",[94.70098114013672],"[33.93592834472656, 53.32999801635742, 94.70099639892578]",113.85962690959626, Eight,0.9999408721923828,2.3822288142127945e-07,0.9999408721923828,5.829121801070869e-05,-15.24999999537981,"[{""token"": "" Eight"", ""token_id"": 38923, ""probability"": 0.9999408721923828}, {""token"": "" Four"", ""token_id"": 13038, ""probability"": 5.829121801070869e-05}, {""token"": ""Eight"", ""token_id"": 80357, ""probability"": 6.47556930744031e-07}, {""token"": "" Six"", ""token_id"": 19759, ""probability"": 2.3822288142127945e-07}, {""token"": "" Many"", ""token_id"": 8732, ""probability"": 9.236903686371534e-09}, {""token"": "" Two"", ""token_id"": 8512, ""probability"": 2.061031567635041e-09}, {""token"": "" Legs"", ""token_id"": 156403, ""probability"": 1.605133026494343e-09}, {""token"": "" Typically"", ""token_id"": 50338, ""probability"": 9.73562563899577e-10}, {""token"": "" Usually"", ""token_id"": 34645, ""probability"": 7.582111605231034e-10}, {""token"": "" Some"", ""token_id"": 4943, ""probability"": 5.904954858415579e-10}, {""token"": ""\n\n"", ""token_id"": 108, ""probability"": 3.5815361787427946e-10}, {""token"": "" Several"", ""token_id"": 22624, ""probability"": 2.7893032328307754e-10}]"
L7,[7],"[14209, 137239]","[16, 16]",[42685],[16],0.4,1.0,False,joint,False,"[50.90388793945312, 79.99497070312499]",[126.26797485351562],"[33.93592834472656, 53.32999801635742, 126.26799011230469]",141.2067323042502, Eight,0.9999241828918457,3.0587912647206394e-07,0.9999241828918457,7.484616071451455e-05,-15.000000004578421,"[{""token"": "" Eight"", ""token_id"": 38923, ""probability"": 0.9999241828918457}, {""token"": "" Four"", ""token_id"": 13038, ""probability"": 7.484616071451455e-05}, {""token"": ""Eight"", ""token_id"": 80357, ""probability"": 6.475461304944474e-07}, {""token"": "" Six"", ""token_id"": 19759, ""probability"": 3.0587912647206394e-07}, {""token"": "" Many"", ""token_id"": 8732, ""probability"": 1.1860221249548886e-08}, {""token"": "" Two"", ""token_id"": 8512, ""probability"": 3.3980103175679233e-09}, {""token"": "" Legs"", ""token_id"": 156403, ""probability"": 2.6463731206405328e-09}, {""token"": "" Some"", ""token_id"": 4943, ""probability"": 9.73546243621115e-10}, {""token"": "" Usually"", ""token_id"": 34645, ""probability"": 9.73546243621115e-10}, {""token"": "" Typically"", ""token_id"": 50338, ""probability"": 9.73546243621115e-10}, {""token"": "" Zero"", ""token_id"": 31234, ""probability"": 4.5987069707820183e-10}, {""token"": ""\n\n"", ""token_id"": 108, ""probability"": 4.5987069707820183e-10}]"
L7,[7],"[14209, 137239]","[16, 16]",[42685],[16],0.4,1.25,False,joint,False,"[50.90388793945312, 79.99497070312499]",[157.83496856689453],"[33.93592834472656, 53.32999801635742, 157.83499145507812]",170.02241160702224, Eight,0.9999028444290161,3.0587258947889495e-07,0.9999028444290161,9.610231791157275e-05,-15.000000035662945,"[{""token"": "" Eight"", ""token_id"": 38923, ""probability"": 0.9999028444290161}, {""token"": "" Four"", ""token_id"": 13038, ""probability"": 9.610231791157275e-05}, {""token"": ""Eight"", ""token_id"": 80357, ""probability"": 6.475323175436642e-07}, {""token"": "" Six"", ""token_id"": 19759, ""probability"": 3.0587258947889495e-07}, {""token"": "" Many"", ""token_id"": 8732, ""probability"": 1.1859968118699271e-08}, {""token"": "" Legs"", ""token_id"": 156403, ""probability"": 2.646316721310882e-09}, {""token"": "" Two"", ""token_id"": 8512, ""probability"": 2.646316721310882e-09}, {""token"": "" Typically"", ""token_id"": 50338, ""probability"": 9.735254824505546e-10}, {""token"": "" Usually"", ""token_id"": 34645, ""probability"": 7.581823502356144e-10}, {""token"": "" Some"", ""token_id"": 4943, ""probability"": 7.581823502356144e-10}, {""token"": ""\n\n"", ""token_id"": 108, ""probability"": 3.581399898866522e-10}, {""token"": "" Multiple"", ""token_id"": 34489, ""probability"": 2.7891972065319237e-10}]"
L7,[7],"[14209, 137239]","[16, 16]",[42685],[16],0.4,1.5,False,joint,False,"[50.90388793945312, 79.99497070312499]",[189.40196228027344],"[33.93592834472656, 53.32999801635742, 189.40199279785156]",199.67185779884085, Eight,0.9999027252197266,5.042986117587134e-07,0.9999027252197266,9.610230335965753e-05,-14.49999998116417,"[{""token"": "" Eight"", ""token_id"": 38923, ""probability"": 0.9999027252197266}, {""token"": "" Four"", ""token_id"": 13038, ""probability"": 9.610230335965753e-05}, {""token"": ""Eight"", ""token_id"": 80357, ""probability"": 6.475322607002454e-07}, {""token"": "" Six"", ""token_id"": 19759, ""probability"": 5.042986117587134e-07}, {""token"": "" Many"", ""token_id"": 8732, ""probability"": 1.9553779040393238e-08}, {""token"": "" Legs"", ""token_id"": 156403, ""probability"": 5.6022515515508076e-09}, {""token"": "" Two"", ""token_id"": 8512, ""probability"": 3.397937264892903e-09}, {""token"": "" Typically"", ""token_id"": 50338, ""probability"": 2.0609529638448976e-09}, {""token"": "" Usually"", ""token_id"": 34645, ""probability"": 1.6050718532056862e-09}, {""token"": "" Some"", ""token_id"": 4943, ""probability"": 9.735253714282521e-10}, {""token"": ""\n\n"", ""token_id"": 108, ""probability"": 5.90472948314158e-10}, {""token"": "" Several"", ""token_id"": 22624, ""probability"": 3.5813996213107657e-10}]"
L7,[7],"[14209, 137239]","[16, 16]",[42685],[16],0.6,0.0,False,spider_only,False,"[33.935925292968754, 53.32998046875]",[0.0],"[50.90389633178711, 79.9949951171875, 0.0]",94.81775100452542, Eight,0.9999827146530151,1.1253322895754536e-07,0.9999827146530151,1.6701411368558183e-05,-16.000000004906738,"[{""token"": "" Eight"", ""token_id"": 38923, ""probability"": 0.9999827146530151}, {""token"": "" Four"", ""token_id"": 13038, ""probability"": 1.6701411368558183e-05}, {""token"": ""Eight"", ""token_id"": 80357, ""probability"": 5.043389705861046e-07}, {""token"": "" Six"", ""token_id"": 19759, ""probability"": 1.1253322895754536e-07}, {""token"": "" Many"", ""token_id"": 8732, ""probability"": 4.363386985062334e-09}, {""token"": "" Two"", ""token_id"": 8512, ""probability"": 1.605200194987333e-09}, {""token"": "" Legs"", ""token_id"": 156403, ""probability"": 5.905201883038558e-10}, {""token"": "" Typically"", ""token_id"": 50338, ""probability"": 3.581686058851119e-10}, {""token"": "" Usually"", ""token_id"": 34645, ""probability"": 3.581686058851119e-10}, {""token"": "" Some"", ""token_id"": 4943, ""probability"": 2.789419806248361e-10}, {""token"": ""\n\n"", ""token_id"": 108, ""probability"": 2.789419806248361e-10}, {""token"": "" None"", ""token_id"": 5450, ""probability"": 2.172402258082684e-10}]"
L7,[7],"[14209, 137239]","[16, 16]",[42685],[16],0.6,0.25,False,joint,False,"[33.935925292968754, 53.32998046875]",[31.566993713378906],"[50.90389633178711, 79.9949951171875, 31.566997528076172]",99.9343846656082, Eight,0.9999719858169556,1.1253202103489457e-07,0.9999719858169556,2.753567969193682e-05,-16.000000009805042,"[{""token"": "" Eight"", ""token_id"": 38923, ""probability"": 0.9999719858169556}, {""token"": "" Four"", ""token_id"": 13038, ""probability"": 2.753567969193682e-05}, {""token"": ""Eight"", ""token_id"": 80357, ""probability"": 3.927753482457774e-07}, {""token"": "" Six"", ""token_id"": 19759, ""probability"": 1.1253202103489457e-07}, {""token"": "" Many"", ""token_id"": 8732, ""probability"": 5.6026396855202165e-09}, {""token"": "" Two"", ""token_id"": 8512, ""probability"": 1.2501178980883765e-09}, {""token"": "" Legs"", ""token_id"": 156403, ""probability"": 9.735927619658469e-10}, {""token"": "" Usually"", ""token_id"": 34645, ""probability"": 3.5816474786010133e-10}, {""token"": "" Typically"", ""token_id"": 50338, ""probability"": 3.5816474786010133e-10}, {""token"": "" Some"", ""token_id"": 4943, ""probability"": 2.789389830226696e-10}, {""token"": "" None"", ""token_id"": 5450, ""probability"": 1.6918505485463697e-10}, {""token"": ""\n\n"", ""token_id"": 108, ""probability"": 1.6918505485463697e-10}]"
L7,[7],"[14209, 137239]","[16, 16]",[42685],[16],0.6,0.5,False,joint,False,"[33.935925292968754, 53.32998046875]",[63.13398742675781],"[50.90389633178711, 79.9949951171875, 63.133995056152344]",113.91359548932888, Eight,0.9999539852142334,2.382260078093168e-07,0.9999539852142334,4.539784276857972e-05,-15.249999985383118,"[{""token"": "" Eight"", ""token_id"": 38923, ""probability"": 0.9999539852142334}, {""token"": "" Four"", ""token_id"": 13038, ""probability"": 4.539784276857972e-05}, {""token"": ""Eight"", ""token_id"": 80357, ""probability"": 3.9276827124012925e-07}, {""token"": "" Six"", ""token_id"": 19759, ""probability"": 2.382260078093168e-07}, {""token"": "" Many"", ""token_id"": 8732, ""probability"": 5.602538433180371e-09}, {""token"": "" Two"", ""token_id"": 8512, ""probability"": 2.061058657076842e-09}, {""token"": "" Legs"", ""token_id"": 156403, ""probability"": 1.2500953605609766e-09}, {""token"": "" Typically"", ""token_id"": 50338, ""probability"": 5.905032574027302e-10}, {""token"": "" Some"", ""token_id"": 4943, ""probability"": 4.5988440833255595e-10}, {""token"": "" Usually"", ""token_id"": 34645, ""probability"": 4.5988440833255595e-10}, {""token"": "" Zero"", ""token_id"": 31234, ""probability"": 2.789339870190588e-10}, {""token"": ""\n\n"", ""token_id"": 108, ""probability"": 2.789339870190588e-10}]"
L7,[7],"[14209, 137239]","[16, 16]",[42685],[16],0.6,0.75,False,joint,False,"[33.935925292968754, 53.32998046875]",[94.70098114013672],"[50.90389633178711, 79.9949951171875, 94.70099639892578]",134.01001688122247, Eight,0.9999637603759766,1.8553242853158736e-07,0.9999637603759766,3.5356220905669034e-05,-15.499999913015044,"[{""token"": "" Eight"", ""token_id"": 38923, ""probability"": 0.9999637603759766}, {""token"": "" Four"", ""token_id"": 13038, ""probability"": 3.5356220905669034e-05}, {""token"": ""Eight"", ""token_id"": 80357, ""probability"": 6.475717668763536e-07}, {""token"": "" Six"", ""token_id"": 19759, ""probability"": 1.8553242853158736e-07}, {""token"": "" Many"", ""token_id"": 8732, ""probability"": 9.237115072835422e-09}, {""token"": "" Legs"", ""token_id"": 156403, ""probability"": 2.06107886313589e-09}, {""token"": "" Two"", ""token_id"": 8512, ""probability"": 2.06107886313589e-09}, {""token"": "" Typically"", ""token_id"": 50338, ""probability"": 7.582285355134388e-10}, {""token"": "" Usually"", ""token_id"": 34645, ""probability"": 7.582285355134388e-10}, {""token"": "" Some"", ""token_id"": 4943, ""probability"": 4.598889047358057e-10}, {""token"": ""\n\n"", ""token_id"": 108, ""probability"": 3.5816180576908607e-10}, {""token"": "" Zero"", ""token_id"": 31234, ""probability"": 2.7893670706546914e-10}]"
L7,[7],"[14209, 137239]","[16, 16]",[42685],[16],0.6,1.0,False,joint,False,"[33.935925292968754, 53.32998046875]",[126.26797485351562],"[50.90389633178711, 79.9949951171875, 126.26799011230469]",157.9050703193449, Eight,0.9999406337738037,2.382228245778606e-07,0.9999406337738037,5.829120345879346e-05,-15.249999995561572,"[{""token"": "" Eight"", ""token_id"": 38923, ""probability"": 0.9999406337738037}, {""token"": "" Four"", ""token_id"": 13038, ""probability"": 5.829120345879346e-05}, {""token"": ""Eight"", ""token_id"": 80357, ""probability"": 8.314793831232237e-07}, {""token"": "" Six"", ""token_id"": 19759, ""probability"": 2.382228245778606e-07}, {""token"": "" Many"", ""token_id"": 8732, ""probability"": 9.236901910014694e-09}, {""token"": "" Two"", ""token_id"": 8512, ""probability"": 2.061031123545831e-09}, {""token"": "" Legs"", ""token_id"": 156403, ""probability"": 1.6051326934274357e-09}, {""token"": "" Typically"", ""token_id"": 50338, ""probability"": 7.582109939896498e-10}, {""token"": "" Usually"", ""token_id"": 34645, ""probability"": 7.582109939896498e-10}, {""token"": "" Some"", ""token_id"": 4943, ""probability"": 5.904953193081042e-10}, {""token"": ""\n\n"", ""token_id"": 108, ""probability"": 3.581535346075526e-10}, {""token"": "" Zero"", ""token_id"": 31234, ""probability"": 2.1723109422389086e-10}]"
L7,[7],"[14209, 137239]","[16, 16]",[42685],[16],0.6,1.25,False,joint,False,"[33.935925292968754, 53.32998046875]",[157.83496856689453],"[50.90389633178711, 79.9949951171875, 157.83499145507812]",184.1257462528822, Eight,0.9999027252197266,3.058725610571855e-07,0.9999027252197266,9.610230335965753e-05,-15.00000000936216,"[{""token"": "" Eight"", ""token_id"": 38923, ""probability"": 0.9999027252197266}, {""token"": "" Four"", ""token_id"": 13038, ""probability"": 9.610230335965753e-05}, {""token"": ""Eight"", ""token_id"": 80357, ""probability"": 8.314478350257559e-07}, {""token"": "" Six"", ""token_id"": 19759, ""probability"": 3.058725610571855e-07}, {""token"": "" Many"", ""token_id"": 8732, ""probability"": 1.1859966342342432e-08}, {""token"": "" Legs"", ""token_id"": 156403, ""probability"": 4.363037930943392e-09}, {""token"": "" Two"", ""token_id"": 8512, ""probability"": 2.646316499266277e-09}, {""token"": "" Typically"", ""token_id"": 50338, ""probability"": 1.6050718532056862e-09}, {""token"": "" Usually"", ""token_id"": 34645, ""probability"": 1.2500313006924557e-09}, {""token"": "" Some"", ""token_id"": 4943, ""probability"": 7.58182239213312e-10}, {""token"": ""\n\n"", ""token_id"": 108, ""probability"": 3.5813996213107657e-10}, {""token"": "" Several"", ""token_id"": 22624, ""probability"": 2.7891966514204114e-10}]"
L7,[7],"[14209, 137239]","[16, 16]",[42685],[16],0.6,1.5,False,joint,False,"[33.935925292968754, 53.32998046875]",[189.40196228027344],"[50.90389633178711, 79.9949951171875, 189.40199279785156]",211.81010547505423, Eight,0.9998751878738403,6.475144118667231e-07,0.9998751878738403,0.00012339440581854433,-14.249999965995352,"[{""token"": "" Eight"", ""token_id"": 38923, ""probability"": 0.9998751878738403}, {""token"": "" Four"", ""token_id"": 13038, ""probability"": 0.00012339440581854433}, {""token"": ""Eight"", ""token_id"": 80357, ""probability"": 8.31424927127955e-07}, {""token"": "" Six"", ""token_id"": 19759, ""probability"": 6.475144118667231e-07}, {""token"": "" Many"", ""token_id"": 8732, ""probability"": 2.5106857037826558e-08}, {""token"": "" Legs"", ""token_id"": 156403, ""probability"": 7.193235340707815e-09}, {""token"": "" Two"", ""token_id"": 8512, ""probability"": 3.3978437841142295e-09}, {""token"": "" Typically"", ""token_id"": 50338, ""probability"": 2.6462436686358615e-09}, {""token"": "" Usually"", ""token_id"": 34645, ""probability"": 2.0608963424706417e-09}, {""token"": "" Some"", ""token_id"": 4943, ""probability"": 1.6050276663293062e-09}, {""token"": ""\n\n"", ""token_id"": 108, ""probability"": 5.904566835468472e-10}, {""token"": "" Several"", ""token_id"": 22624, ""probability"": 4.5984815955080194e-10}]"
L7,[7],"[14209, 137239]","[16, 16]",[42685],[16],0.8,0.0,False,spider_only,False,"[16.96796264648437, 26.664990234374994]",[0.0],"[67.87185668945312, 106.65998077392578, 0.0]",126.42365454758804, Eight,0.9999778270721436,1.1253268183963883e-07,0.9999778270721436,2.1444933736347593e-05,-15.9999999790755,"[{""token"": "" Eight"", ""token_id"": 38923, ""probability"": 0.9999778270721436}, {""token"": "" Four"", ""token_id"": 13038, ""probability"": 2.1444933736347593e-05}, {""token"": ""Eight"", ""token_id"": 80357, ""probability"": 6.475808618233714e-07}, {""token"": "" Six"", ""token_id"": 19759, ""probability"": 1.1253268183963883e-07}, {""token"": "" Many"", ""token_id"": 8732, ""probability"": 5.6026721040325356e-09}, {""token"": "" Two"", ""token_id"": 8512, ""probability"": 1.605192312403858e-09}, {""token"": "" Legs"", ""token_id"": 156403, ""probability"": 7.582391936544752e-10}, {""token"": "" Some"", ""token_id"": 4943, ""probability"": 3.581668572838481e-10}, {""token"": "" Usually"", ""token_id"": 34645, ""probability"": 3.581668572838481e-10}, {""token"": "" Typically"", ""token_id"": 50338, ""probability"": 3.581668572838481e-10}, {""token"": "" None"", ""token_id"": 5450, ""probability"": 2.7894062060163094e-10}, {""token"": ""\n\n"", ""token_id"": 108, ""probability"": 2.7894062060163094e-10}]"
L7,[7],"[14209, 137239]","[16, 16]",[42685],[16],0.8,0.25,False,joint,False,"[16.96796264648437, 26.664990234374994]",[31.566993713378906],"[67.87185668945312, 106.65998077392578, 31.566997528076172]",130.3050872456845, Eight,0.9999638795852661,1.444928159344272e-07,0.9999638795852661,3.535622454364784e-05,-15.749999926279516,"[{""token"": "" Eight"", ""token_id"": 38923, ""probability"": 0.9999638795852661}, {""token"": "" Four"", ""token_id"": 13038, ""probability"": 3.535622454364784e-05}, {""token"": ""Eight"", ""token_id"": 80357, ""probability"": 6.475718805631914e-07}, {""token"": "" Six"", ""token_id"": 19759, ""probability"": 1.444928159344272e-07}, {""token"": "" Many"", ""token_id"": 8732, ""probability"": 5.602593944331602e-09}, {""token"": "" Two"", ""token_id"": 8512, ""probability"": 1.605169996921063e-09}, {""token"": "" Legs"", ""token_id"": 156403, ""probability"": 9.73584879382372e-10}, {""token"": "" Usually"", ""token_id"": 34645, ""probability"": 4.598889602469569e-10}, {""token"": "" Typically"", ""token_id"": 50338, ""probability"": 4.598889602469569e-10}, {""token"": "" Some"", ""token_id"": 4943, ""probability"": 3.581618612802373e-10}, {""token"": "" Zero"", ""token_id"": 31234, ""probability"": 2.7893673482104475e-10}, {""token"": ""\n\n"", ""token_id"": 108, ""probability"": 2.7893673482104475e-10}]"
L7,[7],"[14209, 137239]","[16, 16]",[42685],[16],0.8,0.5,False,joint,False,"[16.96796264648437, 26.664990234374994]",[63.13398742675781],"[67.87185668945312, 106.65998077392578, 63.133995056152344]",141.31115228784367, Eight,0.9999639987945557,1.855324711641515e-07,0.9999639987945557,3.535622818162665e-05,-15.499999921657288,"[{""token"": "" Eight"", ""token_id"": 38923, ""probability"": 0.9999639987945557}, {""token"": "" Four"", ""token_id"": 13038, ""probability"": 3.535622818162665e-05}, {""token"": ""Eight"", ""token_id"": 80357, ""probability"": 3.9277219343603065e-07}, {""token"": "" Six"", ""token_id"": 19759, ""probability"": 1.855324711641515e-07}, {""token"": "" Many"", ""token_id"": 8732, ""probability"": 5.602594832510022e-09}, {""token"": "" Two"", ""token_id"": 8512, ""probability"": 1.6051701079433656e-09}, {""token"": "" Legs"", ""token_id"": 156403, ""probability"": 1.2501079060811549e-09}, {""token"": "" Usually"", ""token_id"": 34645, ""probability"": 4.5988898800253253e-10}, {""token"": "" Typically"", ""token_id"": 50338, ""probability"": 4.5988898800253253e-10}, {""token"": "" Some"", ""token_id"": 4943, ""probability"": 3.581618890358129e-10}, {""token"": "" Zero"", ""token_id"": 31234, ""probability"": 2.7893676257662037e-10}, {""token"": ""\n\n"", ""token_id"": 108, ""probability"": 2.7893676257662037e-10}]"
L7,[7],"[14209, 137239]","[16, 16]",[42685],[16],0.8,0.75,False,joint,False,"[16.96796264648437, 26.664990234374994]",[94.70098114013672],"[67.87185668945312, 106.65998077392578, 94.70099639892578]",157.9595490881043, Eight,0.9999539852142334,1.4449138063810096e-07,0.9999539852142334,4.539784276857972e-05,-15.749999964891867,"[{""token"": "" Eight"", ""token_id"": 38923, ""probability"": 0.9999539852142334}, {""token"": "" Four"", ""token_id"": 13038, ""probability"": 4.539784276857972e-05}, {""token"": ""Eight"", ""token_id"": 80357, ""probability"": 5.04324475514295e-07}, {""token"": "" Six"", ""token_id"": 19759, ""probability"": 1.4449138063810096e-07}, {""token"": "" Many"", ""token_id"": 8732, ""probability"": 7.193802442628794e-09}, {""token"": "" Two"", ""token_id"": 8512, ""probability"": 1.605154120731811e-09}, {""token"": "" Legs"", ""token_id"": 156403, ""probability"": 1.2500953605609766e-09}, {""token"": "" Typically"", ""token_id"": 50338, ""probability"": 5.905032574027302e-10}, {""token"": "" Usually"", ""token_id"": 34645, ""probability"": 5.905032574027302e-10}, {""token"": "" Some"", ""token_id"": 4943, ""probability"": 4.5988440833255595e-10}, {""token"": ""\n\n"", ""token_id"": 108, ""probability"": 3.581583085665585e-10}, {""token"": "" Zero"", ""token_id"": 31234, ""probability"": 2.172339946815427e-10}]"
L7,[7],"[14209, 137239]","[16, 16]",[42685],[16],0.8,1.0,False,joint,False,"[16.96796264648437, 26.664990234374994]",[126.26797485351562],"[67.87185668945312, 106.65998077392578, 126.26799011230469]",178.68000939156275, Eight,0.9999245405197144,1.8552515257397317e-07,0.9999245405197144,7.484618981834501e-05,-15.499999908372686,"[{""token"": "" Eight"", ""token_id"": 38923, ""probability"": 0.9999245405197144}, {""token"": "" Four"", ""token_id"": 13038, ""probability"": 7.484618981834501e-05}, {""token"": ""Eight"", ""token_id"": 80357, ""probability"": 3.927567036043911e-07}, {""token"": "" Six"", ""token_id"": 19759, ""probability"": 1.8552515257397317e-07}, {""token"": "" Many"", ""token_id"": 8732, ""probability"": 9.236752696040185e-09}, {""token"": "" Legs"", ""token_id"": 156403, ""probability"": 2.0609980388996973e-09}, {""token"": "" Two"", ""token_id"": 8512, ""probability"": 2.0609980388996973e-09}, {""token"": "" Typically"", ""token_id"": 50338, ""probability"": 1.250058501156559e-09}, {""token"": "" Usually"", ""token_id"": 34645, ""probability"": 9.735465766880225e-10}, {""token"": "" Some"", ""token_id"": 4943, ""probability"": 5.904858269012436e-10}, {""token"": "" Multiple"", ""token_id"": 34489, ""probability"": 2.789257713686766e-10}, {""token"": ""\n\n"", ""token_id"": 108, ""probability"": 2.172275970213633e-10}]"
L7,[7],"[14209, 137239]","[16, 16]",[42685],[16],0.8,1.25,False,joint,False,"[16.96796264648437, 26.664990234374994]",[157.83496856689453],"[67.87185668945312, 106.65998077392578, 157.83499145507812]",202.22468928593378, Eight,0.9999244213104248,2.3821895922537806e-07,0.9999244213104248,7.48461825423874e-05,-15.250000007921487,"[{""token"": "" Eight"", ""token_id"": 38923, ""probability"": 0.9999244213104248}, {""token"": "" Four"", ""token_id"": 13038, ""probability"": 7.48461825423874e-05}, {""token"": ""Eight"", ""token_id"": 80357, ""probability"": 5.043095256951347e-07}, {""token"": "" Six"", ""token_id"": 19759, ""probability"": 2.3821895922537806e-07}, {""token"": "" Many"", ""token_id"": 8732, ""probability"": 1.9554203589677854e-08}, {""token"": "" Legs"", ""token_id"": 156403, ""probability"": 4.36313252194509e-09}, {""token"": "" Two"", ""token_id"": 8512, ""probability"": 3.398010983701738e-09}, {""token"": "" Typically"", ""token_id"": 50338, ""probability"": 1.605106603186357e-09}, {""token"": "" Usually"", ""token_id"": 34645, ""probability"": 1.2500583901342566e-09}, {""token"": "" Some"", ""token_id"": 4943, ""probability"": 9.7354646566572e-10}, {""token"": "" Multiple"", ""token_id"": 34489, ""probability"": 4.598708081005043e-10}, {""token"": ""\n\n"", ""token_id"": 108, ""probability"": 4.598708081005043e-10}]"
L7,[7],"[14209, 137239]","[16, 16]",[42685],[16],0.8,1.5,False,joint,False,"[16.96796264648437, 26.664990234374994]",[189.40196228027344],"[67.87185668945312, 106.65998077392578, 189.40199279785156]",227.71924667222422, Eight,0.9999027252197266,5.042986117587134e-07,0.9999027252197266,9.610230335965753e-05,-14.49999998116417,"[{""token"": "" Eight"", ""token_id"": 38923, ""probability"": 0.9999027252197266}, {""token"": "" Four"", ""token_id"": 13038, ""probability"": 9.610230335965753e-05}, {""token"": ""Eight"", ""token_id"": 80357, ""probability"": 6.475322607002454e-07}, {""token"": "" Six"", ""token_id"": 19759, ""probability"": 5.042986117587134e-07}, {""token"": "" Many"", ""token_id"": 8732, ""probability"": 2.5107548040637084e-08}, {""token"": "" Legs"", ""token_id"": 156403, ""probability"": 7.1934334044954085e-09}, {""token"": "" Two"", ""token_id"": 8512, ""probability"": 3.397937264892903e-09}, {""token"": "" Typically"", ""token_id"": 50338, ""probability"": 2.0609529638448976e-09}, {""token"": "" Usually"", ""token_id"": 34645, ""probability"": 1.6050718532056862e-09}, {""token"": "" Some"", ""token_id"": 4943, ""probability"": 9.735253714282521e-10}, {""token"": ""\n\n"", ""token_id"": 108, ""probability"": 4.5986081609328266e-10}, {""token"": "" Several"", ""token_id"": 22624, ""probability"": 3.5813996213107657e-10}]"
L7,[7],"[14209, 137239]","[16, 16]",[42685],[16],1.0,0.0,False,spider_only,False,"[0.0, 0.0]",[0.0],"[84.8398208618164, 133.32498168945312, 0.0]",158.0295730120097, Eight,0.9999916553497314,8.76417516337824e-08,0.9999916553497314,7.889258995419368e-06,-16.249999991040703,"[{""token"": "" Eight"", ""token_id"": 38923, ""probability"": 0.9999916553497314}, {""token"": "" Four"", ""token_id"": 13038, ""probability"": 7.889258995419368e-06}, {""token"": ""Eight"", ""token_id"": 80357, ""probability"": 3.927830789507425e-07}, {""token"": "" Six"", ""token_id"": 19759, ""probability"": 8.76417516337824e-08}, {""token"": "" Many"", ""token_id"": 8732, ""probability"": 4.363426064912801e-09}, {""token"": "" Two"", ""token_id"": 8512, ""probability"": 9.736119688241729e-10}, {""token"": "" Legs"", ""token_id"": 156403, ""probability"": 5.905254618632227e-10}, {""token"": "" Usually"", ""token_id"": 34645, ""probability"": 2.789444786266415e-10}, {""token"": "" Some"", ""token_id"": 4943, ""probability"": 2.172421686985615e-10}, {""token"": "" Typically"", ""token_id"": 50338, ""probability"": 2.172421686985615e-10}, {""token"": "" Multiple"", ""token_id"": 34489, ""probability"": 2.172421686985615e-10}, {""token"": ""\n\n"", ""token_id"": 108, ""probability"": 1.6918838552371085e-10}]"
L7,[7],"[14209, 137239]","[16, 16]",[42685],[16],1.0,0.25,False,joint,False,"[0.0, 0.0]",[31.566993713378906],"[84.8398208618164, 133.32498168945312, 31.566997528076172]",161.15154755476496, Eight,0.9999717473983765,1.4449395280280442e-07,0.9999717473983765,2.7535672415979207e-05,-15.749999926384428,"[{""token"": "" Eight"", ""token_id"": 38923, ""probability"": 0.9999717473983765}, {""token"": "" Four"", ""token_id"": 13038, ""probability"": 2.7535672415979207e-05}, {""token"": ""Eight"", ""token_id"": 80357, ""probability"": 6.4757693962747e-07}, {""token"": "" Six"", ""token_id"": 19759, ""probability"": 1.4449395280280442e-07}, {""token"": "" Many"", ""token_id"": 8732, ""probability"": 7.193929896232021e-09}, {""token"": "" Two"", ""token_id"": 8512, ""probability"": 2.0610952944366545e-09}, {""token"": "" Legs"", ""token_id"": 156403, ""probability"": 9.73592539921242e-10}, {""token"": "" Typically"", ""token_id"": 50338, ""probability"": 4.5989256847178694e-10}, {""token"": "" Usually"", ""token_id"": 34645, ""probability"": 4.5989256847178694e-10}, {""token"": "" Some"", ""token_id"": 4943, ""probability"": 4.5989256847178694e-10}, {""token"": ""\n\n"", ""token_id"": 108, ""probability"": 3.581646645933745e-10}, {""token"": "" None"", ""token_id"": 5450, ""probability"": 2.789389275115184e-10}]"
L7,[7],"[14209, 137239]","[16, 16]",[42685],[16],1.0,0.5,False,joint,False,"[0.0, 0.0]",[63.13398742675781],"[84.8398208618164, 133.32498168945312, 63.133995056152344]",170.17416748175492, Eight,0.9999713897705078,1.8553383540620416e-07,0.9999713897705078,2.753566332103219e-05,-15.499999959781597,"[{""token"": "" Eight"", ""token_id"": 38923, ""probability"": 0.9999713897705078}, {""token"": "" Four"", ""token_id"": 13038, ""probability"": 2.753566332103219e-05}, {""token"": ""Eight"", ""token_id"": 80357, ""probability"": 8.315049058182922e-07}, {""token"": "" Six"", ""token_id"": 19759, ""probability"": 1.8553383540620416e-07}, {""token"": "" Many"", ""token_id"": 8732, ""probability"": 1.1860780801953297e-08}, {""token"": "" Two"", ""token_id"": 8512, ""probability"": 2.6464981317531056e-09}, {""token"": "" Legs"", ""token_id"": 156403, ""probability"": 1.605181987329729e-09}, {""token"": "" Typically"", ""token_id"": 50338, ""probability"": 9.735922068543346e-10}, {""token"": "" Usually"", ""token_id"": 34645, ""probability"": 9.735922068543346e-10}, {""token"": "" Some"", ""token_id"": 4943, ""probability"": 5.90513526965708e-10}, {""token"": ""\n\n"", ""token_id"": 108, ""probability"": 4.5989240193833325e-10}, {""token"": "" Zero"", ""token_id"": 31234, ""probability"": 3.58164553571072e-10}]"
L7,[7],"[14209, 137239]","[16, 16]",[42685],[16],1.0,0.75,False,joint,False,"[0.0, 0.0]",[94.70098114013672],"[84.8398208618164, 133.32498168945312, 94.70099639892578]",184.23252879257632, Eight,0.9999719858169556,1.4449398122451385e-07,0.9999719858169556,2.753567969193682e-05,-15.74999996811147,"[{""token"": "" Eight"", ""token_id"": 38923, ""probability"": 0.9999719858169556}, {""token"": "" Four"", ""token_id"": 13038, ""probability"": 2.753567969193682e-05}, {""token"": ""Eight"", ""token_id"": 80357, ""probability"": 3.927753482457774e-07}, {""token"": "" Six"", ""token_id"": 19759, ""probability"": 1.4449398122451385e-07}, {""token"": "" Many"", ""token_id"": 8732, ""probability"": 9.237191456179517e-09}, {""token"": "" Legs"", ""token_id"": 156403, ""probability"": 1.6051829865304512e-09}, {""token"": "" Two"", ""token_id"": 8512, ""probability"": 1.6051829865304512e-09}, {""token"": "" Typically"", ""token_id"": 50338, ""probability"": 7.582347527623767e-10}, {""token"": "" Usually"", ""token_id"": 34645, ""probability"": 5.905138600326154e-10}, {""token"": "" Some"", ""token_id"": 4943, ""probability"": 4.598926794940894e-10}, {""token"": "" Multiple"", ""token_id"": 34489, ""probability"": 2.789389830226696e-10}, {""token"": ""\n\n"", ""token_id"": 108, ""probability"": 2.172378943399167e-10}]"
L7,[7],"[14209, 137239]","[16, 16]",[42685],[16],1.0,1.0,False,joint,False,"[0.0, 0.0]",[126.26797485351562],"[84.8398208618164, 133.32498168945312, 126.26799011230469]",202.27938914619844, Eight,0.9999409914016724,2.3822290984298888e-07,0.9999409914016724,5.8291225286666304e-05,-15.24999999528893,"[{""token"": "" Eight"", ""token_id"": 38923, ""probability"": 0.9999409914016724}, {""token"": "" Four"", ""token_id"": 13038, ""probability"": 5.8291225286666304e-05}, {""token"": ""Eight"", ""token_id"": 80357, ""probability"": 5.043178816777072e-07}, {""token"": "" Six"", ""token_id"": 19759, ""probability"": 2.3822290984298888e-07}, {""token"": "" Many"", ""token_id"": 8732, ""probability"": 9.236904574549953e-09}, {""token"": "" Legs"", ""token_id"": 156403, ""probability"": 4.363204908486296e-09}, {""token"": "" Two"", ""token_id"": 8512, ""probability"": 2.061031789679646e-09}, {""token"": "" Typically"", ""token_id"": 50338, ""probability"": 9.735626749218795e-10}, {""token"": "" Usually"", ""token_id"": 34645, ""probability"": 7.582112715454059e-10}, {""token"": "" Some"", ""token_id"": 4943, ""probability"": 5.904955413527091e-10}, {""token"": "" Multiple"", ""token_id"": 34489, ""probability"": 2.7893035103865316e-10}, {""token"": ""\n\n"", ""token_id"": 108, ""probability"": 2.7893035103865316e-10}]"
L7,[7],"[14209, 137239]","[16, 16]",[42685],[16],1.0,1.25,False,joint,False,"[0.0, 0.0]",[157.83496856689453],"[84.8398208618164, 133.32498168945312, 157.83499145507812]",223.3500178508672, Eight,0.9999243021011353,3.058791548937734e-07,0.9999243021011353,7.484616799047217e-05,-15.000000030878642,"[{""token"": "" Eight"", ""token_id"": 38923, ""probability"": 0.9999243021011353}, {""token"": "" Four"", ""token_id"": 13038, ""probability"": 7.484616799047217e-05}, {""token"": ""Eight"", ""token_id"": 80357, ""probability"": 5.043094688517158e-07}, {""token"": "" Six"", ""token_id"": 19759, ""probability"": 3.058791548937734e-07}, {""token"": "" Many"", ""token_id"": 8732, ""probability"": 1.5228827976443426e-08}, {""token"": "" Legs"", ""token_id"": 156403, ""probability"": 4.36313207785588e-09}, {""token"": "" Two"", ""token_id"": 8512, ""probability"": 3.398010761657133e-09}, {""token"": "" Typically"", ""token_id"": 50338, ""probability"": 1.6051064921640545e-09}, {""token"": "" Usually"", ""token_id"": 34645, ""probability"": 1.2500582791119541e-09}, {""token"": "" Some"", ""token_id"": 4943, ""probability"": 9.735463546434175e-10}, {""token"": ""\n\n"", ""token_id"": 108, ""probability"": 4.5987075258935306e-10}, {""token"": "" Multiple"", ""token_id"": 34489, ""probability"": 3.581476781810977e-10}]"
L7,[7],"[14209, 137239]","[16, 16]",[42685],[16],1.0,1.5,False,joint,False,"[0.0, 0.0]",[189.40196228027344],"[84.8398208618164, 133.32498168945312, 189.40199279785156]",246.6707538849215, Eight,0.9999241828918457,3.927565614958439e-07,0.9999241828918457,7.484616071451455e-05,-14.750000033422065,"[{""token"": "" Eight"", ""token_id"": 38923, ""probability"": 0.9999241828918457}, {""token"": "" Four"", ""token_id"": 13038, ""probability"": 7.484616071451455e-05}, {""token"": ""Eight"", ""token_id"": 80357, ""probability"": 6.475461304944474e-07}, {""token"": "" Six"", ""token_id"": 19759, ""probability"": 3.927565614958439e-07}, {""token"": "" Many"", ""token_id"": 8732, ""probability"": 2.5108086276759423e-08}, {""token"": "" Legs"", ""token_id"": 156403, ""probability"": 7.193587947540436e-09}, {""token"": "" Two"", ""token_id"": 8512, ""probability"": 3.3980103175679233e-09}, {""token"": "" Typically"", ""token_id"": 50338, ""probability"": 2.0609971507212776e-09}, {""token"": "" Usually"", ""token_id"": 34645, ""probability"": 1.2500580570673492e-09}, {""token"": "" Some"", ""token_id"": 4943, ""probability"": 9.73546243621115e-10}, {""token"": "" Multiple"", ""token_id"": 34489, ""probability"": 4.5987069707820183e-10}, {""token"": ""\n\n"", ""token_id"": 108, ""probability"": 4.5987069707820183e-10}]"
L22,[22],"[23422, 23422, 60476]","[16, 21, 16]","[1703, 197021]","[16, 16]",0.0,0.0,False,unmodified,False,"[1855.89599609375, 1739.02099609375, 562.7435913085938]","[0.0, 0.0]","[3.0517578125e-05, 3.0517578125e-05, 0.0, 0.0, 0.0]",4.315837287515549e-05, Eight,0.999982476234436,1.1253320053583593e-07,0.999982476234436,1.6701407730579376e-05,-16.000000019046855,"[{""token"": "" Eight"", ""token_id"": 38923, ""probability"": 0.999982476234436}, {""token"": "" Four"", ""token_id"": 13038, ""probability"": 1.6701407730579376e-05}, {""token"": ""Eight"", ""token_id"": 80357, ""probability"": 6.47583874524571e-07}, {""token"": "" Six"", ""token_id"": 19759, ""probability"": 1.1253320053583593e-07}, {""token"": "" Many"", ""token_id"": 8732, ""probability"": 4.3633860968839144e-09}, {""token"": "" Two"", ""token_id"": 8512, ""probability"": 1.6051998619204255e-09}, {""token"": "" Legs"", ""token_id"": 156403, ""probability"": 5.905200772815533e-10}, {""token"": "" None"", ""token_id"": 5450, ""probability"": 2.789419251136849e-10}, {""token"": "" Typically"", ""token_id"": 50338, ""probability"": 2.789419251136849e-10}, {""token"": "" Usually"", ""token_id"": 34645, ""probability"": 2.789419251136849e-10}, {""token"": "" Some"", ""token_id"": 4943, ""probability"": 2.789419251136849e-10}, {""token"": ""\n\n"", ""token_id"": 108, ""probability"": 2.789419251136849e-10}]"
L22,[22],"[23422, 23422, 60476]","[16, 21, 16]","[1703, 197021]","[16, 16]",0.0,0.25,False,ant_only,False,"[1855.89599609375, 1739.02099609375, 562.7435913085938]","[455.77888107299805, 90.10985374450684]","[3.0517578125e-05, 3.0517578125e-05, 0.0, 455.7789306640625, 90.10985565185547]",464.6011404666118, Eight,0.9999775886535645,1.444947912432326e-07,0.9999775886535645,2.1444928279379383e-05,-15.749999965205687,"[{""token"": "" Eight"", ""token_id"": 38923, ""probability"": 0.9999775886535645}, {""token"": "" Four"", ""token_id"": 13038, ""probability"": 2.1444928279379383e-05}, {""token"": ""Eight"", ""token_id"": 80357, ""probability"": 8.315100785694085e-07}, {""token"": "" Six"", ""token_id"": 19759, ""probability"": 1.444947912432326e-07}, {""token"": "" Many"", ""token_id"": 8732, ""probability"": 5.602670771764906e-09}, {""token"": "" Two"", ""token_id"": 8512, ""probability"": 2.0611072848453205e-09}, {""token"": "" Legs"", ""token_id"": 156403, ""probability"": 9.735982020586675e-10}, {""token"": "" Typically"", ""token_id"": 50338, ""probability"": 3.5816677401712127e-10}, {""token"": "" None"", ""token_id"": 5450, ""probability"": 3.5816677401712127e-10}, {""token"": ""\n\n"", ""token_id"": 108, ""probability"": 3.5816677401712127e-10}, {""token"": "" Usually"", ""token_id"": 34645, ""probability"": 3.5816677401712127e-10}, {""token"": "" Some"", ""token_id"": 4943, ""probability"": 2.789405650904797e-10}]"
L22,[22],"[23422, 23422, 60476]","[16, 21, 16]","[1703, 197021]","[16, 16]",0.0,0.5,False,ant_only,False,"[1855.89599609375, 1739.02099609375, 562.7435913085938]","[911.5577621459961, 180.21970748901367]","[3.0517578125e-05, 3.0517578125e-05, 0.0, 911.557861328125, 180.21971130371094]",929.2022809332207, Eight,0.999982476234436,1.1253320053583593e-07,0.999982476234436,1.6701407730579376e-05,-16.000000019046855,"[{""token"": "" Eight"", ""token_id"": 38923, ""probability"": 0.999982476234436}, {""token"": "" Four"", ""token_id"": 13038, ""probability"": 1.6701407730579376e-05}, {""token"": ""Eight"", ""token_id"": 80357, ""probability"": 6.47583874524571e-07}, {""token"": "" Six"", ""token_id"": 19759, ""probability"": 1.1253320053583593e-07}, {""token"": "" Many"", ""token_id"": 8732, ""probability"": 4.3633860968839144e-09}, {""token"": "" Two"", ""token_id"": 8512, ""probability"": 1.250130998720067e-09}, {""token"": "" Legs"", ""token_id"": 156403, ""probability"": 7.58242746368154e-10}, {""token"": "" None"", ""token_id"": 5450, ""probability"": 2.789419251136849e-10}, {""token"": "" Typically"", ""token_id"": 50338, ""probability"": 2.789419251136849e-10}, {""token"": "" Usually"", ""token_id"": 34645, ""probability"": 2.789419251136849e-10}, {""token"": "" Some"", ""token_id"": 4943, ""probability"": 2.789419251136849e-10}, {""token"": ""\n\n"", ""token_id"": 108, ""probability"": 2.789419251136849e-10}]"
L22,[22],"[23422, 23422, 60476]","[16, 21, 16]","[1703, 197021]","[16, 16]",0.0,0.75,False,ant_only,False,"[1855.89599609375, 1739.02099609375, 562.7435913085938]","[1367.3366432189941, 270.3295612335205]","[3.0517578125e-05, 3.0517578125e-05, 0.0, 1367.3369140625, 270.3295593261719]",1393.8035396724479, Eight,0.9999861717224121,1.1253361975605003e-07,0.9999861717224121,1.3007117559027392e-05,-15.999999989297198,"[{""token"": "" Eight"", ""token_id"": 38923, ""probability"": 0.9999861717224121}, {""token"": "" Four"", ""token_id"": 13038, ""probability"": 1.3007117559027392e-05}, {""token"": ""Eight"", ""token_id"": 80357, ""probability"": 6.475862619481632e-07}, {""token"": "" Six"", ""token_id"": 19759, ""probability"": 1.1253361975605003e-07}, {""token"": "" Many"", ""token_id"": 8732, ""probability"": 4.363402084095469e-09}, {""token"": "" Two"", ""token_id"": 8512, ""probability"": 1.250135550634468e-09}, {""token"": "" Legs"", ""token_id"": 156403, ""probability"": 5.905222422164513e-10}, {""token"": "" Typically"", ""token_id"": 50338, ""probability"": 2.7894295206998265e-10}, {""token"": "" None"", ""token_id"": 5450, ""probability"": 2.7894295206998265e-10}, {""token"": ""\n\n"", ""token_id"": 108, ""probability"": 2.7894295206998265e-10}, {""token"": "" Usually"", ""token_id"": 34645, ""probability"": 2.7894295206998265e-10}, {""token"": "" Some"", ""token_id"": 4943, ""probability"": 2.1724098908659784e-10}]"
L22,[22],"[23422, 23422, 60476]","[16, 21, 16]","[1703, 197021]","[16, 16]",0.0,1.0,False,ant_only,False,"[1855.89599609375, 1739.02099609375, 562.7435913085938]","[1823.1155242919922, 360.43941497802734]","[3.0517578125e-05, 3.0517578125e-05, 0.0, 1823.11572265625, 360.4394226074219]",1858.4045618664397, Eight,0.9999823570251465,1.4449548757511366e-07,0.9999823570251465,1.6701405911589973e-05,-15.749999914604915,"[{""token"": "" Eight"", ""token_id"": 38923, ""probability"": 0.9999823570251465}, {""token"": "" Four"", ""token_id"": 13038, ""probability"": 1.6701405911589973e-05}, {""token"": ""Eight"", ""token_id"": 80357, ""probability"": 8.315140576087288e-07}, {""token"": "" Six"", ""token_id"": 19759, ""probability"": 1.4449548757511366e-07}, {""token"": "" Many"", ""token_id"": 8732, ""probability"": 5.602697417117497e-09}, {""token"": "" Two"", ""token_id"": 8512, ""probability"": 1.6051996398758206e-09}, {""token"": "" Legs"", ""token_id"": 156403, ""probability"": 7.582426353458516e-10}, {""token"": "" Typically"", ""token_id"": 50338, ""probability"": 3.581684671072338e-10}, {""token"": "" None"", ""token_id"": 5450, ""probability"": 3.581684671072338e-10}, {""token"": ""\n\n"", ""token_id"": 108, ""probability"": 3.581684671072338e-10}, {""token"": "" Usually"", ""token_id"": 34645, ""probability"": 3.581684671072338e-10}, {""token"": "" Some"", ""token_id"": 4943, ""probability"": 2.7894189735810926e-10}]"
L22,[22],"[23422, 23422, 60476]","[16, 21, 16]","[1703, 197021]","[16, 16]",0.0,1.25,False,ant_only,False,"[1855.89599609375, 1739.02099609375, 562.7435913085938]","[2278.8944053649902, 450.5492687225342]","[3.0517578125e-05, 3.0517578125e-05, 0.0, 2278.894775390625, 450.54925537109375]",2323.00581764621, Eight,0.9999774694442749,1.8553497227458138e-07,0.9999774694442749,2.1444924641400576e-05,-15.499999912076776,"[{""token"": "" Eight"", ""token_id"": 38923, ""probability"": 0.9999774694442749}, {""token"": "" Four"", ""token_id"": 13038, ""probability"": 2.1444924641400576e-05}, {""token"": ""Eight"", ""token_id"": 80357, ""probability"": 8.315099648825708e-07}, {""token"": "" Six"", ""token_id"": 19759, ""probability"": 1.8553497227458138e-07}, {""token"": "" Many"", ""token_id"": 8732, ""probability"": 5.602670327675696e-09}, {""token"": "" Two"", ""token_id"": 8512, ""probability"": 2.0611070628007155e-09}, {""token"": "" Legs"", ""token_id"": 156403, ""probability"": 7.582389160987191e-10}, {""token"": "" None"", ""token_id"": 5450, ""probability"": 4.5989520525147043e-10}, {""token"": "" Typically"", ""token_id"": 50338, ""probability"": 4.5989520525147043e-10}, {""token"": ""\n\n"", ""token_id"": 108, ""probability"": 3.5816671850597004e-10}, {""token"": "" Some"", ""token_id"": 4943, ""probability"": 3.5816671850597004e-10}, {""token"": "" Zero"", ""token_id"": 31234, ""probability"": 3.5816671850597004e-10}]"
L22,[22],"[23422, 23422, 60476]","[16, 21, 16]","[1703, 197021]","[16, 16]",0.0,1.5,False,ant_only,False,"[1855.89599609375, 1739.02099609375, 562.7435913085938]","[2734.6732864379883, 540.659122467041]","[3.0517578125e-05, 3.0517578125e-05, 0.0, 2734.673828125, 540.6591186523438]",2787.6070793448944, Eight,0.9999774694442749,1.8553497227458138e-07,0.9999774694442749,2.1444924641400576e-05,-15.499999912076776,"[{""token"": "" Eight"", ""token_id"": 38923, ""probability"": 0.9999774694442749}, {""token"": "" Four"", ""token_id"": 13038, ""probability"": 2.1444924641400576e-05}, {""token"": ""Eight"", ""token_id"": 80357, ""probability"": 8.315099648825708e-07}, {""token"": "" Six"", ""token_id"": 19759, ""probability"": 1.8553497227458138e-07}, {""token"": "" Many"", ""token_id"": 8732, ""probability"": 5.602670327675696e-09}, {""token"": "" Two"", ""token_id"": 8512, ""probability"": 2.0611070628007155e-09}, {""token"": "" Legs"", ""token_id"": 156403, ""probability"": 7.582389160987191e-10}, {""token"": "" None"", ""token_id"": 5450, ""probability"": 4.5989520525147043e-10}, {""token"": "" Typically"", ""token_id"": 50338, ""probability"": 4.5989520525147043e-10}, {""token"": ""\n\n"", ""token_id"": 108, ""probability"": 3.5816671850597004e-10}, {""token"": "" Some"", ""token_id"": 4943, ""probability"": 3.5816671850597004e-10}, {""token"": "" Zero"", ""token_id"": 31234, ""probability"": 3.5816671850597004e-10}]"
L22,[22],"[23422, 23422, 60476]","[16, 21, 16]","[1703, 197021]","[16, 16]",0.2,0.0,False,spider_only,False,"[1484.716796875, 1391.216796875, 450.19487304687505]","[0.0, 0.0]","[371.17919921875, 347.80419921875, 112.54872131347656, 0.0, 0.0]",520.9692635810361, Eight,0.9999861717224121,1.4449602758759283e-07,0.9999861717224121,1.3007117559027392e-05,-15.749999992141905,"[{""token"": "" Eight"", ""token_id"": 38923, ""probability"": 0.9999861717224121}, {""token"": "" Four"", ""token_id"": 13038, ""probability"": 1.3007117559027392e-05}, {""token"": ""Eight"", ""token_id"": 80357, ""probability"": 6.475862619481632e-07}, {""token"": "" Six"", ""token_id"": 19759, ""probability"": 1.4449602758759283e-07}, {""token"": "" Many"", ""token_id"": 8732, ""probability"": 4.363402084095469e-09}, {""token"": "" Two"", ""token_id"": 8512, ""probability"": 1.605205746102456e-09}, {""token"": "" Legs"", ""token_id"": 156403, ""probability"": 7.582455219257156e-10}, {""token"": "" Typically"", ""token_id"": 50338, ""probability"": 3.581698548860146e-10}, {""token"": "" None"", ""token_id"": 5450, ""probability"": 3.581698548860146e-10}, {""token"": ""\n\n"", ""token_id"": 108, ""probability"": 3.581698548860146e-10}, {""token"": "" Usually"", ""token_id"": 34645, ""probability"": 3.581698548860146e-10}, {""token"": "" Some"", ""token_id"": 4943, ""probability"": 2.7894295206998265e-10}]"
L22,[22],"[23422, 23422, 60476]","[16, 21, 16]","[1703, 197021]","[16, 16]",0.2,0.25,False,joint,False,"[1484.716796875, 1391.216796875, 450.19487304687505]","[455.77888107299805, 90.10985374450684]","[371.17919921875, 347.80419921875, 112.54872131347656, 455.7789306640625, 90.10985565185547]",698.0424008031615, Eight,0.999985933303833,1.8553653546860005e-07,0.999985933303833,1.3007114830543287e-05,-15.499999950793198,"[{""token"": "" Eight"", ""token_id"": 38923, ""probability"": 0.999985933303833}, {""token"": "" Four"", ""token_id"": 13038, ""probability"": 1.3007114830543287e-05}, {""token"": ""Eight"", ""token_id"": 80357, ""probability"": 8.315170134665095e-07}, {""token"": "" Six"", ""token_id"": 19759, ""probability"": 1.8553653546860005e-07}, {""token"": "" Many"", ""token_id"": 8732, ""probability"": 7.194032036750286e-09}, {""token"": "" Two"", ""token_id"": 8512, ""probability"": 2.0611243822798997e-09}, {""token"": "" Legs"", ""token_id"": 156403, ""probability"": 7.582453553922619e-10}, {""token"": "" None"", ""token_id"": 5450, ""probability"": 4.598990910320566e-10}, {""token"": "" Usually"", ""token_id"": 34645, ""probability"": 4.598990910320566e-10}, {""token"": "" Typically"", ""token_id"": 50338, ""probability"": 4.598990910320566e-10}, {""token"": "" Some"", ""token_id"": 4943, ""probability"": 3.5816974386371214e-10}, {""token"": ""\n\n"", ""token_id"": 108, ""probability"": 3.5816974386371214e-10}]"
L22,[22],"[23422, 23422, 60476]","[16, 21, 16]","[1703, 197021]","[16, 16]",0.2,0.5,False,joint,False,"[1484.716796875, 1391.216796875, 450.19487304687505]","[911.5577621459961, 180.21970748901367]","[371.17919921875, 347.80419921875, 112.54872131347656, 911.557861328125, 180.21971130371094]",1065.282053020544, Eight,0.9999860525131226,1.4449601337673812e-07,0.9999860525131226,1.300711664953269e-05,-15.749999971278683,"[{""token"": "" Eight"", ""token_id"": 38923, ""probability"": 0.9999860525131226}, {""token"": "" Four"", ""token_id"": 13038, ""probability"": 1.300711664953269e-05}, {""token"": ""Eight"", ""token_id"": 80357, ""probability"": 8.315171271533472e-07}, {""token"": "" Six"", ""token_id"": 19759, ""probability"": 1.4449601337673812e-07}, {""token"": "" Many"", ""token_id"": 8732, ""probability"": 5.60271828931036e-09}, {""token"": "" Two"", ""token_id"": 8512, ""probability"": 1.6052055240578511e-09}, {""token"": "" Legs"", ""token_id"": 156403, ""probability"": 9.736065287313522e-10}, {""token"": "" None"", ""token_id"": 5450, ""probability"": 4.5989914654320785e-10}, {""token"": ""\n\n"", ""token_id"": 108, ""probability"": 3.5816979937486337e-10}, {""token"": "" Typically"", ""token_id"": 50338, ""probability"": 3.5816979937486337e-10}, {""token"": "" Usually"", ""token_id"": 34645, ""probability"": 3.5816979937486337e-10}, {""token"": "" Some"", ""token_id"": 4943, ""probability"": 2.7894292431440704e-10}]"
L22,[22],"[23422, 23422, 60476]","[16, 21, 16]","[1703, 197021]","[16, 16]",0.2,0.75,False,joint,False,"[1484.716796875, 1391.216796875, 450.19487304687505]","[1367.3366432189941, 270.3295612335205]","[371.17919921875, 347.80419921875, 112.54872131347656, 1367.3369140625, 270.3295593261719]",1487.9843012611423, Eight,0.9999822378158569,2.382327295435971e-07,0.9999822378158569,1.670140409260057e-05,-15.25000002349682,"[{""token"": "" Eight"", ""token_id"": 38923, ""probability"": 0.9999822378158569}, {""token"": "" Four"", ""token_id"": 13038, ""probability"": 1.670140409260057e-05}, {""token"": ""Eight"", ""token_id"": 80357, ""probability"": 8.31513943921891e-07}, {""token"": "" Six"", ""token_id"": 19759, ""probability"": 2.382327295435971e-07}, {""token"": "" Many"", ""token_id"": 8732, ""probability"": 7.194005391397695e-09}, {""token"": "" Two"", ""token_id"": 8512, ""probability"": 2.0611168327633322e-09}, {""token"": "" Legs"", ""token_id"": 156403, ""probability"": 7.582425243235491e-10}, {""token"": "" None"", ""token_id"": 5450, ""probability"": 4.5989739794194406e-10}, {""token"": "" Typically"", ""token_id"": 50338, ""probability"": 4.5989739794194406e-10}, {""token"": ""\n\n"", ""token_id"": 108, ""probability"": 3.581684393516582e-10}, {""token"": "" Some"", ""token_id"": 4943, ""probability"": 3.581684393516582e-10}, {""token"": "" Zero"", ""token_id"": 31234, ""probability"": 3.581684393516582e-10}]"
L22,[22],"[23422, 23422, 60476]","[16, 21, 16]","[1703, 197021]","[16, 16]",0.2,1.0,False,joint,False,"[1484.716796875, 1391.216796875, 450.19487304687505]","[1823.1155242919922, 360.43941497802734]","[371.17919921875, 347.80419921875, 112.54872131347656, 1823.11572265625, 360.4394226074219]",1930.0457220392886, Eight,0.9999890327453613,1.8553711811364337e-07,0.9999890327453613,1.0129982001672033e-05,-15.499999909953333,"[{""token"": "" Eight"", ""token_id"": 38923, ""probability"": 0.9999890327453613}, {""token"": "" Four"", ""token_id"": 13038, ""probability"": 1.0129982001672033e-05}, {""token"": ""Eight"", ""token_id"": 80357, ""probability"": 6.475881377809856e-07}, {""token"": "" Six"", ""token_id"": 19759, ""probability"": 1.8553711811364337e-07}, {""token"": "" Many"", ""token_id"": 8732, ""probability"": 4.363414518593345e-09}, {""token"": "" Two"", ""token_id"": 8512, ""probability"": 1.605210298016857e-09}, {""token"": "" Legs"", ""token_id"": 156403, ""probability"": 5.905239075509883e-10}, {""token"": "" None"", ""token_id"": 5450, ""probability"": 3.5817085408673677e-10}, {""token"": "" Typically"", ""token_id"": 50338, ""probability"": 3.5817085408673677e-10}, {""token"": ""\n\n"", ""token_id"": 108, ""probability"": 2.789437569816755e-10}, {""token"": "" Zero"", ""token_id"": 31234, ""probability"": 2.789437569816755e-10}, {""token"": "" Usually"", ""token_id"": 34645, ""probability"": 2.789437569816755e-10}]"
L22,[22],"[23422, 23422, 60476]","[16, 21, 16]","[1703, 197021]","[16, 16]",0.2,1.25,False,joint,False,"[1484.716796875, 1391.216796875, 450.19487304687505]","[2278.8944053649902, 450.5492687225342]","[371.17919921875, 347.80419921875, 112.54872131347656, 2278.894775390625, 450.54925537109375]",2380.7068283210137, Eight,0.9999822378158569,2.382327295435971e-07,0.9999822378158569,1.670140409260057e-05,-15.25000002349682,"[{""token"": "" Eight"", ""token_id"": 38923, ""probability"": 0.9999822378158569}, {""token"": "" Four"", ""token_id"": 13038, ""probability"": 1.670140409260057e-05}, {""token"": ""Eight"", ""token_id"": 80357, ""probability"": 8.31513943921891e-07}, {""token"": "" Six"", ""token_id"": 19759, ""probability"": 2.382327295435971e-07}, {""token"": "" Many"", ""token_id"": 8732, ""probability"": 7.194005391397695e-09}, {""token"": "" Two"", ""token_id"": 8512, ""probability"": 2.0611168327633322e-09}, {""token"": "" Legs"", ""token_id"": 156403, ""probability"": 7.582425243235491e-10}, {""token"": "" None"", ""token_id"": 5450, ""probability"": 4.5989739794194406e-10}, {""token"": "" Usually"", ""token_id"": 34645, ""probability"": 4.5989739794194406e-10}, {""token"": "" Typically"", ""token_id"": 50338, ""probability"": 4.5989739794194406e-10}, {""token"": "" Some"", ""token_id"": 4943, ""probability"": 3.581684393516582e-10}, {""token"": ""\n\n"", ""token_id"": 108, ""probability"": 3.581684393516582e-10}]"
L22,[22],"[23422, 23422, 60476]","[16, 21, 16]","[1703, 197021]","[16, 16]",0.2,1.5,False,joint,False,"[1484.716796875, 1391.216796875, 450.19487304687505]","[2734.6732864379883, 540.659122467041]","[371.17919921875, 347.80419921875, 112.54872131347656, 2734.673828125, 540.6591186523438]",2835.8706251184904, Eight,0.9999860525131226,2.3823363903829886e-07,0.9999860525131226,1.300711664953269e-05,-15.250000020588676,"[{""token"": "" Eight"", ""token_id"": 38923, ""probability"": 0.9999860525131226}, {""token"": "" Four"", ""token_id"": 13038, ""probability"": 1.300711664953269e-05}, {""token"": ""Eight"", ""token_id"": 80357, ""probability"": 6.475862051047443e-07}, {""token"": "" Six"", ""token_id"": 19759, ""probability"": 2.3823363903829886e-07}, {""token"": "" Many"", ""token_id"": 8732, ""probability"": 5.60271828931036e-09}, {""token"": "" Two"", ""token_id"": 8512, ""probability"": 2.0611248263691095e-09}, {""token"": "" Legs"", ""token_id"": 156403, ""probability"": 5.905221867053001e-10}, {""token"": "" Typically"", ""token_id"": 50338, ""probability"": 3.5816979937486337e-10}, {""token"": "" None"", ""token_id"": 5450, ""probability"": 3.5816979937486337e-10}, {""token"": ""\n\n"", ""token_id"": 108, ""probability"": 3.5816979937486337e-10}, {""token"": "" Usually"", ""token_id"": 34645, ""probability"": 3.5816979937486337e-10}, {""token"": "" Some"", ""token_id"": 4943, ""probability"": 2.7894292431440704e-10}]"
L22,[22],"[23422, 23422, 60476]","[16, 21, 16]","[1703, 197021]","[16, 16]",0.4,0.0,False,spider_only,False,"[1113.53759765625, 1043.41259765625, 337.6461547851562]","[0.0, 0.0]","[742.3584594726562, 695.6084594726562, 225.09744262695312, 0.0, 0.0]",1041.9386113959554, Eight,0.9999910593032837,1.8553748759586597e-07,0.9999910593032837,7.889253538451158e-06,-15.499999945113977,"[{""token"": "" Eight"", ""token_id"": 38923, ""probability"": 0.9999910593032837}, {""token"": "" Four"", ""token_id"": 13038, ""probability"": 7.889253538451158e-06}, {""token"": ""Eight"", ""token_id"": 80357, ""probability"": 8.315212767229241e-07}, {""token"": "" Six"", ""token_id"": 19759, ""probability"": 1.8553748759586597e-07}, {""token"": "" Many"", ""token_id"": 8732, ""probability"": 5.6027462669305805e-09}, {""token"": "" Two"", ""token_id"": 8512, ""probability"": 1.6052136286859309e-09}, {""token"": "" Legs"", ""token_id"": 156403, ""probability"": 7.582492411728481e-10}, {""token"": "" None"", ""token_id"": 5450, ""probability"": 3.581716034872784e-10}, {""token"": "" Usually"", ""token_id"": 34645, ""probability"": 3.581716034872784e-10}, {""token"": "" Typically"", ""token_id"": 50338, ""probability"": 3.581716034872784e-10}, {""token"": "" Some"", ""token_id"": 4943, ""probability"": 2.789443120931878e-10}, {""token"": ""\n\n"", ""token_id"": 108, ""probability"": 2.789443120931878e-10}]"
L22,[22],"[23422, 23422, 60476]","[16, 21, 16]","[1703, 197021]","[16, 16]",0.4,0.25,False,joint,False,"[1113.53759765625, 1043.41259765625, 337.6461547851562]","[455.77888107299805, 90.10985374450684]","[742.3584594726562, 695.6084594726562, 225.09744262695312, 455.7789306640625, 90.10985565185547]",1140.8287731472267, Eight,0.9999911785125732,2.3823486117180437e-07,0.9999911785125732,7.88925444794586e-06,-15.250000016680895,"[{""token"": "" Eight"", ""token_id"": 38923, ""probability"": 0.9999911785125732}, {""token"": "" Four"", ""token_id"": 13038, ""probability"": 7.88925444794586e-06}, {""token"": ""Eight"", ""token_id"": 80357, ""probability"": 6.475895588664571e-07}, {""token"": "" Six"", ""token_id"": 19759, ""probability"": 2.3823486117180437e-07}, {""token"": "" Many"", ""token_id"": 8732, ""probability"": 5.602747155109e-09}, {""token"": "" Two"", ""token_id"": 8512, ""probability"": 1.6052137397082333e-09}, {""token"": "" Legs"", ""token_id"": 156403, ""probability"": 5.905251843074666e-10}, {""token"": "" None"", ""token_id"": 5450, ""probability"": 4.599015057671352e-10}, {""token"": "" Usually"", ""token_id"": 34645, ""probability"": 2.7894433984876343e-10}, {""token"": "" Zero"", ""token_id"": 31234, ""probability"": 2.7894433984876343e-10}, {""token"": ""\n\n"", ""token_id"": 108, ""probability"": 2.7894433984876343e-10}, {""token"": "" Some"", ""token_id"": 4943, ""probability"": 2.7894433984876343e-10}]"
L22,[22],"[23422, 23422, 60476]","[16, 21, 16]","[1703, 197021]","[16, 16]",0.4,0.5,False,joint,False,"[1113.53759765625, 1043.41259765625, 337.6461547851562]","[911.5577621459961, 180.21970748901367]","[742.3584594726562, 695.6084594726562, 225.09744262695312, 911.557861328125, 180.21971130371094]",1396.0848644725113, Eight,0.9999911785125732,2.3823486117180437e-07,0.9999911785125732,7.88925444794586e-06,-15.250000016680895,"[{""token"": "" Eight"", ""token_id"": 38923, ""probability"": 0.9999911785125732}, {""token"": "" Four"", ""token_id"": 13038, ""probability"": 7.88925444794586e-06}, {""token"": ""Eight"", ""token_id"": 80357, ""probability"": 6.475895588664571e-07}, {""token"": "" Six"", ""token_id"": 19759, ""probability"": 2.3823486117180437e-07}, {""token"": "" Many"", ""token_id"": 8732, ""probability"": 5.602747155109e-09}, {""token"": "" Two"", ""token_id"": 8512, ""probability"": 2.061135262465541e-09}, {""token"": "" Legs"", ""token_id"": 156403, ""probability"": 5.905251843074666e-10}, {""token"": "" None"", ""token_id"": 5450, ""probability"": 3.58171631242854e-10}, {""token"": "" Usually"", ""token_id"": 34645, ""probability"": 2.7894433984876343e-10}, {""token"": "" Zero"", ""token_id"": 31234, ""probability"": 2.7894433984876343e-10}, {""token"": ""\n\n"", ""token_id"": 108, ""probability"": 2.7894433984876343e-10}, {""token"": "" Some"", ""token_id"": 4943, ""probability"": 2.7894433984876343e-10}]"
L22,[22],"[23422, 23422, 60476]","[16, 21, 16]","[1703, 197021]","[16, 16]",0.4,0.75,False,joint,False,"[1113.53759765625, 1043.41259765625, 337.6461547851562]","[1367.3366432189941, 270.3295612335205]","[742.3584594726562, 695.6084594726562, 225.09744262695312, 1367.3369140625, 270.3295593261719]",1740.208141896013, Eight,0.9999890327453613,2.3823434958103462e-07,0.9999890327453613,1.0129982001672033e-05,-15.250000018316706,"[{""token"": "" Eight"", ""token_id"": 38923, ""probability"": 0.9999890327453613}, {""token"": "" Four"", ""token_id"": 13038, ""probability"": 1.0129982001672033e-05}, {""token"": ""Eight"", ""token_id"": 80357, ""probability"": 6.475881377809856e-07}, {""token"": "" Six"", ""token_id"": 19759, ""probability"": 2.3823434958103462e-07}, {""token"": "" Many"", ""token_id"": 8732, ""probability"": 7.194054241210779e-09}, {""token"": "" Two"", ""token_id"": 8512, ""probability"": 2.0611308215734425e-09}, {""token"": "" Legs"", ""token_id"": 156403, ""probability"": 7.582476868606136e-10}, {""token"": "" None"", ""token_id"": 5450, ""probability"": 4.59900506566413e-10}, {""token"": "" Typically"", ""token_id"": 50338, ""probability"": 3.5817085408673677e-10}, {""token"": "" Usually"", ""token_id"": 34645, ""probability"": 3.5817085408673677e-10}, {""token"": ""\n\n"", ""token_id"": 108, ""probability"": 3.5817085408673677e-10}, {""token"": "" Zero"", ""token_id"": 31234, ""probability"": 3.5817085408673677e-10}]"
L22,[22],"[23422, 23422, 60476]","[16, 21, 16]","[1703, 197021]","[16, 16]",0.4,1.0,False,joint,False,"[1113.53759765625, 1043.41259765625, 337.6461547851562]","[1823.1155242919922, 360.43941497802734]","[742.3584594726562, 695.6084594726562, 225.09744262695312, 1823.11572265625, 360.4394226074219]",2130.564147235122, Eight,0.9999910593032837,3.0589959010285384e-07,0.9999910593032837,7.889253538451158e-06,-14.999999985024823,"[{""token"": "" Eight"", ""token_id"": 38923, ""probability"": 0.9999910593032837}, {""token"": "" Four"", ""token_id"": 13038, ""probability"": 7.889253538451158e-06}, {""token"": ""Eight"", ""token_id"": 80357, ""probability"": 6.475894451796194e-07}, {""token"": "" Six"", ""token_id"": 19759, ""probability"": 3.0589959010285384e-07}, {""token"": "" Many"", ""token_id"": 8732, ""probability"": 5.6027462669305805e-09}, {""token"": "" Two"", ""token_id"": 8512, ""probability"": 2.061135040420936e-09}, {""token"": "" Legs"", ""token_id"": 156403, ""probability"": 7.582492411728481e-10}, {""token"": "" None"", ""token_id"": 5450, ""probability"": 4.5990145025598395e-10}, {""token"": "" Usually"", ""token_id"": 34645, ""probability"": 3.581716034872784e-10}, {""token"": "" Typically"", ""token_id"": 50338, ""probability"": 3.581716034872784e-10}, {""token"": "" Some"", ""token_id"": 4943, ""probability"": 2.789443120931878e-10}, {""token"": ""\n\n"", ""token_id"": 108, ""probability"": 2.789443120931878e-10}]"
L22,[22],"[23422, 23422, 60476]","[16, 21, 16]","[1703, 197021]","[16, 16]",0.4,1.25,False,joint,False,"[1113.53759765625, 1043.41259765625, 337.6461547851562]","[2278.8944053649902, 450.5492687225342]","[742.3584594726562, 695.6084594726562, 225.09744262695312, 2278.894775390625, 450.54925537109375]",2545.9756673495262, Eight,0.9999912977218628,3.058996469462727e-07,0.9999912977218628,7.889256266935263e-06,-15.00000003762174,"[{""token"": "" Eight"", ""token_id"": 38923, ""probability"": 0.9999912977218628}, {""token"": "" Four"", ""token_id"": 13038, ""probability"": 7.889256266935263e-06}, {""token"": ""Eight"", ""token_id"": 80357, ""probability"": 5.04343290685938e-07}, {""token"": "" Six"", ""token_id"": 19759, ""probability"": 3.058996469462727e-07}, {""token"": "" Many"", ""token_id"": 8732, ""probability"": 5.60274759919821e-09}, {""token"": "" Two"", ""token_id"": 8512, ""probability"": 2.061135484510146e-09}, {""token"": "" Legs"", ""token_id"": 156403, ""probability"": 5.905252398186178e-10}, {""token"": "" None"", ""token_id"": 5450, ""probability"": 3.5817168675400524e-10}, {""token"": "" Typically"", ""token_id"": 50338, ""probability"": 2.7894439535991467e-10}, {""token"": "" Usually"", ""token_id"": 34645, ""probability"": 2.7894439535991467e-10}, {""token"": ""\n\n"", ""token_id"": 108, ""probability"": 2.7894439535991467e-10}, {""token"": "" Zero"", ""token_id"": 31234, ""probability"": 2.7894439535991467e-10}]"
L22,[22],"[23422, 23422, 60476]","[16, 21, 16]","[1703, 197021]","[16, 16]",0.4,1.5,False,joint,False,"[1113.53759765625, 1043.41259765625, 337.6461547851562]","[2734.6732864379883, 540.659122467041]","[742.3584594726562, 695.6084594726562, 225.09744262695312, 2734.673828125, 540.6591186523438]",2975.9686320140377, Eight,0.9999889135360718,3.0589893640353694e-07,0.9999889135360718,1.0129981092177331e-05,-14.999999976211905,"[{""token"": "" Eight"", ""token_id"": 38923, ""probability"": 0.9999889135360718}, {""token"": "" Four"", ""token_id"": 13038, ""probability"": 1.0129981092177331e-05}, {""token"": ""Eight"", ""token_id"": 80357, ""probability"": 6.475880809375667e-07}, {""token"": "" Six"", ""token_id"": 19759, ""probability"": 3.0589893640353694e-07}, {""token"": "" Many"", ""token_id"": 8732, ""probability"": 5.6027342765219146e-09}, {""token"": "" Two"", ""token_id"": 8512, ""probability"": 2.0611305995288376e-09}, {""token"": "" Legs"", ""token_id"": 156403, ""probability"": 7.582476313494624e-10}, {""token"": "" None"", ""token_id"": 5450, ""probability"": 4.599004510552618e-10}, {""token"": ""\n\n"", ""token_id"": 108, ""probability"": 3.5817082633116115e-10}, {""token"": "" Typically"", ""token_id"": 50338, ""probability"": 3.5817082633116115e-10}, {""token"": "" Usually"", ""token_id"": 34645, ""probability"": 3.5817082633116115e-10}, {""token"": "" Some"", ""token_id"": 4943, ""probability"": 2.789437292260999e-10}]"
L22,[22],"[23422, 23422, 60476]","[16, 21, 16]","[1703, 197021]","[16, 16]",0.6,0.0,False,spider_only,False,"[742.3583984375, 695.6083984375, 225.09743652343752]","[0.0, 0.0]","[1113.5377197265625, 1043.4127197265625, 337.6461486816406, 0.0, 0.0]",1562.90795591441, Eight,0.9999943971633911,3.0590061328439333e-07,0.9999943971633911,4.785090823133942e-06,-14.999999978086715,"[{""token"": "" Eight"", ""token_id"": 38923, ""probability"": 0.9999943971633911}, {""token"": "" Four"", ""token_id"": 13038, ""probability"": 4.785090823133942e-06}, {""token"": ""Eight"", ""token_id"": 80357, ""probability"": 5.043448254582472e-07}, {""token"": "" Six"", ""token_id"": 19759, ""probability"": 3.0590061328439333e-07}, {""token"": "" Many"", ""token_id"": 8732, ""probability"": 5.602764918677394e-09}, {""token"": "" Two"", ""token_id"": 8512, ""probability"": 1.605218957756449e-09}, {""token"": "" Legs"", ""token_id"": 156403, ""probability"": 4.599029768126428e-10}, {""token"": "" None"", ""token_id"": 5450, ""probability"": 3.5817279697702986e-10}, {""token"": "" Typically"", ""token_id"": 50338, ""probability"": 2.7894525578275875e-10}, {""token"": ""\n\n"", ""token_id"": 108, ""probability"": 2.1724276544343724e-10}, {""token"": "" Some"", ""token_id"": 4943, ""probability"": 2.1724276544343724e-10}, {""token"": "" Zero"", ""token_id"": 31234, ""probability"": 2.1724276544343724e-10}]"
L22,[22],"[23422, 23422, 60476]","[16, 21, 16]","[1703, 197021]","[16, 16]",0.6,0.25,False,joint,False,"[742.3583984375, 695.6083984375, 225.09743652343752]","[455.77888107299805, 90.10985374450684]","[1113.5377197265625, 1043.4127197265625, 337.6461486816406, 455.7789306640625, 90.10985565185547]",1630.501609439081, Eight,0.9999910593032837,3.927828231553576e-07,0.9999910593032837,7.889253538451158e-06,-14.750000049923456,"[{""token"": "" Eight"", ""token_id"": 38923, ""probability"": 0.9999910593032837}, {""token"": "" Four"", ""token_id"": 13038, ""probability"": 7.889253538451158e-06}, {""token"": ""Eight"", ""token_id"": 80357, ""probability"": 6.475894451796194e-07}, {""token"": "" Six"", ""token_id"": 19759, ""probability"": 3.927828231553576e-07}, {""token"": "" Many"", ""token_id"": 8732, ""probability"": 7.194068896154704e-09}, {""token"": "" Two"", ""token_id"": 8512, ""probability"": 2.646550090190658e-09}, {""token"": "" Legs"", ""token_id"": 156403, ""probability"": 7.582492411728481e-10}, {""token"": "" None"", ""token_id"": 5450, ""probability"": 5.905251287963154e-10}, {""token"": "" Typically"", ""token_id"": 50338, ""probability"": 4.5990145025598395e-10}, {""token"": ""\n\n"", ""token_id"": 108, ""probability"": 3.581716034872784e-10}, {""token"": "" Zero"", ""token_id"": 31234, ""probability"": 3.581716034872784e-10}, {""token"": "" Usually"", ""token_id"": 34645, ""probability"": 3.581716034872784e-10}]"
L22,[22],"[23422, 23422, 60476]","[16, 21, 16]","[1703, 197021]","[16, 16]",0.6,0.5,False,joint,False,"[742.3583984375, 695.6083984375, 225.09743652343752]","[911.5577621459961, 180.21970748901367]","[1113.5377197265625, 1043.4127197265625, 337.6461486816406, 911.557861328125, 180.21971130371094]",1818.2679003799349, Eight,0.999992847442627,3.927835336980934e-07,0.999992847442627,6.1441683101293165e-06,-14.750000029082365,"[{""token"": "" Eight"", ""token_id"": 38923, ""probability"": 0.999992847442627}, {""token"": "" Four"", ""token_id"": 13038, ""probability"": 6.1441683101293165e-06}, {""token"": ""Eight"", ""token_id"": 80357, ""probability"": 6.475906388914154e-07}, {""token"": "" Six"", ""token_id"": 19759, ""probability"": 3.927835336980934e-07}, {""token"": "" Many"", ""token_id"": 8732, ""probability"": 7.1940817747417896e-09}, {""token"": "" Two"", ""token_id"": 8512, ""probability"": 2.6465549751719664e-09}, {""token"": "" Legs"", ""token_id"": 156403, ""probability"": 7.582505734404776e-10}, {""token"": "" None"", ""token_id"": 5450, ""probability"": 5.905261835081888e-10}, {""token"": "" Typically"", ""token_id"": 50338, ""probability"": 4.599022551676768e-10}, {""token"": ""\n\n"", ""token_id"": 108, ""probability"": 3.5817224186551755e-10}, {""token"": "" Zero"", ""token_id"": 31234, ""probability"": 3.5817224186551755e-10}, {""token"": "" Usually"", ""token_id"": 34645, ""probability"": 3.5817224186551755e-10}]"
L22,[22],"[23422, 23422, 60476]","[16, 21, 16]","[1703, 197021]","[16, 16]",0.6,0.75,False,joint,False,"[742.3583984375, 695.6083984375, 225.09743652343752]","[1367.3366432189941, 270.3295612335205]","[1113.5377197265625, 1043.4127197265625, 337.6461486816406, 1367.3369140625, 270.3295593261719]",2094.1274044011748, Eight,0.9999929666519165,3.0590015853704244e-07,0.9999929666519165,6.144169219624018e-06,-15.000000034152594,"[{""token"": "" Eight"", ""token_id"": 38923, ""probability"": 0.9999929666519165}, {""token"": "" Four"", ""token_id"": 13038, ""probability"": 6.144169219624018e-06}, {""token"": ""Eight"", ""token_id"": 80357, ""probability"": 5.043441433372209e-07}, {""token"": "" Six"", ""token_id"": 19759, ""probability"": 3.0590015853704244e-07}, {""token"": "" Many"", ""token_id"": 8732, ""probability"": 5.602756925071617e-09}, {""token"": "" Two"", ""token_id"": 8512, ""probability"": 2.0611390372238247e-09}, {""token"": "" Legs"", ""token_id"": 156403, ""probability"": 5.9052623901934e-10}, {""token"": "" None"", ""token_id"": 5450, ""probability"": 3.5817226962109316e-10}, {""token"": ""\n\n"", ""token_id"": 108, ""probability"": 2.789448394491245e-10}, {""token"": "" Typically"", ""token_id"": 50338, ""probability"": 2.789448394491245e-10}, {""token"": "" Zero"", ""token_id"": 31234, ""probability"": 2.789448394491245e-10}, {""token"": "" Some"", ""token_id"": 4943, ""probability"": 2.1724246013210546e-10}]"
L22,[22],"[23422, 23422, 60476]","[16, 21, 16]","[1703, 197021]","[16, 16]",0.6,1.0,False,joint,False,"[742.3583984375, 695.6083984375, 225.09743652343752]","[1823.1155242919922, 360.43941497802734]","[1113.5377197265625, 1043.4127197265625, 337.6461486816406, 1823.11572265625, 360.4394226074219]",2428.23985516805, Eight,0.999994158744812,3.927840452888631e-07,0.999994158744812,4.78508991363924e-06,-14.750000037918824,"[{""token"": "" Eight"", ""token_id"": 38923, ""probability"": 0.999994158744812}, {""token"": "" Four"", ""token_id"": 13038, ""probability"": 4.78508991363924e-06}, {""token"": ""Eight"", ""token_id"": 80357, ""probability"": 6.475914346992795e-07}, {""token"": "" Six"", ""token_id"": 19759, ""probability"": 3.927840452888631e-07}, {""token"": "" Many"", ""token_id"": 8732, ""probability"": 5.602763586409765e-09}, {""token"": "" Two"", ""token_id"": 8512, ""probability"": 2.061141479714479e-09}, {""token"": "" Legs"", ""token_id"": 156403, ""probability"": 5.90526960664306e-10}, {""token"": "" None"", ""token_id"": 5450, ""probability"": 4.5990286579034034e-10}, {""token"": "" Typically"", ""token_id"": 50338, ""probability"": 3.58172713710303e-10}, {""token"": ""\n\n"", ""token_id"": 108, ""probability"": 2.789451725160319e-10}, {""token"": "" Zero"", ""token_id"": 31234, ""probability"": 2.789451725160319e-10}, {""token"": "" Usually"", ""token_id"": 34645, ""probability"": 2.789451725160319e-10}]"
L22,[22],"[23422, 23422, 60476]","[16, 21, 16]","[1703, 197021]","[16, 16]",0.6,1.25,False,joint,False,"[742.3583984375, 695.6083984375, 225.09743652343752]","[2278.8944053649902, 450.5492687225342]","[1113.5377197265625, 1043.4127197265625, 337.6461486816406, 2278.894775390625, 450.54925537109375]",2799.8280853435795, Eight,0.9999881982803345,8.315188892993319e-07,0.9999881982803345,1.0129973816219717e-05,-14.000000019645254,"[{""token"": "" Eight"", ""token_id"": 38923, ""probability"": 0.9999881982803345}, {""token"": "" Four"", ""token_id"": 13038, ""probability"": 1.0129973816219717e-05}, {""token"": "" Six"", ""token_id"": 19759, ""probability"": 8.315188892993319e-07}, {""token"": ""Eight"", ""token_id"": 80357, ""probability"": 8.315188892993319e-07}, {""token"": "" Many"", ""token_id"": 8732, ""probability"": 9.237340670154026e-09}, {""token"": "" Two"", ""token_id"": 8512, ""probability"": 4.363410965879666e-09}, {""token"": "" Legs"", ""token_id"": 156403, ""probability"": 9.73608638155099e-10}, {""token"": "" None"", ""token_id"": 5450, ""probability"": 7.582470762379501e-10}, {""token"": "" Typically"", ""token_id"": 50338, ""probability"": 5.905234079506272e-10}, {""token"": ""\n\n"", ""token_id"": 108, ""probability"": 4.599001179883544e-10}, {""token"": "" Zero"", ""token_id"": 31234, ""probability"": 4.599001179883544e-10}, {""token"": "" Usually"", ""token_id"": 34645, ""probability"": 4.599001179883544e-10}]"
L22,[22],"[23422, 23422, 60476]","[16, 21, 16]","[1703, 197021]","[16, 16]",0.6,1.5,False,joint,False,"[742.3583984375, 695.6083984375, 225.09743652343752]","[2734.6732864379883, 540.659122467041]","[1113.5377197265625, 1043.4127197265625, 337.6461486816406, 2734.673828125, 540.6591186523438]",3195.8464461663875, Eight,0.999992847442627,5.04344086493802e-07,0.999992847442627,6.1441683101293165e-06,-14.499999937936206,"[{""token"": "" Eight"", ""token_id"": 38923, ""probability"": 0.999992847442627}, {""token"": "" Four"", ""token_id"": 13038, ""probability"": 6.1441683101293165e-06}, {""token"": "" Six"", ""token_id"": 19759, ""probability"": 5.04344086493802e-07}, {""token"": ""Eight"", ""token_id"": 80357, ""probability"": 5.04344086493802e-07}, {""token"": "" Many"", ""token_id"": 8732, ""probability"": 5.602756480982407e-09}, {""token"": "" Two"", ""token_id"": 8512, ""probability"": 2.6465549751719664e-09}, {""token"": "" Legs"", ""token_id"": 156403, ""probability"": 5.905261835081888e-10}, {""token"": "" None"", ""token_id"": 5450, ""probability"": 4.599022551676768e-10}, {""token"": "" Typically"", ""token_id"": 50338, ""probability"": 3.5817224186551755e-10}, {""token"": ""\n\n"", ""token_id"": 108, ""probability"": 2.789448116935489e-10}, {""token"": "" Usually"", ""token_id"": 34645, ""probability"": 2.789448116935489e-10}, {""token"": "" Some"", ""token_id"": 4943, ""probability"": 2.1724243237652985e-10}]"
L22,[22],"[23422, 23422, 60476]","[16, 21, 16]","[1703, 197021]","[16, 16]",0.8,0.0,False,spider_only,False,"[371.17919921874994, 347.80419921874994, 112.54871826171872]","[0.0, 0.0]","[1484.7169189453125, 1391.2169189453125, 450.19488525390625, 0.0, 0.0]",2083.8772227919108, Eight,0.9999939203262329,6.475913210124418e-07,0.9999939203262329,4.785088549397187e-06,-14.249999937312504,"[{""token"": "" Eight"", ""token_id"": 38923, ""probability"": 0.9999939203262329}, {""token"": "" Four"", ""token_id"": 13038, ""probability"": 4.785088549397187e-06}, {""token"": "" Six"", ""token_id"": 19759, ""probability"": 6.475913210124418e-07}, {""token"": ""Eight"", ""token_id"": 80357, ""probability"": 6.475913210124418e-07}, {""token"": "" Many"", ""token_id"": 8732, ""probability"": 7.194089768347567e-09}, {""token"": "" Two"", ""token_id"": 8512, ""probability"": 2.6465578617518304e-09}, {""token"": "" Legs"", ""token_id"": 156403, ""probability"": 5.905267941308523e-10}, {""token"": "" None"", ""token_id"": 5450, ""probability"": 4.599027547680379e-10}, {""token"": "" Typically"", ""token_id"": 50338, ""probability"": 2.7894511700488067e-10}, {""token"": "" Usually"", ""token_id"": 34645, ""probability"": 2.7894511700488067e-10}, {""token"": ""\n\n"", ""token_id"": 108, ""probability"": 2.7894511700488067e-10}, {""token"": "" Several"", ""token_id"": 22624, ""probability"": 2.7894511700488067e-10}]"
L22,[22],"[23422, 23422, 60476]","[16, 21, 16]","[1703, 197021]","[16, 16]",0.8,0.25,False,joint,False,"[371.17919921874994, 347.80419921874994, 112.54871826171872]","[455.77888107299805, 90.10985374450684]","[1484.7169189453125, 1391.2169189453125, 450.19488525390625, 455.7789306640625, 90.10985565185547]",2135.040631789897, Eight,0.9999918937683105,1.0676953934307676e-06,0.9999918937683105,6.144162398413755e-06,-13.749999963985921,"[{""token"": "" Eight"", ""token_id"": 38923, ""probability"": 0.9999918937683105}, {""token"": "" Four"", ""token_id"": 13038, ""probability"": 6.144162398413755e-06}, {""token"": "" Six"", ""token_id"": 19759, ""probability"": 1.0676953934307676e-06}, {""token"": ""Eight"", ""token_id"": 80357, ""probability"": 8.315219588439504e-07}, {""token"": "" Many"", ""token_id"": 8732, ""probability"": 9.237375309112394e-09}, {""token"": "" Two"", ""token_id"": 8512, ""probability"": 4.363426953091221e-09}, {""token"": "" None"", ""token_id"": 5450, ""probability"": 7.582498517955116e-10}, {""token"": "" Legs"", ""token_id"": 156403, ""probability"": 7.582498517955116e-10}, {""token"": "" Typically"", ""token_id"": 50338, ""probability"": 4.5990183883404256e-10}, {""token"": ""\n\n"", ""token_id"": 108, ""probability"": 3.5817188104303455e-10}, {""token"": "" Some"", ""token_id"": 4943, ""probability"": 3.5817188104303455e-10}, {""token"": "" Several"", ""token_id"": 22624, ""probability"": 3.5817188104303455e-10}]"
L22,[22],"[23422, 23422, 60476]","[16, 21, 16]","[1703, 197021]","[16, 16]",0.8,0.5,False,joint,False,"[371.17919921874994, 347.80419921874994, 112.54871826171872]","[911.5577621459961, 180.21970748901367]","[1484.7169189453125, 1391.2169189453125, 450.19488525390625, 911.557861328125, 180.21971130371094]",2281.6575462944534, Eight,0.9999936819076538,8.315234936162597e-07,0.9999936819076538,4.7850876399024855e-06,-13.999999966100864,"[{""token"": "" Eight"", ""token_id"": 38923, ""probability"": 0.9999936819076538}, {""token"": "" Four"", ""token_id"": 13038, ""probability"": 4.7850876399024855e-06}, {""token"": "" Six"", ""token_id"": 19759, ""probability"": 8.315234936162597e-07}, {""token"": ""Eight"", ""token_id"": 80357, ""probability"": 6.475911504821852e-07}, {""token"": "" Many"", ""token_id"": 8732, ""probability"": 7.1940879919907275e-09}, {""token"": "" Two"", ""token_id"": 8512, ""probability"": 2.6465571956180156e-09}, {""token"": "" Legs"", ""token_id"": 156403, ""probability"": 5.905266831085498e-10}, {""token"": "" None"", ""token_id"": 5450, ""probability"": 4.599026437457354e-10}, {""token"": ""\n\n"", ""token_id"": 108, ""probability"": 3.581725194212737e-10}, {""token"": "" Typically"", ""token_id"": 50338, ""probability"": 3.581725194212737e-10}, {""token"": "" Usually"", ""token_id"": 34645, ""probability"": 2.7894506149372944e-10}, {""token"": "" Some"", ""token_id"": 4943, ""probability"": 2.1724261278777135e-10}]"
L22,[22],"[23422, 23422, 60476]","[16, 21, 16]","[1703, 197021]","[16, 16]",0.8,0.75,False,joint,False,"[371.17919921874994, 347.80419921874994, 112.54871826171872]","[1367.3366432189941, 270.3295612335205]","[1484.7169189453125, 1391.2169189453125, 450.19488525390625, 1367.3369140625, 270.3295593261719]",2507.036614585908, Eight,0.9999933242797852,1.067696871359658e-06,0.9999933242797852,4.785085820913082e-06,-13.75000001028558,"[{""token"": "" Eight"", ""token_id"": 38923, ""probability"": 0.9999933242797852}, {""token"": "" Four"", ""token_id"": 13038, ""probability"": 4.785085820913082e-06}, {""token"": "" Six"", ""token_id"": 19759, ""probability"": 1.067696871359658e-06}, {""token"": ""Eight"", ""token_id"": 80357, ""probability"": 8.315231525557465e-07}, {""token"": "" Many"", ""token_id"": 8732, ""probability"": 9.23738863178869e-09}, {""token"": "" Two"", ""token_id"": 8512, ""probability"": 3.398245240759934e-09}, {""token"": "" None"", ""token_id"": 5450, ""probability"": 7.582509620185363e-10}, {""token"": "" Legs"", ""token_id"": 156403, ""probability"": 7.582509620185363e-10}, {""token"": "" Typically"", ""token_id"": 50338, ""probability"": 4.599024772122817e-10}, {""token"": ""\n\n"", ""token_id"": 108, ""probability"": 3.5817240839897124e-10}, {""token"": "" Some"", ""token_id"": 4943, ""probability"": 3.5817240839897124e-10}, {""token"": "" Several"", ""token_id"": 22624, ""probability"": 3.5817240839897124e-10}]"
L22,[22],"[23422, 23422, 60476]","[16, 21, 16]","[1703, 197021]","[16, 16]",0.8,1.0,False,joint,False,"[371.17919921874994, 347.80419921874994, 112.54871826171872]","[1823.1155242919922, 360.43941497802734]","[1484.7169189453125, 1391.2169189453125, 450.19488525390625, 1823.11572265625, 360.4394226074219]",2792.1697289450226, Eight,0.9999921321868896,1.067695620804443e-06,0.9999921321868896,6.1441642174031585e-06,-13.74999998944899,"[{""token"": "" Eight"", ""token_id"": 38923, ""probability"": 0.9999921321868896}, {""token"": "" Four"", ""token_id"": 13038, ""probability"": 6.1441642174031585e-06}, {""token"": "" Six"", ""token_id"": 19759, ""probability"": 1.067695620804443e-06}, {""token"": ""Eight"", ""token_id"": 80357, ""probability"": 6.475901273006457e-07}, {""token"": "" Many"", ""token_id"": 8732, ""probability"": 7.194076889760481e-09}, {""token"": "" Two"", ""token_id"": 8512, ""probability"": 3.3982412439570453e-09}, {""token"": "" Legs"", ""token_id"": 156403, ""probability"": 7.582500738401166e-10}, {""token"": "" None"", ""token_id"": 5450, ""probability"": 5.905257394189789e-10}, {""token"": "" Typically"", ""token_id"": 50338, ""probability"": 3.581719643097614e-10}, {""token"": "" Usually"", ""token_id"": 34645, ""probability"": 3.581719643097614e-10}, {""token"": ""\n\n"", ""token_id"": 108, ""probability"": 3.581719643097614e-10}, {""token"": "" Several"", ""token_id"": 22624, ""probability"": 3.581719643097614e-10}]"
L22,[22],"[23422, 23422, 60476]","[16, 21, 16]","[1703, 197021]","[16, 16]",0.8,1.25,False,joint,False,"[371.17919921874994, 347.80419921874994, 112.54871826171872]","[2278.8944053649902, 450.5492687225342]","[1484.7169189453125, 1391.2169189453125, 450.19488525390625, 2278.894775390625, 450.54925537109375]",3120.7211199479298, Eight,0.999991774559021,1.3709478707824019e-06,0.999991774559021,6.144161943666404e-06,-13.49999995540212,"[{""token"": "" Eight"", ""token_id"": 38923, ""probability"": 0.999991774559021}, {""token"": "" Four"", ""token_id"": 13038, ""probability"": 6.144161943666404e-06}, {""token"": "" Six"", ""token_id"": 19759, ""probability"": 1.3709478707824019e-06}, {""token"": ""Eight"", ""token_id"": 80357, ""probability"": 6.475898999269702e-07}, {""token"": "" Many"", ""token_id"": 8732, ""probability"": 9.237373532755555e-09}, {""token"": "" Two"", ""token_id"": 8512, ""probability"": 3.3982399116894157e-09}, {""token"": "" Legs"", ""token_id"": 156403, ""probability"": 7.582497962843604e-10}, {""token"": "" None"", ""token_id"": 5450, ""probability"": 5.90525517374374e-10}, {""token"": "" Typically"", ""token_id"": 50338, ""probability"": 4.5990178332289133e-10}, {""token"": ""\n\n"", ""token_id"": 108, ""probability"": 3.5817185328745893e-10}, {""token"": "" Several"", ""token_id"": 22624, ""probability"": 3.5817185328745893e-10}, {""token"": "" Usually"", ""token_id"": 34645, ""probability"": 3.5817185328745893e-10}]"
L22,[22],"[23422, 23422, 60476]","[16, 21, 16]","[1703, 197021]","[16, 16]",0.8,1.5,False,joint,False,"[371.17919921874994, 347.80419921874994, 112.54871826171872]","[2734.6732864379883, 540.659122467041]","[1484.7169189453125, 1391.2169189453125, 450.19488525390625, 2734.673828125, 540.6591186523438]",3480.416283792026, Eight,0.9999914169311523,1.7603312016944983e-06,0.9999914169311523,6.14415966992965e-06,-13.250000000731726,"[{""token"": "" Eight"", ""token_id"": 38923, ""probability"": 0.9999914169311523}, {""token"": "" Four"", ""token_id"": 13038, ""probability"": 6.14415966992965e-06}, {""token"": "" Six"", ""token_id"": 19759, ""probability"": 1.7603312016944983e-06}, {""token"": ""Eight"", ""token_id"": 80357, ""probability"": 6.475896725532948e-07}, {""token"": "" Many"", ""token_id"": 8732, ""probability"": 9.237370868220296e-09}, {""token"": "" Two"", ""token_id"": 8512, ""probability"": 4.363425176734381e-09}, {""token"": "" Legs"", ""token_id"": 156403, ""probability"": 7.582495187286042e-10}, {""token"": "" None"", ""token_id"": 5450, ""probability"": 5.905253508409203e-10}, {""token"": "" Typically"", ""token_id"": 50338, ""probability"": 4.5990161678943764e-10}, {""token"": ""\n\n"", ""token_id"": 108, ""probability"": 3.5817171450958085e-10}, {""token"": "" Several"", ""token_id"": 22624, ""probability"": 3.5817171450958085e-10}, {""token"": "" Usually"", ""token_id"": 34645, ""probability"": 3.5817171450958085e-10}]"
L22,[22],"[23422, 23422, 60476]","[16, 21, 16]","[1703, 197021]","[16, 16]",1.0,0.0,False,spider_only,False,"[0.0, 0.0, 0.0]","[0.0, 0.0]","[1855.8961181640625, 1739.021240234375, 562.7435302734375, 0.0, 0.0]",2604.846551385964, Eight,0.9999903440475464,2.9022926355537493e-06,0.9999903440475464,6.144153303466737e-06,-12.749999913319828,"[{""token"": "" Eight"", ""token_id"": 38923, ""probability"": 0.9999903440475464}, {""token"": "" Four"", ""token_id"": 13038, ""probability"": 6.144153303466737e-06}, {""token"": "" Six"", ""token_id"": 19759, ""probability"": 2.9022926355537493e-06}, {""token"": ""Eight"", ""token_id"": 80357, ""probability"": 6.475889904322685e-07}, {""token"": "" Many"", ""token_id"": 8732, ""probability"": 1.1861005511093481e-08}, {""token"": "" Two"", ""token_id"": 8512, ""probability"": 5.602742270127692e-09}, {""token"": "" Legs"", ""token_id"": 156403, ""probability"": 7.582486860613358e-10}, {""token"": "" None"", ""token_id"": 5450, ""probability"": 7.582486860613358e-10}, {""token"": ""\n\n"", ""token_id"": 108, ""probability"": 4.5990111718907656e-10}, {""token"": "" Typically"", ""token_id"": 50338, ""probability"": 4.5990111718907656e-10}, {""token"": "" Several"", ""token_id"": 22624, ""probability"": 4.5990111718907656e-10}, {""token"": "" Some"", ""token_id"": 4943, ""probability"": 3.5817132593152223e-10}]"
L22,[22],"[23422, 23422, 60476]","[16, 21, 16]","[1703, 197021]","[16, 16]",1.0,0.25,False,joint,False,"[0.0, 0.0, 0.0]","[455.77888107299805, 90.10985374450684]","[1855.8961181640625, 1739.021240234375, 562.7435302734375, 455.7789306640625, 90.10985565185547]",2645.9553616775597, Eight,0.9999903440475464,2.9022926355537493e-06,0.9999903440475464,6.144153303466737e-06,-12.749999913319828,"[{""token"": "" Eight"", ""token_id"": 38923, ""probability"": 0.9999903440475464}, {""token"": "" Four"", ""token_id"": 13038, ""probability"": 6.144153303466737e-06}, {""token"": "" Six"", ""token_id"": 19759, ""probability"": 2.9022926355537493e-06}, {""token"": ""Eight"", ""token_id"": 80357, ""probability"": 6.475889904322685e-07}, {""token"": "" Many"", ""token_id"": 8732, ""probability"": 9.23736109825768e-09}, {""token"": "" Two"", ""token_id"": 8512, ""probability"": 4.363420291753073e-09}, {""token"": "" Legs"", ""token_id"": 156403, ""probability"": 7.582486860613358e-10}, {""token"": "" None"", ""token_id"": 5450, ""probability"": 5.905246847071055e-10}, {""token"": "" Typically"", ""token_id"": 50338, ""probability"": 4.5990111718907656e-10}, {""token"": ""\n\n"", ""token_id"": 108, ""probability"": 3.5817132593152223e-10}, {""token"": "" Several"", ""token_id"": 22624, ""probability"": 3.5817132593152223e-10}, {""token"": "" Usually"", ""token_id"": 34645, ""probability"": 3.5817132593152223e-10}]"
L22,[22],"[23422, 23422, 60476]","[16, 21, 16]","[1703, 197021]","[16, 16]",1.0,0.5,False,joint,False,"[0.0, 0.0, 0.0]","[911.5577621459961, 180.21970748901367]","[1855.8961181640625, 1739.021240234375, 562.7435302734375, 911.557861328125, 180.21971130371094]",2765.6179119970366, Eight,0.9999885559082031,2.902287405959214e-06,0.9999885559082031,7.88923443906242e-06,-12.749999927047199,"[{""token"": "" Eight"", ""token_id"": 38923, ""probability"": 0.9999885559082031}, {""token"": "" Four"", ""token_id"": 13038, ""probability"": 7.88923443906242e-06}, {""token"": "" Six"", ""token_id"": 19759, ""probability"": 2.902287405959214e-06}, {""token"": ""Eight"", ""token_id"": 80357, ""probability"": 6.475878535638913e-07}, {""token"": "" Many"", ""token_id"": 8732, ""probability"": 1.1860984194811408e-08}, {""token"": "" Two"", ""token_id"": 8512, ""probability"": 5.602732500165075e-09}, {""token"": "" Legs"", ""token_id"": 156403, ""probability"": 7.582473537937062e-10}, {""token"": "" None"", ""token_id"": 5450, ""probability"": 7.582473537937062e-10}, {""token"": "" Several"", ""token_id"": 22624, ""probability"": 4.599002845218081e-10}, {""token"": "" Typically"", ""token_id"": 50338, ""probability"": 4.599002845218081e-10}, {""token"": "" Some"", ""token_id"": 4943, ""probability"": 3.5817068755328307e-10}, {""token"": ""\n\n"", ""token_id"": 108, ""probability"": 3.5817068755328307e-10}]"
L22,[22],"[23422, 23422, 60476]","[16, 21, 16]","[1703, 197021]","[16, 16]",1.0,0.75,False,joint,False,"[0.0, 0.0, 0.0]","[1367.3366432189941, 270.3295612335205]","[1855.8961181640625, 1739.021240234375, 562.7435302734375, 1367.3369140625, 270.3295593261719]",2954.3042943256187, Eight,0.9999866485595703,4.78505398859852e-06,0.9999866485595703,7.88921897765249e-06,-12.249999898709744,"[{""token"": "" Eight"", ""token_id"": 38923, ""probability"": 0.9999866485595703}, {""token"": "" Four"", ""token_id"": 13038, ""probability"": 7.88921897765249e-06}, {""token"": "" Six"", ""token_id"": 19759, ""probability"": 4.78505398859852e-06}, {""token"": ""Eight"", ""token_id"": 80357, ""probability"": 6.475866030086763e-07}, {""token"": "" Many"", ""token_id"": 8732, ""probability"": 1.1860961990350916e-08}, {""token"": "" Two"", ""token_id"": 8512, ""probability"": 7.1940373658208046e-09}, {""token"": "" None"", ""token_id"": 5450, ""probability"": 9.736070838428645e-10}, {""token"": "" Legs"", ""token_id"": 156403, ""probability"": 9.736070838428645e-10}, {""token"": "" Typically"", ""token_id"": 50338, ""probability"": 5.905225197722075e-10}, {""token"": ""\n\n"", ""token_id"": 108, ""probability"": 4.59899424098964e-10}, {""token"": "" Some"", ""token_id"": 4943, ""probability"": 4.59899424098964e-10}, {""token"": "" Several"", ""token_id"": 22624, ""probability"": 4.59899424098964e-10}]"
L22,[22],"[23422, 23422, 60476]","[16, 21, 16]","[1703, 197021]","[16, 16]",1.0,1.0,False,joint,False,"[0.0, 0.0, 0.0]","[1823.1155242919922, 360.43941497802734]","[1855.8961181640625, 1739.021240234375, 562.7435302734375, 1823.11572265625, 360.4394226074219]",3199.827037799597, Eight,0.9999885559082031,4.785063083545538e-06,0.9999885559082031,6.144141934782965e-06,-12.249999905384897,"[{""token"": "" Eight"", ""token_id"": 38923, ""probability"": 0.9999885559082031}, {""token"": "" Four"", ""token_id"": 13038, ""probability"": 6.144141934782965e-06}, {""token"": "" Six"", ""token_id"": 19759, ""probability"": 4.785063083545538e-06}, {""token"": ""Eight"", ""token_id"": 80357, ""probability"": 5.043418696004665e-07}, {""token"": "" Many"", ""token_id"": 8732, ""probability"": 9.237344222867705e-09}, {""token"": "" Two"", ""token_id"": 8512, ""probability"": 5.602732500165075e-09}, {""token"": "" Legs"", ""token_id"": 156403, ""probability"": 7.582473537937062e-10}, {""token"": "" None"", ""token_id"": 5450, ""probability"": 7.582473537937062e-10}, {""token"": "" Typically"", ""token_id"": 50338, ""probability"": 5.905236299952321e-10}, {""token"": "" Several"", ""token_id"": 22624, ""probability"": 4.599002845218081e-10}, {""token"": "" Some"", ""token_id"": 4943, ""probability"": 3.5817068755328307e-10}, {""token"": ""\n\n"", ""token_id"": 108, ""probability"": 3.5817068755328307e-10}]"
L22,[22],"[23422, 23422, 60476]","[16, 21, 16]","[1703, 197021]","[16, 16]",1.0,1.25,False,joint,False,"[0.0, 0.0, 0.0]","[2278.8944053649902, 450.5492687225342]","[1855.8961181640625, 1739.021240234375, 562.7435302734375, 2278.894775390625, 450.54925537109375]",3490.212255019096, Eight,0.9999885559082031,4.785063083545538e-06,0.9999885559082031,6.144141934782965e-06,-12.249999905384897,"[{""token"": "" Eight"", ""token_id"": 38923, ""probability"": 0.9999885559082031}, {""token"": "" Four"", ""token_id"": 13038, ""probability"": 6.144141934782965e-06}, {""token"": "" Six"", ""token_id"": 19759, ""probability"": 4.785063083545538e-06}, {""token"": ""Eight"", ""token_id"": 80357, ""probability"": 5.043418696004665e-07}, {""token"": "" Many"", ""token_id"": 8732, ""probability"": 9.237344222867705e-09}, {""token"": "" Two"", ""token_id"": 8512, ""probability"": 4.3634127422365054e-09}, {""token"": "" None"", ""token_id"": 5450, ""probability"": 7.582473537937062e-10}, {""token"": "" Legs"", ""token_id"": 156403, ""probability"": 7.582473537937062e-10}, {""token"": "" Typically"", ""token_id"": 50338, ""probability"": 5.905236299952321e-10}, {""token"": ""\n\n"", ""token_id"": 108, ""probability"": 3.5817068755328307e-10}, {""token"": "" Several"", ""token_id"": 22624, ""probability"": 3.5817068755328307e-10}, {""token"": "" Zero"", ""token_id"": 31234, ""probability"": 3.5817068755328307e-10}]"
L22,[22],"[23422, 23422, 60476]","[16, 21, 16]","[1703, 197021]","[16, 16]",1.0,1.5,False,joint,False,"[0.0, 0.0, 0.0]","[2734.6732864379883, 540.659122467041]","[1855.8961181640625, 1739.021240234375, 562.7435302734375, 2734.673828125, 540.6591186523438]",3815.2298469530147, Eight,0.9999812841415405,1.012990378512768e-05,0.9999812841415405,7.889177140896209e-06,-11.500000021728248,"[{""token"": "" Eight"", ""token_id"": 38923, ""probability"": 0.9999812841415405}, {""token"": "" Six"", ""token_id"": 19759, ""probability"": 1.012990378512768e-05}, {""token"": "" Four"", ""token_id"": 13038, ""probability"": 7.889177140896209e-06}, {""token"": ""Eight"", ""token_id"": 80357, ""probability"": 6.475831355601258e-07}, {""token"": "" Many"", ""token_id"": 8732, ""probability"": 1.1860898041504697e-08}, {""token"": "" Two"", ""token_id"": 8512, ""probability"": 9.237276721307808e-09}, {""token"": "" None"", ""token_id"": 5450, ""probability"": 9.736018657946488e-10}, {""token"": "" Legs"", ""token_id"": 156403, ""probability"": 9.736018657946488e-10}, {""token"": "" Typically"", ""token_id"": 50338, ""probability"": 7.582418026785831e-10}, {""token"": ""\n\n"", ""token_id"": 108, ""probability"": 5.905193556365873e-10}, {""token"": "" Several"", ""token_id"": 22624, ""probability"": 5.905193556365873e-10}, {""token"": "" Usually"", ""token_id"": 34645, ""probability"": 5.905193556365873e-10}]"
L27,[27],"[129426, 129426, 144881, 144881]","[16, 21, 16, 21]",[248182],[16],0.0,0.0,False,unmodified,False,"[704.150634765625, 703.5153198242188, 943.4798583984375, 952.3358764648438]",[0.0],"[1.5258787243510596e-05, 1.5258787243510596e-05, 1.9073486328125e-05, 1.9073486328125e-05, 0.0]",3.454355131864392e-05, Eight,0.999982476234436,1.1253320053583593e-07,0.999982476234436,1.6701407730579376e-05,-16.000000019046855,"[{""token"": "" Eight"", ""token_id"": 38923, ""probability"": 0.999982476234436}, {""token"": "" Four"", ""token_id"": 13038, ""probability"": 1.6701407730579376e-05}, {""token"": ""Eight"", ""token_id"": 80357, ""probability"": 6.47583874524571e-07}, {""token"": "" Six"", ""token_id"": 19759, ""probability"": 1.1253320053583593e-07}, {""token"": "" Many"", ""token_id"": 8732, ""probability"": 4.3633860968839144e-09}, {""token"": "" Two"", ""token_id"": 8512, ""probability"": 1.6051998619204255e-09}, {""token"": "" Legs"", ""token_id"": 156403, ""probability"": 5.905200772815533e-10}, {""token"": "" None"", ""token_id"": 5450, ""probability"": 2.789419251136849e-10}, {""token"": "" Typically"", ""token_id"": 50338, ""probability"": 2.789419251136849e-10}, {""token"": "" Usually"", ""token_id"": 34645, ""probability"": 2.789419251136849e-10}, {""token"": "" Some"", ""token_id"": 4943, ""probability"": 2.789419251136849e-10}, {""token"": ""\n\n"", ""token_id"": 108, ""probability"": 2.789419251136849e-10}]"
L27,[27],"[129426, 129426, 144881, 144881]","[16, 21, 16, 21]",[248182],[16],0.0,0.25,False,ant_only,False,"[704.150634765625, 703.5153198242188, 943.4798583984375, 952.3358764648438]",[236.18194580078125],"[1.5258787243510596e-05, 1.5258787243510596e-05, 1.9073486328125e-05, 1.9073486328125e-05, 236.18197631835938]",236.1819763183619, Eight,0.9999823570251465,1.1253319343040857e-07,0.9999823570251465,1.6701405911589973e-05,-15.999999962976192,"[{""token"": "" Eight"", ""token_id"": 38923, ""probability"": 0.9999823570251465}, {""token"": "" Four"", ""token_id"": 13038, ""probability"": 1.6701405911589973e-05}, {""token"": ""Eight"", ""token_id"": 80357, ""probability"": 8.315140576087288e-07}, {""token"": "" Six"", ""token_id"": 19759, ""probability"": 1.1253319343040857e-07}, {""token"": "" Many"", ""token_id"": 8732, ""probability"": 5.602697417117497e-09}, {""token"": "" Two"", ""token_id"": 8512, ""probability"": 2.061117054807937e-09}, {""token"": "" Legs"", ""token_id"": 156403, ""probability"": 7.582426353458516e-10}, {""token"": "" None"", ""token_id"": 5450, ""probability"": 3.581684671072338e-10}, {""token"": "" Typically"", ""token_id"": 50338, ""probability"": 3.581684671072338e-10}, {""token"": "" Usually"", ""token_id"": 34645, ""probability"": 3.581684671072338e-10}, {""token"": "" Some"", ""token_id"": 4943, ""probability"": 3.581684671072338e-10}, {""token"": ""\n\n"", ""token_id"": 108, ""probability"": 3.581684671072338e-10}]"
L27,[27],"[129426, 129426, 144881, 144881]","[16, 21, 16, 21]",[248182],[16],0.0,0.5,False,ant_only,False,"[704.150634765625, 703.5153198242188, 943.4798583984375, 952.3358764648438]",[472.3638916015625],"[1.5258787243510596e-05, 1.5258787243510596e-05, 1.9073486328125e-05, 1.9073486328125e-05, 472.36395263671875]",472.36395263672, Eight,0.9999823570251465,1.1253319343040857e-07,0.9999823570251465,1.6701405911589973e-05,-15.999999962976192,"[{""token"": "" Eight"", ""token_id"": 38923, ""probability"": 0.9999823570251465}, {""token"": "" Four"", ""token_id"": 13038, ""probability"": 1.6701405911589973e-05}, {""token"": ""Eight"", ""token_id"": 80357, ""probability"": 8.315140576087288e-07}, {""token"": "" Six"", ""token_id"": 19759, ""probability"": 1.1253319343040857e-07}, {""token"": "" Many"", ""token_id"": 8732, ""probability"": 4.3633856527947046e-09}, {""token"": "" Two"", ""token_id"": 8512, ""probability"": 1.6051996398758206e-09}, {""token"": "" Legs"", ""token_id"": 156403, ""probability"": 7.582426353458516e-10}, {""token"": "" Typically"", ""token_id"": 50338, ""probability"": 3.581684671072338e-10}, {""token"": "" None"", ""token_id"": 5450, ""probability"": 3.581684671072338e-10}, {""token"": ""\n\n"", ""token_id"": 108, ""probability"": 3.581684671072338e-10}, {""token"": "" Usually"", ""token_id"": 34645, ""probability"": 3.581684671072338e-10}, {""token"": "" Some"", ""token_id"": 4943, ""probability"": 2.7894189735810926e-10}]"
L27,[27],"[129426, 129426, 144881, 144881]","[16, 21, 16, 21]",[248182],[16],0.0,0.75,False,ant_only,False,"[704.150634765625, 703.5153198242188, 943.4798583984375, 952.3358764648438]",[708.5458374023438],"[1.5258787243510596e-05, 1.5258787243510596e-05, 1.9073486328125e-05, 1.9073486328125e-05, 708.5458984375]",708.5458984375008, Eight,0.999982476234436,1.1253320053583593e-07,0.999982476234436,1.6701407730579376e-05,-16.000000019046855,"[{""token"": "" Eight"", ""token_id"": 38923, ""probability"": 0.999982476234436}, {""token"": "" Four"", ""token_id"": 13038, ""probability"": 1.6701407730579376e-05}, {""token"": ""Eight"", ""token_id"": 80357, ""probability"": 6.47583874524571e-07}, {""token"": "" Six"", ""token_id"": 19759, ""probability"": 1.1253320053583593e-07}, {""token"": "" Many"", ""token_id"": 8732, ""probability"": 4.3633860968839144e-09}, {""token"": "" Two"", ""token_id"": 8512, ""probability"": 1.6051998619204255e-09}, {""token"": "" Legs"", ""token_id"": 156403, ""probability"": 5.905200772815533e-10}, {""token"": "" None"", ""token_id"": 5450, ""probability"": 3.5816852261838505e-10}, {""token"": "" Usually"", ""token_id"": 34645, ""probability"": 3.5816852261838505e-10}, {""token"": "" Typically"", ""token_id"": 50338, ""probability"": 3.5816852261838505e-10}, {""token"": "" Some"", ""token_id"": 4943, ""probability"": 2.789419251136849e-10}, {""token"": ""\n\n"", ""token_id"": 108, ""probability"": 2.789419251136849e-10}]"
L27,[27],"[129426, 129426, 144881, 144881]","[16, 21, 16, 21]",[248182],[16],0.0,1.0,False,ant_only,False,"[704.150634765625, 703.5153198242188, 943.4798583984375, 952.3358764648438]",[944.727783203125],"[1.5258787243510596e-05, 1.5258787243510596e-05, 1.9073486328125e-05, 1.9073486328125e-05, 944.7279052734375]",944.7279052734381, Eight,0.999982476234436,1.1253320053583593e-07,0.999982476234436,1.6701407730579376e-05,-16.000000019046855,"[{""token"": "" Eight"", ""token_id"": 38923, ""probability"": 0.999982476234436}, {""token"": "" Four"", ""token_id"": 13038, ""probability"": 1.6701407730579376e-05}, {""token"": ""Eight"", ""token_id"": 80357, ""probability"": 6.47583874524571e-07}, {""token"": "" Six"", ""token_id"": 19759, ""probability"": 1.1253320053583593e-07}, {""token"": "" Many"", ""token_id"": 8732, ""probability"": 4.3633860968839144e-09}, {""token"": "" Two"", ""token_id"": 8512, ""probability"": 1.6051998619204255e-09}, {""token"": "" Legs"", ""token_id"": 156403, ""probability"": 5.905200772815533e-10}, {""token"": "" None"", ""token_id"": 5450, ""probability"": 3.5816852261838505e-10}, {""token"": "" Usually"", ""token_id"": 34645, ""probability"": 3.5816852261838505e-10}, {""token"": ""\n\n"", ""token_id"": 108, ""probability"": 2.789419251136849e-10}, {""token"": "" Some"", ""token_id"": 4943, ""probability"": 2.789419251136849e-10}, {""token"": "" Typically"", ""token_id"": 50338, ""probability"": 2.789419251136849e-10}]"
L27,[27],"[129426, 129426, 144881, 144881]","[16, 21, 16, 21]",[248182],[16],0.0,1.25,False,ant_only,False,"[704.150634765625, 703.5153198242188, 943.4798583984375, 952.3358764648438]",[1180.9097290039062],"[1.5258787243510596e-05, 1.5258787243510596e-05, 1.9073486328125e-05, 1.9073486328125e-05, 1180.9097900390625]",1180.909790039063, Eight,0.999982476234436,1.1253320053583593e-07,0.999982476234436,1.6701407730579376e-05,-16.000000019046855,"[{""token"": "" Eight"", ""token_id"": 38923, ""probability"": 0.999982476234436}, {""token"": "" Four"", ""token_id"": 13038, ""probability"": 1.6701407730579376e-05}, {""token"": ""Eight"", ""token_id"": 80357, ""probability"": 6.47583874524571e-07}, {""token"": "" Six"", ""token_id"": 19759, ""probability"": 1.1253320053583593e-07}, {""token"": "" Many"", ""token_id"": 8732, ""probability"": 5.602698305295917e-09}, {""token"": "" Two"", ""token_id"": 8512, ""probability"": 1.6051998619204255e-09}, {""token"": "" Legs"", ""token_id"": 156403, ""probability"": 5.905200772815533e-10}, {""token"": "" Typically"", ""token_id"": 50338, ""probability"": 3.5816852261838505e-10}, {""token"": "" None"", ""token_id"": 5450, ""probability"": 3.5816852261838505e-10}, {""token"": ""\n\n"", ""token_id"": 108, ""probability"": 3.5816852261838505e-10}, {""token"": "" Usually"", ""token_id"": 34645, ""probability"": 3.5816852261838505e-10}, {""token"": "" Some"", ""token_id"": 4943, ""probability"": 2.789419251136849e-10}]"
L27,[27],"[129426, 129426, 144881, 144881]","[16, 21, 16, 21]",[248182],[16],0.0,1.5,False,ant_only,False,"[704.150634765625, 703.5153198242188, 943.4798583984375, 952.3358764648438]",[1417.0916748046875],"[1.5258787243510596e-05, 1.5258787243510596e-05, 1.9073486328125e-05, 1.9073486328125e-05, 1417.091796875]",1417.0917968750005, Eight,0.9999823570251465,1.4449548757511366e-07,0.9999823570251465,1.6701405911589973e-05,-15.749999914604915,"[{""token"": "" Eight"", ""token_id"": 38923, ""probability"": 0.9999823570251465}, {""token"": "" Four"", ""token_id"": 13038, ""probability"": 1.6701405911589973e-05}, {""token"": ""Eight"", ""token_id"": 80357, ""probability"": 8.315140576087288e-07}, {""token"": "" Six"", ""token_id"": 19759, ""probability"": 1.4449548757511366e-07}, {""token"": "" Many"", ""token_id"": 8732, ""probability"": 5.602697417117497e-09}, {""token"": "" Two"", ""token_id"": 8512, ""probability"": 2.061117054807937e-09}, {""token"": "" Legs"", ""token_id"": 156403, ""probability"": 7.582426353458516e-10}, {""token"": "" None"", ""token_id"": 5450, ""probability"": 4.598974534530953e-10}, {""token"": "" Usually"", ""token_id"": 34645, ""probability"": 4.598974534530953e-10}, {""token"": ""\n\n"", ""token_id"": 108, ""probability"": 3.581684671072338e-10}, {""token"": "" Some"", ""token_id"": 4943, ""probability"": 3.581684671072338e-10}, {""token"": "" Typically"", ""token_id"": 50338, ""probability"": 3.581684671072338e-10}]"
L27,[27],"[129426, 129426, 144881, 144881]","[16, 21, 16, 21]",[248182],[16],0.2,0.0,False,spider_only,False,"[563.3205078125001, 562.812255859375, 754.7838867187501, 761.868701171875]",[0.0],"[140.8301239013672, 140.7030792236328, 188.6959991455078, 190.46719360351562, 0.0]",333.93773706157697, Eight,0.999982476234436,1.1253320053583593e-07,0.999982476234436,1.6701407730579376e-05,-16.000000019046855,"[{""token"": "" Eight"", ""token_id"": 38923, ""probability"": 0.999982476234436}, {""token"": "" Four"", ""token_id"": 13038, ""probability"": 1.6701407730579376e-05}, {""token"": ""Eight"", ""token_id"": 80357, ""probability"": 6.47583874524571e-07}, {""token"": "" Six"", ""token_id"": 19759, ""probability"": 1.1253320053583593e-07}, {""token"": "" Many"", ""token_id"": 8732, ""probability"": 5.602698305295917e-09}, {""token"": "" Two"", ""token_id"": 8512, ""probability"": 1.6051998619204255e-09}, {""token"": "" Legs"", ""token_id"": 156403, ""probability"": 7.58242746368154e-10}, {""token"": "" None"", ""token_id"": 5450, ""probability"": 3.5816852261838505e-10}, {""token"": "" Typically"", ""token_id"": 50338, ""probability"": 3.5816852261838505e-10}, {""token"": "" Usually"", ""token_id"": 34645, ""probability"": 3.5816852261838505e-10}, {""token"": "" Some"", ""token_id"": 4943, ""probability"": 3.5816852261838505e-10}, {""token"": ""\n\n"", ""token_id"": 108, ""probability"": 3.5816852261838505e-10}]"
L27,[27],"[129426, 129426, 144881, 144881]","[16, 21, 16, 21]",[248182],[16],0.2,0.25,False,joint,False,"[563.3205078125001, 562.812255859375, 754.7838867187501, 761.868701171875]",[236.18194580078125],"[140.8301239013672, 140.7030792236328, 188.6959991455078, 190.46719360351562, 236.18197631835938]",409.01875039104624, Eight,0.999982476234436,1.1253320053583593e-07,0.999982476234436,1.6701407730579376e-05,-16.000000019046855,"[{""token"": "" Eight"", ""token_id"": 38923, ""probability"": 0.999982476234436}, {""token"": "" Four"", ""token_id"": 13038, ""probability"": 1.6701407730579376e-05}, {""token"": ""Eight"", ""token_id"": 80357, ""probability"": 6.47583874524571e-07}, {""token"": "" Six"", ""token_id"": 19759, ""probability"": 1.1253320053583593e-07}, {""token"": "" Many"", ""token_id"": 8732, ""probability"": 5.602698305295917e-09}, {""token"": "" Two"", ""token_id"": 8512, ""probability"": 1.6051998619204255e-09}, {""token"": "" Legs"", ""token_id"": 156403, ""probability"": 7.58242746368154e-10}, {""token"": "" Typically"", ""token_id"": 50338, ""probability"": 3.5816852261838505e-10}, {""token"": "" None"", ""token_id"": 5450, ""probability"": 3.5816852261838505e-10}, {""token"": ""\n\n"", ""token_id"": 108, ""probability"": 3.5816852261838505e-10}, {""token"": "" Usually"", ""token_id"": 34645, ""probability"": 3.5816852261838505e-10}, {""token"": "" Some"", ""token_id"": 4943, ""probability"": 2.789419251136849e-10}]"
L27,[27],"[129426, 129426, 144881, 144881]","[16, 21, 16, 21]",[248182],[16],0.2,0.5,False,joint,False,"[563.3205078125001, 562.812255859375, 754.7838867187501, 761.868701171875]",[472.3638916015625],"[140.8301239013672, 140.7030792236328, 188.6959991455078, 190.46719360351562, 472.36395263671875]",578.4825978232977, Eight,0.999982476234436,1.1253320053583593e-07,0.999982476234436,1.6701407730579376e-05,-16.000000019046855,"[{""token"": "" Eight"", ""token_id"": 38923, ""probability"": 0.999982476234436}, {""token"": "" Four"", ""token_id"": 13038, ""probability"": 1.6701407730579376e-05}, {""token"": ""Eight"", ""token_id"": 80357, ""probability"": 6.47583874524571e-07}, {""token"": "" Six"", ""token_id"": 19759, ""probability"": 1.1253320053583593e-07}, {""token"": "" Many"", ""token_id"": 8732, ""probability"": 4.3633860968839144e-09}, {""token"": "" Two"", ""token_id"": 8512, ""probability"": 1.6051998619204255e-09}, {""token"": "" Legs"", ""token_id"": 156403, ""probability"": 7.58242746368154e-10}, {""token"": "" None"", ""token_id"": 5450, ""probability"": 3.5816852261838505e-10}, {""token"": "" Usually"", ""token_id"": 34645, ""probability"": 3.5816852261838505e-10}, {""token"": ""\n\n"", ""token_id"": 108, ""probability"": 2.789419251136849e-10}, {""token"": "" Some"", ""token_id"": 4943, ""probability"": 2.789419251136849e-10}, {""token"": "" Typically"", ""token_id"": 50338, ""probability"": 2.789419251136849e-10}]"
L27,[27],"[129426, 129426, 144881, 144881]","[16, 21, 16, 21]",[248182],[16],0.2,0.75,False,joint,False,"[563.3205078125001, 562.812255859375, 754.7838867187501, 761.868701171875]",[708.5458374023438],"[140.8301239013672, 140.7030792236328, 188.6959991455078, 190.46719360351562, 708.5458984375]",783.2954119783998, Eight,0.999982476234436,1.1253320053583593e-07,0.999982476234436,1.6701407730579376e-05,-16.000000019046855,"[{""token"": "" Eight"", ""token_id"": 38923, ""probability"": 0.999982476234436}, {""token"": "" Four"", ""token_id"": 13038, ""probability"": 1.6701407730579376e-05}, {""token"": ""Eight"", ""token_id"": 80357, ""probability"": 6.47583874524571e-07}, {""token"": "" Six"", ""token_id"": 19759, ""probability"": 1.1253320053583593e-07}, {""token"": "" Many"", ""token_id"": 8732, ""probability"": 4.3633860968839144e-09}, {""token"": "" Two"", ""token_id"": 8512, ""probability"": 1.6051998619204255e-09}, {""token"": "" Legs"", ""token_id"": 156403, ""probability"": 5.905200772815533e-10}, {""token"": "" None"", ""token_id"": 5450, ""probability"": 3.5816852261838505e-10}, {""token"": "" Usually"", ""token_id"": 34645, ""probability"": 3.5816852261838505e-10}, {""token"": ""\n\n"", ""token_id"": 108, ""probability"": 2.789419251136849e-10}, {""token"": "" Some"", ""token_id"": 4943, ""probability"": 2.789419251136849e-10}, {""token"": "" Typically"", ""token_id"": 50338, ""probability"": 2.789419251136849e-10}]"
L27,[27],"[129426, 129426, 144881, 144881]","[16, 21, 16, 21]",[248182],[16],0.2,1.0,False,joint,False,"[563.3205078125001, 562.812255859375, 754.7838867187501, 761.868701171875]",[944.727783203125],"[140.8301239013672, 140.7030792236328, 188.6959991455078, 190.46719360351562, 944.7279052734375]",1002.0105923772184, Eight,0.9999861717224121,1.1253361975605003e-07,0.9999861717224121,1.3007117559027392e-05,-15.999999989297198,"[{""token"": "" Eight"", ""token_id"": 38923, ""probability"": 0.9999861717224121}, {""token"": "" Four"", ""token_id"": 13038, ""probability"": 1.3007117559027392e-05}, {""token"": ""Eight"", ""token_id"": 80357, ""probability"": 6.475862619481632e-07}, {""token"": "" Six"", ""token_id"": 19759, ""probability"": 1.1253361975605003e-07}, {""token"": "" Many"", ""token_id"": 8732, ""probability"": 4.363402084095469e-09}, {""token"": "" Two"", ""token_id"": 8512, ""probability"": 1.250135550634468e-09}, {""token"": "" Legs"", ""token_id"": 156403, ""probability"": 5.905222422164513e-10}, {""token"": "" None"", ""token_id"": 5450, ""probability"": 3.581698548860146e-10}, {""token"": "" Typically"", ""token_id"": 50338, ""probability"": 2.7894295206998265e-10}, {""token"": "" Usually"", ""token_id"": 34645, ""probability"": 2.7894295206998265e-10}, {""token"": ""\n\n"", ""token_id"": 108, ""probability"": 2.7894295206998265e-10}, {""token"": "" Some"", ""token_id"": 4943, ""probability"": 2.7894295206998265e-10}]"
L27,[27],"[129426, 129426, 144881, 144881]","[16, 21, 16, 21]",[248182],[16],0.2,1.25,False,joint,False,"[563.3205078125001, 562.812255859375, 754.7838867187501, 761.868701171875]",[1180.9097290039062],"[140.8301239013672, 140.7030792236328, 188.6959991455078, 190.46719360351562, 1180.9097900390625]",1227.2173175293403, Eight,0.999982476234436,1.1253320053583593e-07,0.999982476234436,1.6701407730579376e-05,-16.000000019046855,"[{""token"": "" Eight"", ""token_id"": 38923, ""probability"": 0.999982476234436}, {""token"": "" Four"", ""token_id"": 13038, ""probability"": 1.6701407730579376e-05}, {""token"": ""Eight"", ""token_id"": 80357, ""probability"": 6.47583874524571e-07}, {""token"": "" Six"", ""token_id"": 19759, ""probability"": 1.1253320053583593e-07}, {""token"": "" Many"", ""token_id"": 8732, ""probability"": 5.602698305295917e-09}, {""token"": "" Two"", ""token_id"": 8512, ""probability"": 1.6051998619204255e-09}, {""token"": "" Legs"", ""token_id"": 156403, ""probability"": 7.58242746368154e-10}, {""token"": "" Typically"", ""token_id"": 50338, ""probability"": 3.5816852261838505e-10}, {""token"": "" None"", ""token_id"": 5450, ""probability"": 3.5816852261838505e-10}, {""token"": ""\n\n"", ""token_id"": 108, ""probability"": 3.5816852261838505e-10}, {""token"": "" Usually"", ""token_id"": 34645, ""probability"": 3.5816852261838505e-10}, {""token"": "" Some"", ""token_id"": 4943, ""probability"": 2.789419251136849e-10}]"
L27,[27],"[129426, 129426, 144881, 144881]","[16, 21, 16, 21]",[248182],[16],0.2,1.5,False,joint,False,"[563.3205078125001, 562.812255859375, 754.7838867187501, 761.868701171875]",[1417.0916748046875],"[140.8301239013672, 140.7030792236328, 188.6959991455078, 190.46719360351562, 1417.091796875]",1455.90644376767, Eight,0.999982476234436,1.1253320053583593e-07,0.999982476234436,1.6701407730579376e-05,-16.000000019046855,"[{""token"": "" Eight"", ""token_id"": 38923, ""probability"": 0.999982476234436}, {""token"": "" Four"", ""token_id"": 13038, ""probability"": 1.6701407730579376e-05}, {""token"": ""Eight"", ""token_id"": 80357, ""probability"": 6.47583874524571e-07}, {""token"": "" Six"", ""token_id"": 19759, ""probability"": 1.1253320053583593e-07}, {""token"": "" Many"", ""token_id"": 8732, ""probability"": 4.3633860968839144e-09}, {""token"": "" Two"", ""token_id"": 8512, ""probability"": 1.6051998619204255e-09}, {""token"": "" Legs"", ""token_id"": 156403, ""probability"": 5.905200772815533e-10}, {""token"": "" Typically"", ""token_id"": 50338, ""probability"": 2.789419251136849e-10}, {""token"": "" None"", ""token_id"": 5450, ""probability"": 2.789419251136849e-10}, {""token"": ""\n\n"", ""token_id"": 108, ""probability"": 2.789419251136849e-10}, {""token"": "" Usually"", ""token_id"": 34645, ""probability"": 2.789419251136849e-10}, {""token"": "" Some"", ""token_id"": 4943, ""probability"": 2.1724018417490498e-10}]"
L27,[27],"[129426, 129426, 144881, 144881]","[16, 21, 16, 21]",[248182],[16],0.4,0.0,False,spider_only,False,"[422.49038085937497, 422.10919189453125, 566.0879150390625, 571.4015258789062]",[0.0],"[281.6602478027344, 281.4060974121094, 377.3919982910156, 380.93438720703125, 0.0]",667.8754484062831, Eight,0.999982476234436,1.1253320053583593e-07,0.999982476234436,1.6701407730579376e-05,-16.000000019046855,"[{""token"": "" Eight"", ""token_id"": 38923, ""probability"": 0.999982476234436}, {""token"": "" Four"", ""token_id"": 13038, ""probability"": 1.6701407730579376e-05}, {""token"": ""Eight"", ""token_id"": 80357, ""probability"": 6.47583874524571e-07}, {""token"": "" Six"", ""token_id"": 19759, ""probability"": 1.1253320053583593e-07}, {""token"": "" Many"", ""token_id"": 8732, ""probability"": 4.3633860968839144e-09}, {""token"": "" Two"", ""token_id"": 8512, ""probability"": 1.6051998619204255e-09}, {""token"": "" Legs"", ""token_id"": 156403, ""probability"": 7.58242746368154e-10}, {""token"": "" Typically"", ""token_id"": 50338, ""probability"": 3.5816852261838505e-10}, {""token"": "" None"", ""token_id"": 5450, ""probability"": 3.5816852261838505e-10}, {""token"": ""\n\n"", ""token_id"": 108, ""probability"": 3.5816852261838505e-10}, {""token"": "" Usually"", ""token_id"": 34645, ""probability"": 3.5816852261838505e-10}, {""token"": "" Some"", ""token_id"": 4943, ""probability"": 2.789419251136849e-10}]"
L27,[27],"[129426, 129426, 144881, 144881]","[16, 21, 16, 21]",[248182],[16],0.4,0.25,False,joint,False,"[422.49038085937497, 422.10919189453125, 566.0879150390625, 571.4015258789062]",[236.18194580078125],"[281.6602478027344, 281.4060974121094, 377.3919982910156, 380.93438720703125, 236.18197631835938]",708.4063385667436, Eight,0.9999861717224121,1.1253361975605003e-07,0.9999861717224121,1.3007117559027392e-05,-15.999999989297198,"[{""token"": "" Eight"", ""token_id"": 38923, ""probability"": 0.9999861717224121}, {""token"": "" Four"", ""token_id"": 13038, ""probability"": 1.3007117559027392e-05}, {""token"": ""Eight"", ""token_id"": 80357, ""probability"": 6.475862619481632e-07}, {""token"": "" Six"", ""token_id"": 19759, ""probability"": 1.1253361975605003e-07}, {""token"": "" Many"", ""token_id"": 8732, ""probability"": 4.363402084095469e-09}, {""token"": "" Two"", ""token_id"": 8512, ""probability"": 1.605205746102456e-09}, {""token"": "" Legs"", ""token_id"": 156403, ""probability"": 5.905222422164513e-10}, {""token"": "" Typically"", ""token_id"": 50338, ""probability"": 2.7894295206998265e-10}, {""token"": "" None"", ""token_id"": 5450, ""probability"": 2.7894295206998265e-10}, {""token"": ""\n\n"", ""token_id"": 108, ""probability"": 2.7894295206998265e-10}, {""token"": "" Usually"", ""token_id"": 34645, ""probability"": 2.7894295206998265e-10}, {""token"": "" Some"", ""token_id"": 4943, ""probability"": 2.1724098908659784e-10}]"
L27,[27],"[129426, 129426, 144881, 144881]","[16, 21, 16, 21]",[248182],[16],0.4,0.5,False,joint,False,"[422.49038085937497, 422.10919189453125, 566.0879150390625, 571.4015258789062]",[472.3638916015625],"[281.6602478027344, 281.4060974121094, 377.3919982910156, 380.93438720703125, 472.36395263671875]",818.0374797859068, Eight,0.9999775886535645,1.444947912432326e-07,0.9999775886535645,2.1444928279379383e-05,-15.749999965205687,"[{""token"": "" Eight"", ""token_id"": 38923, ""probability"": 0.9999775886535645}, {""token"": "" Four"", ""token_id"": 13038, ""probability"": 2.1444928279379383e-05}, {""token"": ""Eight"", ""token_id"": 80357, ""probability"": 8.315100785694085e-07}, {""token"": "" Six"", ""token_id"": 19759, ""probability"": 1.444947912432326e-07}, {""token"": "" Many"", ""token_id"": 8732, ""probability"": 5.602670771764906e-09}, {""token"": "" Two"", ""token_id"": 8512, ""probability"": 1.6051919793369507e-09}, {""token"": "" Legs"", ""token_id"": 156403, ""probability"": 5.905171907016893e-10}, {""token"": ""\n\n"", ""token_id"": 108, ""probability"": 3.5816677401712127e-10}, {""token"": "" None"", ""token_id"": 5450, ""probability"": 3.5816677401712127e-10}, {""token"": "" Usually"", ""token_id"": 34645, ""probability"": 3.5816677401712127e-10}, {""token"": "" Typically"", ""token_id"": 50338, ""probability"": 2.789405650904797e-10}, {""token"": "" Some"", ""token_id"": 4943, ""probability"": 2.789405650904797e-10}]"
L27,[27],"[129426, 129426, 144881, 144881]","[16, 21, 16, 21]",[248182],[16],0.4,0.75,False,joint,False,"[422.49038085937497, 422.10919189453125, 566.0879150390625, 571.4015258789062]",[708.5458374023438],"[281.6602478027344, 281.4060974121094, 377.3919982910156, 380.93438720703125, 708.5458984375]",973.7016508030054, Eight,0.999982476234436,1.1253320053583593e-07,0.999982476234436,1.6701407730579376e-05,-16.000000019046855,"[{""token"": "" Eight"", ""token_id"": 38923, ""probability"": 0.999982476234436}, {""token"": "" Four"", ""token_id"": 13038, ""probability"": 1.6701407730579376e-05}, {""token"": ""Eight"", ""token_id"": 80357, ""probability"": 6.47583874524571e-07}, {""token"": "" Six"", ""token_id"": 19759, ""probability"": 1.1253320053583593e-07}, {""token"": "" Many"", ""token_id"": 8732, ""probability"": 5.602698305295917e-09}, {""token"": "" Two"", ""token_id"": 8512, ""probability"": 2.061117276852542e-09}, {""token"": "" Legs"", ""token_id"": 156403, ""probability"": 9.736029760176734e-10}, {""token"": "" None"", ""token_id"": 5450, ""probability"": 4.5989750896424653e-10}, {""token"": "" Typically"", ""token_id"": 50338, ""probability"": 3.5816852261838505e-10}, {""token"": "" Usually"", ""token_id"": 34645, ""probability"": 3.5816852261838505e-10}, {""token"": ""\n\n"", ""token_id"": 108, ""probability"": 3.5816852261838505e-10}, {""token"": "" Some"", ""token_id"": 4943, ""probability"": 3.5816852261838505e-10}]"
L27,[27],"[129426, 129426, 144881, 144881]","[16, 21, 16, 21]",[248182],[16],0.4,1.0,False,joint,False,"[422.49038085937497, 422.10919189453125, 566.0879150390625, 571.4015258789062]",[944.727783203125],"[281.6602478027344, 281.4060974121094, 377.3919982910156, 380.93438720703125, 944.7279052734375]",1156.965180801147, Eight,0.9999823570251465,1.4449548757511366e-07,0.9999823570251465,1.6701405911589973e-05,-15.749999914604915,"[{""token"": "" Eight"", ""token_id"": 38923, ""probability"": 0.9999823570251465}, {""token"": "" Four"", ""token_id"": 13038, ""probability"": 1.6701405911589973e-05}, {""token"": ""Eight"", ""token_id"": 80357, ""probability"": 8.315140576087288e-07}, {""token"": "" Six"", ""token_id"": 19759, ""probability"": 1.4449548757511366e-07}, {""token"": "" Many"", ""token_id"": 8732, ""probability"": 5.602697417117497e-09}, {""token"": "" Two"", ""token_id"": 8512, ""probability"": 1.6051996398758206e-09}, {""token"": "" Legs"", ""token_id"": 156403, ""probability"": 7.582426353458516e-10}, {""token"": "" Usually"", ""token_id"": 34645, ""probability"": 4.598974534530953e-10}, {""token"": "" Typically"", ""token_id"": 50338, ""probability"": 3.581684671072338e-10}, {""token"": "" None"", ""token_id"": 5450, ""probability"": 3.581684671072338e-10}, {""token"": ""\n\n"", ""token_id"": 108, ""probability"": 3.581684671072338e-10}, {""token"": "" Some"", ""token_id"": 4943, ""probability"": 3.581684671072338e-10}]"
L27,[27],"[129426, 129426, 144881, 144881]","[16, 21, 16, 21]",[248182],[16],0.4,1.25,False,joint,False,"[422.49038085937497, 422.10919189453125, 566.0879150390625, 571.4015258789062]",[1180.9097290039062],"[281.6602478027344, 281.4060974121094, 377.3919982910156, 380.93438720703125, 1180.9097900390625]",1356.6891857732178, Eight,0.999982476234436,1.1253320053583593e-07,0.999982476234436,1.6701407730579376e-05,-16.000000019046855,"[{""token"": "" Eight"", ""token_id"": 38923, ""probability"": 0.999982476234436}, {""token"": "" Four"", ""token_id"": 13038, ""probability"": 1.6701407730579376e-05}, {""token"": ""Eight"", ""token_id"": 80357, ""probability"": 6.47583874524571e-07}, {""token"": "" Six"", ""token_id"": 19759, ""probability"": 1.1253320053583593e-07}, {""token"": "" Many"", ""token_id"": 8732, ""probability"": 5.602698305295917e-09}, {""token"": "" Two"", ""token_id"": 8512, ""probability"": 1.6051998619204255e-09}, {""token"": "" Legs"", ""token_id"": 156403, ""probability"": 7.58242746368154e-10}, {""token"": "" Typically"", ""token_id"": 50338, ""probability"": 3.5816852261838505e-10}, {""token"": "" None"", ""token_id"": 5450, ""probability"": 3.5816852261838505e-10}, {""token"": ""\n\n"", ""token_id"": 108, ""probability"": 3.5816852261838505e-10}, {""token"": "" Usually"", ""token_id"": 34645, ""probability"": 3.5816852261838505e-10}, {""token"": "" Some"", ""token_id"": 4943, ""probability"": 2.789419251136849e-10}]"
L27,[27],"[129426, 129426, 144881, 144881]","[16, 21, 16, 21]",[248182],[16],0.4,1.5,False,joint,False,"[422.49038085937497, 422.10919189453125, 566.0879150390625, 571.4015258789062]",[1417.0916748046875],"[281.6602478027344, 281.4060974121094, 377.3919982910156, 380.93438720703125, 1417.091796875]",1566.590812993077, Eight,0.999982476234436,1.1253320053583593e-07,0.999982476234436,1.6701407730579376e-05,-16.000000019046855,"[{""token"": "" Eight"", ""token_id"": 38923, ""probability"": 0.999982476234436}, {""token"": "" Four"", ""token_id"": 13038, ""probability"": 1.6701407730579376e-05}, {""token"": ""Eight"", ""token_id"": 80357, ""probability"": 6.47583874524571e-07}, {""token"": "" Six"", ""token_id"": 19759, ""probability"": 1.1253320053583593e-07}, {""token"": "" Many"", ""token_id"": 8732, ""probability"": 4.3633860968839144e-09}, {""token"": "" Two"", ""token_id"": 8512, ""probability"": 1.6051998619204255e-09}, {""token"": "" Legs"", ""token_id"": 156403, ""probability"": 5.905200772815533e-10}, {""token"": "" Typically"", ""token_id"": 50338, ""probability"": 2.789419251136849e-10}, {""token"": "" None"", ""token_id"": 5450, ""probability"": 2.789419251136849e-10}, {""token"": ""\n\n"", ""token_id"": 108, ""probability"": 2.789419251136849e-10}, {""token"": "" Usually"", ""token_id"": 34645, ""probability"": 2.789419251136849e-10}, {""token"": "" Some"", ""token_id"": 4943, ""probability"": 2.1724018417490498e-10}]"
L27,[27],"[129426, 129426, 144881, 144881]","[16, 21, 16, 21]",[248182],[16],0.6,0.0,False,spider_only,False,"[281.66025390625003, 281.4061279296875, 377.39194335937503, 380.9343505859375]",[0.0],"[422.4903564453125, 422.1091613769531, 566.0879516601562, 571.4015502929688, 0.0]",1001.8131293308355, Eight,0.9999861717224121,1.1253361975605003e-07,0.9999861717224121,1.3007117559027392e-05,-15.999999989297198,"[{""token"": "" Eight"", ""token_id"": 38923, ""probability"": 0.9999861717224121}, {""token"": "" Four"", ""token_id"": 13038, ""probability"": 1.3007117559027392e-05}, {""token"": ""Eight"", ""token_id"": 80357, ""probability"": 6.475862619481632e-07}, {""token"": "" Six"", ""token_id"": 19759, ""probability"": 1.1253361975605003e-07}, {""token"": "" Many"", ""token_id"": 8732, ""probability"": 4.363402084095469e-09}, {""token"": "" Two"", ""token_id"": 8512, ""probability"": 1.250135550634468e-09}, {""token"": "" Legs"", ""token_id"": 156403, ""probability"": 5.905222422164513e-10}, {""token"": "" Usually"", ""token_id"": 34645, ""probability"": 3.581698548860146e-10}, {""token"": "" Typically"", ""token_id"": 50338, ""probability"": 2.7894295206998265e-10}, {""token"": "" None"", ""token_id"": 5450, ""probability"": 2.7894295206998265e-10}, {""token"": ""\n\n"", ""token_id"": 108, ""probability"": 2.7894295206998265e-10}, {""token"": "" Some"", ""token_id"": 4943, ""probability"": 2.7894295206998265e-10}]"
L27,[27],"[129426, 129426, 144881, 144881]","[16, 21, 16, 21]",[248182],[16],0.6,0.25,False,joint,False,"[281.66025390625003, 281.4061279296875, 377.39194335937503, 380.9343505859375]",[236.18194580078125],"[422.4903564453125, 422.1091613769531, 566.0879516601562, 571.4015502929688, 236.18197631835938]",1029.2771599706696, Eight,0.9999861717224121,1.1253361975605003e-07,0.9999861717224121,1.3007117559027392e-05,-15.999999989297198,"[{""token"": "" Eight"", ""token_id"": 38923, ""probability"": 0.9999861717224121}, {""token"": "" Four"", ""token_id"": 13038, ""probability"": 1.3007117559027392e-05}, {""token"": ""Eight"", ""token_id"": 80357, ""probability"": 6.475862619481632e-07}, {""token"": "" Six"", ""token_id"": 19759, ""probability"": 1.1253361975605003e-07}, {""token"": "" Many"", ""token_id"": 8732, ""probability"": 4.363402084095469e-09}, {""token"": "" Two"", ""token_id"": 8512, ""probability"": 1.605205746102456e-09}, {""token"": "" Legs"", ""token_id"": 156403, ""probability"": 5.905222422164513e-10}, {""token"": "" None"", ""token_id"": 5450, ""probability"": 2.7894295206998265e-10}, {""token"": "" Typically"", ""token_id"": 50338, ""probability"": 2.7894295206998265e-10}, {""token"": "" Usually"", ""token_id"": 34645, ""probability"": 2.7894295206998265e-10}, {""token"": "" Some"", ""token_id"": 4943, ""probability"": 2.7894295206998265e-10}, {""token"": ""\n\n"", ""token_id"": 108, ""probability"": 2.7894295206998265e-10}]"
L27,[27],"[129426, 129426, 144881, 144881]","[16, 21, 16, 21]",[248182],[16],0.6,0.5,False,joint,False,"[281.66025390625003, 281.4061279296875, 377.39194335937503, 380.9343505859375]",[472.3638916015625],"[422.4903564453125, 422.1091613769531, 566.0879516601562, 571.4015502929688, 472.36395263671875]",1107.5907411360145, Eight,0.9999775886535645,1.444947912432326e-07,0.9999775886535645,2.1444928279379383e-05,-15.749999965205687,"[{""token"": "" Eight"", ""token_id"": 38923, ""probability"": 0.9999775886535645}, {""token"": "" Four"", ""token_id"": 13038, ""probability"": 2.1444928279379383e-05}, {""token"": ""Eight"", ""token_id"": 80357, ""probability"": 8.315100785694085e-07}, {""token"": "" Six"", ""token_id"": 19759, ""probability"": 1.444947912432326e-07}, {""token"": "" Many"", ""token_id"": 8732, ""probability"": 5.602670771764906e-09}, {""token"": "" Two"", ""token_id"": 8512, ""probability"": 1.6051919793369507e-09}, {""token"": "" Legs"", ""token_id"": 156403, ""probability"": 9.735982020586675e-10}, {""token"": "" None"", ""token_id"": 5450, ""probability"": 3.5816677401712127e-10}, {""token"": "" Typically"", ""token_id"": 50338, ""probability"": 3.5816677401712127e-10}, {""token"": "" Usually"", ""token_id"": 34645, ""probability"": 3.5816677401712127e-10}, {""token"": "" Some"", ""token_id"": 4943, ""probability"": 3.5816677401712127e-10}, {""token"": ""\n\n"", ""token_id"": 108, ""probability"": 3.5816677401712127e-10}]"
L27,[27],"[129426, 129426, 144881, 144881]","[16, 21, 16, 21]",[248182],[16],0.6,0.75,False,joint,False,"[281.66025390625003, 281.4061279296875, 377.39194335937503, 380.9343505859375]",[708.5458374023438],"[422.4903564453125, 422.1091613769531, 566.0879516601562, 571.4015502929688, 708.5458984375]",1227.056166722716, Eight,0.999982476234436,1.1253320053583593e-07,0.999982476234436,1.6701407730579376e-05,-16.000000019046855,"[{""token"": "" Eight"", ""token_id"": 38923, ""probability"": 0.999982476234436}, {""token"": "" Four"", ""token_id"": 13038, ""probability"": 1.6701407730579376e-05}, {""token"": ""Eight"", ""token_id"": 80357, ""probability"": 6.47583874524571e-07}, {""token"": "" Six"", ""token_id"": 19759, ""probability"": 1.1253320053583593e-07}, {""token"": "" Many"", ""token_id"": 8732, ""probability"": 5.602698305295917e-09}, {""token"": "" Two"", ""token_id"": 8512, ""probability"": 1.6051998619204255e-09}, {""token"": "" Legs"", ""token_id"": 156403, ""probability"": 7.58242746368154e-10}, {""token"": "" Typically"", ""token_id"": 50338, ""probability"": 3.5816852261838505e-10}, {""token"": "" None"", ""token_id"": 5450, ""probability"": 3.5816852261838505e-10}, {""token"": ""\n\n"", ""token_id"": 108, ""probability"": 3.5816852261838505e-10}, {""token"": "" Usually"", ""token_id"": 34645, ""probability"": 3.5816852261838505e-10}, {""token"": "" Some"", ""token_id"": 4943, ""probability"": 2.789419251136849e-10}]"
L27,[27],"[129426, 129426, 144881, 144881]","[16, 21, 16, 21]",[248182],[16],0.6,1.0,False,joint,False,"[281.66025390625003, 281.4061279296875, 377.39194335937503, 380.9343505859375]",[944.727783203125],"[422.4903564453125, 422.1091613769531, 566.0879516601562, 571.4015502929688, 944.7279052734375]",1377.004125303181, Eight,0.9999775886535645,1.444947912432326e-07,0.9999775886535645,2.1444928279379383e-05,-15.749999965205687,"[{""token"": "" Eight"", ""token_id"": 38923, ""probability"": 0.9999775886535645}, {""token"": "" Four"", ""token_id"": 13038, ""probability"": 2.1444928279379383e-05}, {""token"": ""Eight"", ""token_id"": 80357, ""probability"": 8.315100785694085e-07}, {""token"": "" Six"", ""token_id"": 19759, ""probability"": 1.444947912432326e-07}, {""token"": "" Many"", ""token_id"": 8732, ""probability"": 5.602670771764906e-09}, {""token"": "" Two"", ""token_id"": 8512, ""probability"": 1.6051919793369507e-09}, {""token"": "" Legs"", ""token_id"": 156403, ""probability"": 7.582390271210215e-10}, {""token"": "" None"", ""token_id"": 5450, ""probability"": 3.5816677401712127e-10}, {""token"": "" Typically"", ""token_id"": 50338, ""probability"": 3.5816677401712127e-10}, {""token"": "" Usually"", ""token_id"": 34645, ""probability"": 3.5816677401712127e-10}, {""token"": "" Some"", ""token_id"": 4943, ""probability"": 3.5816677401712127e-10}, {""token"": ""\n\n"", ""token_id"": 108, ""probability"": 3.5816677401712127e-10}]"
L27,[27],"[129426, 129426, 144881, 144881]","[16, 21, 16, 21]",[248182],[16],0.6,1.25,False,joint,False,"[281.66025390625003, 281.4061279296875, 377.39194335937503, 380.9343505859375]",[1180.9097290039062],"[422.4903564453125, 422.1091613769531, 566.0879516601562, 571.4015502929688, 1180.9097900390625]",1548.605010423815, Eight,0.9999823570251465,1.4449548757511366e-07,0.9999823570251465,1.6701405911589973e-05,-15.749999914604915,"[{""token"": "" Eight"", ""token_id"": 38923, ""probability"": 0.9999823570251465}, {""token"": "" Four"", ""token_id"": 13038, ""probability"": 1.6701405911589973e-05}, {""token"": ""Eight"", ""token_id"": 80357, ""probability"": 8.315140576087288e-07}, {""token"": "" Six"", ""token_id"": 19759, ""probability"": 1.4449548757511366e-07}, {""token"": "" Many"", ""token_id"": 8732, ""probability"": 5.602697417117497e-09}, {""token"": "" Two"", ""token_id"": 8512, ""probability"": 2.061117054807937e-09}, {""token"": "" Legs"", ""token_id"": 156403, ""probability"": 7.582426353458516e-10}, {""token"": "" None"", ""token_id"": 5450, ""probability"": 3.581684671072338e-10}, {""token"": "" Typically"", ""token_id"": 50338, ""probability"": 3.581684671072338e-10}, {""token"": "" Usually"", ""token_id"": 34645, ""probability"": 3.581684671072338e-10}, {""token"": "" Some"", ""token_id"": 4943, ""probability"": 3.581684671072338e-10}, {""token"": ""\n\n"", ""token_id"": 108, ""probability"": 3.581684671072338e-10}]"
L27,[27],"[129426, 129426, 144881, 144881]","[16, 21, 16, 21]",[248182],[16],0.6,1.5,False,joint,False,"[281.66025390625003, 281.4061279296875, 377.39194335937503, 380.9343505859375]",[1417.0916748046875],"[422.4903564453125, 422.1091613769531, 566.0879516601562, 571.4015502929688, 1417.091796875]",1735.4476963798297, Eight,0.999982476234436,1.1253320053583593e-07,0.999982476234436,1.6701407730579376e-05,-16.000000019046855,"[{""token"": "" Eight"", ""token_id"": 38923, ""probability"": 0.999982476234436}, {""token"": "" Four"", ""token_id"": 13038, ""probability"": 1.6701407730579376e-05}, {""token"": ""Eight"", ""token_id"": 80357, ""probability"": 6.47583874524571e-07}, {""token"": "" Six"", ""token_id"": 19759, ""probability"": 1.1253320053583593e-07}, {""token"": "" Many"", ""token_id"": 8732, ""probability"": 5.602698305295917e-09}, {""token"": "" Two"", ""token_id"": 8512, ""probability"": 1.6051998619204255e-09}, {""token"": "" Legs"", ""token_id"": 156403, ""probability"": 7.58242746368154e-10}, {""token"": "" Typically"", ""token_id"": 50338, ""probability"": 3.5816852261838505e-10}, {""token"": "" None"", ""token_id"": 5450, ""probability"": 3.5816852261838505e-10}, {""token"": ""\n\n"", ""token_id"": 108, ""probability"": 3.5816852261838505e-10}, {""token"": "" Usually"", ""token_id"": 34645, ""probability"": 3.5816852261838505e-10}, {""token"": "" Some"", ""token_id"": 4943, ""probability"": 2.789419251136849e-10}]"
L27,[27],"[129426, 129426, 144881, 144881]","[16, 21, 16, 21]",[248182],[16],0.8,0.0,False,spider_only,False,"[140.83012695312496, 140.70306396484372, 188.69597167968746, 190.4671752929687]",[0.0],"[563.3204345703125, 562.8121948242188, 754.7839965820312, 761.8687744140625, 0.0]",1335.7508710724726, Eight,0.9999823570251465,1.4449548757511366e-07,0.9999823570251465,1.6701405911589973e-05,-15.749999914604915,"[{""token"": "" Eight"", ""token_id"": 38923, ""probability"": 0.9999823570251465}, {""token"": "" Four"", ""token_id"": 13038, ""probability"": 1.6701405911589973e-05}, {""token"": ""Eight"", ""token_id"": 80357, ""probability"": 8.315140576087288e-07}, {""token"": "" Six"", ""token_id"": 19759, ""probability"": 1.4449548757511366e-07}, {""token"": "" Many"", ""token_id"": 8732, ""probability"": 5.602697417117497e-09}, {""token"": "" Two"", ""token_id"": 8512, ""probability"": 2.061117054807937e-09}, {""token"": "" Legs"", ""token_id"": 156403, ""probability"": 7.582426353458516e-10}, {""token"": "" None"", ""token_id"": 5450, ""probability"": 4.598974534530953e-10}, {""token"": "" Usually"", ""token_id"": 34645, ""probability"": 4.598974534530953e-10}, {""token"": ""\n\n"", ""token_id"": 108, ""probability"": 3.581684671072338e-10}, {""token"": "" Some"", ""token_id"": 4943, ""probability"": 3.581684671072338e-10}, {""token"": "" Typically"", ""token_id"": 50338, ""probability"": 3.581684671072338e-10}]"
L27,[27],"[129426, 129426, 144881, 144881]","[16, 21, 16, 21]",[248182],[16],0.8,0.25,False,joint,False,"[140.83012695312496, 140.70306396484372, 188.69597167968746, 190.4671752929687]",[236.18194580078125],"[563.3204345703125, 562.8121948242188, 754.7839965820312, 761.8687744140625, 236.18197631835938]",1356.470536174124, Eight,0.999982476234436,1.1253320053583593e-07,0.999982476234436,1.6701407730579376e-05,-16.000000019046855,"[{""token"": "" Eight"", ""token_id"": 38923, ""probability"": 0.999982476234436}, {""token"": "" Four"", ""token_id"": 13038, ""probability"": 1.6701407730579376e-05}, {""token"": ""Eight"", ""token_id"": 80357, ""probability"": 6.47583874524571e-07}, {""token"": "" Six"", ""token_id"": 19759, ""probability"": 1.1253320053583593e-07}, {""token"": "" Many"", ""token_id"": 8732, ""probability"": 5.602698305295917e-09}, {""token"": "" Two"", ""token_id"": 8512, ""probability"": 1.6051998619204255e-09}, {""token"": "" Legs"", ""token_id"": 156403, ""probability"": 7.58242746368154e-10}, {""token"": ""\n\n"", ""token_id"": 108, ""probability"": 3.5816852261838505e-10}, {""token"": "" None"", ""token_id"": 5450, ""probability"": 3.5816852261838505e-10}, {""token"": "" Usually"", ""token_id"": 34645, ""probability"": 3.5816852261838505e-10}, {""token"": "" Typically"", ""token_id"": 50338, ""probability"": 2.789419251136849e-10}, {""token"": "" Some"", ""token_id"": 4943, ""probability"": 2.789419251136849e-10}]"
L27,[27],"[129426, 129426, 144881, 144881]","[16, 21, 16, 21]",[248182],[16],0.8,0.5,False,joint,False,"[140.83012695312496, 140.70306396484372, 188.69597167968746, 190.4671752929687]",[472.3638916015625],"[563.3204345703125, 562.8121948242188, 754.7839965820312, 761.8687744140625, 472.36395263671875]",1416.812652866092, Eight,0.999982476234436,1.1253320053583593e-07,0.999982476234436,1.6701407730579376e-05,-16.000000019046855,"[{""token"": "" Eight"", ""token_id"": 38923, ""probability"": 0.999982476234436}, {""token"": "" Four"", ""token_id"": 13038, ""probability"": 1.6701407730579376e-05}, {""token"": ""Eight"", ""token_id"": 80357, ""probability"": 6.47583874524571e-07}, {""token"": "" Six"", ""token_id"": 19759, ""probability"": 1.1253320053583593e-07}, {""token"": "" Many"", ""token_id"": 8732, ""probability"": 5.602698305295917e-09}, {""token"": "" Two"", ""token_id"": 8512, ""probability"": 1.6051998619204255e-09}, {""token"": "" Legs"", ""token_id"": 156403, ""probability"": 7.58242746368154e-10}, {""token"": "" Typically"", ""token_id"": 50338, ""probability"": 3.5816852261838505e-10}, {""token"": "" None"", ""token_id"": 5450, ""probability"": 3.5816852261838505e-10}, {""token"": ""\n\n"", ""token_id"": 108, ""probability"": 3.5816852261838505e-10}, {""token"": "" Usually"", ""token_id"": 34645, ""probability"": 3.5816852261838505e-10}, {""token"": "" Some"", ""token_id"": 4943, ""probability"": 2.789419251136849e-10}]"
L27,[27],"[129426, 129426, 144881, 144881]","[16, 21, 16, 21]",[248182],[16],0.8,0.75,False,joint,False,"[140.83012695312496, 140.70306396484372, 188.69597167968746, 190.4671752929687]",[708.5458374023438],"[563.3204345703125, 562.8121948242188, 754.7839965820312, 761.8687744140625, 708.5458984375]",1512.0408988395366, Eight,0.9999823570251465,1.4449548757511366e-07,0.9999823570251465,1.6701405911589973e-05,-15.749999914604915,"[{""token"": "" Eight"", ""token_id"": 38923, ""probability"": 0.9999823570251465}, {""token"": "" Four"", ""token_id"": 13038, ""probability"": 1.6701405911589973e-05}, {""token"": ""Eight"", ""token_id"": 80357, ""probability"": 8.315140576087288e-07}, {""token"": "" Six"", ""token_id"": 19759, ""probability"": 1.4449548757511366e-07}, {""token"": "" Many"", ""token_id"": 8732, ""probability"": 5.602697417117497e-09}, {""token"": "" Two"", ""token_id"": 8512, ""probability"": 2.061117054807937e-09}, {""token"": "" Legs"", ""token_id"": 156403, ""probability"": 7.582426353458516e-10}, {""token"": "" None"", ""token_id"": 5450, ""probability"": 3.581684671072338e-10}, {""token"": "" Typically"", ""token_id"": 50338, ""probability"": 3.581684671072338e-10}, {""token"": "" Usually"", ""token_id"": 34645, ""probability"": 3.581684671072338e-10}, {""token"": "" Some"", ""token_id"": 4943, ""probability"": 3.581684671072338e-10}, {""token"": ""\n\n"", ""token_id"": 108, ""probability"": 3.581684671072338e-10}]"
L27,[27],"[129426, 129426, 144881, 144881]","[16, 21, 16, 21]",[248182],[16],0.8,1.0,False,joint,False,"[140.83012695312496, 140.70306396484372, 188.69597167968746, 190.4671752929687]",[944.727783203125],"[563.3204345703125, 562.8121948242188, 754.7839965820312, 761.8687744140625, 944.7279052734375]",1636.0749385566685, Eight,0.9999775886535645,1.444947912432326e-07,0.9999775886535645,2.1444928279379383e-05,-15.749999965205687,"[{""token"": "" Eight"", ""token_id"": 38923, ""probability"": 0.9999775886535645}, {""token"": "" Four"", ""token_id"": 13038, ""probability"": 2.1444928279379383e-05}, {""token"": ""Eight"", ""token_id"": 80357, ""probability"": 8.315100785694085e-07}, {""token"": "" Six"", ""token_id"": 19759, ""probability"": 1.444947912432326e-07}, {""token"": "" Many"", ""token_id"": 8732, ""probability"": 5.602670771764906e-09}, {""token"": "" Two"", ""token_id"": 8512, ""probability"": 2.0611072848453205e-09}, {""token"": "" Legs"", ""token_id"": 156403, ""probability"": 9.735982020586675e-10}, {""token"": ""\n\n"", ""token_id"": 108, ""probability"": 4.5989526076262166e-10}, {""token"": "" None"", ""token_id"": 5450, ""probability"": 4.5989526076262166e-10}, {""token"": "" Usually"", ""token_id"": 34645, ""probability"": 4.5989526076262166e-10}, {""token"": "" Typically"", ""token_id"": 50338, ""probability"": 3.5816677401712127e-10}, {""token"": "" Some"", ""token_id"": 4943, ""probability"": 3.5816677401712127e-10}]"
L27,[27],"[129426, 129426, 144881, 144881]","[16, 21, 16, 21]",[248182],[16],0.8,1.25,False,joint,False,"[140.83012695312496, 140.70306396484372, 188.69597167968746, 190.4671752929687]",[1180.9097290039062],"[563.3204345703125, 562.8121948242188, 754.7839965820312, 761.8687744140625, 1180.9097900390625]",1782.9128755441113, Eight,0.999982476234436,1.1253320053583593e-07,0.999982476234436,1.6701407730579376e-05,-16.000000019046855,"[{""token"": "" Eight"", ""token_id"": 38923, ""probability"": 0.999982476234436}, {""token"": "" Four"", ""token_id"": 13038, ""probability"": 1.6701407730579376e-05}, {""token"": ""Eight"", ""token_id"": 80357, ""probability"": 6.47583874524571e-07}, {""token"": "" Six"", ""token_id"": 19759, ""probability"": 1.1253320053583593e-07}, {""token"": "" Many"", ""token_id"": 8732, ""probability"": 4.3633860968839144e-09}, {""token"": "" Two"", ""token_id"": 8512, ""probability"": 1.6051998619204255e-09}, {""token"": "" Legs"", ""token_id"": 156403, ""probability"": 7.58242746368154e-10}, {""token"": "" None"", ""token_id"": 5450, ""probability"": 3.5816852261838505e-10}, {""token"": "" Typically"", ""token_id"": 50338, ""probability"": 2.789419251136849e-10}, {""token"": "" Usually"", ""token_id"": 34645, ""probability"": 2.789419251136849e-10}, {""token"": ""\n\n"", ""token_id"": 108, ""probability"": 2.789419251136849e-10}, {""token"": "" Some"", ""token_id"": 4943, ""probability"": 2.789419251136849e-10}]"
L27,[27],"[129426, 129426, 144881, 144881]","[16, 21, 16, 21]",[248182],[16],0.8,1.5,False,joint,False,"[140.83012695312496, 140.70306396484372, 188.69597167968746, 190.4671752929687]",[1417.0916748046875],"[563.3204345703125, 562.8121948242188, 754.7839965820312, 761.8687744140625, 1417.091796875]",1947.4032839505242, Eight,0.999982476234436,1.4449550178596837e-07,0.999982476234436,1.6701407730579376e-05,-15.74999993546822,"[{""token"": "" Eight"", ""token_id"": 38923, ""probability"": 0.999982476234436}, {""token"": "" Four"", ""token_id"": 13038, ""probability"": 1.6701407730579376e-05}, {""token"": ""Eight"", ""token_id"": 80357, ""probability"": 6.47583874524571e-07}, {""token"": "" Six"", ""token_id"": 19759, ""probability"": 1.4449550178596837e-07}, {""token"": "" Many"", ""token_id"": 8732, ""probability"": 5.602698305295917e-09}, {""token"": "" Two"", ""token_id"": 8512, ""probability"": 1.6051998619204255e-09}, {""token"": "" Legs"", ""token_id"": 156403, ""probability"": 7.58242746368154e-10}, {""token"": "" Typically"", ""token_id"": 50338, ""probability"": 3.5816852261838505e-10}, {""token"": "" None"", ""token_id"": 5450, ""probability"": 3.5816852261838505e-10}, {""token"": ""\n\n"", ""token_id"": 108, ""probability"": 3.5816852261838505e-10}, {""token"": "" Usually"", ""token_id"": 34645, ""probability"": 3.5816852261838505e-10}, {""token"": "" Some"", ""token_id"": 4943, ""probability"": 2.789419251136849e-10}]"
L27,[27],"[129426, 129426, 144881, 144881]","[16, 21, 16, 21]",[248182],[16],1.0,0.0,False,spider_only,False,"[0.0, 0.0, 0.0, 0.0]",[0.0],"[704.1505737304688, 703.5153198242188, 943.4799194335938, 952.3359375, 0.0]",1669.688573339575, Eight,0.9999778270721436,1.4449483387579676e-07,0.9999778270721436,2.1444933736347593e-05,-15.749999908583943,"[{""token"": "" Eight"", ""token_id"": 38923, ""probability"": 0.9999778270721436}, {""token"": "" Four"", ""token_id"": 13038, ""probability"": 2.1444933736347593e-05}, {""token"": ""Eight"", ""token_id"": 80357, ""probability"": 6.475808618233714e-07}, {""token"": "" Six"", ""token_id"": 19759, ""probability"": 1.4449483387579676e-07}, {""token"": "" Many"", ""token_id"": 8732, ""probability"": 5.6026721040325356e-09}, {""token"": "" Two"", ""token_id"": 8512, ""probability"": 2.0611077289345303e-09}, {""token"": "" Legs"", ""token_id"": 156403, ""probability"": 7.582391936544752e-10}, {""token"": "" None"", ""token_id"": 5450, ""probability"": 4.598953717849241e-10}, {""token"": "" Typically"", ""token_id"": 50338, ""probability"": 3.581668572838481e-10}, {""token"": "" Usually"", ""token_id"": 34645, ""probability"": 3.581668572838481e-10}, {""token"": ""\n\n"", ""token_id"": 108, ""probability"": 3.581668572838481e-10}, {""token"": "" Some"", ""token_id"": 4943, ""probability"": 3.581668572838481e-10}]"
L27,[27],"[129426, 129426, 144881, 144881]","[16, 21, 16, 21]",[248182],[16],1.0,0.25,False,joint,False,"[0.0, 0.0, 0.0, 0.0]",[236.18194580078125],"[704.1505737304688, 703.5153198242188, 943.4799194335938, 952.3359375, 236.18197631835938]",1686.310130989668, Eight,0.9999861717224121,1.1253361975605003e-07,0.9999861717224121,1.3007117559027392e-05,-15.999999989297198,"[{""token"": "" Eight"", ""token_id"": 38923, ""probability"": 0.9999861717224121}, {""token"": "" Four"", ""token_id"": 13038, ""probability"": 1.3007117559027392e-05}, {""token"": ""Eight"", ""token_id"": 80357, ""probability"": 6.475862619481632e-07}, {""token"": "" Six"", ""token_id"": 19759, ""probability"": 1.1253361975605003e-07}, {""token"": "" Many"", ""token_id"": 8732, ""probability"": 4.363402084095469e-09}, {""token"": "" Two"", ""token_id"": 8512, ""probability"": 1.250135550634468e-09}, {""token"": "" Legs"", ""token_id"": 156403, ""probability"": 5.905222422164513e-10}, {""token"": "" None"", ""token_id"": 5450, ""probability"": 2.7894295206998265e-10}, {""token"": "" Usually"", ""token_id"": 34645, ""probability"": 2.7894295206998265e-10}, {""token"": "" Typically"", ""token_id"": 50338, ""probability"": 2.7894295206998265e-10}, {""token"": "" Some"", ""token_id"": 4943, ""probability"": 2.1724098908659784e-10}, {""token"": ""\n\n"", ""token_id"": 108, ""probability"": 2.1724098908659784e-10}]"
L27,[27],"[129426, 129426, 144881, 144881]","[16, 21, 16, 21]",[248182],[16],1.0,0.5,False,joint,False,"[0.0, 0.0, 0.0, 0.0]",[472.3638916015625],"[704.1505737304688, 703.5153198242188, 943.4799194335938, 952.3359375, 472.36395263671875]",1735.2197658196872, Eight,0.9999778270721436,1.4449483387579676e-07,0.9999778270721436,2.1444933736347593e-05,-15.749999908583943,"[{""token"": "" Eight"", ""token_id"": 38923, ""probability"": 0.9999778270721436}, {""token"": "" Four"", ""token_id"": 13038, ""probability"": 2.1444933736347593e-05}, {""token"": ""Eight"", ""token_id"": 80357, ""probability"": 6.475808618233714e-07}, {""token"": "" Six"", ""token_id"": 19759, ""probability"": 1.4449483387579676e-07}, {""token"": "" Many"", ""token_id"": 8732, ""probability"": 5.6026721040325356e-09}, {""token"": "" Two"", ""token_id"": 8512, ""probability"": 2.0611077289345303e-09}, {""token"": "" Legs"", ""token_id"": 156403, ""probability"": 7.582391936544752e-10}, {""token"": "" None"", ""token_id"": 5450, ""probability"": 3.581668572838481e-10}, {""token"": "" Typically"", ""token_id"": 50338, ""probability"": 3.581668572838481e-10}, {""token"": "" Usually"", ""token_id"": 34645, ""probability"": 3.581668572838481e-10}, {""token"": "" Some"", ""token_id"": 4943, ""probability"": 3.581668572838481e-10}, {""token"": ""\n\n"", ""token_id"": 108, ""probability"": 3.581668572838481e-10}]"
L27,[27],"[129426, 129426, 144881, 144881]","[16, 21, 16, 21]",[248182],[16],1.0,0.75,False,joint,False,"[0.0, 0.0, 0.0, 0.0]",[708.5458374023438],"[704.1505737304688, 703.5153198242188, 943.4799194335938, 952.3359375, 708.5458984375]",1813.8073828643849, Eight,0.9999775886535645,1.444947912432326e-07,0.9999775886535645,2.1444928279379383e-05,-15.749999965205687,"[{""token"": "" Eight"", ""token_id"": 38923, ""probability"": 0.9999775886535645}, {""token"": "" Four"", ""token_id"": 13038, ""probability"": 2.1444928279379383e-05}, {""token"": ""Eight"", ""token_id"": 80357, ""probability"": 8.315100785694085e-07}, {""token"": "" Six"", ""token_id"": 19759, ""probability"": 1.444947912432326e-07}, {""token"": "" Many"", ""token_id"": 8732, ""probability"": 5.602670771764906e-09}, {""token"": "" Two"", ""token_id"": 8512, ""probability"": 2.0611072848453205e-09}, {""token"": "" Legs"", ""token_id"": 156403, ""probability"": 9.735982020586675e-10}, {""token"": "" None"", ""token_id"": 5450, ""probability"": 4.5989526076262166e-10}, {""token"": "" Typically"", ""token_id"": 50338, ""probability"": 3.5816677401712127e-10}, {""token"": "" Usually"", ""token_id"": 34645, ""probability"": 3.5816677401712127e-10}, {""token"": ""\n\n"", ""token_id"": 108, ""probability"": 3.5816677401712127e-10}, {""token"": "" Some"", ""token_id"": 4943, ""probability"": 3.5816677401712127e-10}]"
L27,[27],"[129426, 129426, 144881, 144881]","[16, 21, 16, 21]",[248182],[16],1.0,1.0,False,joint,False,"[0.0, 0.0, 0.0, 0.0]",[944.727783203125],"[704.1505737304688, 703.5153198242188, 943.4799194335938, 952.3359375, 944.7279052734375]",1918.429239493363, Eight,0.9999775886535645,1.444947912432326e-07,0.9999775886535645,2.1444928279379383e-05,-15.749999965205687,"[{""token"": "" Eight"", ""token_id"": 38923, ""probability"": 0.9999775886535645}, {""token"": "" Four"", ""token_id"": 13038, ""probability"": 2.1444928279379383e-05}, {""token"": ""Eight"", ""token_id"": 80357, ""probability"": 8.315100785694085e-07}, {""token"": "" Six"", ""token_id"": 19759, ""probability"": 1.444947912432326e-07}, {""token"": "" Many"", ""token_id"": 8732, ""probability"": 5.602670771764906e-09}, {""token"": "" Two"", ""token_id"": 8512, ""probability"": 1.6051919793369507e-09}, {""token"": "" Legs"", ""token_id"": 156403, ""probability"": 7.582390271210215e-10}, {""token"": "" None"", ""token_id"": 5450, ""probability"": 3.5816677401712127e-10}, {""token"": "" Typically"", ""token_id"": 50338, ""probability"": 3.5816677401712127e-10}, {""token"": "" Usually"", ""token_id"": 34645, ""probability"": 3.5816677401712127e-10}, {""token"": "" Some"", ""token_id"": 4943, ""probability"": 3.5816677401712127e-10}, {""token"": ""\n\n"", ""token_id"": 108, ""probability"": 3.5816677401712127e-10}]"
L27,[27],"[129426, 129426, 144881, 144881]","[16, 21, 16, 21]",[248182],[16],1.0,1.25,False,joint,False,"[0.0, 0.0, 0.0, 0.0]",[1180.9097290039062],"[704.1505737304688, 703.5153198242188, 943.4799194335938, 952.3359375, 1180.9097900390625]",2045.093607674438, Eight,0.999982476234436,1.4449550178596837e-07,0.999982476234436,1.6701407730579376e-05,-15.74999993546822,"[{""token"": "" Eight"", ""token_id"": 38923, ""probability"": 0.999982476234436}, {""token"": "" Four"", ""token_id"": 13038, ""probability"": 1.6701407730579376e-05}, {""token"": ""Eight"", ""token_id"": 80357, ""probability"": 6.47583874524571e-07}, {""token"": "" Six"", ""token_id"": 19759, ""probability"": 1.4449550178596837e-07}, {""token"": "" Many"", ""token_id"": 8732, ""probability"": 5.602698305295917e-09}, {""token"": "" Two"", ""token_id"": 8512, ""probability"": 2.061117276852542e-09}, {""token"": "" Legs"", ""token_id"": 156403, ""probability"": 7.58242746368154e-10}, {""token"": "" None"", ""token_id"": 5450, ""probability"": 3.5816852261838505e-10}, {""token"": "" Typically"", ""token_id"": 50338, ""probability"": 3.5816852261838505e-10}, {""token"": "" Usually"", ""token_id"": 34645, ""probability"": 3.5816852261838505e-10}, {""token"": "" Some"", ""token_id"": 4943, ""probability"": 3.5816852261838505e-10}, {""token"": ""\n\n"", ""token_id"": 108, ""probability"": 3.5816852261838505e-10}]"
L27,[27],"[129426, 129426, 144881, 144881]","[16, 21, 16, 21]",[248182],[16],1.0,1.5,False,joint,False,"[0.0, 0.0, 0.0, 0.0]",[1417.0916748046875],"[704.1505737304688, 703.5153198242188, 943.4799194335938, 952.3359375, 1417.091796875]",2189.9792448128733, Eight,0.9999775886535645,1.444947912432326e-07,0.9999775886535645,2.1444928279379383e-05,-15.749999965205687,"[{""token"": "" Eight"", ""token_id"": 38923, ""probability"": 0.9999775886535645}, {""token"": "" Four"", ""token_id"": 13038, ""probability"": 2.1444928279379383e-05}, {""token"": ""Eight"", ""token_id"": 80357, ""probability"": 8.315100785694085e-07}, {""token"": "" Six"", ""token_id"": 19759, ""probability"": 1.444947912432326e-07}, {""token"": "" Many"", ""token_id"": 8732, ""probability"": 5.602670771764906e-09}, {""token"": "" Two"", ""token_id"": 8512, ""probability"": 1.6051919793369507e-09}, {""token"": "" Legs"", ""token_id"": 156403, ""probability"": 7.582390271210215e-10}, {""token"": "" Typically"", ""token_id"": 50338, ""probability"": 3.5816677401712127e-10}, {""token"": "" None"", ""token_id"": 5450, ""probability"": 3.5816677401712127e-10}, {""token"": ""\n\n"", ""token_id"": 108, ""probability"": 3.5816677401712127e-10}, {""token"": "" Usually"", ""token_id"": 34645, ""probability"": 3.5816677401712127e-10}, {""token"": "" Some"", ""token_id"": 4943, ""probability"": 2.789405650904797e-10}]"
L7,[7],"[14209, 137239]","[16, 16]",[42685],[16],0.0,2.0,True,ant_only,False,"[84.83981323242188, 133.324951171875]",[252.53594970703125],"[3.814697720372351e-06, 7.629395440744702e-06, 252.53598022460938]",252.53598022460952, Eight,0.9997929930686951,2.259861503262073e-06,0.9997929930686951,0.000203426243388094,-12.999999999940131,"[{""token"": "" Eight"", ""token_id"": 38923, ""probability"": 0.9997929930686951}, {""token"": "" Four"", ""token_id"": 13038, ""probability"": 0.000203426243388094}, {""token"": "" Six"", ""token_id"": 19759, ""probability"": 2.259861503262073e-06}, {""token"": ""Eight"", ""token_id"": 80357, ""probability"": 1.3706752497455454e-06}, {""token"": "" Many"", ""token_id"": 8732, ""probability"": 3.2235192293228465e-08}, {""token"": "" Legs"", ""token_id"": 156403, ""probability"": 1.1858664272779151e-08}, {""token"": "" Two"", ""token_id"": 8512, ""probability"": 7.192643813880295e-09}, {""token"": "" Typically"", ""token_id"": 50338, ""probability"": 3.397564452001234e-09}, {""token"": "" Usually"", ""token_id"": 34645, ""probability"": 2.64602584287843e-09}, {""token"": "" Some"", ""token_id"": 4943, ""probability"": 1.6048956608116782e-09}, {""token"": ""\n\n"", ""token_id"": 108, ""probability"": 9.734184569509807e-10}, {""token"": "" Several"", ""token_id"": 22624, ""probability"": 4.5981035645681345e-10}]"
L7,[7],"[14209, 137239]","[16, 16]",[42685],[16],0.0,3.0,True,ant_only,False,"[84.83981323242188, 133.324951171875]",[378.8039245605469],"[3.814697720372351e-06, 7.629395440744702e-06, 378.8039855957031]",378.80398559570324, Eight,0.999699592590332,9.608277468942106e-05,0.999699592590332,0.00020340723858680576,-9.25000004911951,"[{""token"": "" Eight"", ""token_id"": 38923, ""probability"": 0.999699592590332}, {""token"": "" Four"", ""token_id"": 13038, ""probability"": 0.00020340723858680576}, {""token"": "" Six"", ""token_id"": 19759, ""probability"": 9.608277468942106e-05}, {""token"": ""Eight"", ""token_id"": 80357, ""probability"": 8.312788963849016e-07}, {""token"": "" Many"", ""token_id"": 8732, ""probability"": 1.1250136822127388e-07}, {""token"": "" Legs"", ""token_id"": 156403, ""probability"": 4.138694009725441e-08}, {""token"": "" Two"", ""token_id"": 8512, ""probability"": 1.1857556714289785e-08}, {""token"": "" Typically"", ""token_id"": 50338, ""probability"": 7.191971906905792e-09}, {""token"": "" Usually"", ""token_id"": 34645, ""probability"": 7.191971906905792e-09}, {""token"": "" Some"", ""token_id"": 4943, ""probability"": 4.362151528880531e-09}, {""token"": ""\n\n"", ""token_id"": 108, ""probability"": 7.580281957686452e-10}, {""token"": "" Several"", ""token_id"": 22624, ""probability"": 5.903529887163472e-10}]"
L7,[7],"[14209, 137239]","[16, 16]",[42685],[16],0.2,2.0,True,joint,False,"[67.87185058593751, 106.6599609375]",[252.53594970703125],"[16.967967987060547, 26.665000915527344, 252.53598022460938]",254.5061011438415, Eight,0.9998748302459717,1.0675704515961115e-06,0.9998748302459717,0.00012339436216279864,-13.749999919621564,"[{""token"": "" Eight"", ""token_id"": 38923, ""probability"": 0.9998748302459717}, {""token"": "" Four"", ""token_id"": 13038, ""probability"": 0.00012339436216279864}, {""token"": "" Six"", ""token_id"": 19759, ""probability"": 1.0675704515961115e-06}, {""token"": ""Eight"", ""token_id"": 80357, ""probability"": 6.475141844930477e-07}, {""token"": "" Many"", ""token_id"": 8732, ""probability"": 1.9553233698843542e-08}, {""token"": "" Legs"", ""token_id"": 156403, ""probability"": 9.2362935077972e-09}, {""token"": "" Two"", ""token_id"": 8512, ""probability"": 3.397842673891205e-09}, {""token"": "" Typically"", ""token_id"": 50338, ""probability"": 2.060895454292222e-09}, {""token"": "" Usually"", ""token_id"": 34645, ""probability"": 1.2499964396894825e-09}, {""token"": "" Some"", ""token_id"": 4943, ""probability"": 9.734981709641488e-10}, {""token"": ""\n\n"", ""token_id"": 108, ""probability"": 3.5812997012385495e-10}, {""token"": "" Several"", ""token_id"": 22624, ""probability"": 2.1721680010244881e-10}]"
L7,[7],"[14209, 137239]","[16, 16]",[42685],[16],0.2,3.0,True,joint,False,"[67.87185058593751, 106.6599609375]",[378.8039245605469],"[16.967967987060547, 26.665000915527344, 378.8039855957031]",380.12023586573844, Eight,0.9998279809951782,7.483896479243413e-05,0.9998279809951782,9.609512198949233e-05,-9.499999855128666,"[{""token"": "" Eight"", ""token_id"": 38923, ""probability"": 0.9998279809951782}, {""token"": "" Four"", ""token_id"": 13038, ""probability"": 9.609512198949233e-05}, {""token"": "" Six"", ""token_id"": 19759, ""probability"": 7.483896479243413e-05}, {""token"": ""Eight"", ""token_id"": 80357, ""probability"": 8.313857051689411e-07}, {""token"": "" Many"", ""token_id"": 8732, ""probability"": 8.762741288137477e-08}, {""token"": "" Legs"", ""token_id"": 156403, ""probability"": 4.1392258509631574e-08}, {""token"": "" Two"", ""token_id"": 8512, ""probability"": 1.1859079940279571e-08}, {""token"": "" Typically"", ""token_id"": 50338, ""probability"": 7.19289605655149e-09}, {""token"": "" Usually"", ""token_id"": 34645, ""probability"": 7.19289605655149e-09}, {""token"": "" Some"", ""token_id"": 4943, ""probability"": 4.362711969463362e-09}, {""token"": ""\n\n"", ""token_id"": 108, ""probability"": 9.734526518201392e-10}, {""token"": "" Several"", ""token_id"": 22624, ""probability"": 7.581256178390561e-10}]"
L7,[7],"[14209, 137239]","[16, 16]",[42685],[16],0.4,2.0,True,joint,False,"[50.90388793945312, 79.99497070312499]",[252.53594970703125],"[33.93592834472656, 53.32999801635742, 252.53598022460938]",260.3270197829019, Eight,0.9998401403427124,8.313958232974983e-07,0.9998401403427124,0.00015843599976506084,-13.999999961402269,"[{""token"": "" Eight"", ""token_id"": 38923, ""probability"": 0.9998401403427124}, {""token"": "" Four"", ""token_id"": 13038, ""probability"": 0.00015843599976506084}, {""token"": "" Six"", ""token_id"": 19759, ""probability"": 8.313958232974983e-07}, {""token"": ""Eight"", ""token_id"": 80357, ""probability"": 5.042670636612456e-07}, {""token"": "" Many"", ""token_id"": 8732, ""probability"": 1.955255513053089e-08}, {""token"": "" Legs"", ""token_id"": 156403, ""probability"": 7.19298354212583e-09}, {""token"": "" Two"", ""token_id"": 8512, ""probability"": 3.3977247682059897e-09}, {""token"": "" Typically"", ""token_id"": 50338, ""probability"": 2.060823955929436e-09}, {""token"": "" Usually"", ""token_id"": 34645, ""probability"": 1.6049713780219577e-09}, {""token"": "" Some"", ""token_id"": 4943, ""probability"": 9.734644201842002e-10}, {""token"": ""\n\n"", ""token_id"": 108, ""probability"": 3.5811753562597914e-10}, {""token"": "" Several"", ""token_id"": 22624, ""probability"": 2.789022346405545e-10}]"
L7,[7],"[14209, 137239]","[16, 16]",[42685],[16],0.4,3.0,True,joint,False,"[50.90388793945312, 79.99497070312499]",[378.8039245605469],"[33.93592834472656, 53.32999801635742, 378.8039855957031]",384.04191883729663, Eight,0.9996718168258667,0.0001233693037647754,0.9996718168258667,0.00020340159244369715,-8.99999999433149,"[{""token"": "" Eight"", ""token_id"": 38923, ""probability"": 0.9996718168258667}, {""token"": "" Four"", ""token_id"": 13038, ""probability"": 0.00020340159244369715}, {""token"": "" Six"", ""token_id"": 19759, ""probability"": 0.0001233693037647754}, {""token"": ""Eight"", ""token_id"": 80357, ""probability"": 1.0673536507965764e-06}, {""token"": "" Many"", ""token_id"": 8732, ""probability"": 1.85478256753413e-07}, {""token"": "" Legs"", ""token_id"": 156403, ""probability"": 6.823363207786315e-08}, {""token"": "" Two"", ""token_id"": 8512, ""probability"": 1.5224982163886125e-08}, {""token"": "" Some"", ""token_id"": 4943, ""probability"": 9.234418563153213e-09}, {""token"": "" Usually"", ""token_id"": 34645, ""probability"": 9.234418563153213e-09}, {""token"": "" Typically"", ""token_id"": 50338, ""probability"": 9.234418563153213e-09}, {""token"": "" Several"", ""token_id"": 22624, ""probability"": 1.2497425316837507e-09}, {""token"": ""\n\n"", ""token_id"": 108, ""probability"": 1.2497425316837507e-09}]"
L7,[7],"[14209, 137239]","[16, 16]",[42685],[16],0.6,2.0,True,joint,False,"[33.935925292968754, 53.32998046875]",[252.53594970703125],"[50.90389633178711, 79.9949951171875, 252.53598022460938]",269.7495638802044, Eight,0.9997945427894592,1.3706774097954622e-06,0.9997945427894592,0.00020342656353022903,-13.500000002304676,"[{""token"": "" Eight"", ""token_id"": 38923, ""probability"": 0.9997945427894592}, {""token"": "" Four"", ""token_id"": 13038, ""probability"": 0.00020342656353022903}, {""token"": "" Six"", ""token_id"": 19759, ""probability"": 1.3706774097954622e-06}, {""token"": ""Eight"", ""token_id"": 80357, ""probability"": 6.4746217276479e-07}, {""token"": "" Many"", ""token_id"": 8732, ""probability"": 3.223524203121997e-08}, {""token"": "" Legs"", ""token_id"": 156403, ""probability"": 1.1858682924525965e-08}, {""token"": "" Two"", ""token_id"": 8512, ""probability"": 7.192654916110541e-09}, {""token"": "" Typically"", ""token_id"": 50338, ""probability"": 3.397569559027147e-09}, {""token"": "" Usually"", ""token_id"": 34645, ""probability"": 2.060730031061553e-09}, {""token"": "" Some"", ""token_id"": 4943, ""probability"": 1.249895964505754e-09}, {""token"": "" Several"", ""token_id"": 22624, ""probability"": 4.5981105034620384e-10}, {""token"": ""\n\n"", ""token_id"": 108, ""probability"": 4.5981105034620384e-10}]"
L7,[7],"[14209, 137239]","[16, 16]",[42685],[16],0.6,3.0,True,joint,False,"[33.935925292968754, 53.32998046875]",[378.8039245605469],"[50.90389633178711, 79.9949951171875, 378.8039855957031]",390.49054458302294, Eight,0.9997373223304749,5.8279350923839957e-05,0.9997373223304749,0.00020341492199804634,-9.750000001726413,"[{""token"": "" Eight"", ""token_id"": 38923, ""probability"": 0.9997373223304749}, {""token"": "" Four"", ""token_id"": 13038, ""probability"": 0.00020341492199804634}, {""token"": "" Six"", ""token_id"": 19759, ""probability"": 5.8279350923839957e-05}, {""token"": ""Eight"", ""token_id"": 80357, ""probability"": 8.313103307955316e-07}, {""token"": "" Many"", ""token_id"": 8732, ""probability"": 1.1250561726683372e-07}, {""token"": "" Legs"", ""token_id"": 156403, ""probability"": 6.823810849709844e-08}, {""token"": "" Two"", ""token_id"": 8512, ""probability"": 1.955054429458869e-08}, {""token"": "" Usually"", ""token_id"": 34645, ""probability"": 7.19224368950222e-09}, {""token"": "" Typically"", ""token_id"": 50338, ""probability"": 7.19224368950222e-09}, {""token"": "" Some"", ""token_id"": 4943, ""probability"": 5.6013247373698505e-09}, {""token"": "" Several"", ""token_id"": 22624, ""probability"": 7.580568395226805e-10}, {""token"": ""\n\n"", ""token_id"": 108, ""probability"": 7.580568395226805e-10}]"
L7,[7],"[14209, 137239]","[16, 16]",[42685],[16],0.8,2.0,True,joint,False,"[16.96796264648437, 26.664990234374994]",[252.53594970703125],"[67.87185668945312, 106.65998077392578, 252.53598022460938]",282.4134588456651, Eight,0.9998749494552612,8.314247565976984e-07,0.9998749494552612,0.00012339437671471387,-13.999999975207112,"[{""token"": "" Eight"", ""token_id"": 38923, ""probability"": 0.9998749494552612}, {""token"": "" Four"", ""token_id"": 13038, ""probability"": 0.00012339437671471387}, {""token"": "" Six"", ""token_id"": 19759, ""probability"": 8.314247565976984e-07}, {""token"": ""Eight"", ""token_id"": 80357, ""probability"": 8.314247565976984e-07}, {""token"": "" Many"", ""token_id"": 8732, ""probability"": 2.510685170875604e-08}, {""token"": "" Legs"", ""token_id"": 156403, ""probability"": 9.236295284154039e-09}, {""token"": "" Two"", ""token_id"": 8512, ""probability"": 3.3978428959358098e-09}, {""token"": "" Typically"", ""token_id"": 50338, ""probability"": 3.3978428959358098e-09}, {""token"": "" Usually"", ""token_id"": 34645, ""probability"": 2.060895676336827e-09}, {""token"": "" Some"", ""token_id"": 4943, ""probability"": 1.249996550711785e-09}, {""token"": ""\n\n"", ""token_id"": 108, ""probability"": 4.598480485284995e-10}, {""token"": "" Several"", ""token_id"": 22624, ""probability"": 3.5812999787943056e-10}]"
L7,[7],"[14209, 137239]","[16, 16]",[42685],[16],0.8,3.0,True,joint,False,"[16.96796264648437, 26.664990234374994]",[378.8039245605469],"[67.87185668945312, 106.65998077392578, 378.8039855957031]",399.3437115222394, Eight,0.9993281364440918,0.00033523724414408207,0.9993281364440918,0.00033523724414408207,-7.999999995956216,"[{""token"": "" Eight"", ""token_id"": 38923, ""probability"": 0.9993281364440918}, {""token"": "" Six"", ""token_id"": 19759, ""probability"": 0.00033523724414408207}, {""token"": "" Four"", ""token_id"": 13038, ""probability"": 0.00033523724414408207}, {""token"": ""Eight"", ""token_id"": 80357, ""probability"": 8.30970009246812e-07}, {""token"": "" Many"", ""token_id"": 8732, ""probability"": 3.0569677278435847e-07}, {""token"": "" Legs"", ""token_id"": 156403, ""probability"": 1.1245956699212911e-07}, {""token"": "" Two"", ""token_id"": 8512, ""probability"": 5.3122139576089467e-08}, {""token"": "" Typically"", ""token_id"": 50338, ""probability"": 1.9542541807027192e-08}, {""token"": "" Usually"", ""token_id"": 34645, ""probability"": 1.5219747240280412e-08}, {""token"": "" Some"", ""token_id"": 4943, ""probability"": 1.5219747240280412e-08}, {""token"": ""\n\n"", ""token_id"": 108, ""probability"": 2.6447957157671453e-09}, {""token"": "" Several"", ""token_id"": 22624, ""probability"": 2.0597685779222275e-09}]"
L7,[7],"[14209, 137239]","[16, 16]",[42685],[16],1.0,2.0,True,joint,False,"[0.0, 0.0]",[252.53594970703125],"[84.8398208618164, 133.32498168945312, 252.53598022460938]",297.90563481472185, Eight,0.9997937083244324,2.259863094877801e-06,0.9997937083244324,0.0002034263889072463,-13.000000011046046,"[{""token"": "" Eight"", ""token_id"": 38923, ""probability"": 0.9997937083244324}, {""token"": "" Four"", ""token_id"": 13038, ""probability"": 0.0002034263889072463}, {""token"": "" Six"", ""token_id"": 19759, ""probability"": 2.259863094877801e-06}, {""token"": ""Eight"", ""token_id"": 80357, ""probability"": 6.474616611740203e-07}, {""token"": "" Many"", ""token_id"": 8732, ""probability"": 5.314688777957599e-08}, {""token"": "" Legs"", ""token_id"": 156403, ""probability"": 1.5226838456783298e-08}, {""token"": "" Two"", ""token_id"": 8512, ""probability"": 9.235543885210973e-09}, {""token"": "" Typically"", ""token_id"": 50338, ""probability"": 5.601640484798054e-09}, {""token"": "" Usually"", ""token_id"": 34645, ""probability"": 3.397566894491888e-09}, {""token"": "" Some"", ""token_id"": 4943, ""probability"": 2.0607282547047134e-09}, {""token"": ""\n\n"", ""token_id"": 108, ""probability"": 9.73419234107098e-10}, {""token"": "" Several"", ""token_id"": 22624, ""probability"": 5.904085553787297e-10}]"
L7,[7],"[14209, 137239]","[16, 16]",[42685],[16],1.0,3.0,True,joint,False,"[0.0, 0.0]",[378.8039245605469],"[84.8398208618164, 133.32498168945312, 378.8039855957031]",410.44586177661455, Eight,0.9994599223136902,0.0002033584751188755,0.9994599223136902,0.00033528145286254585,-8.500000025402413,"[{""token"": "" Eight"", ""token_id"": 38923, ""probability"": 0.9994599223136902}, {""token"": "" Four"", ""token_id"": 13038, ""probability"": 0.00033528145286254585}, {""token"": "" Six"", ""token_id"": 19759, ""probability"": 0.0002033584751188755}, {""token"": ""Eight"", ""token_id"": 80357, ""probability"": 8.310796033583756e-07}, {""token"": "" Many"", ""token_id"": 8732, ""probability"": 3.057371031900402e-07}, {""token"": "" Legs"", ""token_id"": 156403, ""probability"": 1.444199853040118e-07}, {""token"": "" Two"", ""token_id"": 8512, ""probability"": 8.75951471357439e-08}, {""token"": "" Some"", ""token_id"": 4943, ""probability"": 1.954511930080116e-08}, {""token"": "" Typically"", ""token_id"": 50338, ""probability"": 1.5221754523508935e-08}, {""token"": "" Usually"", ""token_id"": 34645, ""probability"": 1.1854713655168325e-08}, {""token"": "" Several"", ""token_id"": 22624, ""probability"": 2.6451445478414826e-09}, {""token"": ""\n\n"", ""token_id"": 108, ""probability"": 1.6043609774030188e-09}]"
L22,[22],"[23422, 23422, 60476]","[16, 21, 16]","[1703, 197021]","[16, 16]",0.0,2.0,True,ant_only,False,"[1855.89599609375, 1739.02099609375, 562.7435913085938]","[3646.2310485839844, 720.8788299560547]","[3.0517578125e-05, 3.0517578125e-05, 0.0, 3646.2314453125, 720.8788452148438]",3716.809123732879, Eight,0.9999825954437256,1.855359244018473e-07,0.9999825954437256,1.670140954956878e-05,-15.499999906397704,"[{""token"": "" Eight"", ""token_id"": 38923, ""probability"": 0.9999825954437256}, {""token"": "" Four"", ""token_id"": 13038, ""probability"": 1.670140954956878e-05}, {""token"": ""Eight"", ""token_id"": 80357, ""probability"": 5.043389137426857e-07}, {""token"": "" Six"", ""token_id"": 19759, ""probability"": 1.855359244018473e-07}, {""token"": "" Many"", ""token_id"": 8732, ""probability"": 5.6026987493851266e-09}, {""token"": "" Two"", ""token_id"": 8512, ""probability"": 1.605199972942728e-09}, {""token"": "" Legs"", ""token_id"": 156403, ""probability"": 7.582428018793053e-10}, {""token"": "" Zero"", ""token_id"": 31234, ""probability"": 3.5816855037396067e-10}, {""token"": "" Typically"", ""token_id"": 50338, ""probability"": 3.5816855037396067e-10}, {""token"": "" Usually"", ""token_id"": 34645, ""probability"": 3.5816855037396067e-10}, {""token"": "" None"", ""token_id"": 5450, ""probability"": 3.5816855037396067e-10}, {""token"": ""\n\n"", ""token_id"": 108, ""probability"": 3.5816855037396067e-10}]"
L22,[22],"[23422, 23422, 60476]","[16, 21, 16]","[1703, 197021]","[16, 16]",0.0,3.0,True,ant_only,False,"[1855.89599609375, 1739.02099609375, 562.7435913085938]","[5469.346572875977, 1081.318244934082]","[3.0517578125e-05, 3.0517578125e-05, 0.0, 5469.34765625, 1081.3182373046875]",5575.214158689789, Eight,0.9999823570251465,1.8553588176928315e-07,0.9999823570251465,1.6701405911589973e-05,-15.499999897755618,"[{""token"": "" Eight"", ""token_id"": 38923, ""probability"": 0.9999823570251465}, {""token"": "" Four"", ""token_id"": 13038, ""probability"": 1.6701405911589973e-05}, {""token"": ""Eight"", ""token_id"": 80357, ""probability"": 6.475838176811521e-07}, {""token"": "" Six"", ""token_id"": 19759, ""probability"": 1.8553588176928315e-07}, {""token"": "" Many"", ""token_id"": 8732, ""probability"": 5.602697417117497e-09}, {""token"": "" Two"", ""token_id"": 8512, ""probability"": 2.061117054807937e-09}, {""token"": "" Legs"", ""token_id"": 156403, ""probability"": 7.582426353458516e-10}, {""token"": "" None"", ""token_id"": 5450, ""probability"": 4.598974534530953e-10}, {""token"": "" Usually"", ""token_id"": 34645, ""probability"": 4.598974534530953e-10}, {""token"": "" Typically"", ""token_id"": 50338, ""probability"": 4.598974534530953e-10}, {""token"": "" Some"", ""token_id"": 4943, ""probability"": 3.581684671072338e-10}, {""token"": ""\n\n"", ""token_id"": 108, ""probability"": 3.581684671072338e-10}]"
L22,[22],"[23422, 23422, 60476]","[16, 21, 16]","[1703, 197021]","[16, 16]",0.2,2.0,True,joint,False,"[1484.716796875, 1391.216796875, 450.19487304687505]","[3646.2310485839844, 720.8788299560547]","[371.17919921875, 347.80419921875, 112.54872131347656, 3646.2314453125, 720.8788452148438]",3753.1425546946834, Eight,0.9999823570251465,2.3823275796530652e-07,0.9999823570251465,1.6701405911589973e-05,-15.25000002340594,"[{""token"": "" Eight"", ""token_id"": 38923, ""probability"": 0.9999823570251465}, {""token"": "" Four"", ""token_id"": 13038, ""probability"": 1.6701405911589973e-05}, {""token"": ""Eight"", ""token_id"": 80357, ""probability"": 6.475838176811521e-07}, {""token"": "" Six"", ""token_id"": 19759, ""probability"": 2.3823275796530652e-07}, {""token"": "" Many"", ""token_id"": 8732, ""probability"": 5.602697417117497e-09}, {""token"": "" Two"", ""token_id"": 8512, ""probability"": 2.6465272195963507e-09}, {""token"": "" Legs"", ""token_id"": 156403, ""probability"": 7.582426353458516e-10}, {""token"": "" None"", ""token_id"": 5450, ""probability"": 4.598974534530953e-10}, {""token"": "" Typically"", ""token_id"": 50338, ""probability"": 3.581684671072338e-10}, {""token"": "" Usually"", ""token_id"": 34645, ""probability"": 3.581684671072338e-10}, {""token"": ""\n\n"", ""token_id"": 108, ""probability"": 3.581684671072338e-10}, {""token"": "" Zero"", ""token_id"": 31234, ""probability"": 3.581684671072338e-10}]"
L22,[22],"[23422, 23422, 60476]","[16, 21, 16]","[1703, 197021]","[16, 16]",0.2,3.0,True,joint,False,"[1484.716796875, 1391.216796875, 450.19487304687505]","[5469.346572875977, 1081.318244934082]","[371.17919921875, 347.80419921875, 112.54872131347656, 5469.34765625, 1081.3182373046875]",5599.501932212476, Eight,0.9999821186065674,3.927793272850977e-07,0.9999821186065674,1.6701402273611166e-05,-14.750000009409012,"[{""token"": "" Eight"", ""token_id"": 38923, ""probability"": 0.9999821186065674}, {""token"": "" Four"", ""token_id"": 13038, ""probability"": 1.6701402273611166e-05}, {""token"": ""Eight"", ""token_id"": 80357, ""probability"": 8.315138302350533e-07}, {""token"": "" Six"", ""token_id"": 19759, ""probability"": 3.927793272850977e-07}, {""token"": "" Many"", ""token_id"": 8732, ""probability"": 9.237284714913585e-09}, {""token"": "" Two"", ""token_id"": 8512, ""probability"": 3.398207049087887e-09}, {""token"": "" Legs"", ""token_id"": 156403, ""probability"": 9.73602642950766e-10}, {""token"": "" None"", ""token_id"": 5450, ""probability"": 7.582424688123979e-10}, {""token"": "" Typically"", ""token_id"": 50338, ""probability"": 5.905198552369484e-10}, {""token"": ""\n\n"", ""token_id"": 108, ""probability"": 4.5989734243079283e-10}, {""token"": "" Some"", ""token_id"": 4943, ""probability"": 4.5989734243079283e-10}, {""token"": "" Zero"", ""token_id"": 31234, ""probability"": 4.5989734243079283e-10}]"
L22,[22],"[23422, 23422, 60476]","[16, 21, 16]","[1703, 197021]","[16, 16]",0.4,2.0,True,joint,False,"[1113.53759765625, 1043.41259765625, 337.6461547851562]","[3646.2310485839844, 720.8788299560547]","[742.3584594726562, 695.6084594726562, 225.09744262695312, 3646.2314453125, 720.8788452148438]",3860.091466815482, Eight,0.9999856948852539,5.043404485149949e-07,0.9999856948852539,1.300711119256448e-05,-14.499999998615435,"[{""token"": "" Eight"", ""token_id"": 38923, ""probability"": 0.9999856948852539}, {""token"": "" Four"", ""token_id"": 13038, ""probability"": 1.300711119256448e-05}, {""token"": ""Eight"", ""token_id"": 80357, ""probability"": 8.315168429362529e-07}, {""token"": "" Six"", ""token_id"": 19759, ""probability"": 5.043404485149949e-07}, {""token"": "" Many"", ""token_id"": 8732, ""probability"": 9.237317577515114e-09}, {""token"": "" Two"", ""token_id"": 8512, ""probability"": 3.3982192615411577e-09}, {""token"": "" Legs"", ""token_id"": 156403, ""probability"": 9.736061956644448e-10}, {""token"": "" None"", ""token_id"": 5450, ""probability"": 5.905219646606952e-10}, {""token"": "" Zero"", ""token_id"": 31234, ""probability"": 4.5989898000975415e-10}, {""token"": "" Typically"", ""token_id"": 50338, ""probability"": 4.5989898000975415e-10}, {""token"": "" Usually"", ""token_id"": 34645, ""probability"": 4.5989898000975415e-10}, {""token"": ""\n\n"", ""token_id"": 108, ""probability"": 3.581696605969853e-10}]"
L22,[22],"[23422, 23422, 60476]","[16, 21, 16]","[1703, 197021]","[16, 16]",0.4,3.0,True,joint,False,"[1113.53759765625, 1043.41259765625, 337.6461547851562]","[5469.346572875977, 1081.318244934082]","[742.3584594726562, 695.6084594726562, 225.09744262695312, 5469.34765625, 1081.3182373046875]",5671.741265711335, Eight,0.9999887943267822,5.04342040130723e-07,0.9999887943267822,1.0129979273187928e-05,-14.49999994226551,"[{""token"": "" Eight"", ""token_id"": 38923, ""probability"": 0.9999887943267822}, {""token"": "" Four"", ""token_id"": 13038, ""probability"": 1.0129979273187928e-05}, {""token"": ""Eight"", ""token_id"": 80357, ""probability"": 6.47587967250729e-07}, {""token"": "" Six"", ""token_id"": 19759, ""probability"": 5.04342040130723e-07}, {""token"": "" Many"", ""token_id"": 8732, ""probability"": 7.1940524648539395e-09}, {""token"": "" Two"", ""token_id"": 8512, ""probability"": 3.398229919682194e-09}, {""token"": "" Legs"", ""token_id"": 156403, ""probability"": 7.582475203271599e-10}, {""token"": "" None"", ""token_id"": 5450, ""probability"": 5.905237965286858e-10}, {""token"": "" Typically"", ""token_id"": 50338, ""probability"": 4.5990039554411055e-10}, {""token"": ""\n\n"", ""token_id"": 108, ""probability"": 3.581707708200099e-10}, {""token"": "" Some"", ""token_id"": 4943, ""probability"": 3.581707708200099e-10}, {""token"": "" Zero"", ""token_id"": 31234, ""probability"": 3.581707708200099e-10}]"
L22,[22],"[23422, 23422, 60476]","[16, 21, 16]","[1703, 197021]","[16, 16]",0.6,2.0,True,joint,False,"[742.3583984375, 695.6083984375, 225.09743652343752]","[3646.2310485839844, 720.8788299560547]","[1113.5377197265625, 1043.4127197265625, 337.6461486816406, 3646.2314453125, 720.8788452148438]",4032.0405926682492, Eight,0.9999884366989136,8.315191166730074e-07,0.9999884366989136,1.012997563520912e-05,-13.999999984622868,"[{""token"": "" Eight"", ""token_id"": 38923, ""probability"": 0.9999884366989136}, {""token"": "" Four"", ""token_id"": 13038, ""probability"": 1.012997563520912e-05}, {""token"": "" Six"", ""token_id"": 19759, ""probability"": 8.315191166730074e-07}, {""token"": ""Eight"", ""token_id"": 80357, ""probability"": 6.475877398770535e-07}, {""token"": "" Many"", ""token_id"": 8732, ""probability"": 9.237343334689285e-09}, {""token"": "" Two"", ""token_id"": 8512, ""probability"": 4.363411854058086e-09}, {""token"": "" Legs"", ""token_id"": 156403, ""probability"": 7.582472427714038e-10}, {""token"": "" None"", ""token_id"": 5450, ""probability"": 7.582472427714038e-10}, {""token"": "" Zero"", ""token_id"": 31234, ""probability"": 4.5990022901065686e-10}, {""token"": "" Typically"", ""token_id"": 50338, ""probability"": 4.5990022901065686e-10}, {""token"": "" Usually"", ""token_id"": 34645, ""probability"": 4.5990022901065686e-10}, {""token"": ""\n\n"", ""token_id"": 108, ""probability"": 3.5817065979770746e-10}]"
L22,[22],"[23422, 23422, 60476]","[16, 21, 16]","[1703, 197021]","[16, 16]",0.6,3.0,True,joint,False,"[742.3583984375, 695.6083984375, 225.09743652343752]","[5469.346572875977, 1081.318244934082]","[1113.5377197265625, 1043.4127197265625, 337.6461486816406, 5469.34765625, 1081.3182373046875]",5790.137666231749, Eight,0.9999905824661255,1.067694029188715e-06,0.9999905824661255,7.88924990047235e-06,-13.74999993041769,"[{""token"": "" Eight"", ""token_id"": 38923, ""probability"": 0.9999905824661255}, {""token"": "" Four"", ""token_id"": 13038, ""probability"": 7.88924990047235e-06}, {""token"": "" Six"", ""token_id"": 19759, ""probability"": 1.067694029188715e-06}, {""token"": ""Eight"", ""token_id"": 80357, ""probability"": 5.04342892782006e-07}, {""token"": "" Many"", ""token_id"": 8732, ""probability"": 7.194065343441025e-09}, {""token"": "" Two"", ""token_id"": 8512, ""probability"": 4.363421179931493e-09}, {""token"": "" Legs"", ""token_id"": 156403, ""probability"": 7.582488525947895e-10}, {""token"": "" None"", ""token_id"": 5450, ""probability"": 5.905248512405592e-10}, {""token"": "" Typically"", ""token_id"": 50338, ""probability"": 5.905248512405592e-10}, {""token"": ""\n\n"", ""token_id"": 108, ""probability"": 3.581714091982491e-10}, {""token"": "" Zero"", ""token_id"": 31234, ""probability"": 3.581714091982491e-10}, {""token"": "" Usually"", ""token_id"": 34645, ""probability"": 3.581714091982491e-10}]"
L22,[22],"[23422, 23422, 60476]","[16, 21, 16]","[1703, 197021]","[16, 16]",0.8,2.0,True,joint,False,"[371.17919921874994, 347.80419921874994, 112.54871826171872]","[3646.2310485839844, 720.8788299560547]","[1484.7169189453125, 1391.2169189453125, 450.19488525390625, 3646.2314453125, 720.8788452148438]",4261.128294470244, Eight,0.9999916553497314,2.9022962735325564e-06,0.9999916553497314,4.785077635460766e-06,-12.749999971150109,"[{""token"": "" Eight"", ""token_id"": 38923, ""probability"": 0.9999916553497314}, {""token"": "" Four"", ""token_id"": 13038, ""probability"": 4.785077635460766e-06}, {""token"": "" Six"", ""token_id"": 19759, ""probability"": 2.9022962735325564e-06}, {""token"": ""Eight"", ""token_id"": 80357, ""probability"": 6.475898430835514e-07}, {""token"": "" Many"", ""token_id"": 8732, ""probability"": 7.194073337046802e-09}, {""token"": "" Two"", ""token_id"": 8512, ""probability"": 4.363426064912801e-09}, {""token"": "" None"", ""token_id"": 5450, ""probability"": 7.582496852620579e-10}, {""token"": "" Legs"", ""token_id"": 156403, ""probability"": 5.905254618632227e-10}, {""token"": "" Typically"", ""token_id"": 50338, ""probability"": 4.599017278117401e-10}, {""token"": ""\n\n"", ""token_id"": 108, ""probability"": 3.581717977763077e-10}, {""token"": "" Zero"", ""token_id"": 31234, ""probability"": 3.581717977763077e-10}, {""token"": "" Usually"", ""token_id"": 34645, ""probability"": 3.581717977763077e-10}]"
L22,[22],"[23422, 23422, 60476]","[16, 21, 16]","[1703, 197021]","[16, 16]",0.8,3.0,True,joint,False,"[371.17919921874994, 347.80419921874994, 112.54871826171872]","[5469.346572875977, 1081.318244934082]","[1484.7169189453125, 1391.2169189453125, 450.19488525390625, 5469.34765625, 1081.3182373046875]",5951.937264028075, Eight,0.9999879598617554,3.7266083836584585e-06,0.9999879598617554,7.889229891588911e-06,-12.499999978264642,"[{""token"": "" Eight"", ""token_id"": 38923, ""probability"": 0.9999879598617554}, {""token"": "" Four"", ""token_id"": 13038, ""probability"": 7.889229891588911e-06}, {""token"": "" Six"", ""token_id"": 19759, ""probability"": 3.7266083836584585e-06}, {""token"": ""Eight"", ""token_id"": 80357, ""probability"": 5.043415853833721e-07}, {""token"": "" Many"", ""token_id"": 8732, ""probability"": 9.237338893797187e-09}, {""token"": "" Two"", ""token_id"": 8512, ""probability"": 5.602728947451396e-09}, {""token"": "" None"", ""token_id"": 5450, ""probability"": 7.582469097044964e-10}, {""token"": "" Legs"", ""token_id"": 156403, ""probability"": 7.582469097044964e-10}, {""token"": "" Typically"", ""token_id"": 50338, ""probability"": 5.905232969283247e-10}, {""token"": ""\n\n"", ""token_id"": 108, ""probability"": 3.5817049326425376e-10}, {""token"": "" Some"", ""token_id"": 4943, ""probability"": 3.5817049326425376e-10}, {""token"": "" Zero"", ""token_id"": 31234, ""probability"": 3.5817049326425376e-10}]"
L22,[22],"[23422, 23422, 60476]","[16, 21, 16]","[1703, 197021]","[16, 16]",1.0,2.0,True,joint,False,"[0.0, 0.0, 0.0]","[3646.2310485839844, 720.8788299560547]","[1855.8961181640625, 1739.021240234375, 562.7435302734375, 3646.2314453125, 720.8788452148438]",4538.710788156844, Eight,0.9999802112579346,1.3007040251977742e-05,0.9999802112579346,6.144091003079666e-06,-11.250000000309958,"[{""token"": "" Eight"", ""token_id"": 38923, ""probability"": 0.9999802112579346}, {""token"": "" Six"", ""token_id"": 19759, ""probability"": 1.3007040251977742e-05}, {""token"": "" Four"", ""token_id"": 13038, ""probability"": 6.144091003079666e-06}, {""token"": ""Eight"", ""token_id"": 80357, ""probability"": 6.475824534390995e-07}, {""token"": "" Many"", ""token_id"": 8732, ""probability"": 9.237266951345191e-09}, {""token"": "" Two"", ""token_id"": 8512, ""probability"": 7.19399073645377e-09}, {""token"": "" None"", ""token_id"": 5450, ""probability"": 7.582410255224659e-10}, {""token"": "" Legs"", ""token_id"": 156403, ""probability"": 7.582410255224659e-10}, {""token"": "" Typically"", ""token_id"": 50338, ""probability"": 5.905186895027725e-10}, {""token"": "" Several"", ""token_id"": 22624, ""probability"": 4.5989645425237313e-10}, {""token"": "" Zero"", ""token_id"": 31234, ""probability"": 4.5989645425237313e-10}, {""token"": "" Usually"", ""token_id"": 34645, ""probability"": 4.5989645425237313e-10}]"
L22,[22],"[23422, 23422, 60476]","[16, 21, 16]","[1703, 197021]","[16, 16]",1.0,3.0,True,joint,False,"[0.0, 0.0, 0.0]","[5469.346572875977, 1081.318244934082]","[1855.8961181640625, 1739.021240234375, 562.7435302734375, 5469.34765625, 1081.3182373046875]",6153.717451388424, Eight,0.9999728202819824,1.670124584052246e-05,0.9999728202819824,1.0129817383131012e-05,-11.000000060007816,"[{""token"": "" Eight"", ""token_id"": 38923, ""probability"": 0.9999728202819824}, {""token"": "" Six"", ""token_id"": 19759, ""probability"": 1.670124584052246e-05}, {""token"": "" Four"", ""token_id"": 13038, ""probability"": 1.0129817383131012e-05}, {""token"": ""Eight"", ""token_id"": 80357, ""probability"": 3.9277566088458116e-07}, {""token"": "" Many"", ""token_id"": 8732, ""probability"": 1.1860797677343271e-08}, {""token"": "" Two"", ""token_id"": 8512, ""probability"": 9.237198561606874e-09}, {""token"": "" None"", ""token_id"": 5450, ""probability"": 9.735936501442666e-10}, {""token"": "" Legs"", ""token_id"": 156403, ""probability"": 9.735936501442666e-10}, {""token"": "" Typically"", ""token_id"": 50338, ""probability"": 7.582354188961915e-10}, {""token"": ""\n\n"", ""token_id"": 108, ""probability"": 4.59893068072148e-10}, {""token"": "" Some"", ""token_id"": 4943, ""probability"": 4.59893068072148e-10}, {""token"": "" Several"", ""token_id"": 22624, ""probability"": 4.59893068072148e-10}]"
L27,[27],"[129426, 129426, 144881, 144881]","[16, 21, 16, 21]",[248182],[16],0.0,2.0,True,ant_only,False,"[704.150634765625, 703.5153198242188, 943.4798583984375, 952.3358764648438]",[1889.45556640625],"[1.5258787243510596e-05, 1.5258787243510596e-05, 1.9073486328125e-05, 1.9073486328125e-05, 1889.455810546875]",1889.4558105468755, Eight,0.9999861717224121,1.1253361975605003e-07,0.9999861717224121,1.3007117559027392e-05,-15.999999989297198,"[{""token"": "" Eight"", ""token_id"": 38923, ""probability"": 0.9999861717224121}, {""token"": "" Four"", ""token_id"": 13038, ""probability"": 1.3007117559027392e-05}, {""token"": ""Eight"", ""token_id"": 80357, ""probability"": 6.475862619481632e-07}, {""token"": "" Six"", ""token_id"": 19759, ""probability"": 1.1253361975605003e-07}, {""token"": "" Many"", ""token_id"": 8732, ""probability"": 4.363402084095469e-09}, {""token"": "" Two"", ""token_id"": 8512, ""probability"": 1.250135550634468e-09}, {""token"": "" Legs"", ""token_id"": 156403, ""probability"": 5.905222422164513e-10}, {""token"": "" None"", ""token_id"": 5450, ""probability"": 2.7894295206998265e-10}, {""token"": "" Typically"", ""token_id"": 50338, ""probability"": 2.7894295206998265e-10}, {""token"": "" Usually"", ""token_id"": 34645, ""probability"": 2.7894295206998265e-10}, {""token"": "" Some"", ""token_id"": 4943, ""probability"": 2.7894295206998265e-10}, {""token"": ""\n\n"", ""token_id"": 108, ""probability"": 2.7894295206998265e-10}]"
L27,[27],"[129426, 129426, 144881, 144881]","[16, 21, 16, 21]",[248182],[16],0.0,3.0,True,ant_only,False,"[704.150634765625, 703.5153198242188, 943.4798583984375, 952.3358764648438]",[2834.183349609375],"[1.5258787243510596e-05, 1.5258787243510596e-05, 1.9073486328125e-05, 1.9073486328125e-05, 2834.18359375]",2834.18359375, Eight,0.9999861717224121,1.1253361975605003e-07,0.9999861717224121,1.3007117559027392e-05,-15.999999989297198,"[{""token"": "" Eight"", ""token_id"": 38923, ""probability"": 0.9999861717224121}, {""token"": "" Four"", ""token_id"": 13038, ""probability"": 1.3007117559027392e-05}, {""token"": ""Eight"", ""token_id"": 80357, ""probability"": 6.475862619481632e-07}, {""token"": "" Six"", ""token_id"": 19759, ""probability"": 1.1253361975605003e-07}, {""token"": "" Many"", ""token_id"": 8732, ""probability"": 4.363402084095469e-09}, {""token"": "" Two"", ""token_id"": 8512, ""probability"": 1.250135550634468e-09}, {""token"": "" Legs"", ""token_id"": 156403, ""probability"": 5.905222422164513e-10}, {""token"": "" None"", ""token_id"": 5450, ""probability"": 3.581698548860146e-10}, {""token"": ""\n\n"", ""token_id"": 108, ""probability"": 2.7894295206998265e-10}, {""token"": "" Typically"", ""token_id"": 50338, ""probability"": 2.7894295206998265e-10}, {""token"": "" Usually"", ""token_id"": 34645, ""probability"": 2.7894295206998265e-10}, {""token"": "" Some"", ""token_id"": 4943, ""probability"": 2.1724098908659784e-10}]"
L27,[27],"[129426, 129426, 144881, 144881]","[16, 21, 16, 21]",[248182],[16],0.2,2.0,True,joint,False,"[563.3205078125001, 562.812255859375, 754.7838867187501, 761.868701171875]",[1889.45556640625],"[140.8301239013672, 140.7030792236328, 188.6959991455078, 190.46719360351562, 1889.455810546875]",1918.7385627654319, Eight,0.9999861717224121,8.764126846472209e-08,0.9999861717224121,1.3007117559027392e-05,-16.250000020368738,"[{""token"": "" Eight"", ""token_id"": 38923, ""probability"": 0.9999861717224121}, {""token"": "" Four"", ""token_id"": 13038, ""probability"": 1.3007117559027392e-05}, {""token"": ""Eight"", ""token_id"": 80357, ""probability"": 6.475862619481632e-07}, {""token"": "" Six"", ""token_id"": 19759, ""probability"": 8.764126846472209e-08}, {""token"": "" Many"", ""token_id"": 8732, ""probability"": 3.398220815853392e-09}, {""token"": "" Two"", ""token_id"": 8512, ""probability"": 1.250135550634468e-09}, {""token"": "" Legs"", ""token_id"": 156403, ""probability"": 4.598992020543591e-10}, {""token"": "" None"", ""token_id"": 5450, ""probability"": 2.7894295206998265e-10}, {""token"": "" Usually"", ""token_id"": 34645, ""probability"": 2.7894295206998265e-10}, {""token"": ""\n\n"", ""token_id"": 108, ""probability"": 2.1724098908659784e-10}, {""token"": "" Some"", ""token_id"": 4943, ""probability"": 2.1724098908659784e-10}, {""token"": "" Typically"", ""token_id"": 50338, ""probability"": 2.1724098908659784e-10}]"
L27,[27],"[129426, 129426, 144881, 144881]","[16, 21, 16, 21]",[248182],[16],0.2,3.0,True,joint,False,"[563.3205078125001, 562.812255859375, 754.7838867187501, 761.868701171875]",[2834.183349609375],"[140.8301239013672, 140.7030792236328, 188.6959991455078, 190.46719360351562, 2834.18359375]",2853.788894665384, Eight,0.999982476234436,1.1253320053583593e-07,0.999982476234436,1.6701407730579376e-05,-16.000000019046855,"[{""token"": "" Eight"", ""token_id"": 38923, ""probability"": 0.999982476234436}, {""token"": "" Four"", ""token_id"": 13038, ""probability"": 1.6701407730579376e-05}, {""token"": ""Eight"", ""token_id"": 80357, ""probability"": 6.47583874524571e-07}, {""token"": "" Six"", ""token_id"": 19759, ""probability"": 1.1253320053583593e-07}, {""token"": "" Many"", ""token_id"": 8732, ""probability"": 4.3633860968839144e-09}, {""token"": "" Two"", ""token_id"": 8512, ""probability"": 1.6051998619204255e-09}, {""token"": "" Legs"", ""token_id"": 156403, ""probability"": 5.905200772815533e-10}, {""token"": "" Usually"", ""token_id"": 34645, ""probability"": 3.5816852261838505e-10}, {""token"": "" Typically"", ""token_id"": 50338, ""probability"": 2.789419251136849e-10}, {""token"": "" None"", ""token_id"": 5450, ""probability"": 2.789419251136849e-10}, {""token"": ""\n\n"", ""token_id"": 108, ""probability"": 2.789419251136849e-10}, {""token"": "" Some"", ""token_id"": 4943, ""probability"": 2.789419251136849e-10}]"
L27,[27],"[129426, 129426, 144881, 144881]","[16, 21, 16, 21]",[248182],[16],0.4,2.0,True,joint,False,"[422.49038085937497, 422.10919189453125, 566.0879150390625, 571.4015258789062]",[1889.45556640625],"[281.6602478027344, 281.4060974121094, 377.3919982910156, 380.93438720703125, 1889.455810546875]",2004.0211761838352, Eight,0.9999775886535645,1.444947912432326e-07,0.9999775886535645,2.1444928279379383e-05,-15.749999965205687,"[{""token"": "" Eight"", ""token_id"": 38923, ""probability"": 0.9999775886535645}, {""token"": "" Four"", ""token_id"": 13038, ""probability"": 2.1444928279379383e-05}, {""token"": ""Eight"", ""token_id"": 80357, ""probability"": 8.315100785694085e-07}, {""token"": "" Six"", ""token_id"": 19759, ""probability"": 1.444947912432326e-07}, {""token"": "" Many"", ""token_id"": 8732, ""probability"": 5.602670771764906e-09}, {""token"": "" Two"", ""token_id"": 8512, ""probability"": 1.6051919793369507e-09}, {""token"": "" Legs"", ""token_id"": 156403, ""probability"": 7.582390271210215e-10}, {""token"": "" Typically"", ""token_id"": 50338, ""probability"": 3.5816677401712127e-10}, {""token"": "" None"", ""token_id"": 5450, ""probability"": 3.5816677401712127e-10}, {""token"": ""\n\n"", ""token_id"": 108, ""probability"": 3.5816677401712127e-10}, {""token"": "" Usually"", ""token_id"": 34645, ""probability"": 3.5816677401712127e-10}, {""token"": "" Some"", ""token_id"": 4943, ""probability"": 2.789405650904797e-10}]"
L27,[27],"[129426, 129426, 144881, 144881]","[16, 21, 16, 21]",[248182],[16],0.4,3.0,True,joint,False,"[422.49038085937497, 422.10919189453125, 566.0879150390625, 571.4015258789062]",[2834.183349609375],"[281.6602478027344, 281.4060974121094, 377.3919982910156, 380.93438720703125, 2834.18359375]",2911.8128816367234, Eight,0.999982476234436,1.1253320053583593e-07,0.999982476234436,1.6701407730579376e-05,-16.000000019046855,"[{""token"": "" Eight"", ""token_id"": 38923, ""probability"": 0.999982476234436}, {""token"": "" Four"", ""token_id"": 13038, ""probability"": 1.6701407730579376e-05}, {""token"": ""Eight"", ""token_id"": 80357, ""probability"": 6.47583874524571e-07}, {""token"": "" Six"", ""token_id"": 19759, ""probability"": 1.1253320053583593e-07}, {""token"": "" Many"", ""token_id"": 8732, ""probability"": 4.3633860968839144e-09}, {""token"": "" Two"", ""token_id"": 8512, ""probability"": 1.6051998619204255e-09}, {""token"": "" Legs"", ""token_id"": 156403, ""probability"": 5.905200772815533e-10}, {""token"": "" None"", ""token_id"": 5450, ""probability"": 3.5816852261838505e-10}, {""token"": "" Typically"", ""token_id"": 50338, ""probability"": 2.789419251136849e-10}, {""token"": "" Usually"", ""token_id"": 34645, ""probability"": 2.789419251136849e-10}, {""token"": ""\n\n"", ""token_id"": 108, ""probability"": 2.789419251136849e-10}, {""token"": "" Some"", ""token_id"": 4943, ""probability"": 2.789419251136849e-10}]"
L27,[27],"[129426, 129426, 144881, 144881]","[16, 21, 16, 21]",[248182],[16],0.6,2.0,True,joint,False,"[281.66025390625003, 281.4061279296875, 377.39194335937503, 380.9343505859375]",[1889.45556640625],"[422.4903564453125, 422.1091613769531, 566.0879516601562, 571.4015502929688, 1889.455810546875]",2138.6146932322777, Eight,0.9999778270721436,1.4449483387579676e-07,0.9999778270721436,2.1444933736347593e-05,-15.749999908583943,"[{""token"": "" Eight"", ""token_id"": 38923, ""probability"": 0.9999778270721436}, {""token"": "" Four"", ""token_id"": 13038, ""probability"": 2.1444933736347593e-05}, {""token"": ""Eight"", ""token_id"": 80357, ""probability"": 6.475808618233714e-07}, {""token"": "" Six"", ""token_id"": 19759, ""probability"": 1.4449483387579676e-07}, {""token"": "" Many"", ""token_id"": 8732, ""probability"": 5.6026721040325356e-09}, {""token"": "" Two"", ""token_id"": 8512, ""probability"": 1.605192312403858e-09}, {""token"": "" Legs"", ""token_id"": 156403, ""probability"": 7.582391936544752e-10}, {""token"": "" Typically"", ""token_id"": 50338, ""probability"": 3.581668572838481e-10}, {""token"": "" None"", ""token_id"": 5450, ""probability"": 3.581668572838481e-10}, {""token"": ""\n\n"", ""token_id"": 108, ""probability"": 3.581668572838481e-10}, {""token"": "" Usually"", ""token_id"": 34645, ""probability"": 3.581668572838481e-10}, {""token"": "" Some"", ""token_id"": 4943, ""probability"": 2.7894062060163094e-10}]"
L27,[27],"[129426, 129426, 144881, 144881]","[16, 21, 16, 21]",[248182],[16],0.6,3.0,True,joint,False,"[281.66025390625003, 281.4061279296875, 377.39194335937503, 380.9343505859375]",[2834.183349609375],"[422.4903564453125, 422.1091613769531, 566.0879516601562, 571.4015502929688, 2834.18359375]",3006.03163476057, Eight,0.9999827146530151,1.1253322895754536e-07,0.9999827146530151,1.6701411368558183e-05,-16.000000004906738,"[{""token"": "" Eight"", ""token_id"": 38923, ""probability"": 0.9999827146530151}, {""token"": "" Four"", ""token_id"": 13038, ""probability"": 1.6701411368558183e-05}, {""token"": ""Eight"", ""token_id"": 80357, ""probability"": 5.043389705861046e-07}, {""token"": "" Six"", ""token_id"": 19759, ""probability"": 1.1253322895754536e-07}, {""token"": "" Many"", ""token_id"": 8732, ""probability"": 4.363386985062334e-09}, {""token"": "" Two"", ""token_id"": 8512, ""probability"": 1.250131220764672e-09}, {""token"": "" Legs"", ""token_id"": 156403, ""probability"": 4.59897619986549e-10}, {""token"": "" None"", ""token_id"": 5450, ""probability"": 2.789419806248361e-10}, {""token"": "" Usually"", ""token_id"": 34645, ""probability"": 2.789419806248361e-10}, {""token"": ""\n\n"", ""token_id"": 108, ""probability"": 2.172402258082684e-10}, {""token"": "" Some"", ""token_id"": 4943, ""probability"": 2.172402258082684e-10}, {""token"": "" Typically"", ""token_id"": 50338, ""probability"": 2.172402258082684e-10}]"
L27,[27],"[129426, 129426, 144881, 144881]","[16, 21, 16, 21]",[248182],[16],0.8,2.0,True,joint,False,"[140.83012695312496, 140.70306396484372, 188.69597167968746, 190.4671752929687]",[1889.45556640625],"[563.3204345703125, 562.8121948242188, 754.7839965820312, 761.8687744140625, 1889.455810546875]",2313.93034674344, Eight,0.9999861717224121,1.1253361975605003e-07,0.9999861717224121,1.3007117559027392e-05,-15.999999989297198,"[{""token"": "" Eight"", ""token_id"": 38923, ""probability"": 0.9999861717224121}, {""token"": "" Four"", ""token_id"": 13038, ""probability"": 1.3007117559027392e-05}, {""token"": ""Eight"", ""token_id"": 80357, ""probability"": 6.475862619481632e-07}, {""token"": "" Six"", ""token_id"": 19759, ""probability"": 1.1253361975605003e-07}, {""token"": "" Many"", ""token_id"": 8732, ""probability"": 4.363402084095469e-09}, {""token"": "" Two"", ""token_id"": 8512, ""probability"": 1.250135550634468e-09}, {""token"": "" Legs"", ""token_id"": 156403, ""probability"": 5.905222422164513e-10}, {""token"": "" None"", ""token_id"": 5450, ""probability"": 2.7894295206998265e-10}, {""token"": "" Usually"", ""token_id"": 34645, ""probability"": 2.7894295206998265e-10}, {""token"": ""\n\n"", ""token_id"": 108, ""probability"": 2.1724098908659784e-10}, {""token"": "" Some"", ""token_id"": 4943, ""probability"": 2.1724098908659784e-10}, {""token"": "" Typically"", ""token_id"": 50338, ""probability"": 2.1724098908659784e-10}]"
L27,[27],"[129426, 129426, 144881, 144881]","[16, 21, 16, 21]",[248182],[16],0.8,3.0,True,joint,False,"[140.83012695312496, 140.70306396484372, 188.69597167968746, 190.4671752929687]",[2834.183349609375],"[563.3204345703125, 562.8121948242188, 754.7839965820312, 761.8687744140625, 2834.18359375]",3133.1816150125314, Eight,0.999982476234436,1.4449550178596837e-07,0.999982476234436,1.6701407730579376e-05,-15.74999993546822,"[{""token"": "" Eight"", ""token_id"": 38923, ""probability"": 0.999982476234436}, {""token"": "" Four"", ""token_id"": 13038, ""probability"": 1.6701407730579376e-05}, {""token"": ""Eight"", ""token_id"": 80357, ""probability"": 6.47583874524571e-07}, {""token"": "" Six"", ""token_id"": 19759, ""probability"": 1.4449550178596837e-07}, {""token"": "" Many"", ""token_id"": 8732, ""probability"": 5.602698305295917e-09}, {""token"": "" Two"", ""token_id"": 8512, ""probability"": 1.6051998619204255e-09}, {""token"": "" Legs"", ""token_id"": 156403, ""probability"": 7.58242746368154e-10}, {""token"": ""\n\n"", ""token_id"": 108, ""probability"": 3.5816852261838505e-10}, {""token"": "" None"", ""token_id"": 5450, ""probability"": 3.5816852261838505e-10}, {""token"": "" Usually"", ""token_id"": 34645, ""probability"": 3.5816852261838505e-10}, {""token"": "" Typically"", ""token_id"": 50338, ""probability"": 2.789419251136849e-10}, {""token"": "" Some"", ""token_id"": 4943, ""probability"": 2.789419251136849e-10}]"
L27,[27],"[129426, 129426, 144881, 144881]","[16, 21, 16, 21]",[248182],[16],1.0,2.0,True,joint,False,"[0.0, 0.0, 0.0, 0.0]",[1889.45556640625],"[704.1505737304688, 703.5153198242188, 943.4799194335938, 952.3359375, 1889.455810546875]",2521.4882890765316, Eight,0.999982476234436,1.1253320053583593e-07,0.999982476234436,1.6701407730579376e-05,-16.000000019046855,"[{""token"": "" Eight"", ""token_id"": 38923, ""probability"": 0.999982476234436}, {""token"": "" Four"", ""token_id"": 13038, ""probability"": 1.6701407730579376e-05}, {""token"": ""Eight"", ""token_id"": 80357, ""probability"": 6.47583874524571e-07}, {""token"": "" Six"", ""token_id"": 19759, ""probability"": 1.1253320053583593e-07}, {""token"": "" Many"", ""token_id"": 8732, ""probability"": 5.602698305295917e-09}, {""token"": "" Two"", ""token_id"": 8512, ""probability"": 1.6051998619204255e-09}, {""token"": "" Legs"", ""token_id"": 156403, ""probability"": 5.905200772815533e-10}, {""token"": "" None"", ""token_id"": 5450, ""probability"": 3.5816852261838505e-10}, {""token"": "" Typically"", ""token_id"": 50338, ""probability"": 2.789419251136849e-10}, {""token"": "" Usually"", ""token_id"": 34645, ""probability"": 2.789419251136849e-10}, {""token"": ""\n\n"", ""token_id"": 108, ""probability"": 2.789419251136849e-10}, {""token"": "" Some"", ""token_id"": 4943, ""probability"": 2.789419251136849e-10}]"
L27,[27],"[129426, 129426, 144881, 144881]","[16, 21, 16, 21]",[248182],[16],1.0,3.0,True,joint,False,"[0.0, 0.0, 0.0, 0.0]",[2834.183349609375],"[704.1505737304688, 703.5153198242188, 943.4799194335938, 952.3359375, 2834.18359375]",3289.446241394197, Eight,0.999982476234436,1.1253320053583593e-07,0.999982476234436,1.6701407730579376e-05,-16.000000019046855,"[{""token"": "" Eight"", ""token_id"": 38923, ""probability"": 0.999982476234436}, {""token"": "" Four"", ""token_id"": 13038, ""probability"": 1.6701407730579376e-05}, {""token"": ""Eight"", ""token_id"": 80357, ""probability"": 6.47583874524571e-07}, {""token"": "" Six"", ""token_id"": 19759, ""probability"": 1.1253320053583593e-07}, {""token"": "" Many"", ""token_id"": 8732, ""probability"": 4.3633860968839144e-09}, {""token"": "" Two"", ""token_id"": 8512, ""probability"": 1.6051998619204255e-09}, {""token"": "" Legs"", ""token_id"": 156403, ""probability"": 5.905200772815533e-10}, {""token"": "" None"", ""token_id"": 5450, ""probability"": 3.5816852261838505e-10}, {""token"": "" Usually"", ""token_id"": 34645, ""probability"": 3.5816852261838505e-10}, {""token"": ""\n\n"", ""token_id"": 108, ""probability"": 2.789419251136849e-10}, {""token"": "" Some"", ""token_id"": 4943, ""probability"": 2.789419251136849e-10}, {""token"": "" Typically"", ""token_id"": 50338, ""probability"": 2.789419251136849e-10}]"
L7+L22,"[7, 22]","[14209, 137239, 23422, 23422, 60476]","[16, 16, 16, 21, 16]","[42685, 1703, 197021]","[16, 16, 16]",0.0,0.0,False,unmodified,False,"[84.83981323242188, 133.324951171875, 1855.89599609375, 1739.02099609375, 562.7435913085938]","[0.0, 0.0, 0.0]","[3.814697720372351e-06, 7.629395440744702e-06, 0.0, 3.0517578125e-05, 3.0517578125e-05, 0.0, 0.0, 0.0]",4.399323519269783e-05, Eight,0.999982476234436,1.1253320053583593e-07,0.999982476234436,1.6701407730579376e-05,-16.000000019046855,"[{""token"": "" Eight"", ""token_id"": 38923, ""probability"": 0.999982476234436}, {""token"": "" Four"", ""token_id"": 13038, ""probability"": 1.6701407730579376e-05}, {""token"": ""Eight"", ""token_id"": 80357, ""probability"": 6.47583874524571e-07}, {""token"": "" Six"", ""token_id"": 19759, ""probability"": 1.1253320053583593e-07}, {""token"": "" Many"", ""token_id"": 8732, ""probability"": 4.3633860968839144e-09}, {""token"": "" Two"", ""token_id"": 8512, ""probability"": 1.6051998619204255e-09}, {""token"": "" Legs"", ""token_id"": 156403, ""probability"": 5.905200772815533e-10}, {""token"": "" None"", ""token_id"": 5450, ""probability"": 2.789419251136849e-10}, {""token"": "" Typically"", ""token_id"": 50338, ""probability"": 2.789419251136849e-10}, {""token"": "" Usually"", ""token_id"": 34645, ""probability"": 2.789419251136849e-10}, {""token"": "" Some"", ""token_id"": 4943, ""probability"": 2.789419251136849e-10}, {""token"": ""\n\n"", ""token_id"": 108, ""probability"": 2.789419251136849e-10}]"
L7+L22,"[7, 22]","[14209, 137239, 23422, 23422, 60476]","[16, 16, 16, 21, 16]","[42685, 1703, 197021]","[16, 16, 16]",0.0,0.25,False,ant_only,False,"[84.83981323242188, 133.324951171875, 1855.89599609375, 1739.02099609375, 562.7435913085938]","[31.566993713378906, 455.77888107299805, 90.10985374450684]","[3.814697720372351e-06, 7.629395440744702e-06, 31.566997528076172, 31.09781265258789, 56.15054702758789, 23.522705078125, 455.7789306640625, 90.10985565185547]",470.66333041068475, Eight,0.9999639987945557,1.4449283014528191e-07,0.9999639987945557,3.535622818162665e-05,-15.749999947143204,"[{""token"": "" Eight"", ""token_id"": 38923, ""probability"": 0.9999639987945557}, {""token"": "" Four"", ""token_id"": 13038, ""probability"": 3.535622818162665e-05}, {""token"": ""Eight"", ""token_id"": 80357, ""probability"": 5.043295345785737e-07}, {""token"": "" Six"", ""token_id"": 19759, ""probability"": 1.4449283014528191e-07}, {""token"": "" Many"", ""token_id"": 8732, ""probability"": 7.1938743850807896e-09}, {""token"": "" Two"", ""token_id"": 8512, ""probability"": 2.0610793072251e-09}, {""token"": "" Legs"", ""token_id"": 156403, ""probability"": 1.2501079060811549e-09}, {""token"": "" Typically"", ""token_id"": 50338, ""probability"": 4.5988898800253253e-10}, {""token"": "" Usually"", ""token_id"": 34645, ""probability"": 4.5988898800253253e-10}, {""token"": "" Some"", ""token_id"": 4943, ""probability"": 4.5988898800253253e-10}, {""token"": ""\n\n"", ""token_id"": 108, ""probability"": 3.581618890358129e-10}, {""token"": "" None"", ""token_id"": 5450, ""probability"": 2.1723615961644072e-10}]"
L7+L22,"[7, 22]","[14209, 137239, 23422, 23422, 60476]","[16, 16, 16, 21, 16]","[42685, 1703, 197021]","[16, 16, 16]",0.0,0.5,False,ant_only,False,"[84.83981323242188, 133.324951171875, 1855.89599609375, 1739.02099609375, 562.7435913085938]","[63.13398742675781, 911.5577621459961, 180.21970748901367]","[3.814697720372351e-06, 7.629395440744702e-06, 63.133995056152344, 54.99185562133789, 48.47378921508789, 41.49560546875, 911.557861328125, 180.21971130371094]",935.1462334426703, Eight,0.9999639987945557,1.855324711641515e-07,0.9999639987945557,3.535622818162665e-05,-15.499999921657288,"[{""token"": "" Eight"", ""token_id"": 38923, ""probability"": 0.9999639987945557}, {""token"": "" Four"", ""token_id"": 13038, ""probability"": 3.535622818162665e-05}, {""token"": ""Eight"", ""token_id"": 80357, ""probability"": 3.9277219343603065e-07}, {""token"": "" Six"", ""token_id"": 19759, ""probability"": 1.855324711641515e-07}, {""token"": "" Many"", ""token_id"": 8732, ""probability"": 5.602594832510022e-09}, {""token"": "" Legs"", ""token_id"": 156403, ""probability"": 1.2501079060811549e-09}, {""token"": "" Two"", ""token_id"": 8512, ""probability"": 1.2501079060811549e-09}, {""token"": "" Typically"", ""token_id"": 50338, ""probability"": 5.905091415847608e-10}, {""token"": "" Usually"", ""token_id"": 34645, ""probability"": 4.5988898800253253e-10}, {""token"": "" Some"", ""token_id"": 4943, ""probability"": 3.581618890358129e-10}, {""token"": "" Zero"", ""token_id"": 31234, ""probability"": 2.1723615961644072e-10}, {""token"": ""\n\n"", ""token_id"": 108, ""probability"": 2.1723615961644072e-10}]"
L7+L22,"[7, 22]","[14209, 137239, 23422, 23422, 60476]","[16, 16, 16, 21, 16]","[42685, 1703, 197021]","[16, 16, 16]",0.0,0.75,False,ant_only,False,"[84.83981323242188, 133.324951171875, 1855.89599609375, 1739.02099609375, 562.7435913085938]","[94.70098114013672, 1367.3366432189941, 270.3295612335205]","[3.814697720372351e-06, 7.629395440744702e-06, 94.70099639892578, 77.88040924072266, 58.49393081665039, 61.7125244140625, 1367.3369140625, 270.3295593261719]",1401.7674270997431, Eight,0.9999243021011353,3.058791548937734e-07,0.9999243021011353,7.484616799047217e-05,-15.000000030878642,"[{""token"": "" Eight"", ""token_id"": 38923, ""probability"": 0.9999243021011353}, {""token"": "" Four"", ""token_id"": 13038, ""probability"": 7.484616799047217e-05}, {""token"": ""Eight"", ""token_id"": 80357, ""probability"": 5.043094688517158e-07}, {""token"": "" Six"", ""token_id"": 19759, ""probability"": 3.058791548937734e-07}, {""token"": "" Many"", ""token_id"": 8732, ""probability"": 7.193588835718856e-09}, {""token"": "" Legs"", ""token_id"": 156403, ""probability"": 2.0609973727658826e-09}, {""token"": "" Two"", ""token_id"": 8512, ""probability"": 2.0609973727658826e-09}, {""token"": "" Typically"", ""token_id"": 50338, ""probability"": 7.581986150029252e-10}, {""token"": "" Usually"", ""token_id"": 34645, ""probability"": 7.581986150029252e-10}, {""token"": "" Some"", ""token_id"": 4943, ""probability"": 4.5987075258935306e-10}, {""token"": ""\n\n"", ""token_id"": 108, ""probability"": 3.581476781810977e-10}, {""token"": "" Zero"", ""token_id"": 31234, ""probability"": 2.7892568810194973e-10}]"
L7+L22,"[7, 22]","[14209, 137239, 23422, 23422, 60476]","[16, 16, 16, 21, 16]","[42685, 1703, 197021]","[16, 16, 16]",0.0,1.0,False,ant_only,False,"[84.83981323242188, 133.324951171875, 1855.89599609375, 1739.02099609375, 562.7435913085938]","[126.26797485351562, 1823.1155242919922, 360.43941497802734]","[3.814697720372351e-06, 7.629395440744702e-06, 126.26799011230469, 81.28775787353516, 53.26578140258789, 67.29833984375, 1823.11572265625, 360.4394226074219]",1866.436479092512, Eight,0.9998754262924194,3.05864205074613e-07,0.9998754262924194,0.00012339443492237478,-15.000000026289412,"[{""token"": "" Eight"", ""token_id"": 38923, ""probability"": 0.9998754262924194}, {""token"": "" Four"", ""token_id"": 13038, ""probability"": 0.00012339443492237478}, {""token"": ""Eight"", ""token_id"": 80357, ""probability"": 8.314251545016305e-07}, {""token"": "" Six"", ""token_id"": 19759, ""probability"": 3.05864205074613e-07}, {""token"": "" Many"", ""token_id"": 8732, ""probability"": 9.236299725046138e-09}, {""token"": "" Legs"", ""token_id"": 156403, ""probability"": 4.362918915035152e-09}, {""token"": "" Two"", ""token_id"": 8512, ""probability"": 2.6462441127250713e-09}, {""token"": "" Typically"", ""token_id"": 50338, ""probability"": 1.2499971058232973e-09}, {""token"": "" Usually"", ""token_id"": 34645, ""probability"": 9.734988370979636e-10}, {""token"": "" Some"", ""token_id"": 4943, ""probability"": 7.581615890650539e-10}, {""token"": ""\n\n"", ""token_id"": 108, ""probability"": 4.598482705731044e-10}, {""token"": "" Multiple"", ""token_id"": 34489, ""probability"": 2.7891206011432246e-10}]"
L7+L22,"[7, 22]","[14209, 137239, 23422, 23422, 60476]","[16, 16, 16, 21, 16]","[42685, 1703, 197021]","[16, 16, 16]",0.0,1.25,False,ant_only,False,"[84.83981323242188, 133.324951171875, 1855.89599609375, 1739.02099609375, 562.7435913085938]","[157.83496856689453, 2278.8944053649902, 450.5492687225342]","[3.814697720372351e-06, 7.629395440744702e-06, 157.83499145507812, 133.6216278076172, 187.8730926513672, 104.11865234375, 2278.894775390625, 450.54925537109375]",2342.06311731174, Eight,0.999875545501709,3.927374621071067e-07,0.999875545501709,0.00012339444947429,-14.750000021419668,"[{""token"": "" Eight"", ""token_id"": 38923, ""probability"": 0.999875545501709}, {""token"": "" Four"", ""token_id"": 13038, ""probability"": 0.00012339444947429}, {""token"": ""Eight"", ""token_id"": 80357, ""probability"": 6.475146392403985e-07}, {""token"": "" Six"", ""token_id"": 19759, ""probability"": 3.927374621071067e-07}, {""token"": "" Many"", ""token_id"": 8732, ""probability"": 1.185964393357608e-08}, {""token"": "" Legs"", ""token_id"": 156403, ""probability"": 2.646244556814281e-09}, {""token"": "" Two"", ""token_id"": 8512, ""probability"": 2.0608970086044565e-09}, {""token"": "" Typically"", ""token_id"": 50338, ""probability"": 1.2499973278679022e-09}, {""token"": "" Usually"", ""token_id"": 34645, ""probability"": 9.73498948120266e-10}, {""token"": "" Some"", ""token_id"": 4943, ""probability"": 7.581616445762052e-10}, {""token"": ""\n\n"", ""token_id"": 108, ""probability"": 4.5984832608425563e-10}, {""token"": "" Several"", ""token_id"": 22624, ""probability"": 2.172169527581147e-10}]"
L7+L22,"[7, 22]","[14209, 137239, 23422, 23422, 60476]","[16, 16, 16, 21, 16]","[42685, 1703, 197021]","[16, 16, 16]",0.0,1.5,False,ant_only,False,"[84.83981323242188, 133.324951171875, 1855.89599609375, 1739.02099609375, 562.7435913085938]","[189.40196228027344, 2734.6732864379883, 540.659122467041]","[3.814697720372351e-06, 7.629395440744702e-06, 189.40199279785156, 151.8707733154297, 238.42462158203125, 124.2769775390625, 2734.673828125, 540.6591186523438]",2811.0464497762705, Eight,0.9997949004173279,8.313581361107936e-07,0.9997949004173279,0.00020342663628980517,-14.000000044264324,"[{""token"": "" Eight"", ""token_id"": 38923, ""probability"": 0.9997949004173279}, {""token"": "" Four"", ""token_id"": 13038, ""probability"": 0.00020342663628980517}, {""token"": "" Six"", ""token_id"": 19759, ""probability"": 8.313581361107936e-07}, {""token"": ""Eight"", ""token_id"": 80357, ""probability"": 8.313581361107936e-07}, {""token"": "" Many"", ""token_id"": 8732, ""probability"": 1.955167050482487e-08}, {""token"": "" Legs"", ""token_id"": 156403, ""probability"": 5.601647146136202e-09}, {""token"": "" Two"", ""token_id"": 8512, ""probability"": 4.362567640470161e-09}, {""token"": "" Typically"", ""token_id"": 50338, ""probability"": 2.0607306971953676e-09}, {""token"": "" Usually"", ""token_id"": 34645, ""probability"": 1.2498964085949638e-09}, {""token"": "" Some"", ""token_id"": 4943, ""probability"": 9.734203443301226e-10}, {""token"": ""\n\n"", ""token_id"": 108, ""probability"": 4.5981121687965754e-10}, {""token"": "" Several"", ""token_id"": 22624, ""probability"": 2.788896058536494e-10}]"
L7+L22,"[7, 22]","[14209, 137239, 23422, 23422, 60476]","[16, 16, 16, 21, 16]","[42685, 1703, 197021]","[16, 16, 16]",0.0,2.0,True,ant_only,False,"[84.83981323242188, 133.324951171875, 1855.89599609375, 1739.02099609375, 562.7435913085938]","[252.53594970703125, 3646.2310485839844, 720.8788299560547]","[3.814697720372351e-06, 7.629395440744702e-06, 252.53598022460938, 227.6934051513672, 404.80450439453125, 183.5482177734375, 3646.2314453125, 720.8788452148438]",3758.702622627561, Eight,0.9996609687805176,2.2595631889998913e-06,0.9996609687805176,0.0003353488864377141,-12.999999953860941,"[{""token"": "" Eight"", ""token_id"": 38923, ""probability"": 0.9996609687805176}, {""token"": "" Four"", ""token_id"": 13038, ""probability"": 0.0003353488864377141}, {""token"": "" Six"", ""token_id"": 19759, ""probability"": 2.2595631889998913e-06}, {""token"": ""Eight"", ""token_id"": 80357, ""probability"": 1.3704943739867304e-06}, {""token"": "" Many"", ""token_id"": 8732, ""probability"": 3.223093614224126e-08}, {""token"": "" Legs"", ""token_id"": 156403, ""probability"": 1.522481696270006e-08}, {""token"": "" Two"", ""token_id"": 8512, ""probability"": 9.234318198991787e-09}, {""token"": "" Typically"", ""token_id"": 50338, ""probability"": 5.600897079460765e-09}, {""token"": "" Usually"", ""token_id"": 34645, ""probability"": 4.361983219069998e-09}, {""token"": "" Some"", ""token_id"": 4943, ""probability"": 2.645676566714883e-09}, {""token"": ""\n\n"", ""token_id"": 108, ""probability"": 1.2497289869628503e-09}, {""token"": "" Several"", ""token_id"": 22624, ""probability"": 5.903301736331912e-10}]"
L7+L22,"[7, 22]","[14209, 137239, 23422, 23422, 60476]","[16, 16, 16, 21, 16]","[42685, 1703, 197021]","[16, 16, 16]",0.0,3.0,True,ant_only,False,"[84.83981323242188, 133.324951171875, 1855.89599609375, 1739.02099609375, 562.7435913085938]","[378.8039245605469, 5469.346572875977, 1081.318244934082]","[3.814697720372351e-06, 7.629395440744702e-06, 378.8039855957031, 343.74505615234375, 752.2487182617188, 277.293212890625, 5469.34765625, 1081.3182373046875]",5655.743602606916, Eight,0.9990423321723938,4.535645348369144e-05,0.9990423321723938,0.0009110087412409484,-9.99999996090268,"[{""token"": "" Eight"", ""token_id"": 38923, ""probability"": 0.9990423321723938}, {""token"": "" Four"", ""token_id"": 13038, ""probability"": 0.0009110087412409484}, {""token"": "" Six"", ""token_id"": 19759, ""probability"": 4.535645348369144e-05}, {""token"": ""Eight"", ""token_id"": 80357, ""probability"": 1.0666815342119662e-06}, {""token"": "" Many"", ""token_id"": 8732, ""probability"": 1.4435966022574576e-07}, {""token"": "" Legs"", ""token_id"": 156403, ""probability"": 1.1242740782790861e-07}, {""token"": "" Two"", ""token_id"": 8512, ""probability"": 2.50859439887563e-08}, {""token"": "" Typically"", ""token_id"": 50338, ""probability"": 1.1849761172300077e-08}, {""token"": "" Some"", ""token_id"": 4943, ""probability"": 9.228603659039436e-09}, {""token"": "" Usually"", ""token_id"": 34645, ""probability"": 9.228603659039436e-09}, {""token"": "" Several"", ""token_id"": 22624, ""probability"": 1.2489557166261989e-09}, {""token"": ""\n\n"", ""token_id"": 108, ""probability"": 1.2489557166261989e-09}]"
L7+L22,"[7, 22]","[14209, 137239, 23422, 23422, 60476]","[16, 16, 16, 21, 16]","[42685, 1703, 197021]","[16, 16, 16]",0.2,0.0,False,spider_only,False,"[67.87185058593751, 106.6599609375, 1484.716796875, 1391.216796875, 450.19487304687505]","[0.0, 0.0, 0.0]","[16.967967987060547, 26.665000915527344, 0.0, 381.013427734375, 280.931884765625, 114.63978576660156, 0.0, 0.0]",488.09340364720305, Eight,0.9999712705612183,3.0589353627874516e-07,0.9999712705612183,2.7535659683053382e-05,-14.99999998633868,"[{""token"": "" Eight"", ""token_id"": 38923, ""probability"": 0.9999712705612183}, {""token"": "" Four"", ""token_id"": 13038, ""probability"": 2.7535659683053382e-05}, {""token"": ""Eight"", ""token_id"": 80357, ""probability"": 8.315048489748733e-07}, {""token"": "" Six"", ""token_id"": 19759, ""probability"": 3.0589353627874516e-07}, {""token"": "" Many"", ""token_id"": 8732, ""probability"": 7.193926787607552e-09}, {""token"": "" Two"", ""token_id"": 8512, ""probability"": 3.3981701896834693e-09}, {""token"": "" Legs"", ""token_id"": 156403, ""probability"": 1.2501170099099568e-09}, {""token"": "" None"", ""token_id"": 5450, ""probability"": 7.582342531620156e-10}, {""token"": "" Zero"", ""token_id"": 31234, ""probability"": 7.582342531620156e-10}, {""token"": ""\n\n"", ""token_id"": 108, ""probability"": 4.59892346427182e-10}, {""token"": "" Some"", ""token_id"": 4943, ""probability"": 4.59892346427182e-10}, {""token"": "" Usually"", ""token_id"": 34645, ""probability"": 4.59892346427182e-10}]"
L7+L22,"[7, 22]","[14209, 137239, 23422, 23422, 60476]","[16, 16, 16, 21, 16]","[42685, 1703, 197021]","[16, 16, 16]",0.2,0.25,False,joint,False,"[67.87185058593751, 106.6599609375, 1484.716796875, 1391.216796875, 450.19487304687505]","[31.566993713378906, 455.77888107299805, 90.10985374450684]","[16.967967987060547, 26.665000915527344, 31.566997528076172, 366.3504638671875, 342.901611328125, 99.57215881347656, 455.7789306640625, 90.10985565185547]",692.5015678719805, Eight,0.9999825954437256,1.855359244018473e-07,0.9999825954437256,1.670140954956878e-05,-15.499999906397704,"[{""token"": "" Eight"", ""token_id"": 38923, ""probability"": 0.9999825954437256}, {""token"": "" Four"", ""token_id"": 13038, ""probability"": 1.670140954956878e-05}, {""token"": ""Eight"", ""token_id"": 80357, ""probability"": 5.043389137426857e-07}, {""token"": "" Six"", ""token_id"": 19759, ""probability"": 1.855359244018473e-07}, {""token"": "" Many"", ""token_id"": 8732, ""probability"": 5.6026987493851266e-09}, {""token"": "" Two"", ""token_id"": 8512, ""probability"": 2.061117498897147e-09}, {""token"": "" Legs"", ""token_id"": 156403, ""probability"": 9.736030870399759e-10}, {""token"": "" Typically"", ""token_id"": 50338, ""probability"": 3.5816855037396067e-10}, {""token"": "" Some"", ""token_id"": 4943, ""probability"": 3.5816855037396067e-10}, {""token"": ""\n\n"", ""token_id"": 108, ""probability"": 3.5816855037396067e-10}, {""token"": "" Usually"", ""token_id"": 34645, ""probability"": 3.5816855037396067e-10}, {""token"": "" None"", ""token_id"": 5450, ""probability"": 2.789419528692605e-10}]"
L7+L22,"[7, 22]","[14209, 137239, 23422, 23422, 60476]","[16, 16, 16, 21, 16]","[42685, 1703, 197021]","[16, 16, 16]",0.2,0.5,False,joint,False,"[67.87185058593751, 106.6599609375, 1484.716796875, 1391.216796875, 450.19487304687505]","[63.13398742675781, 911.5577621459961, 180.21970748901367]","[16.967967987060547, 26.665000915527344, 63.133995056152344, 336.480712890625, 297.943115234375, 76.41260528564453, 911.557861328125, 180.21971130371094]",1037.4150426633355, Eight,0.9999637603759766,3.058912341202813e-07,0.9999637603759766,3.5356220905669034e-05,-15.000000001949914,"[{""token"": "" Eight"", ""token_id"": 38923, ""probability"": 0.9999637603759766}, {""token"": "" Four"", ""token_id"": 13038, ""probability"": 3.5356220905669034e-05}, {""token"": ""Eight"", ""token_id"": 80357, ""probability"": 5.043293640483171e-07}, {""token"": "" Six"", ""token_id"": 19759, ""probability"": 3.058912341202813e-07}, {""token"": "" Many"", ""token_id"": 8732, ""probability"": 9.237115072835422e-09}, {""token"": "" Two"", ""token_id"": 8512, ""probability"": 2.6464779256940574e-09}, {""token"": "" Legs"", ""token_id"": 156403, ""probability"": 1.6051697748764582e-09}, {""token"": "" Typically"", ""token_id"": 50338, ""probability"": 7.582285355134388e-10}, {""token"": "" Usually"", ""token_id"": 34645, ""probability"": 5.905089750513071e-10}, {""token"": "" Some"", ""token_id"": 4943, ""probability"": 3.5816180576908607e-10}, {""token"": ""\n\n"", ""token_id"": 108, ""probability"": 3.5816180576908607e-10}, {""token"": "" Zero"", ""token_id"": 31234, ""probability"": 2.7893670706546914e-10}]"
L7+L22,"[7, 22]","[14209, 137239, 23422, 23422, 60476]","[16, 16, 16, 21, 16]","[42685, 1703, 197021]","[16, 16, 16]",0.2,0.75,False,joint,False,"[67.87185058593751, 106.6599609375, 1484.716796875, 1391.216796875, 450.19487304687505]","[94.70098114013672, 1367.3366432189941, 270.3295612335205]","[16.967967987060547, 26.665000915527344, 94.70099639892578, 321.88427734375, 279.3826904296875, 62.8687858581543, 1367.3369140625, 270.3295593261719]",1462.2832078916672, Eight,0.9999537467956543,3.058881645756628e-07,0.9999537467956543,4.53978318546433e-05,-15.000000022765256,"[{""token"": "" Eight"", ""token_id"": 38923, ""probability"": 0.9999537467956543}, {""token"": "" Four"", ""token_id"": 13038, ""probability"": 4.53978318546433e-05}, {""token"": ""Eight"", ""token_id"": 80357, ""probability"": 5.043243618274573e-07}, {""token"": "" Six"", ""token_id"": 19759, ""probability"": 3.058881645756628e-07}, {""token"": "" Many"", ""token_id"": 8732, ""probability"": 7.1938006662719545e-09}, {""token"": "" Two"", ""token_id"": 8512, ""probability"": 2.061058212987632e-09}, {""token"": "" Legs"", ""token_id"": 156403, ""probability"": 1.2500950274940692e-09}, {""token"": "" Typically"", ""token_id"": 50338, ""probability"": 5.905030908692765e-10}, {""token"": "" Usually"", ""token_id"": 34645, ""probability"": 4.598842973102535e-10}, {""token"": "" Some"", ""token_id"": 4943, ""probability"": 3.5815822529983166e-10}, {""token"": "" Zero"", ""token_id"": 31234, ""probability"": 2.7893390375233196e-10}, {""token"": ""\n\n"", ""token_id"": 108, ""probability"": 2.7893390375233196e-10}]"
L7+L22,"[7, 22]","[14209, 137239, 23422, 23422, 60476]","[16, 16, 16, 21, 16]","[42685, 1703, 197021]","[16, 16, 16]",0.2,1.0,False,joint,False,"[67.87185058593751, 106.6599609375, 1484.716796875, 1391.216796875, 450.19487304687505]","[126.26797485351562, 1823.1155242919922, 360.43941497802734]","[16.967967987060547, 26.665000915527344, 126.26799011230469, 272.4012451171875, 256.96923828125, 27.696176528930664, 1823.11572265625, 360.4394226074219]",1900.4243634154425, Eight,0.9999028444290161,3.0587258947889495e-07,0.9999028444290161,9.610231791157275e-05,-15.000000035662945,"[{""token"": "" Eight"", ""token_id"": 38923, ""probability"": 0.9999028444290161}, {""token"": "" Four"", ""token_id"": 13038, ""probability"": 9.610231791157275e-05}, {""token"": ""Eight"", ""token_id"": 80357, ""probability"": 6.475323175436642e-07}, {""token"": "" Six"", ""token_id"": 19759, ""probability"": 3.0587258947889495e-07}, {""token"": "" Many"", ""token_id"": 8732, ""probability"": 7.193434292673828e-09}, {""token"": "" Two"", ""token_id"": 8512, ""probability"": 2.0609531858895025e-09}, {""token"": "" Legs"", ""token_id"": 156403, ""probability"": 1.6050719642279887e-09}, {""token"": "" Typically"", ""token_id"": 50338, ""probability"": 7.581823502356144e-10}, {""token"": "" Usually"", ""token_id"": 34645, ""probability"": 5.904730593364604e-10}, {""token"": "" Some"", ""token_id"": 4943, ""probability"": 4.598608716044339e-10}, {""token"": ""\n\n"", ""token_id"": 108, ""probability"": 3.581399898866522e-10}, {""token"": "" Zero"", ""token_id"": 31234, ""probability"": 2.1722287857350864e-10}]"
L7+L22,"[7, 22]","[14209, 137239, 23422, 23422, 60476]","[16, 16, 16, 21, 16]","[42685, 1703, 197021]","[16, 16, 16]",0.2,1.25,False,joint,False,"[67.87185058593751, 106.6599609375, 1484.716796875, 1391.216796875, 450.19487304687505]","[157.83496856689453, 2278.8944053649902, 450.5492687225342]","[16.967967987060547, 26.665000915527344, 157.83499145507812, 258.128173828125, 223.13169860839844, 12.969861030578613, 2278.894775390625, 450.54925537109375]",2353.4767842279766, Eight,0.999902606010437,6.475322038568265e-07,0.999902606010437,9.610229608369991e-05,-14.249999910190613,"[{""token"": "" Eight"", ""token_id"": 38923, ""probability"": 0.999902606010437}, {""token"": "" Four"", ""token_id"": 13038, ""probability"": 9.610229608369991e-05}, {""token"": "" Six"", ""token_id"": 19759, ""probability"": 6.475322038568265e-07}, {""token"": ""Eight"", ""token_id"": 80357, ""probability"": 6.475322038568265e-07}, {""token"": "" Many"", ""token_id"": 8732, ""probability"": 1.1859964565985592e-08}, {""token"": "" Legs"", ""token_id"": 156403, ""probability"": 3.397937042848298e-09}, {""token"": "" Two"", ""token_id"": 8512, ""probability"": 3.397937042848298e-09}, {""token"": "" Typically"", ""token_id"": 50338, ""probability"": 1.2500310786478508e-09}, {""token"": "" Usually"", ""token_id"": 34645, ""probability"": 9.735252604059497e-10}, {""token"": "" Some"", ""token_id"": 4943, ""probability"": 7.581821837021607e-10}, {""token"": ""\n\n"", ""token_id"": 108, ""probability"": 3.5813990661992534e-10}, {""token"": "" Several"", ""token_id"": 22624, ""probability"": 2.789196373864655e-10}]"
L7+L22,"[7, 22]","[14209, 137239, 23422, 23422, 60476]","[16, 16, 16, 21, 16]","[42685, 1703, 197021]","[16, 16, 16]",0.2,1.5,False,joint,False,"[67.87185058593751, 106.6599609375, 1484.716796875, 1391.216796875, 450.19487304687505]","[189.40196228027344, 2734.6732864379883, 540.659122467041]","[16.967967987060547, 26.665000915527344, 189.40199279785156, 233.10105895996094, 123.34251403808594, 13.792590141296387, 2734.673828125, 540.6591186523438]",2806.664389074921, Eight,0.9998396635055542,1.0675328212528257e-06,0.9998396635055542,0.00015843591245356947,-13.749999997062275,"[{""token"": "" Eight"", ""token_id"": 38923, ""probability"": 0.9998396635055542}, {""token"": "" Four"", ""token_id"": 13038, ""probability"": 0.00015843591245356947}, {""token"": "" Six"", ""token_id"": 19759, ""probability"": 1.0675328212528257e-06}, {""token"": ""Eight"", ""token_id"": 80357, ""probability"": 8.313954253935663e-07}, {""token"": "" Many"", ""token_id"": 8732, ""probability"": 1.9552546248746694e-08}, {""token"": "" Legs"", ""token_id"": 156403, ""probability"": 7.1929799894121516e-09}, {""token"": "" Two"", ""token_id"": 8512, ""probability"": 4.362763039722495e-09}, {""token"": "" Typically"", ""token_id"": 50338, ""probability"": 2.6461495217233733e-09}, {""token"": "" Usually"", ""token_id"": 34645, ""probability"": 1.6049706008658404e-09}, {""token"": "" Some"", ""token_id"": 4943, ""probability"": 9.734639760949904e-10}, {""token"": ""\n\n"", ""token_id"": 108, ""probability"": 5.90435755842833e-10}, {""token"": "" Several"", ""token_id"": 22624, ""probability"": 3.5811736909252545e-10}]"
L7+L22,"[7, 22]","[14209, 137239, 23422, 23422, 60476]","[16, 16, 16, 21, 16]","[42685, 1703, 197021]","[16, 16, 16]",0.2,2.0,True,joint,False,"[67.87185058593751, 106.6599609375, 1484.716796875, 1391.216796875, 450.19487304687505]","[252.53594970703125, 3646.2310485839844, 720.8788299560547]","[16.967967987060547, 26.665000915527344, 252.53598022460938, 154.23777770996094, 32.095733642578125, 72.13511657714844, 3646.2314453125, 720.8788452148438]",3729.5396929135864, Eight,0.9997937083244324,2.259863094877801e-06,0.9997937083244324,0.0002034263889072463,-13.000000011046046,"[{""token"": "" Eight"", ""token_id"": 38923, ""probability"": 0.9997937083244324}, {""token"": "" Four"", ""token_id"": 13038, ""probability"": 0.0002034263889072463}, {""token"": "" Six"", ""token_id"": 19759, ""probability"": 2.259863094877801e-06}, {""token"": ""Eight"", ""token_id"": 80357, ""probability"": 6.474616611740203e-07}, {""token"": "" Many"", ""token_id"": 8732, ""probability"": 2.510481067474757e-08}, {""token"": "" Legs"", ""token_id"": 156403, ""probability"": 1.1858673154563348e-08}, {""token"": "" Two"", ""token_id"": 8512, ""probability"": 7.192649142950813e-09}, {""token"": "" Typically"", ""token_id"": 50338, ""probability"": 3.397566894491888e-09}, {""token"": "" Usually"", ""token_id"": 34645, ""probability"": 2.0607282547047134e-09}, {""token"": "" Some"", ""token_id"": 4943, ""probability"": 1.2498949653050317e-09}, {""token"": ""\n\n"", ""token_id"": 108, ""probability"": 4.598106617681452e-10}, {""token"": "" Several"", ""token_id"": 22624, ""probability"": 3.581009100361854e-10}]"
L7+L22,"[7, 22]","[14209, 137239, 23422, 23422, 60476]","[16, 16, 16, 21, 16]","[42685, 1703, 197021]","[16, 16, 16]",0.2,3.0,True,joint,False,"[67.87185058593751, 106.6599609375, 1484.716796875, 1391.216796875, 450.19487304687505]","[378.8039245605469, 5469.346572875977, 1081.318244934082]","[16.967967987060547, 26.665000915527344, 378.8039855957031, 23.993623733520508, 384.61285400390625, 169.30198669433594, 5469.34765625, 1081.3182373046875]",5603.986992589585, Eight,0.9994099140167236,0.00015836780949030071,0.9994099140167236,0.0004304883477743715,-8.750000061998762,"[{""token"": "" Eight"", ""token_id"": 38923, ""probability"": 0.9994099140167236}, {""token"": "" Four"", ""token_id"": 13038, ""probability"": 0.0004304883477743715}, {""token"": "" Six"", ""token_id"": 19759, ""probability"": 0.00015836780949030071}, {""token"": ""Eight"", ""token_id"": 80357, ""probability"": 8.310380508191884e-07}, {""token"": "" Many"", ""token_id"": 8732, ""probability"": 1.8542966984114173e-07}, {""token"": "" Legs"", ""token_id"": 156403, ""probability"": 8.759076308706426e-08}, {""token"": "" Two"", ""token_id"": 8512, ""probability"": 4.137494968858846e-08}, {""token"": "" Typically"", ""token_id"": 50338, ""probability"": 1.522099424278167e-08}, {""token"": "" Usually"", ""token_id"": 34645, ""probability"": 1.1854121240162385e-08}, {""token"": "" Some"", ""token_id"": 4943, ""probability"": 1.1854121240162385e-08}, {""token"": ""\n\n"", ""token_id"": 108, ""probability"": 1.6042807082783384e-09}, {""token"": "" Several"", ""token_id"": 22624, ""probability"": 1.2494151269137888e-09}]"
L7+L22,"[7, 22]","[14209, 137239, 23422, 23422, 60476]","[16, 16, 16, 21, 16]","[42685, 1703, 197021]","[16, 16, 16]",0.4,0.0,False,spider_only,False,"[50.90388793945312, 79.99497070312499, 1113.53759765625, 1043.41259765625, 337.6461547851562]","[0.0, 0.0, 0.0]","[33.93592834472656, 53.32999801635742, 0.0, 756.3162231445312, 670.0899047851562, 217.24720764160156, 0.0, 0.0]",1035.4838458593665, Eight,0.9999864101409912,1.8553663494458306e-07,0.9999864101409912,1.30071211970062e-05,-15.499999891484027,"[{""token"": "" Eight"", ""token_id"": 38923, ""probability"": 0.9999864101409912}, {""token"": "" Four"", ""token_id"": 13038, ""probability"": 1.30071211970062e-05}, {""token"": ""Eight"", ""token_id"": 80357, ""probability"": 3.9278100416595407e-07}, {""token"": "" Six"", ""token_id"": 19759, ""probability"": 1.8553663494458306e-07}, {""token"": "" Many"", ""token_id"": 8732, ""probability"": 5.602720509756409e-09}, {""token"": "" Two"", ""token_id"": 8512, ""probability"": 1.6052061901916659e-09}, {""token"": "" Legs"", ""token_id"": 156403, ""probability"": 5.905223532387538e-10}, {""token"": "" Typically"", ""token_id"": 50338, ""probability"": 3.5816993815274145e-10}, {""token"": "" Usually"", ""token_id"": 34645, ""probability"": 3.5816993815274145e-10}, {""token"": "" None"", ""token_id"": 5450, ""probability"": 2.789430075811339e-10}, {""token"": "" Some"", ""token_id"": 4943, ""probability"": 2.789430075811339e-10}, {""token"": ""\n\n"", ""token_id"": 108, ""probability"": 2.1724103071996126e-10}]"
L7+L22,"[7, 22]","[14209, 137239, 23422, 23422, 60476]","[16, 16, 16, 21, 16]","[42685, 1703, 197021]","[16, 16, 16]",0.4,0.25,False,joint,False,"[50.90388793945312, 79.99497070312499, 1113.53759765625, 1043.41259765625, 337.6461547851562]","[31.566993713378906, 455.77888107299805, 90.10985374450684]","[33.93592834472656, 53.32999801635742, 31.566997528076172, 742.0663452148438, 658.1854858398438, 206.37710571289062, 455.7789306640625, 90.10985565185547]",1116.829680484017, Eight,0.999977707862854,3.0589549737669586e-07,0.999977707862854,2.1444930098368786e-05,-15.000000012777724,"[{""token"": "" Eight"", ""token_id"": 38923, ""probability"": 0.999977707862854}, {""token"": "" Four"", ""token_id"": 13038, ""probability"": 2.1444930098368786e-05}, {""token"": ""Eight"", ""token_id"": 80357, ""probability"": 5.043364126322558e-07}, {""token"": "" Six"", ""token_id"": 19759, ""probability"": 3.0589549737669586e-07}, {""token"": "" Many"", ""token_id"": 8732, ""probability"": 9.237243858706279e-09}, {""token"": "" Two"", ""token_id"": 8512, ""probability"": 2.0611075068899254e-09}, {""token"": "" Legs"", ""token_id"": 156403, ""probability"": 1.250125003515734e-09}, {""token"": "" Usually"", ""token_id"": 34645, ""probability"": 4.598953162737729e-10}, {""token"": "" Typically"", ""token_id"": 50338, ""probability"": 4.598953162737729e-10}, {""token"": "" Some"", ""token_id"": 4943, ""probability"": 3.581668017726969e-10}, {""token"": "" None"", ""token_id"": 5450, ""probability"": 3.581668017726969e-10}, {""token"": "" Zero"", ""token_id"": 31234, ""probability"": 3.581668017726969e-10}]"
L7+L22,"[7, 22]","[14209, 137239, 23422, 23422, 60476]","[16, 16, 16, 21, 16]","[42685, 1703, 197021]","[16, 16, 16]",0.4,0.5,False,joint,False,"[50.90388793945312, 79.99497070312499, 1113.53759765625, 1043.41259765625, 337.6461547851562]","[63.13398742675781, 911.5577621459961, 180.21970748901367]","[33.93592834472656, 53.32999801635742, 63.133995056152344, 697.9719848632812, 620.6074829101562, 172.90017700195312, 911.557861328125, 180.21971130371094]",1331.7700728165003, Eight,0.9999716281890869,3.9277520613723027e-07,0.9999716281890869,2.7535670596989803e-05,-14.750000011076802,"[{""token"": "" Eight"", ""token_id"": 38923, ""probability"": 0.9999716281890869}, {""token"": "" Four"", ""token_id"": 13038, ""probability"": 2.7535670596989803e-05}, {""token"": ""Eight"", ""token_id"": 80357, ""probability"": 5.043333430876373e-07}, {""token"": "" Six"", ""token_id"": 19759, ""probability"": 3.9277520613723027e-07}, {""token"": "" Many"", ""token_id"": 8732, ""probability"": 9.237187903465838e-09}, {""token"": "" Two"", ""token_id"": 8512, ""probability"": 3.398171521951099e-09}, {""token"": "" Legs"", ""token_id"": 156403, ""probability"": 1.605182431418939e-09}, {""token"": "" Typically"", ""token_id"": 50338, ""probability"": 5.905136379880105e-10}, {""token"": "" Zero"", ""token_id"": 31234, ""probability"": 4.598925129606357e-10}, {""token"": "" Some"", ""token_id"": 4943, ""probability"": 4.598925129606357e-10}, {""token"": "" Usually"", ""token_id"": 34645, ""probability"": 4.598925129606357e-10}, {""token"": ""\n\n"", ""token_id"": 108, ""probability"": 3.5816463683779887e-10}]"
L7+L22,"[7, 22]","[14209, 137239, 23422, 23422, 60476]","[16, 16, 16, 21, 16]","[42685, 1703, 197021]","[16, 16, 16]",0.4,0.75,False,joint,False,"[50.90388793945312, 79.99497070312499, 1113.53759765625, 1043.41259765625, 337.6461547851562]","[94.70098114013672, 1367.3366432189941, 270.3295612335205]","[33.93592834472656, 53.32999801635742, 94.70099639892578, 706.7140502929688, 662.7615356445312, 175.33450317382812, 1367.3369140625, 270.3295593261719]",1710.2900665846241, Eight,0.9999715089797974,5.043332862442185e-07,0.9999715089797974,2.7535666959010996e-05,-14.500000013769123,"[{""token"": "" Eight"", ""token_id"": 38923, ""probability"": 0.9999715089797974}, {""token"": "" Four"", ""token_id"": 13038, ""probability"": 2.7535666959010996e-05}, {""token"": "" Six"", ""token_id"": 19759, ""probability"": 5.043332862442185e-07}, {""token"": ""Eight"", ""token_id"": 80357, ""probability"": 5.043332862442185e-07}, {""token"": "" Many"", ""token_id"": 8732, ""probability"": 9.237187015287418e-09}, {""token"": "" Two"", ""token_id"": 8512, ""probability"": 2.0610948503474447e-09}, {""token"": "" Legs"", ""token_id"": 156403, ""probability"": 1.605182209374334e-09}, {""token"": "" Typically"", ""token_id"": 50338, ""probability"": 7.582344196954693e-10}, {""token"": "" Usually"", ""token_id"": 34645, ""probability"": 5.905135824768593e-10}, {""token"": "" Some"", ""token_id"": 4943, ""probability"": 4.598924574494845e-10}, {""token"": "" Zero"", ""token_id"": 31234, ""probability"": 2.7893887200036716e-10}, {""token"": ""\n\n"", ""token_id"": 108, ""probability"": 2.7893887200036716e-10}]"
L7+L22,"[7, 22]","[14209, 137239, 23422, 23422, 60476]","[16, 16, 16, 21, 16]","[42685, 1703, 197021]","[16, 16, 16]",0.4,1.0,False,joint,False,"[50.90388793945312, 79.99497070312499, 1113.53759765625, 1043.41259765625, 337.6461547851562]","[126.26797485351562, 1823.1155242919922, 360.43941497802734]","[33.93592834472656, 53.32999801635742, 126.26799011230469, 657.2361450195312, 672.4072875976562, 140.30545043945312, 1823.11572265625, 360.4394226074219]",2092.2197272207395, Eight,0.999963641166687,5.043293072048982e-07,0.999963641166687,3.5356217267690226e-05,-14.50000003543398,"[{""token"": "" Eight"", ""token_id"": 38923, ""probability"": 0.999963641166687}, {""token"": "" Four"", ""token_id"": 13038, ""probability"": 3.5356217267690226e-05}, {""token"": "" Six"", ""token_id"": 19759, ""probability"": 5.043293072048982e-07}, {""token"": ""Eight"", ""token_id"": 80357, ""probability"": 5.043293072048982e-07}, {""token"": "" Many"", ""token_id"": 8732, ""probability"": 1.1860688431397648e-08}, {""token"": "" Two"", ""token_id"": 8512, ""probability"": 3.398144432509298e-09}, {""token"": "" Legs"", ""token_id"": 156403, ""probability"": 2.061078641091285e-09}, {""token"": "" Typically"", ""token_id"": 50338, ""probability"": 9.735846573377671e-10}, {""token"": "" Usually"", ""token_id"": 34645, ""probability"": 7.582284244911364e-10}, {""token"": "" Some"", ""token_id"": 4943, ""probability"": 7.582284244911364e-10}, {""token"": "" Zero"", ""token_id"": 31234, ""probability"": 4.5988884922465445e-10}, {""token"": ""\n\n"", ""token_id"": 108, ""probability"": 3.5816177801351046e-10}]"
L7+L22,"[7, 22]","[14209, 137239, 23422, 23422, 60476]","[16, 16, 16, 21, 16]","[42685, 1703, 197021]","[16, 16, 16]",0.4,1.25,False,joint,False,"[50.90388793945312, 79.99497070312499, 1113.53759765625, 1043.41259765625, 337.6461547851562]","[157.83496856689453, 2278.8944053649902, 450.5492687225342]","[33.93592834472656, 53.32999801635742, 157.83499145507812, 641.0114135742188, 599.2145385742188, 127.1711654663086, 2278.894775390625, 450.54925537109375]",2492.2660071035743, Eight,0.9999535083770752,6.475651161963469e-07,0.9999535083770752,4.539782094070688e-05,-14.249999990171197,"[{""token"": "" Eight"", ""token_id"": 38923, ""probability"": 0.9999535083770752}, {""token"": "" Four"", ""token_id"": 13038, ""probability"": 4.539782094070688e-05}, {""token"": "" Six"", ""token_id"": 19759, ""probability"": 6.475651161963469e-07}, {""token"": ""Eight"", ""token_id"": 80357, ""probability"": 5.043242481406196e-07}, {""token"": "" Many"", ""token_id"": 8732, ""probability"": 9.237020037744514e-09}, {""token"": "" Two"", ""token_id"": 8512, ""probability"": 2.6464508362522565e-09}, {""token"": "" Legs"", ""token_id"": 156403, ""probability"": 1.6051533435756937e-09}, {""token"": "" Typically"", ""token_id"": 50338, ""probability"": 7.582207639522665e-10}, {""token"": "" Usually"", ""token_id"": 34645, ""probability"": 5.905029243358229e-10}, {""token"": "" Some"", ""token_id"": 4943, ""probability"": 4.59884186287951e-10}, {""token"": ""\n\n"", ""token_id"": 108, ""probability"": 2.1723388365924023e-10}, {""token"": "" Several"", ""token_id"": 22624, ""probability"": 1.6918193235238022e-10}]"
L7+L22,"[7, 22]","[14209, 137239, 23422, 23422, 60476]","[16, 16, 16, 21, 16]","[42685, 1703, 197021]","[16, 16, 16]",0.4,1.5,False,joint,False,"[50.90388793945312, 79.99497070312499, 1113.53759765625, 1043.41259765625, 337.6461547851562]","[189.40196228027344, 2734.6732864379883, 540.659122467041]","[33.93592834472656, 53.32999801635742, 189.40199279785156, 598.4080200195312, 487.9023742675781, 92.6755599975586, 2734.673828125, 540.6591186523438]",2900.922564335544, Eight,0.9998736381530762,2.2600438569497783e-06,0.9998736381530762,0.00012339421664364636,-12.999999969307122,"[{""token"": "" Eight"", ""token_id"": 38923, ""probability"": 0.9998736381530762}, {""token"": "" Four"", ""token_id"": 13038, ""probability"": 0.00012339421664364636}, {""token"": "" Six"", ""token_id"": 19759, ""probability"": 2.2600438569497783e-06}, {""token"": ""Eight"", ""token_id"": 80357, ""probability"": 6.475134455286025e-07}, {""token"": "" Many"", ""token_id"": 8732, ""probability"": 2.510681795797609e-08}, {""token"": "" Legs"", ""token_id"": 156403, ""probability"": 7.193224238477569e-09}, {""token"": "" Two"", ""token_id"": 8512, ""probability"": 5.602088570810793e-09}, {""token"": "" Typically"", ""token_id"": 50338, ""probability"": 3.3978384550437113e-09}, {""token"": "" Usually"", ""token_id"": 34645, ""probability"": 2.060893011801568e-09}, {""token"": "" Some"", ""token_id"": 4943, ""probability"": 1.6050251128163495e-09}, {""token"": ""\n\n"", ""token_id"": 108, ""probability"": 9.734970607411242e-10}, {""token"": "" Several"", ""token_id"": 22624, ""probability"": 4.5984743790583593e-10}]"
L7+L22,"[7, 22]","[14209, 137239, 23422, 23422, 60476]","[16, 16, 16, 21, 16]","[42685, 1703, 197021]","[16, 16, 16]",0.4,2.0,True,joint,False,"[50.90388793945312, 79.99497070312499, 1113.53759765625, 1043.41259765625, 337.6461547851562]","[252.53594970703125, 3646.2310485839844, 720.8788299560547]","[33.93592834472656, 53.32999801635742, 252.53598022460938, 524.1768188476562, 342.473388671875, 33.150657653808594, 3646.2314453125, 720.8788452148438]",3778.30498305279, Eight,0.9997912049293518,4.7841185732977465e-06,0.9997912049293518,0.0002034258795902133,-12.249999939363398,"[{""token"": "" Eight"", ""token_id"": 38923, ""probability"": 0.9997912049293518}, {""token"": "" Four"", ""token_id"": 13038, ""probability"": 0.0002034258795902133}, {""token"": "" Six"", ""token_id"": 19759, ""probability"": 4.7841185732977465e-06}, {""token"": ""Eight"", ""token_id"": 80357, ""probability"": 6.474600127148733e-07}, {""token"": "" Many"", ""token_id"": 8732, ""probability"": 3.2235135449809604e-08}, {""token"": "" Legs"", ""token_id"": 156403, ""probability"": 9.23552079257206e-09}, {""token"": "" Two"", ""token_id"": 8512, ""probability"": 5.6016267180325485e-09}, {""token"": "" Typically"", ""token_id"": 50338, ""probability"": 4.362551209169396e-09}, {""token"": "" Usually"", ""token_id"": 34645, ""probability"": 2.0607231476788e-09}, {""token"": "" Some"", ""token_id"": 4943, ""probability"": 1.2498918566805628e-09}, {""token"": ""\n\n"", ""token_id"": 108, ""probability"": 5.904071120887977e-10}, {""token"": "" Several"", ""token_id"": 22624, ""probability"": 3.5809999410219007e-10}]"
L7+L22,"[7, 22]","[14209, 137239, 23422, 23422, 60476]","[16, 16, 16, 21, 16]","[42685, 1703, 197021]","[16, 16, 16]",0.4,3.0,True,joint,False,"[50.90388793945312, 79.99497070312499, 1113.53759765625, 1043.41259765625, 337.6461547851562]","[378.8039245605469, 5469.346572875977, 1081.318244934082]","[33.93592834472656, 53.32999801635742, 378.8039855957031, 418.47607421875, 21.190706253051758, 49.103492736816406, 5469.34765625, 1081.3182373046875]",5604.327215143965, Eight,0.9959197044372559,0.0031697943340986967,0.9959197044372559,0.0009081612224690616,-5.7499999293486574,"[{""token"": "" Eight"", ""token_id"": 38923, ""probability"": 0.9959197044372559}, {""token"": "" Six"", ""token_id"": 19759, ""probability"": 0.0031697943340986967}, {""token"": "" Four"", ""token_id"": 13038, ""probability"": 0.0009081612224690616}, {""token"": ""Eight"", ""token_id"": 80357, ""probability"": 1.365365278616082e-06}, {""token"": "" Many"", ""token_id"": 8732, ""probability"": 6.449528768825985e-07}, {""token"": "" Legs"", ""token_id"": 156403, ""probability"": 1.847820954026247e-07}, {""token"": "" Two"", ""token_id"": 8512, ""probability"": 8.72848815447469e-08}, {""token"": "" Typically"", ""token_id"": 50338, ""probability"": 4.123045727055796e-08}, {""token"": "" Some"", ""token_id"": 4943, ""probability"": 3.211031085470495e-08}, {""token"": "" Usually"", ""token_id"": 34645, ""probability"": 3.211031085470495e-08}, {""token"": "" Several"", ""token_id"": 22624, ""probability"": 4.34565849971591e-09}, {""token"": ""\n\n"", ""token_id"": 108, ""probability"": 4.34565849971591e-09}]"
L7+L22,"[7, 22]","[14209, 137239, 23422, 23422, 60476]","[16, 16, 16, 21, 16]","[42685, 1703, 197021]","[16, 16, 16]",0.6,0.0,False,spider_only,False,"[33.935925292968754, 53.32998046875, 742.3583984375, 695.6083984375, 225.09743652343752]","[0.0, 0.0, 0.0]","[50.90389633178711, 79.9949951171875, 0.0, 1139.5955810546875, 1052.3953857421875, 329.4886779785156, 0.0, 0.0]",1588.6369412525962, Eight,0.9999929666519165,3.0590015853704244e-07,0.9999929666519165,6.144169219624018e-06,-15.000000034152594,"[{""token"": "" Eight"", ""token_id"": 38923, ""probability"": 0.9999929666519165}, {""token"": "" Four"", ""token_id"": 13038, ""probability"": 6.144169219624018e-06}, {""token"": ""Eight"", ""token_id"": 80357, ""probability"": 5.043441433372209e-07}, {""token"": "" Six"", ""token_id"": 19759, ""probability"": 3.0590015853704244e-07}, {""token"": "" Many"", ""token_id"": 8732, ""probability"": 5.602756925071617e-09}, {""token"": "" Two"", ""token_id"": 8512, ""probability"": 2.0611390372238247e-09}, {""token"": "" Legs"", ""token_id"": 156403, ""probability"": 5.9052623901934e-10}, {""token"": "" None"", ""token_id"": 5450, ""probability"": 3.5817226962109316e-10}, {""token"": "" Usually"", ""token_id"": 34645, ""probability"": 3.5817226962109316e-10}, {""token"": "" Typically"", ""token_id"": 50338, ""probability"": 3.5817226962109316e-10}, {""token"": "" Some"", ""token_id"": 4943, ""probability"": 2.789448394491245e-10}, {""token"": ""\n\n"", ""token_id"": 108, ""probability"": 2.789448394491245e-10}]"
L7+L22,"[7, 22]","[14209, 137239, 23422, 23422, 60476]","[16, 16, 16, 21, 16]","[42685, 1703, 197021]","[16, 16, 16]",0.6,0.25,False,joint,False,"[33.935925292968754, 53.32998046875, 742.3583984375, 695.6083984375, 225.09743652343752]","[31.566993713378906, 455.77888107299805, 90.10985374450684]","[50.90389633178711, 79.9949951171875, 31.566997528076172, 1109.8419189453125, 1068.49853515625, 309.4674377441406, 455.7789306640625, 90.10985565185547]",1641.660561950782, Eight,0.9999890327453613,3.9278202734749357e-07,0.9999890327453613,1.0129982001672033e-05,-14.750000049423445,"[{""token"": "" Eight"", ""token_id"": 38923, ""probability"": 0.9999890327453613}, {""token"": "" Four"", ""token_id"": 13038, ""probability"": 1.0129982001672033e-05}, {""token"": ""Eight"", ""token_id"": 80357, ""probability"": 5.043421538175608e-07}, {""token"": "" Six"", ""token_id"": 19759, ""probability"": 3.9278202734749357e-07}, {""token"": "" Many"", ""token_id"": 8732, ""probability"": 9.237348663759803e-09}, {""token"": "" Two"", ""token_id"": 8512, ""probability"": 2.0611308215734425e-09}, {""token"": "" Legs"", ""token_id"": 156403, ""probability"": 9.736094153112163e-10}, {""token"": "" Typically"", ""token_id"": 50338, ""probability"": 7.582476868606136e-10}, {""token"": "" Usually"", ""token_id"": 34645, ""probability"": 5.905239075509883e-10}, {""token"": "" Some"", ""token_id"": 4943, ""probability"": 4.59900506566413e-10}, {""token"": "" Multiple"", ""token_id"": 34489, ""probability"": 3.5817085408673677e-10}, {""token"": ""\n\n"", ""token_id"": 108, ""probability"": 2.789437569816755e-10}]"
L7+L22,"[7, 22]","[14209, 137239, 23422, 23422, 60476]","[16, 16, 16, 21, 16]","[42685, 1703, 197021]","[16, 16, 16]",0.6,0.5,False,joint,False,"[33.935925292968754, 53.32998046875, 742.3583984375, 695.6083984375, 225.09743652343752]","[63.13398742675781, 911.5577621459961, 180.21970748901367]","[50.90389633178711, 79.9949951171875, 63.133995056152344, 1103.8358154296875, 1000.3314819335938, 301.5334777832031, 911.557861328125, 180.21971130371094]",1785.058039819888, Eight,0.999985933303833,6.475861482613254e-07,0.999985933303833,1.3007114830543287e-05,-14.24999993791981,"[{""token"": "" Eight"", ""token_id"": 38923, ""probability"": 0.999985933303833}, {""token"": "" Four"", ""token_id"": 13038, ""probability"": 1.3007114830543287e-05}, {""token"": "" Six"", ""token_id"": 19759, ""probability"": 6.475861482613254e-07}, {""token"": ""Eight"", ""token_id"": 80357, ""probability"": 5.043405622018327e-07}, {""token"": "" Many"", ""token_id"": 8732, ""probability"": 5.60271784522115e-09}, {""token"": "" Two"", ""token_id"": 8512, ""probability"": 2.6465365454697576e-09}, {""token"": "" Legs"", ""token_id"": 156403, ""probability"": 9.736064177090498e-10}, {""token"": "" Typically"", ""token_id"": 50338, ""probability"": 4.598990910320566e-10}, {""token"": "" Some"", ""token_id"": 4943, ""probability"": 3.5816974386371214e-10}, {""token"": "" Usually"", ""token_id"": 34645, ""probability"": 3.5816974386371214e-10}, {""token"": "" Zero"", ""token_id"": 31234, ""probability"": 2.789428965588314e-10}, {""token"": "" None"", ""token_id"": 5450, ""probability"": 2.789428965588314e-10}]"
L7+L22,"[7, 22]","[14209, 137239, 23422, 23422, 60476]","[16, 16, 16, 21, 16]","[42685, 1703, 197021]","[16, 16, 16]",0.6,0.75,False,joint,False,"[33.935925292968754, 53.32998046875, 742.3583984375, 695.6083984375, 225.09743652343752]","[94.70098114013672, 1367.3366432189941, 270.3295612335205]","[50.90389633178711, 79.9949951171875, 94.70099639892578, 1061.7431640625, 1009.9578857421875, 272.6162414550781, 1367.3369140625, 270.3295593261719]",2045.062366858116, Eight,0.9999701976776123,1.3709183122045943e-06,0.9999701976776123,2.7535630579222925e-05,-13.499999939029784,"[{""token"": "" Eight"", ""token_id"": 38923, ""probability"": 0.9999701976776123}, {""token"": "" Four"", ""token_id"": 13038, ""probability"": 2.7535630579222925e-05}, {""token"": "" Six"", ""token_id"": 19759, ""probability"": 1.3709183122045943e-06}, {""token"": ""Eight"", ""token_id"": 80357, ""probability"": 8.315039394801715e-07}, {""token"": "" Many"", ""token_id"": 8732, ""probability"": 1.522952608468131e-08}, {""token"": "" Two"", ""token_id"": 8512, ""probability"": 4.3633323620895226e-09}, {""token"": "" Legs"", ""token_id"": 156403, ""probability"": 2.6464950231286366e-09}, {""token"": "" Typically"", ""token_id"": 50338, ""probability"": 1.2501155666200248e-09}, {""token"": "" Usually"", ""token_id"": 34645, ""probability"": 9.7359109663131e-10}, {""token"": "" Some"", ""token_id"": 4943, ""probability"": 5.90512805320742e-10}, {""token"": "" Zero"", ""token_id"": 31234, ""probability"": 4.5989184682682094e-10}, {""token"": ""\n\n"", ""token_id"": 108, ""probability"": 4.5989184682682094e-10}]"
L7+L22,"[7, 22]","[14209, 137239, 23422, 23422, 60476]","[16, 16, 16, 21, 16]","[42685, 1703, 197021]","[16, 16, 16]",0.6,1.0,False,joint,False,"[33.935925292968754, 53.32998046875, 742.3583984375, 695.6083984375, 225.09743652343752]","[126.26797485351562, 1823.1155242919922, 360.43941497802734]","[50.90389633178711, 79.9949951171875, 126.26799011230469, 1019.6675415039062, 983.4170532226562, 239.55447387695312, 1823.11572265625, 360.4394226074219]",2354.3191942722565, Eight,0.9999768733978271,1.0676793635866488e-06,0.9999768733978271,2.144491190847475e-05,-13.749999956992944,"[{""token"": "" Eight"", ""token_id"": 38923, ""probability"": 0.9999768733978271}, {""token"": "" Four"", ""token_id"": 13038, ""probability"": 2.144491190847475e-05}, {""token"": "" Six"", ""token_id"": 19759, ""probability"": 1.0676793635866488e-06}, {""token"": ""Eight"", ""token_id"": 80357, ""probability"": 6.475802933891828e-07}, {""token"": "" Many"", ""token_id"": 8732, ""probability"": 9.237235865100502e-09}, {""token"": "" Two"", ""token_id"": 8512, ""probability"": 2.6465125646524257e-09}, {""token"": "" Legs"", ""token_id"": 156403, ""probability"": 1.605190869113926e-09}, {""token"": "" Typically"", ""token_id"": 50338, ""probability"": 7.582384720095092e-10}, {""token"": "" Usually"", ""token_id"": 34645, ""probability"": 4.5989492769571427e-10}, {""token"": "" Some"", ""token_id"": 4943, ""probability"": 4.5989492769571427e-10}, {""token"": ""\n\n"", ""token_id"": 108, ""probability"": 3.5816652421694073e-10}, {""token"": "" Zero"", ""token_id"": 31234, ""probability"": 2.789403708014504e-10}]"
L7+L22,"[7, 22]","[14209, 137239, 23422, 23422, 60476]","[16, 16, 16, 21, 16]","[42685, 1703, 197021]","[16, 16, 16]",0.6,1.25,False,joint,False,"[33.935925292968754, 53.32998046875, 742.3583984375, 695.6083984375, 225.09743652343752]","[157.83496856689453, 2278.8944053649902, 450.5492687225342]","[50.90389633178711, 79.9949951171875, 157.83499145507812, 1025.787109375, 898.0993041992188, 238.94094848632812, 2278.894775390625, 450.54925537109375]",2710.3823807865006, Eight,0.999962329864502,1.7602800426175236e-06,0.999962329864502,3.5356169973965734e-05,-13.249999975603053,"[{""token"": "" Eight"", ""token_id"": 38923, ""probability"": 0.999962329864502}, {""token"": "" Four"", ""token_id"": 13038, ""probability"": 3.5356169973965734e-05}, {""token"": "" Six"", ""token_id"": 19759, ""probability"": 1.7602800426175236e-06}, {""token"": ""Eight"", ""token_id"": 80357, ""probability"": 5.043286819272907e-07}, {""token"": "" Many"", ""token_id"": 8732, ""probability"": 1.522940706877307e-08}, {""token"": "" Two"", ""token_id"": 8512, ""probability"": 3.3981399916171995e-09}, {""token"": "" Legs"", ""token_id"": 156403, ""probability"": 2.6464741509357737e-09}, {""token"": "" Typically"", ""token_id"": 50338, ""probability"": 1.250105796657408e-09}, {""token"": "" Usually"", ""token_id"": 34645, ""probability"": 9.7358343609244e-10}, {""token"": "" Some"", ""token_id"": 4943, ""probability"": 5.905081423840386e-10}, {""token"": "" Multiple"", ""token_id"": 34489, ""probability"": 2.789362907318349e-10}, {""token"": ""\n\n"", ""token_id"": 108, ""probability"": 2.789362907318349e-10}]"
L7+L22,"[7, 22]","[14209, 137239, 23422, 23422, 60476]","[16, 16, 16, 21, 16]","[42685, 1703, 197021]","[16, 16, 16]",0.6,1.5,False,joint,False,"[33.935925292968754, 53.32998046875, 742.3583984375, 695.6083984375, 225.09743652343752]","[189.40196228027344, 2734.6732864379883, 540.659122467041]","[50.90389633178711, 79.9949951171875, 189.40199279785156, 977.0365600585938, 906.70849609375, 204.82923889160156, 2734.673828125, 540.6591186523438]",3103.915672707581, Eight,0.9999372959136963,3.726419436134165e-06,0.9999372959136963,5.829100700793788e-05,-12.50000001598381,"[{""token"": "" Eight"", ""token_id"": 38923, ""probability"": 0.9999372959136963}, {""token"": "" Four"", ""token_id"": 13038, ""probability"": 5.829100700793788e-05}, {""token"": "" Six"", ""token_id"": 19759, ""probability"": 3.726419436134165e-06}, {""token"": ""Eight"", ""token_id"": 80357, ""probability"": 6.475546570072765e-07}, {""token"": "" Many"", ""token_id"": 8732, ""probability"": 1.955445583234905e-08}, {""token"": "" Legs"", ""token_id"": 156403, ""probability"": 5.602445174446302e-09}, {""token"": "" Two"", ""token_id"": 8512, ""probability"": 5.602445174446302e-09}, {""token"": "" Typically"", ""token_id"": 50338, ""probability"": 2.0610242401630785e-09}, {""token"": "" Usually"", ""token_id"": 34645, ""probability"": 1.2500744883681136e-09}, {""token"": "" Some"", ""token_id"": 4943, ""probability"": 1.2500744883681136e-09}, {""token"": ""\n\n"", ""token_id"": 108, ""probability"": 4.598767200381104e-10}, {""token"": "" Several"", ""token_id"": 22624, ""probability"": 3.5815234111780114e-10}]"
L7+L22,"[7, 22]","[14209, 137239, 23422, 23422, 60476]","[16, 16, 16, 21, 16]","[42685, 1703, 197021]","[16, 16, 16]",0.6,2.0,True,joint,False,"[33.935925292968754, 53.32998046875, 742.3583984375, 695.6083984375, 225.09743652343752]","[252.53594970703125, 3646.2310485839844, 720.8788299560547]","[50.90389633178711, 79.9949951171875, 252.53598022460938, 906.6880493164062, 671.8594360351562, 148.60488891601562, 3646.2314453125, 720.8788452148438]",3896.5364906606405, Eight,0.9997503161430359,4.5388595026452094e-05,0.9997503161430359,0.0002034175704466179,-9.99999998031364,"[{""token"": "" Eight"", ""token_id"": 38923, ""probability"": 0.9997503161430359}, {""token"": "" Four"", ""token_id"": 13038, ""probability"": 0.0002034175704466179}, {""token"": "" Six"", ""token_id"": 19759, ""probability"": 4.5388595026452094e-05}, {""token"": ""Eight"", ""token_id"": 80357, ""probability"": 6.474335236816842e-07}, {""token"": "" Many"", ""token_id"": 8732, ""probability"": 6.823899667551814e-08}, {""token"": "" Legs"", ""token_id"": 156403, ""probability"": 2.5103721768005016e-08}, {""token"": "" Two"", ""token_id"": 8512, ""probability"": 1.9550798313616724e-08}, {""token"": "" Typically"", ""token_id"": 50338, ""probability"": 7.192336948236289e-09}, {""token"": "" Usually"", ""token_id"": 34645, ""probability"": 4.3623731293962464e-09}, {""token"": "" Some"", ""token_id"": 4943, ""probability"": 2.645913044219128e-09}, {""token"": "" Several"", ""token_id"": 22624, ""probability"": 9.733769346098597e-10}, {""token"": ""\n\n"", ""token_id"": 108, ""probability"": 9.733769346098597e-10}]"
L7+L22,"[7, 22]","[14209, 137239, 23422, 23422, 60476]","[16, 16, 16, 21, 16]","[42685, 1703, 197021]","[16, 16, 16]",0.6,3.0,True,joint,False,"[33.935925292968754, 53.32998046875, 742.3583984375, 695.6083984375, 225.09743652343752]","[378.8039245605469, 5469.346572875977, 1081.318244934082]","[50.90389633178711, 79.9949951171875, 378.8039855957031, 819.7380981445312, 367.864501953125, 78.66958618164062, 5469.34765625, 1081.3182373046875]",5661.1818135262765, Eight,0.9878664016723633,0.01097420509904623,0.9878664016723633,0.001156672602519393,-4.4999999396200385,"[{""token"": "" Eight"", ""token_id"": 38923, ""probability"": 0.9878664016723633}, {""token"": "" Six"", ""token_id"": 19759, ""probability"": 0.01097420509904623}, {""token"": "" Four"", ""token_id"": 13038, ""probability"": 0.001156672602519393}, {""token"": ""Eight"", ""token_id"": 80357, ""probability"": 1.3543244676839095e-06}, {""token"": "" Many"", ""token_id"": 8732, ""probability"": 6.397376068889571e-07}, {""token"": "" Legs"", ""token_id"": 156403, ""probability"": 3.021906422873144e-07}, {""token"": "" Two"", ""token_id"": 8512, ""probability"": 2.3534629178811883e-07}, {""token"": "" Typically"", ""token_id"": 50338, ""probability"": 6.742784819380176e-08}, {""token"": "" Some"", ""token_id"": 4943, ""probability"": 4.089705640808461e-08}, {""token"": "" Usually"", ""token_id"": 34645, ""probability"": 4.089705640808461e-08}, {""token"": "" Several"", ""token_id"": 22624, ""probability"": 5.534814384589026e-09}, {""token"": ""\n\n"", ""token_id"": 108, ""probability"": 5.534814384589026e-09}]"
L7+L22,"[7, 22]","[14209, 137239, 23422, 23422, 60476]","[16, 16, 16, 21, 16]","[42685, 1703, 197021]","[16, 16, 16]",0.8,0.0,False,spider_only,False,"[16.96796264648437, 26.664990234374994, 371.17919921874994, 347.80419921874994, 112.54871826171872]","[0.0, 0.0, 0.0]","[67.87185668945312, 106.65998077392578, 0.0, 1515.7657470703125, 1427.9027099609375, 435.53509521484375, 0.0, 0.0]",2131.226339152738, Eight,0.9999943971633911,5.043448254582472e-07,0.9999943971633911,4.785090823133942e-06,-14.500000022468939,"[{""token"": "" Eight"", ""token_id"": 38923, ""probability"": 0.9999943971633911}, {""token"": "" Four"", ""token_id"": 13038, ""probability"": 4.785090823133942e-06}, {""token"": "" Six"", ""token_id"": 19759, ""probability"": 5.043448254582472e-07}, {""token"": ""Eight"", ""token_id"": 80357, ""probability"": 3.9278415897570085e-07}, {""token"": "" Many"", ""token_id"": 8732, ""probability"": 5.602764918677394e-09}, {""token"": "" Two"", ""token_id"": 8512, ""probability"": 1.605218957756449e-09}, {""token"": "" Legs"", ""token_id"": 156403, ""probability"": 5.905270716866085e-10}, {""token"": "" None"", ""token_id"": 5450, ""probability"": 3.5817279697702986e-10}, {""token"": "" Usually"", ""token_id"": 34645, ""probability"": 2.7894525578275875e-10}, {""token"": "" Typically"", ""token_id"": 50338, ""probability"": 2.7894525578275875e-10}, {""token"": "" Some"", ""token_id"": 4943, ""probability"": 2.1724276544343724e-10}, {""token"": ""\n\n"", ""token_id"": 108, ""probability"": 1.6918885736849631e-10}]"
L7+L22,"[7, 22]","[14209, 137239, 23422, 23422, 60476]","[16, 16, 16, 21, 16]","[42685, 1703, 197021]","[16, 16, 16]",0.8,0.25,False,joint,False,"[16.96796264648437, 26.664990234374994, 371.17919921874994, 347.80419921874994, 112.54871826171872]","[31.566993713378906, 455.77888107299805, 90.10985374450684]","[67.87185668945312, 106.65998077392578, 31.566997528076172, 1490.1636962890625, 1398.7044677734375, 415.01690673828125, 455.7789306640625, 90.10985565185547]",2140.568779149796, Eight,0.9999881982803345,1.0676914143914473e-06,0.9999881982803345,1.0129973816219717e-05,-13.749999995223268,"[{""token"": "" Eight"", ""token_id"": 38923, ""probability"": 0.9999881982803345}, {""token"": "" Four"", ""token_id"": 13038, ""probability"": 1.0129973816219717e-05}, {""token"": "" Six"", ""token_id"": 19759, ""probability"": 1.0676914143914473e-06}, {""token"": ""Eight"", ""token_id"": 80357, ""probability"": 6.475876261902158e-07}, {""token"": "" Many"", ""token_id"": 8732, ""probability"": 1.186097975391931e-08}, {""token"": "" Two"", ""token_id"": 8512, ""probability"": 2.6465425406740906e-09}, {""token"": "" Legs"", ""token_id"": 156403, ""probability"": 9.73608638155099e-10}, {""token"": "" Typically"", ""token_id"": 50338, ""probability"": 5.905234079506272e-10}, {""token"": "" None"", ""token_id"": 5450, ""probability"": 4.599001179883544e-10}, {""token"": "" Some"", ""token_id"": 4943, ""probability"": 4.599001179883544e-10}, {""token"": "" Usually"", ""token_id"": 34645, ""probability"": 4.599001179883544e-10}, {""token"": ""\n\n"", ""token_id"": 108, ""probability"": 3.581705765309806e-10}]"
L7+L22,"[7, 22]","[14209, 137239, 23422, 23422, 60476]","[16, 16, 16, 21, 16]","[42685, 1703, 197021]","[16, 16, 16]",0.8,0.5,False,joint,False,"[16.96796264648437, 26.664990234374994, 371.17919921874994, 347.80419921874994, 112.54871826171872]","[63.13398742675781, 911.5577621459961, 180.21970748901367]","[67.87185668945312, 106.65998077392578, 63.133995056152344, 1464.1895751953125, 1368.81201171875, 399.15692138671875, 911.557861328125, 180.21971130371094]",2249.490921092926, Eight,0.9999884366989136,1.0676916417651228e-06,0.9999884366989136,1.012997563520912e-05,-13.750000020686423,"[{""token"": "" Eight"", ""token_id"": 38923, ""probability"": 0.9999884366989136}, {""token"": "" Four"", ""token_id"": 13038, ""probability"": 1.012997563520912e-05}, {""token"": "" Six"", ""token_id"": 19759, ""probability"": 1.0676916417651228e-06}, {""token"": ""Eight"", ""token_id"": 80357, ""probability"": 3.927817999738181e-07}, {""token"": "" Many"", ""token_id"": 8732, ""probability"": 7.19405024440789e-09}, {""token"": "" Two"", ""token_id"": 8512, ""probability"": 2.6465432068079053e-09}, {""token"": "" Legs"", ""token_id"": 156403, ""probability"": 9.73608860199704e-10}, {""token"": "" Typically"", ""token_id"": 50338, ""probability"": 4.5990022901065686e-10}, {""token"": "" Zero"", ""token_id"": 31234, ""probability"": 3.5817065979770746e-10}, {""token"": "" Some"", ""token_id"": 4943, ""probability"": 3.5817065979770746e-10}, {""token"": "" Usually"", ""token_id"": 34645, ""probability"": 3.5817065979770746e-10}, {""token"": ""\n\n"", ""token_id"": 108, ""probability"": 2.789435904482218e-10}]"
L7+L22,"[7, 22]","[14209, 137239, 23422, 23422, 60476]","[16, 16, 16, 21, 16]","[42685, 1703, 197021]","[16, 16, 16]",0.8,0.75,False,joint,False,"[16.96796264648437, 26.664990234374994, 371.17919921874994, 347.80419921874994, 112.54871826171872]","[94.70098114013672, 1367.3366432189941, 270.3295612335205]","[67.87185668945312, 106.65998077392578, 94.70099639892578, 1439.8919677734375, 1412.863525390625, 381.99420166015625, 1367.3369140625, 270.3295593261719]",2486.570191386366, Eight,0.9999814033508301,1.3709336599276867e-06,0.9999814033508301,1.670138954068534e-05,-13.499999949823422,"[{""token"": "" Eight"", ""token_id"": 38923, ""probability"": 0.9999814033508301}, {""token"": "" Four"", ""token_id"": 13038, ""probability"": 1.670138954068534e-05}, {""token"": "" Six"", ""token_id"": 19759, ""probability"": 1.3709336599276867e-06}, {""token"": ""Eight"", ""token_id"": 80357, ""probability"": 5.043382884650782e-07}, {""token"": "" Many"", ""token_id"": 8732, ""probability"": 1.1860899817861537e-08}, {""token"": "" Two"", ""token_id"": 8512, ""probability"": 4.363381211902606e-09}, {""token"": "" Legs"", ""token_id"": 156403, ""probability"": 1.6051980855635861e-09}, {""token"": "" Typically"", ""token_id"": 50338, ""probability"": 9.736019768169513e-10}, {""token"": "" Usually"", ""token_id"": 34645, ""probability"": 5.905194111477385e-10}, {""token"": "" Some"", ""token_id"": 4943, ""probability"": 5.905194111477385e-10}, {""token"": ""\n\n"", ""token_id"": 108, ""probability"": 4.5989700936388545e-10}, {""token"": "" Several"", ""token_id"": 22624, ""probability"": 3.5816813404032644e-10}]"
L7+L22,"[7, 22]","[14209, 137239, 23422, 23422, 60476]","[16, 16, 16, 21, 16]","[42685, 1703, 197021]","[16, 16, 16]",0.8,1.0,False,joint,False,"[16.96796264648437, 26.664990234374994, 371.17919921874994, 347.80419921874994, 112.54871826171872]","[126.26797485351562, 1823.1155242919922, 360.43941497802734]","[67.87185668945312, 106.65998077392578, 126.26799011230469, 1405.6439208984375, 1360.362548828125, 351.33905029296875, 1823.11572265625, 360.4394226074219]",2726.802942310979, Eight,0.9999703168869019,1.7602940260985633e-06,0.9999703168869019,2.7535634217201732e-05,-13.250000019030304,"[{""token"": "" Eight"", ""token_id"": 38923, ""probability"": 0.9999703168869019}, {""token"": "" Four"", ""token_id"": 13038, ""probability"": 2.7535634217201732e-05}, {""token"": "" Six"", ""token_id"": 19759, ""probability"": 1.7602940260985633e-06}, {""token"": ""Eight"", ""token_id"": 80357, ""probability"": 3.927746945464605e-07}, {""token"": "" Many"", ""token_id"": 8732, ""probability"": 1.1860768367455421e-08}, {""token"": "" Two"", ""token_id"": 8512, ""probability"": 3.3981670810590003e-09}, {""token"": "" Legs"", ""token_id"": 156403, ""probability"": 1.6051803219951921e-09}, {""token"": "" Typically"", ""token_id"": 50338, ""probability"": 1.2501157886646297e-09}, {""token"": "" Usually"", ""token_id"": 34645, ""probability"": 7.582335315170496e-10}, {""token"": "" Some"", ""token_id"": 4943, ""probability"": 5.905128608318932e-10}, {""token"": "" Multiple"", ""token_id"": 34489, ""probability"": 2.7893853893345977e-10}, {""token"": "" Several"", ""token_id"": 22624, ""probability"": 2.7893853893345977e-10}]"
L7+L22,"[7, 22]","[14209, 137239, 23422, 23422, 60476]","[16, 16, 16, 21, 16]","[42685, 1703, 197021]","[16, 16, 16]",0.8,1.25,False,joint,False,"[16.96796264648437, 26.664990234374994, 371.17919921874994, 347.80419921874994, 112.54871826171872]","[157.83496856689453, 2278.8944053649902, 450.5492687225342]","[67.87185668945312, 106.65998077392578, 157.83499145507812, 1385.5311279296875, 1351.2969970703125, 336.49835205078125, 2278.894775390625, 450.54925537109375]",3048.9640987491434, Eight,0.9999756813049316,2.2602744138566777e-06,0.9999756813049316,2.14448864426231e-05,-13.00000001099989,"[{""token"": "" Eight"", ""token_id"": 38923, ""probability"": 0.9999756813049316}, {""token"": "" Four"", ""token_id"": 13038, ""probability"": 2.14448864426231e-05}, {""token"": "" Six"", ""token_id"": 19759, ""probability"": 2.2602744138566777e-06}, {""token"": ""Eight"", ""token_id"": 80357, ""probability"": 6.475794975813187e-07}, {""token"": "" Many"", ""token_id"": 8732, ""probability"": 1.9555205454935276e-08}, {""token"": "" Two"", ""token_id"": 8512, ""probability"": 4.3633563429068545e-09}, {""token"": "" Legs"", ""token_id"": 156403, ""probability"": 3.398185288716604e-09}, {""token"": "" Typically"", ""token_id"": 50338, ""probability"": 1.6051888707124817e-09}, {""token"": "" Usually"", ""token_id"": 34645, ""probability"": 9.735964257018281e-10}, {""token"": "" Some"", ""token_id"": 4943, ""probability"": 7.582375838310895e-10}, {""token"": "" Several"", ""token_id"": 22624, ""probability"": 4.5989437258420196e-10}, {""token"": ""\n\n"", ""token_id"": 108, ""probability"": 4.5989437258420196e-10}]"
L7+L22,"[7, 22]","[14209, 137239, 23422, 23422, 60476]","[16, 16, 16, 21, 16]","[42685, 1703, 197021]","[16, 16, 16]",0.8,1.5,False,joint,False,"[16.96796264648437, 26.664990234374994, 371.17919921874994, 347.80419921874994, 112.54871826171872]","[189.40196228027344, 2734.6732864379883, 540.659122467041]","[67.87185668945312, 106.65998077392578, 189.40199279785156, 1322.2276611328125, 1177.5482177734375, 292.02191162109375, 2734.673828125, 540.6591186523438]",3323.0696462806372, Eight,0.9999079704284668,1.670016354182735e-05,0.9999079704284668,7.484494562959298e-05,-11.000000011859209,"[{""token"": "" Eight"", ""token_id"": 38923, ""probability"": 0.9999079704284668}, {""token"": "" Four"", ""token_id"": 13038, ""probability"": 7.484494562959298e-05}, {""token"": "" Six"", ""token_id"": 19759, ""probability"": 1.670016354182735e-05}, {""token"": ""Eight"", ""token_id"": 80357, ""probability"": 5.043012833993998e-07}, {""token"": "" Many"", ""token_id"": 8732, ""probability"": 3.223890132630913e-08}, {""token"": "" Legs"", ""token_id"": 156403, ""probability"": 7.193471152078246e-09}, {""token"": "" Two"", ""token_id"": 8512, ""probability"": 7.193471152078246e-09}, {""token"": "" Typically"", ""token_id"": 50338, ""probability"": 3.397955250505902e-09}, {""token"": "" Usually"", ""token_id"": 34645, ""probability"": 1.6050802909006734e-09}, {""token"": "" Some"", ""token_id"": 4943, ""probability"": 9.735304784541654e-10}, {""token"": "" Several"", ""token_id"": 22624, ""probability"": 4.598632308283612e-10}, {""token"": ""\n\n"", ""token_id"": 108, ""probability"": 4.598632308283612e-10}]"
L7+L22,"[7, 22]","[14209, 137239, 23422, 23422, 60476]","[16, 16, 16, 21, 16]","[42685, 1703, 197021]","[16, 16, 16]",0.8,2.0,True,joint,False,"[16.96796264648437, 26.664990234374994, 371.17919921874994, 347.80419921874994, 112.54871826171872]","[252.53594970703125, 3646.2310485839844, 720.8788299560547]","[67.87185668945312, 106.65998077392578, 252.53598022460938, 1285.494873046875, 1053.798095703125, 256.59173583984375, 3646.2314453125, 720.8788452148438]",4089.407565655419, Eight,0.9997527003288269,0.00012337928637862206,0.9997527003288269,0.00012337928637862206,-8.999999987875494,"[{""token"": "" Eight"", ""token_id"": 38923, ""probability"": 0.9997527003288269}, {""token"": "" Six"", ""token_id"": 19759, ""probability"": 0.00012337928637862206}, {""token"": "" Four"", ""token_id"": 13038, ""probability"": 0.00012337928637862206}, {""token"": ""Eight"", ""token_id"": 80357, ""probability"": 5.042229531682096e-07}, {""token"": "" Many"", ""token_id"": 8732, ""probability"": 5.3144709966090886e-08}, {""token"": "" Legs"", ""token_id"": 156403, ""probability"": 1.1858186432789353e-08}, {""token"": "" Two"", ""token_id"": 8512, ""probability"": 1.1858186432789353e-08}, {""token"": "" Typically"", ""token_id"": 50338, ""probability"": 5.601410890676561e-09}, {""token"": "" Usually"", ""token_id"": 34645, ""probability"": 2.645919261468066e-09}, {""token"": "" Some"", ""token_id"": 4943, ""probability"": 2.060643655710237e-09}, {""token"": ""\n\n"", ""token_id"": 108, ""probability"": 7.580684968644391e-10}, {""token"": "" Several"", ""token_id"": 22624, ""probability"": 5.903843525167929e-10}]"
L7+L22,"[7, 22]","[14209, 137239, 23422, 23422, 60476]","[16, 16, 16, 21, 16]","[42685, 1703, 197021]","[16, 16, 16]",0.8,3.0,True,joint,False,"[16.96796264648437, 26.664990234374994, 371.17919921874994, 347.80419921874994, 112.54871826171872]","[378.8039245605469, 5469.346572875977, 1081.318244934082]","[67.87185668945312, 106.65998077392578, 378.8039855957031, 1184.2259521484375, 617.0051879882812, 182.6902313232422, 5469.34765625, 1081.3182373046875]",5749.6913433291975, Eight,0.8496440649032593,0.1476459801197052,0.8496440649032593,0.002704230835661292,-1.7500001325318766,"[{""token"": "" Eight"", ""token_id"": 38923, ""probability"": 0.8496440649032593}, {""token"": "" Six"", ""token_id"": 19759, ""probability"": 0.1476459801197052}, {""token"": "" Four"", ""token_id"": 13038, ""probability"": 0.002704230835661292}, {""token"": "" Many"", ""token_id"": 8732, ""probability"": 2.4659393602632917e-06}, {""token"": "" Legs"", ""token_id"": 156403, ""probability"": 9.071683848560497e-07}, {""token"": "" Two"", ""token_id"": 8512, ""probability"": 9.071683848560497e-07}, {""token"": ""Eight"", ""token_id"": 80357, ""probability"": 9.071683848560497e-07}, {""token"": "" Typically"", ""token_id"": 50338, ""probability"": 2.0241661502495845e-07}, {""token"": "" Usually"", ""token_id"": 34645, ""probability"": 1.2277189398446353e-07}, {""token"": "" Some"", ""token_id"": 4943, ""probability"": 1.2277189398446353e-07}, {""token"": ""Six"", ""token_id"": 44955, ""probability"": 2.7394111867806714e-08}, {""token"": ""\n\n"", ""token_id"": 108, ""probability"": 2.1334553679253077e-08}]"
L7+L22,"[7, 22]","[14209, 137239, 23422, 23422, 60476]","[16, 16, 16, 21, 16]","[42685, 1703, 197021]","[16, 16, 16]",1.0,0.0,False,spider_only,False,"[0.0, 0.0, 0.0, 0.0, 0.0]","[0.0, 0.0, 0.0]","[84.8398208618164, 133.32498168945312, 0.0, 1904.2620849609375, 1805.5799560546875, 551.9099731445312, 0.0, 0.0]",2686.244782280457, Eight,0.999995231628418,1.3709525319427485e-06,0.999995231628418,2.9023067327216268e-06,-13.500000012545284,"[{""token"": "" Eight"", ""token_id"": 38923, ""probability"": 0.999995231628418}, {""token"": "" Four"", ""token_id"": 13038, ""probability"": 2.9023067327216268e-06}, {""token"": "" Six"", ""token_id"": 19759, ""probability"": 1.3709525319427485e-06}, {""token"": ""Eight"", ""token_id"": 80357, ""probability"": 3.927844716145046e-07}, {""token"": "" Many"", ""token_id"": 8732, ""probability"": 9.237405507178664e-09}, {""token"": "" Two"", ""token_id"": 8512, ""probability"": 2.6465611924209043e-09}, {""token"": "" Legs"", ""token_id"": 156403, ""probability"": 5.905275712869695e-10}, {""token"": "" None"", ""token_id"": 5450, ""probability"": 3.58173074532786e-10}, {""token"": "" Several"", ""token_id"": 22624, ""probability"": 3.58173074532786e-10}, {""token"": "" Typically"", ""token_id"": 50338, ""probability"": 3.58173074532786e-10}, {""token"": "" Multiple"", ""token_id"": 34489, ""probability"": 2.789454778273637e-10}, {""token"": "" Some"", ""token_id"": 4943, ""probability"": 2.789454778273637e-10}]"
L7+L22,"[7, 22]","[14209, 137239, 23422, 23422, 60476]","[16, 16, 16, 21, 16]","[42685, 1703, 197021]","[16, 16, 16]",1.0,0.25,False,joint,False,"[0.0, 0.0, 0.0, 0.0, 0.0]","[31.566993713378906, 455.77888107299805, 90.10985374450684]","[84.8398208618164, 133.32498168945312, 31.566997528076172, 1885.2305908203125, 1780.4305419921875, 537.2112426757812, 455.7789306640625, 90.10985565185547]",2693.4081116092907, Eight,0.9999885559082031,2.902287405959214e-06,0.9999885559082031,7.88923443906242e-06,-12.749999927047199,"[{""token"": "" Eight"", ""token_id"": 38923, ""probability"": 0.9999885559082031}, {""token"": "" Four"", ""token_id"": 13038, ""probability"": 7.88923443906242e-06}, {""token"": "" Six"", ""token_id"": 19759, ""probability"": 2.902287405959214e-06}, {""token"": ""Eight"", ""token_id"": 80357, ""probability"": 6.475878535638913e-07}, {""token"": "" Many"", ""token_id"": 8732, ""probability"": 1.1860984194811408e-08}, {""token"": "" Two"", ""token_id"": 8512, ""probability"": 4.3634127422365054e-09}, {""token"": "" Legs"", ""token_id"": 156403, ""probability"": 9.736089712220064e-10}, {""token"": "" Typically"", ""token_id"": 50338, ""probability"": 5.905236299952321e-10}, {""token"": "" None"", ""token_id"": 5450, ""probability"": 4.599002845218081e-10}, {""token"": "" Some"", ""token_id"": 4943, ""probability"": 4.599002845218081e-10}, {""token"": "" Usually"", ""token_id"": 34645, ""probability"": 4.599002845218081e-10}, {""token"": ""\n\n"", ""token_id"": 108, ""probability"": 3.5817068755328307e-10}]"
L7+L22,"[7, 22]","[14209, 137239, 23422, 23422, 60476]","[16, 16, 16, 21, 16]","[42685, 1703, 197021]","[16, 16, 16]",1.0,0.5,False,joint,False,"[0.0, 0.0, 0.0, 0.0, 0.0]","[63.13398742675781, 911.5577621459961, 180.21970748901367]","[84.8398208618164, 133.32498168945312, 63.133995056152344, 1863.518798828125, 1758.6572265625, 518.5885009765625, 911.557861328125, 180.21971130371094]",2779.7279927433633, Eight,0.9999904632568359,2.9022928629274247e-06,0.9999904632568359,6.144153758214088e-06,-12.749999954187484,"[{""token"": "" Eight"", ""token_id"": 38923, ""probability"": 0.9999904632568359}, {""token"": "" Four"", ""token_id"": 13038, ""probability"": 6.144153758214088e-06}, {""token"": "" Six"", ""token_id"": 19759, ""probability"": 2.9022928629274247e-06}, {""token"": ""Eight"", ""token_id"": 80357, ""probability"": 5.043428359385871e-07}, {""token"": "" Many"", ""token_id"": 8732, ""probability"": 1.186100728745032e-08}, {""token"": "" Two"", ""token_id"": 8512, ""probability"": 4.363420735842283e-09}, {""token"": "" Legs"", ""token_id"": 156403, ""probability"": 9.736107475788458e-10}, {""token"": "" Typically"", ""token_id"": 50338, ""probability"": 7.582487970836382e-10}, {""token"": "" Some"", ""token_id"": 4943, ""probability"": 4.599011727002278e-10}, {""token"": "" Usually"", ""token_id"": 34645, ""probability"": 4.599011727002278e-10}, {""token"": "" None"", ""token_id"": 5450, ""probability"": 3.5817138144267346e-10}, {""token"": ""\n\n"", ""token_id"": 108, ""probability"": 3.5817138144267346e-10}]"
L7+L22,"[7, 22]","[14209, 137239, 23422, 23422, 60476]","[16, 16, 16, 21, 16]","[42685, 1703, 197021]","[16, 16, 16]",1.0,0.75,False,joint,False,"[0.0, 0.0, 0.0, 0.0, 0.0]","[94.70098114013672, 1367.3366432189941, 270.3295612335205]","[84.8398208618164, 133.32498168945312, 94.70099639892578, 1811.1685791015625, 1776.466064453125, 488.1040344238281, 1367.3369140625, 270.3295593261719]",2941.2648266295087, Eight,0.9999856948852539,3.726599970832467e-06,0.9999856948852539,1.0129948350368068e-05,-12.49999997076288,"[{""token"": "" Eight"", ""token_id"": 38923, ""probability"": 0.9999856948852539}, {""token"": "" Four"", ""token_id"": 13038, ""probability"": 1.0129948350368068e-05}, {""token"": "" Six"", ""token_id"": 19759, ""probability"": 3.726599970832467e-06}, {""token"": ""Eight"", ""token_id"": 80357, ""probability"": 5.043404485149949e-07}, {""token"": "" Many"", ""token_id"": 8732, ""probability"": 2.51096317072097e-08}, {""token"": "" Two"", ""token_id"": 8512, ""probability"": 7.194030260393447e-09}, {""token"": "" Legs"", ""token_id"": 156403, ""probability"": 2.646535879335943e-09}, {""token"": "" Typically"", ""token_id"": 50338, ""probability"": 1.6052049689463388e-09}, {""token"": "" Usually"", ""token_id"": 34645, ""probability"": 9.736061956644448e-10}, {""token"": "" Some"", ""token_id"": 4943, ""probability"": 7.582451888588082e-10}, {""token"": "" Several"", ""token_id"": 22624, ""probability"": 7.582451888588082e-10}, {""token"": "" Multiple"", ""token_id"": 34489, ""probability"": 7.582451888588082e-10}]"
L7+L22,"[7, 22]","[14209, 137239, 23422, 23422, 60476]","[16, 16, 16, 21, 16]","[42685, 1703, 197021]","[16, 16, 16]",1.0,1.0,False,joint,False,"[0.0, 0.0, 0.0, 0.0, 0.0]","[126.26797485351562, 1823.1155242919922, 360.43941497802734]","[84.8398208618164, 133.32498168945312, 126.26799011230469, 1784.64599609375, 1673.0087890625, 462.1224670410156, 1823.11572265625, 360.4394226074219]",3113.207571145434, Eight,0.9999589920043945,1.3006764675083105e-05,0.9999589920043945,2.7535321351024322e-05,-11.249999967384623,"[{""token"": "" Eight"", ""token_id"": 38923, ""probability"": 0.9999589920043945}, {""token"": "" Four"", ""token_id"": 13038, ""probability"": 2.7535321351024322e-05}, {""token"": "" Six"", ""token_id"": 19759, ""probability"": 1.3006764675083105e-05}, {""token"": ""Eight"", ""token_id"": 80357, ""probability"": 5.043269766247249e-07}, {""token"": "" Many"", ""token_id"": 8732, ""probability"": 2.5108960244324408e-08}, {""token"": "" Two"", ""token_id"": 8512, ""probability"": 7.193838413854792e-09}, {""token"": "" Legs"", ""token_id"": 156403, ""probability"": 4.363283512276439e-09}, {""token"": "" Typically"", ""token_id"": 50338, ""probability"": 2.0610688711286684e-09}, {""token"": "" Usually"", ""token_id"": 34645, ""probability"": 1.2501015778099145e-09}, {""token"": "" Some"", ""token_id"": 4943, ""probability"": 9.735801054233661e-10}, {""token"": "" Several"", ""token_id"": 22624, ""probability"": 4.5988671204533205e-10}, {""token"": ""\n\n"", ""token_id"": 108, ""probability"": 4.5988671204533205e-10}]"
L7+L22,"[7, 22]","[14209, 137239, 23422, 23422, 60476]","[16, 16, 16, 21, 16]","[42685, 1703, 197021]","[16, 16, 16]",1.0,1.25,False,joint,False,"[0.0, 0.0, 0.0, 0.0, 0.0]","[157.83496856689453, 2278.8944053649902, 450.5492687225342]","[84.8398208618164, 133.32498168945312, 157.83499145507812, 1758.444580078125, 1644.7679443359375, 444.6659240722656, 2278.894775390625, 450.54925537109375]",3382.5076459993934, Eight,0.9999185800552368,3.535462383297272e-05,0.9999185800552368,4.539623478194699e-05,-10.249999949417395,"[{""token"": "" Eight"", ""token_id"": 38923, ""probability"": 0.9999185800552368}, {""token"": "" Four"", ""token_id"": 13038, ""probability"": 4.539623478194699e-05}, {""token"": "" Six"", ""token_id"": 19759, ""probability"": 3.535462383297272e-05}, {""token"": ""Eight"", ""token_id"": 80357, ""probability"": 6.475424925156403e-07}, {""token"": "" Many"", ""token_id"": 8732, ""probability"": 4.139600662256271e-08}, {""token"": "" Two"", ""token_id"": 8512, ""probability"": 1.5228740934958296e-08}, {""token"": "" Legs"", ""token_id"": 156403, ""probability"": 9.236697628978163e-09}, {""token"": "" Typically"", ""token_id"": 50338, ""probability"": 3.3979912217318997e-09}, {""token"": "" Usually"", ""token_id"": 34645, ""probability"": 1.6050972773129502e-09}, {""token"": "" Some"", ""token_id"": 4943, ""probability"": 1.6050972773129502e-09}, {""token"": ""\n\n"", ""token_id"": 108, ""probability"": 9.735408035282944e-10}, {""token"": "" Several"", ""token_id"": 22624, ""probability"": 7.581942851331291e-10}]"
L7+L22,"[7, 22]","[14209, 137239, 23422, 23422, 60476]","[16, 16, 16, 21, 16]","[42685, 1703, 197021]","[16, 16, 16]",1.0,1.5,False,joint,False,"[0.0, 0.0, 0.0, 0.0, 0.0]","[189.40196228027344, 2734.6732864379883, 540.659122467041]","[84.8398208618164, 133.32498168945312, 189.40199279785156, 1703.802490234375, 1595.5975341796875, 406.75262451171875, 2734.673828125, 540.6591186523438]",3666.8681192527574, Eight,0.9998829364776611,5.82878383283969e-05,0.9998829364776611,5.82878383283969e-05,-9.750000020995838,"[{""token"": "" Eight"", ""token_id"": 38923, ""probability"": 0.9998829364776611}, {""token"": "" Six"", ""token_id"": 19759, ""probability"": 5.82878383283969e-05}, {""token"": "" Four"", ""token_id"": 13038, ""probability"": 5.82878383283969e-05}, {""token"": ""Eight"", ""token_id"": 80357, ""probability"": 5.042886073169939e-07}, {""token"": "" Many"", ""token_id"": 8732, ""probability"": 5.315163420505087e-08}, {""token"": "" Two"", ""token_id"": 8512, ""probability"": 1.522819736976544e-08}, {""token"": "" Legs"", ""token_id"": 156403, ""probability"": 1.1859731863239631e-08}, {""token"": "" Typically"", ""token_id"": 50338, ""probability"": 4.362951777636681e-09}, {""token"": "" Some"", ""token_id"": 4943, ""probability"": 2.0609121076375914e-09}, {""token"": "" Usually"", ""token_id"": 34645, ""probability"": 2.0609121076375914e-09}, {""token"": "" Multiple"", ""token_id"": 34489, ""probability"": 9.735061645699261e-10}, {""token"": "" Several"", ""token_id"": 22624, ""probability"": 9.735061645699261e-10}]"
L7+L22,"[7, 22]","[14209, 137239, 23422, 23422, 60476]","[16, 16, 16, 21, 16]","[42685, 1703, 197021]","[16, 16, 16]",1.0,2.0,True,joint,False,"[0.0, 0.0, 0.0, 0.0, 0.0]","[252.53594970703125, 3646.2310485839844, 720.8788299560547]","[84.8398208618164, 133.32498168945312, 252.53598022460938, 1682.3150634765625, 1379.188232421875, 380.06414794921875, 3646.2314453125, 720.8788452148438]",4333.614050573243, Eight,0.9981634020805359,0.0015006778994575143,0.9981634020805359,0.00033484649611636996,-6.500000053459968,"[{""token"": "" Eight"", ""token_id"": 38923, ""probability"": 0.9981634020805359}, {""token"": "" Six"", ""token_id"": 19759, ""probability"": 0.0015006778994575143}, {""token"": "" Four"", ""token_id"": 13038, ""probability"": 0.00033484649611636996}, {""token"": ""Eight"", ""token_id"": 80357, ""probability"": 6.464058515120996e-07}, {""token"": "" Many"", ""token_id"": 8732, ""probability"": 1.8519838818065182e-07}, {""token"": "" Two"", ""token_id"": 8512, ""probability"": 8.748151714144115e-08}, {""token"": "" Legs"", ""token_id"": 156403, ""probability"": 6.813067443545151e-08}, {""token"": "" Typically"", ""token_id"": 50338, ""probability"": 2.506387275502675e-08}, {""token"": "" Usually"", ""token_id"": 34645, ""probability"": 1.1839335734009637e-08}, {""token"": "" Some"", ""token_id"": 4943, ""probability"": 9.220483931926537e-09}, {""token"": ""\n\n"", ""token_id"": 108, ""probability"": 3.3920266595544035e-09}, {""token"": "" Several"", ""token_id"": 22624, ""probability"": 2.641713070516971e-09}]"
L7+L22,"[7, 22]","[14209, 137239, 23422, 23422, 60476]","[16, 16, 16, 21, 16]","[42685, 1703, 197021]","[16, 16, 16]",1.0,3.0,True,joint,False,"[0.0, 0.0, 0.0, 0.0, 0.0]","[378.8039245605469, 5469.346572875977, 1081.318244934082]","[84.8398208618164, 133.32498168945312, 378.8039855957031, 1591.051513671875, 1060.6297607421875, 313.93743896484375, 5469.34765625, 1081.3182373046875]",5916.621996107072, Eight,0.5605176687240601,0.43653160333633423,0.5605176687240601,0.002941326703876257,-0.2499999908169811,"[{""token"": "" Eight"", ""token_id"": 38923, ""probability"": 0.5605176687240601}, {""token"": "" Six"", ""token_id"": 19759, ""probability"": 0.43653160333633423}, {""token"": "" Four"", ""token_id"": 13038, ""probability"": 0.002941326703876257}, {""token"": "" Many"", ""token_id"": 8732, ""probability"": 3.4439394767105114e-06}, {""token"": "" Two"", ""token_id"": 8512, ""probability"": 2.682142849153024e-06}, {""token"": "" Legs"", ""token_id"": 156403, ""probability"": 1.6268019180643023e-06}, {""token"": ""Eight"", ""token_id"": 80357, ""probability"": 7.68446795973432e-07}, {""token"": "" Typically"", ""token_id"": 50338, ""probability"": 2.8269576546335884e-07}, {""token"": "" Some"", ""token_id"": 4943, ""probability"": 2.8269576546335884e-07}, {""token"": "" Usually"", ""token_id"": 34645, ""probability"": 1.7146365394182794e-07}, {""token"": ""Six"", ""token_id"": 44955, ""probability"": 6.307795530346993e-08}, {""token"": "" Several"", ""token_id"": 22624, ""probability"": 3.825871175422435e-08}]"
L7+L22+L27,"[7, 22, 27]","[14209, 137239, 23422, 23422, 60476, 129426, 129426, 144881, 144881]","[16, 16, 16, 21, 16, 16, 21, 16, 21]","[42685, 1703, 197021, 248182]","[16, 16, 16, 16]",0.0,0.0,False,unmodified,False,"[84.83981323242188, 133.324951171875, 1855.89599609375, 1739.02099609375, 562.7435913085938, 704.150634765625, 703.5153198242188, 943.4798583984375, 952.3358764648438]","[0.0, 0.0, 0.0, 0.0]","[3.814697720372351e-06, 7.629395440744702e-06, 0.0, 3.0517578125e-05, 3.0517578125e-05, 0.0, 0.0, 0.0, 1.5258787243510596e-05, 1.5258787243510596e-05, 1.9073486328125e-05, 1.9073486328125e-05, 0.0]",5.593444091455472e-05, Eight,0.999982476234436,1.1253320053583593e-07,0.999982476234436,1.6701407730579376e-05,-16.000000019046855,"[{""token"": "" Eight"", ""token_id"": 38923, ""probability"": 0.999982476234436}, {""token"": "" Four"", ""token_id"": 13038, ""probability"": 1.6701407730579376e-05}, {""token"": ""Eight"", ""token_id"": 80357, ""probability"": 6.47583874524571e-07}, {""token"": "" Six"", ""token_id"": 19759, ""probability"": 1.1253320053583593e-07}, {""token"": "" Many"", ""token_id"": 8732, ""probability"": 4.3633860968839144e-09}, {""token"": "" Two"", ""token_id"": 8512, ""probability"": 1.6051998619204255e-09}, {""token"": "" Legs"", ""token_id"": 156403, ""probability"": 5.905200772815533e-10}, {""token"": "" None"", ""token_id"": 5450, ""probability"": 2.789419251136849e-10}, {""token"": "" Typically"", ""token_id"": 50338, ""probability"": 2.789419251136849e-10}, {""token"": "" Usually"", ""token_id"": 34645, ""probability"": 2.789419251136849e-10}, {""token"": "" Some"", ""token_id"": 4943, ""probability"": 2.789419251136849e-10}, {""token"": ""\n\n"", ""token_id"": 108, ""probability"": 2.789419251136849e-10}]"
L7+L22+L27,"[7, 22, 27]","[14209, 137239, 23422, 23422, 60476, 129426, 129426, 144881, 144881]","[16, 16, 16, 21, 16, 16, 21, 16, 21]","[42685, 1703, 197021, 248182]","[16, 16, 16, 16]",0.0,0.25,False,ant_only,False,"[84.83981323242188, 133.324951171875, 1855.89599609375, 1739.02099609375, 562.7435913085938, 704.150634765625, 703.5153198242188, 943.4798583984375, 952.3358764648438]","[31.566993713378906, 455.77888107299805, 90.10985374450684, 236.18194580078125]","[3.814697720372351e-06, 7.629395440744702e-06, 31.566997528076172, 31.09781265258789, 56.15054702758789, 23.522705078125, 455.7789306640625, 90.10985565185547, 4.5210723876953125, 47.34104919433594, 9.911418914794922, 100.63523864746094, 236.18197631835938]",538.3244366066014, Eight,0.9999537467956543,1.8553056690961967e-07,0.9999537467956543,4.53978318546433e-05,-15.499999933015857,"[{""token"": "" Eight"", ""token_id"": 38923, ""probability"": 0.9999537467956543}, {""token"": "" Four"", ""token_id"": 13038, ""probability"": 4.53978318546433e-05}, {""token"": ""Eight"", ""token_id"": 80357, ""probability"": 6.475652867266035e-07}, {""token"": "" Six"", ""token_id"": 19759, ""probability"": 1.8553056690961967e-07}, {""token"": "" Many"", ""token_id"": 8732, ""probability"": 9.237022702279774e-09}, {""token"": "" Two"", ""token_id"": 8512, ""probability"": 2.6464515023860713e-09}, {""token"": "" Legs"", ""token_id"": 156403, ""probability"": 1.6051536766426011e-09}, {""token"": "" Typically"", ""token_id"": 50338, ""probability"": 7.582209304857201e-10}, {""token"": "" Usually"", ""token_id"": 34645, ""probability"": 7.582209304857201e-10}, {""token"": "" Some"", ""token_id"": 4943, ""probability"": 5.905030908692765e-10}, {""token"": ""\n\n"", ""token_id"": 108, ""probability"": 4.598842973102535e-10}, {""token"": "" Zero"", ""token_id"": 31234, ""probability"": 3.5815822529983166e-10}]"
L7+L22+L27,"[7, 22, 27]","[14209, 137239, 23422, 23422, 60476, 129426, 129426, 144881, 144881]","[16, 16, 16, 21, 16, 16, 21, 16, 21]","[42685, 1703, 197021, 248182]","[16, 16, 16, 16]",0.0,0.5,False,ant_only,False,"[84.83981323242188, 133.324951171875, 1855.89599609375, 1739.02099609375, 562.7435913085938, 704.150634765625, 703.5153198242188, 943.4798583984375, 952.3358764648438]","[63.13398742675781, 911.5577621459961, 180.21970748901367, 472.3638916015625]","[3.814697720372351e-06, 7.629395440744702e-06, 63.133995056152344, 54.99185562133789, 48.47378921508789, 41.49560546875, 911.557861328125, 180.21971130371094, 22.78040885925293, 69.6144790649414, 7.216594696044922, 145.80503845214844, 472.36395263671875]",1060.331312785261, Eight,0.9999407529830933,3.0588418553634256e-07,0.9999407529830933,5.8291210734751076e-05,-15.00000003650247,"[{""token"": "" Eight"", ""token_id"": 38923, ""probability"": 0.9999407529830933}, {""token"": "" Four"", ""token_id"": 13038, ""probability"": 5.8291210734751076e-05}, {""token"": ""Eight"", ""token_id"": 80357, ""probability"": 6.475568739006121e-07}, {""token"": "" Six"", ""token_id"": 19759, ""probability"": 3.0588418553634256e-07}, {""token"": "" Many"", ""token_id"": 8732, ""probability"": 9.236902798193114e-09}, {""token"": "" Two"", ""token_id"": 8512, ""probability"": 2.646417085472308e-09}, {""token"": "" Legs"", ""token_id"": 156403, ""probability"": 2.061031345590436e-09}, {""token"": "" Typically"", ""token_id"": 50338, ""probability"": 9.735623418549721e-10}, {""token"": "" Usually"", ""token_id"": 34645, ""probability"": 7.582111050119522e-10}, {""token"": "" Some"", ""token_id"": 4943, ""probability"": 5.904954303304066e-10}, {""token"": "" Zero"", ""token_id"": 31234, ""probability"": 3.5815356236312823e-10}, {""token"": ""\n\n"", ""token_id"": 108, ""probability"": 3.5815356236312823e-10}]"
L7+L22+L27,"[7, 22, 27]","[14209, 137239, 23422, 23422, 60476, 129426, 129426, 144881, 144881]","[16, 16, 16, 21, 16, 16, 21, 16, 21]","[42685, 1703, 197021, 248182]","[16, 16, 16, 16]",0.0,0.75,False,ant_only,False,"[84.83981323242188, 133.324951171875, 1855.89599609375, 1739.02099609375, 562.7435913085938, 704.150634765625, 703.5153198242188, 943.4798583984375, 952.3358764648438]","[94.70098114013672, 1367.3366432189941, 270.3295612335205, 708.5458374023438]","[3.814697720372351e-06, 7.629395440744702e-06, 94.70099639892578, 77.88040924072266, 58.49393081665039, 61.7125244140625, 1367.3369140625, 270.3295593261719, 48.25873947143555, 86.16593170166016, 1.8877145051956177, 180.293701171875, 708.5458984375]",1584.06188822916, Eight,0.9999241828918457,3.0587912647206394e-07,0.9999241828918457,7.484616071451455e-05,-15.000000004578421,"[{""token"": "" Eight"", ""token_id"": 38923, ""probability"": 0.9999241828918457}, {""token"": "" Four"", ""token_id"": 13038, ""probability"": 7.484616071451455e-05}, {""token"": ""Eight"", ""token_id"": 80357, ""probability"": 6.475461304944474e-07}, {""token"": "" Six"", ""token_id"": 19759, ""probability"": 3.0587912647206394e-07}, {""token"": "" Many"", ""token_id"": 8732, ""probability"": 7.193587947540436e-09}, {""token"": "" Legs"", ""token_id"": 156403, ""probability"": 2.6463731206405328e-09}, {""token"": "" Two"", ""token_id"": 8512, ""probability"": 2.0609971507212776e-09}, {""token"": "" Typically"", ""token_id"": 50338, ""probability"": 9.73546243621115e-10}, {""token"": "" Usually"", ""token_id"": 34645, ""probability"": 7.581985039806227e-10}, {""token"": "" Some"", ""token_id"": 4943, ""probability"": 4.5987069707820183e-10}, {""token"": "" Zero"", ""token_id"": 31234, ""probability"": 3.581476504255221e-10}, {""token"": ""\n\n"", ""token_id"": 108, ""probability"": 3.581476504255221e-10}]"
L7+L22+L27,"[7, 22, 27]","[14209, 137239, 23422, 23422, 60476, 129426, 129426, 144881, 144881]","[16, 16, 16, 21, 16, 16, 21, 16, 21]","[42685, 1703, 197021, 248182]","[16, 16, 16, 16]",0.0,1.0,False,ant_only,False,"[84.83981323242188, 133.324951171875, 1855.89599609375, 1739.02099609375, 562.7435913085938, 704.150634765625, 703.5153198242188, 943.4798583984375, 952.3358764648438]","[126.26797485351562, 1823.1155242919922, 360.43941497802734, 944.727783203125]","[3.814697720372351e-06, 7.629395440744702e-06, 126.26799011230469, 81.28775787353516, 53.26578140258789, 67.29833984375, 1823.11572265625, 360.4394226074219, 73.45294952392578, 88.3201675415039, 16.00465965270996, 210.12046813964844, 944.7279052734375]",2105.634938335641, Eight,0.9999029636383057,2.3821384331768058e-07,0.9999029636383057,9.610232518753037e-05,-15.250000024280817,"[{""token"": "" Eight"", ""token_id"": 38923, ""probability"": 0.9999029636383057}, {""token"": "" Four"", ""token_id"": 13038, ""probability"": 9.610232518753037e-05}, {""token"": ""Eight"", ""token_id"": 80357, ""probability"": 6.47532431230502e-07}, {""token"": "" Six"", ""token_id"": 19759, ""probability"": 2.3821384331768058e-07}, {""token"": "" Many"", ""token_id"": 8732, ""probability"": 7.193435180852248e-09}, {""token"": "" Legs"", ""token_id"": 156403, ""probability"": 3.3979381530713226e-09}, {""token"": "" Two"", ""token_id"": 8512, ""probability"": 2.0609534079341074e-09}, {""token"": "" Typically"", ""token_id"": 50338, ""probability"": 9.73525593472857e-10}, {""token"": "" Usually"", ""token_id"": 34645, ""probability"": 7.581824612579169e-10}, {""token"": "" Some"", ""token_id"": 4943, ""probability"": 5.904731148476117e-10}, {""token"": ""\n\n"", ""token_id"": 108, ""probability"": 3.581400453978034e-10}, {""token"": "" Multiple"", ""token_id"": 34489, ""probability"": 2.1722290632908425e-10}]"
L7+L22+L27,"[7, 22, 27]","[14209, 137239, 23422, 23422, 60476, 129426, 129426, 144881, 144881]","[16, 16, 16, 21, 16, 16, 21, 16, 21]","[42685, 1703, 197021, 248182]","[16, 16, 16, 16]",0.0,1.25,False,ant_only,False,"[84.83981323242188, 133.324951171875, 1855.89599609375, 1739.02099609375, 562.7435913085938, 704.150634765625, 703.5153198242188, 943.4798583984375, 952.3358764648438]","[157.83496856689453, 2278.8944053649902, 450.5492687225342, 1180.9097290039062]","[3.814697720372351e-06, 7.629395440744702e-06, 157.83499145507812, 133.6216278076172, 187.8730926513672, 104.11865234375, 2278.894775390625, 450.54925537109375, 74.67250061035156, 167.57040405273438, 10.465167999267578, 328.1009826660156, 1180.9097900390625]",2649.7590786544247, Eight,0.9998754262924194,3.9273743368539726e-07,0.9998754262924194,0.00012339443492237478,-14.749999974563751,"[{""token"": "" Eight"", ""token_id"": 38923, ""probability"": 0.9998754262924194}, {""token"": "" Four"", ""token_id"": 13038, ""probability"": 0.00012339443492237478}, {""token"": ""Eight"", ""token_id"": 80357, ""probability"": 8.314251545016305e-07}, {""token"": "" Six"", ""token_id"": 19759, ""probability"": 3.9273743368539726e-07}, {""token"": "" Many"", ""token_id"": 8732, ""probability"": 1.1859643045397661e-08}, {""token"": "" Legs"", ""token_id"": 156403, ""probability"": 3.397844672292649e-09}, {""token"": "" Two"", ""token_id"": 8512, ""probability"": 2.0608967865598515e-09}, {""token"": "" Typically"", ""token_id"": 50338, ""probability"": 1.2499971058232973e-09}, {""token"": "" Usually"", ""token_id"": 34645, ""probability"": 1.2499971058232973e-09}, {""token"": "" Some"", ""token_id"": 4943, ""probability"": 7.581615890650539e-10}, {""token"": ""\n\n"", ""token_id"": 108, ""probability"": 4.598482705731044e-10}, {""token"": "" Zero"", ""token_id"": 31234, ""probability"": 2.7891206011432246e-10}]"
L7+L22+L27,"[7, 22, 27]","[14209, 137239, 23422, 23422, 60476, 129426, 129426, 144881, 144881]","[16, 16, 16, 21, 16, 16, 21, 16, 21]","[42685, 1703, 197021, 248182]","[16, 16, 16, 16]",0.0,1.5,False,ant_only,False,"[84.83981323242188, 133.324951171875, 1855.89599609375, 1739.02099609375, 562.7435913085938, 704.150634765625, 703.5153198242188, 943.4798583984375, 952.3358764648438]","[189.40196228027344, 2734.6732864379883, 540.659122467041, 1417.0916748046875]","[3.814697720372351e-06, 7.629395440744702e-06, 189.40199279785156, 151.8707733154297, 238.42462158203125, 124.2769775390625, 2734.673828125, 540.6591186523438, 65.18849182128906, 217.52450561523438, 0.8699150085449219, 404.17388916015625, 1417.091796875]",3181.9891645023317, Eight,0.9998401403427124,6.474917313425976e-07,0.9998401403427124,0.00015843599976506084,-14.249999941145314,"[{""token"": "" Eight"", ""token_id"": 38923, ""probability"": 0.9998401403427124}, {""token"": "" Four"", ""token_id"": 13038, ""probability"": 0.00015843599976506084}, {""token"": ""Eight"", ""token_id"": 80357, ""probability"": 8.313958232974983e-07}, {""token"": "" Six"", ""token_id"": 19759, ""probability"": 6.474917313425976e-07}, {""token"": "" Many"", ""token_id"": 8732, ""probability"": 1.522754722316222e-08}, {""token"": "" Legs"", ""token_id"": 156403, ""probability"": 5.601900721075026e-09}, {""token"": "" Two"", ""token_id"": 8512, ""probability"": 3.3977247682059897e-09}, {""token"": "" Typically"", ""token_id"": 50338, ""probability"": 2.060823955929436e-09}, {""token"": "" Usually"", ""token_id"": 34645, ""probability"": 1.2499530299692196e-09}, {""token"": "" Some"", ""token_id"": 4943, ""probability"": 7.581348326901605e-10}, {""token"": ""\n\n"", ""token_id"": 108, ""probability"": 4.5983206131694487e-10}, {""token"": "" Several"", ""token_id"": 22624, ""probability"": 2.789022346405545e-10}]"
L7+L22+L27,"[7, 22, 27]","[14209, 137239, 23422, 23422, 60476, 129426, 129426, 144881, 144881]","[16, 16, 16, 21, 16, 16, 21, 16, 21]","[42685, 1703, 197021, 248182]","[16, 16, 16, 16]",0.0,2.0,True,ant_only,False,"[84.83981323242188, 133.324951171875, 1855.89599609375, 1739.02099609375, 562.7435913085938, 704.150634765625, 703.5153198242188, 943.4798583984375, 952.3358764648438]","[252.53594970703125, 3646.2310485839844, 720.8788299560547, 1889.45556640625]","[3.814697720372351e-06, 7.629395440744702e-06, 252.53598022460938, 227.6934051513672, 404.80450439453125, 183.5482177734375, 3646.2314453125, 720.8788452148438, 27.92109489440918, 292.7469177246094, 33.20499801635742, 488.7108154296875, 1889.455810546875]",4245.504663022434, Eight,0.9997358918190002,1.7598814565644716e-06,0.9997358918190002,0.0002611895324662328,-13.249999962343635,"[{""token"": "" Eight"", ""token_id"": 38923, ""probability"": 0.9997358918190002}, {""token"": "" Four"", ""token_id"": 13038, ""probability"": 0.0002611895324662328}, {""token"": "" Six"", ""token_id"": 19759, ""probability"": 1.7598814565644716e-06}, {""token"": ""Eight"", ""token_id"": 80357, ""probability"": 1.0674220902728848e-06}, {""token"": "" Many"", ""token_id"": 8732, ""probability"": 3.2233351987542846e-08}, {""token"": "" Legs"", ""token_id"": 156403, ""probability"": 9.235010089980733e-09}, {""token"": "" Two"", ""token_id"": 8512, ""probability"": 7.192233475450394e-09}, {""token"": "" Typically"", ""token_id"": 50338, ""probability"": 4.362310068728448e-09}, {""token"": "" Usually"", ""token_id"": 34645, ""probability"": 3.3973703850165293e-09}, {""token"": "" Some"", ""token_id"": 4943, ""probability"": 2.0606090167518687e-09}, {""token"": ""\n\n"", ""token_id"": 108, ""probability"": 9.733629457997495e-10}, {""token"": "" Several"", ""token_id"": 22624, ""probability"": 5.903744715318737e-10}]"
L7+L22+L27,"[7, 22, 27]","[14209, 137239, 23422, 23422, 60476, 129426, 129426, 144881, 144881]","[16, 16, 16, 21, 16, 16, 21, 16, 21]","[42685, 1703, 197021, 248182]","[16, 16, 16, 16]",0.0,3.0,True,ant_only,False,"[84.83981323242188, 133.324951171875, 1855.89599609375, 1739.02099609375, 562.7435913085938, 704.150634765625, 703.5153198242188, 943.4798583984375, 952.3358764648438]","[378.8039245605469, 5469.346572875977, 1081.318244934082, 2834.183349609375]","[3.814697720372351e-06, 7.629395440744702e-06, 378.8039855957031, 343.74505615234375, 752.2487182617188, 277.293212890625, 5469.34765625, 1081.3182373046875, 151.15061950683594, 493.8111877441406, 192.2351531982422, 698.5307006835938, 2834.18359375]",6388.397908267139, Eight,0.99940025806427,4.537270433502272e-05,0.99940025806427,0.0005527526373043656,-9.999999937973817,"[{""token"": "" Eight"", ""token_id"": 38923, ""probability"": 0.99940025806427}, {""token"": "" Four"", ""token_id"": 13038, ""probability"": 0.0005527526373043656}, {""token"": "" Six"", ""token_id"": 19759, ""probability"": 4.537270433502272e-05}, {""token"": ""Eight"", ""token_id"": 80357, ""probability"": 1.3701369425689336e-06}, {""token"": "" Many"", ""token_id"": 8732, ""probability"": 1.4441137352605438e-07}, {""token"": "" Legs"", ""token_id"": 156403, ""probability"": 8.75899175412087e-08}, {""token"": "" Two"", ""token_id"": 8512, ""probability"": 1.5220846805164e-08}, {""token"": "" Typically"", ""token_id"": 50338, ""probability"": 1.1854006665146244e-08}, {""token"": "" Usually"", ""token_id"": 34645, ""probability"": 1.1854006665146244e-08}, {""token"": "" Some"", ""token_id"": 4943, ""probability"": 7.189818518327229e-09}, {""token"": ""\n\n"", ""token_id"": 108, ""probability"": 1.2494031365051228e-09}, {""token"": "" Several"", ""token_id"": 22624, ""probability"": 9.730362071636023e-10}]"
L7+L22+L27,"[7, 22, 27]","[14209, 137239, 23422, 23422, 60476, 129426, 129426, 144881, 144881]","[16, 16, 16, 21, 16, 16, 21, 16, 21]","[42685, 1703, 197021, 248182]","[16, 16, 16, 16]",0.2,0.0,False,spider_only,False,"[67.87185058593751, 106.6599609375, 1484.716796875, 1391.216796875, 450.19487304687505, 563.3205078125001, 562.812255859375, 754.7838867187501, 761.868701171875]","[0.0, 0.0, 0.0, 0.0]","[16.967967987060547, 26.665000915527344, 0.0, 381.013427734375, 280.931884765625, 114.63978576660156, 0.0, 0.0, 83.80748748779297, 40.72333908081055, 210.32264709472656, 138.5891571044922, 0.0]",557.0994761590475, Eight,0.9999634027481079,3.058911204334436e-07,0.9999634027481079,3.5356206353753805e-05,-15.000000015966807,"[{""token"": "" Eight"", ""token_id"": 38923, ""probability"": 0.9999634027481079}, {""token"": "" Four"", ""token_id"": 13038, ""probability"": 3.5356206353753805e-05}, {""token"": ""Eight"", ""token_id"": 80357, ""probability"": 8.314983119817043e-07}, {""token"": "" Six"", ""token_id"": 19759, ""probability"": 3.058911204334436e-07}, {""token"": "" Many"", ""token_id"": 8732, ""probability"": 7.193869944188691e-09}, {""token"": "" Two"", ""token_id"": 8512, ""probability"": 3.3981435443308783e-09}, {""token"": "" Legs"", ""token_id"": 156403, ""probability"": 1.2501071289250376e-09}, {""token"": "" None"", ""token_id"": 5450, ""probability"": 7.582282579576827e-10}, {""token"": "" Zero"", ""token_id"": 31234, ""probability"": 5.905088085178534e-10}, {""token"": "" Typically"", ""token_id"": 50338, ""probability"": 5.905088085178534e-10}, {""token"": "" Some"", ""token_id"": 4943, ""probability"": 4.59888738202352e-10}, {""token"": ""\n\n"", ""token_id"": 108, ""probability"": 4.59888738202352e-10}]"
L7+L22+L27,"[7, 22, 27]","[14209, 137239, 23422, 23422, 60476, 129426, 129426, 144881, 144881]","[16, 16, 16, 21, 16, 16, 21, 16, 21]","[42685, 1703, 197021, 248182]","[16, 16, 16, 16]",0.2,0.25,False,joint,False,"[67.87185058593751, 106.6599609375, 1484.716796875, 1391.216796875, 450.19487304687505, 563.3205078125001, 562.812255859375, 754.7838867187501, 761.868701171875]","[31.566993713378906, 455.77888107299805, 90.10985374450684, 236.18194580078125]","[16.967967987060547, 26.665000915527344, 31.566997528076172, 366.3504638671875, 342.901611328125, 99.57215881347656, 455.7789306640625, 90.10985565185547, 99.24443817138672, 69.88795471191406, 207.0830078125, 159.54733276367188, 236.18197631835938]",786.3923039305763, Eight,0.9999825954437256,1.855359244018473e-07,0.9999825954437256,1.670140954956878e-05,-15.499999906397704,"[{""token"": "" Eight"", ""token_id"": 38923, ""probability"": 0.9999825954437256}, {""token"": "" Four"", ""token_id"": 13038, ""probability"": 1.670140954956878e-05}, {""token"": ""Eight"", ""token_id"": 80357, ""probability"": 5.043389137426857e-07}, {""token"": "" Six"", ""token_id"": 19759, ""probability"": 1.855359244018473e-07}, {""token"": "" Many"", ""token_id"": 8732, ""probability"": 4.363386540973124e-09}, {""token"": "" Two"", ""token_id"": 8512, ""probability"": 1.605199972942728e-09}, {""token"": "" Legs"", ""token_id"": 156403, ""probability"": 9.736030870399759e-10}, {""token"": "" Usually"", ""token_id"": 34645, ""probability"": 3.5816855037396067e-10}, {""token"": "" Some"", ""token_id"": 4943, ""probability"": 2.789419528692605e-10}, {""token"": "" Typically"", ""token_id"": 50338, ""probability"": 2.789419528692605e-10}, {""token"": "" None"", ""token_id"": 5450, ""probability"": 2.172402119304806e-10}, {""token"": ""\n\n"", ""token_id"": 108, ""probability"": 2.172402119304806e-10}]"
L7+L22+L27,"[7, 22, 27]","[14209, 137239, 23422, 23422, 60476, 129426, 129426, 144881, 144881]","[16, 16, 16, 21, 16, 16, 21, 16, 21]","[42685, 1703, 197021, 248182]","[16, 16, 16, 16]",0.2,0.5,False,joint,False,"[67.87185058593751, 106.6599609375, 1484.716796875, 1391.216796875, 450.19487304687505, 563.3205078125001, 562.812255859375, 754.7838867187501, 761.868701171875]","[63.13398742675781, 911.5577621459961, 180.21970748901367, 472.3638916015625]","[16.967967987060547, 26.665000915527344, 63.133995056152344, 336.480712890625, 297.943115234375, 76.41260528564453, 911.557861328125, 180.21971130371094, 132.53082275390625, 19.80909538269043, 228.85926818847656, 67.41848754882812, 472.36395263671875]",1172.2782565729003, Eight,0.9999637603759766,3.058912341202813e-07,0.9999637603759766,3.5356220905669034e-05,-15.000000001949914,"[{""token"": "" Eight"", ""token_id"": 38923, ""probability"": 0.9999637603759766}, {""token"": "" Four"", ""token_id"": 13038, ""probability"": 3.5356220905669034e-05}, {""token"": ""Eight"", ""token_id"": 80357, ""probability"": 5.043293640483171e-07}, {""token"": "" Six"", ""token_id"": 19759, ""probability"": 3.058912341202813e-07}, {""token"": "" Many"", ""token_id"": 8732, ""probability"": 9.237115072835422e-09}, {""token"": "" Two"", ""token_id"": 8512, ""probability"": 2.6464779256940574e-09}, {""token"": "" Legs"", ""token_id"": 156403, ""probability"": 1.6051697748764582e-09}, {""token"": "" Typically"", ""token_id"": 50338, ""probability"": 7.582285355134388e-10}, {""token"": "" Usually"", ""token_id"": 34645, ""probability"": 5.905089750513071e-10}, {""token"": "" Some"", ""token_id"": 4943, ""probability"": 4.598889047358057e-10}, {""token"": ""\n\n"", ""token_id"": 108, ""probability"": 4.598889047358057e-10}, {""token"": "" Zero"", ""token_id"": 31234, ""probability"": 3.5816180576908607e-10}]"
L7+L22+L27,"[7, 22, 27]","[14209, 137239, 23422, 23422, 60476, 129426, 129426, 144881, 144881]","[16, 16, 16, 21, 16, 16, 21, 16, 21]","[42685, 1703, 197021, 248182]","[16, 16, 16, 16]",0.2,0.75,False,joint,False,"[67.87185058593751, 106.6599609375, 1484.716796875, 1391.216796875, 450.19487304687505, 563.3205078125001, 562.812255859375, 754.7838867187501, 761.868701171875]","[94.70098114013672, 1367.3366432189941, 270.3295612335205, 708.5458374023438]","[16.967967987060547, 26.665000915527344, 94.70099639892578, 321.88427734375, 279.3826904296875, 62.8687858581543, 1367.3369140625, 270.3295593261719, 147.85826110839844, 10.757400512695312, 226.49220275878906, 20.102081298828125, 708.5458984375]",1647.419214681379, Eight,0.9999637603759766,3.058912341202813e-07,0.9999637603759766,3.5356220905669034e-05,-15.000000001949914,"[{""token"": "" Eight"", ""token_id"": 38923, ""probability"": 0.9999637603759766}, {""token"": "" Four"", ""token_id"": 13038, ""probability"": 3.5356220905669034e-05}, {""token"": ""Eight"", ""token_id"": 80357, ""probability"": 5.043293640483171e-07}, {""token"": "" Six"", ""token_id"": 19759, ""probability"": 3.058912341202813e-07}, {""token"": "" Many"", ""token_id"": 8732, ""probability"": 7.19387260872395e-09}, {""token"": "" Two"", ""token_id"": 8512, ""probability"": 2.06107886313589e-09}, {""token"": "" Legs"", ""token_id"": 156403, ""probability"": 1.2501075730142475e-09}, {""token"": "" Typically"", ""token_id"": 50338, ""probability"": 4.598889047358057e-10}, {""token"": "" Usually"", ""token_id"": 34645, ""probability"": 4.598889047358057e-10}, {""token"": "" Some"", ""token_id"": 4943, ""probability"": 3.5816180576908607e-10}, {""token"": ""\n\n"", ""token_id"": 108, ""probability"": 2.7893670706546914e-10}, {""token"": "" Zero"", ""token_id"": 31234, ""probability"": 2.172361179830773e-10}]"
L7+L22+L27,"[7, 22, 27]","[14209, 137239, 23422, 23422, 60476, 129426, 129426, 144881, 144881]","[16, 16, 16, 21, 16, 16, 21, 16, 21]","[42685, 1703, 197021, 248182]","[16, 16, 16, 16]",0.2,1.0,False,joint,False,"[67.87185058593751, 106.6599609375, 1484.716796875, 1391.216796875, 450.19487304687505, 563.3205078125001, 562.812255859375, 754.7838867187501, 761.868701171875]","[126.26797485351562, 1823.1155242919922, 360.43941497802734, 944.727783203125]","[16.967967987060547, 26.665000915527344, 126.26799011230469, 272.4012451171875, 256.96923828125, 27.696176528930664, 1823.11572265625, 360.4394226074219, 158.2235565185547, 6.529586315155029, 225.8040771484375, 19.602508544921875, 944.7279052734375]",2140.2272414391573, Eight,0.9999243021011353,3.058791548937734e-07,0.9999243021011353,7.484616799047217e-05,-15.000000030878642,"[{""token"": "" Eight"", ""token_id"": 38923, ""probability"": 0.9999243021011353}, {""token"": "" Four"", ""token_id"": 13038, ""probability"": 7.484616799047217e-05}, {""token"": ""Eight"", ""token_id"": 80357, ""probability"": 5.043094688517158e-07}, {""token"": "" Six"", ""token_id"": 19759, ""probability"": 3.058791548937734e-07}, {""token"": "" Many"", ""token_id"": 8732, ""probability"": 7.193588835718856e-09}, {""token"": "" Two"", ""token_id"": 8512, ""probability"": 2.0609973727658826e-09}, {""token"": "" Legs"", ""token_id"": 156403, ""probability"": 1.6051064921640545e-09}, {""token"": "" Typically"", ""token_id"": 50338, ""probability"": 7.581986150029252e-10}, {""token"": "" Usually"", ""token_id"": 34645, ""probability"": 5.904857158789412e-10}, {""token"": "" Some"", ""token_id"": 4943, ""probability"": 3.581476781810977e-10}, {""token"": ""\n\n"", ""token_id"": 108, ""probability"": 2.7892568810194973e-10}, {""token"": "" Zero"", ""token_id"": 31234, ""probability"": 2.1722754151021206e-10}]"
L7+L22+L27,"[7, 22, 27]","[14209, 137239, 23422, 23422, 60476, 129426, 129426, 144881, 144881]","[16, 16, 16, 21, 16, 16, 21, 16, 21]","[42685, 1703, 197021, 248182]","[16, 16, 16, 16]",0.2,1.25,False,joint,False,"[67.87185058593751, 106.6599609375, 1484.716796875, 1391.216796875, 450.19487304687505, 563.3205078125001, 562.812255859375, 754.7838867187501, 761.868701171875]","[157.83496856689453, 2278.8944053649902, 450.5492687225342, 1180.9097290039062]","[16.967967987060547, 26.665000915527344, 157.83499145507812, 258.128173828125, 223.13169860839844, 12.969861030578613, 2278.894775390625, 450.54925537109375, 164.24449157714844, 46.11906051635742, 217.0230712890625, 86.96517944335938, 1180.9097900390625]",2648.993409348891, Eight,0.999902606010437,6.475322038568265e-07,0.999902606010437,9.610229608369991e-05,-14.249999910190613,"[{""token"": "" Eight"", ""token_id"": 38923, ""probability"": 0.999902606010437}, {""token"": "" Four"", ""token_id"": 13038, ""probability"": 9.610229608369991e-05}, {""token"": "" Six"", ""token_id"": 19759, ""probability"": 6.475322038568265e-07}, {""token"": ""Eight"", ""token_id"": 80357, ""probability"": 6.475322038568265e-07}, {""token"": "" Many"", ""token_id"": 8732, ""probability"": 1.1859964565985592e-08}, {""token"": "" Two"", ""token_id"": 8512, ""probability"": 4.363037486854182e-09}, {""token"": "" Legs"", ""token_id"": 156403, ""probability"": 3.397937042848298e-09}, {""token"": "" Typically"", ""token_id"": 50338, ""probability"": 1.2500310786478508e-09}, {""token"": "" Usually"", ""token_id"": 34645, ""probability"": 1.2500310786478508e-09}, {""token"": "" Some"", ""token_id"": 4943, ""probability"": 7.581821837021607e-10}, {""token"": ""\n\n"", ""token_id"": 108, ""probability"": 3.5813990661992534e-10}, {""token"": "" Several"", ""token_id"": 22624, ""probability"": 2.789196373864655e-10}]"
L7+L22+L27,"[7, 22, 27]","[14209, 137239, 23422, 23422, 60476, 129426, 129426, 144881, 144881]","[16, 16, 16, 21, 16, 16, 21, 16, 21]","[42685, 1703, 197021, 248182]","[16, 16, 16, 16]",0.2,1.5,False,joint,False,"[67.87185058593751, 106.6599609375, 1484.716796875, 1391.216796875, 450.19487304687505, 563.3205078125001, 562.812255859375, 754.7838867187501, 761.868701171875]","[189.40196228027344, 2734.6732864379883, 540.659122467041, 1417.0916748046875]","[16.967967987060547, 26.665000915527344, 189.40199279785156, 233.10105895996094, 123.34251403808594, 13.792590141296387, 2734.673828125, 540.6591186523438, 168.377197265625, 103.53250885009766, 224.60853576660156, 152.43795776367188, 1417.091796875]",3162.004165070931, Eight,0.9999023675918579,8.314475508086616e-07,0.9999023675918579,9.610226697986946e-05,-13.999999980929188,"[{""token"": "" Eight"", ""token_id"": 38923, ""probability"": 0.9999023675918579}, {""token"": "" Four"", ""token_id"": 13038, ""probability"": 9.610226697986946e-05}, {""token"": "" Six"", ""token_id"": 19759, ""probability"": 8.314475508086616e-07}, {""token"": ""Eight"", ""token_id"": 80357, ""probability"": 6.475320333265699e-07}, {""token"": "" Many"", ""token_id"": 8732, ""probability"": 1.522849402135762e-08}, {""token"": "" Legs"", ""token_id"": 156403, ""probability"": 4.3630365986757624e-09}, {""token"": "" Two"", ""token_id"": 8512, ""probability"": 2.6463153890432523e-09}, {""token"": "" Typically"", ""token_id"": 50338, ""probability"": 1.605071298094174e-09}, {""token"": "" Usually"", ""token_id"": 34645, ""probability"": 9.735250383613447e-10}, {""token"": "" Some"", ""token_id"": 4943, ""probability"": 7.58182017168707e-10}, {""token"": ""\n\n"", ""token_id"": 108, ""probability"": 4.5986064955982897e-10}, {""token"": "" Several"", ""token_id"": 22624, ""probability"": 2.1722278142899398e-10}]"
L7+L22+L27,"[7, 22, 27]","[14209, 137239, 23422, 23422, 60476, 129426, 129426, 144881, 144881]","[16, 16, 16, 21, 16, 16, 21, 16, 21]","[42685, 1703, 197021, 248182]","[16, 16, 16, 16]",0.2,2.0,True,joint,False,"[67.87185058593751, 106.6599609375, 1484.716796875, 1391.216796875, 450.19487304687505, 563.3205078125001, 562.812255859375, 754.7838867187501, 761.868701171875]","[252.53594970703125, 3646.2310485839844, 720.8788299560547, 1889.45556640625]","[16.967967987060547, 26.665000915527344, 252.53598022460938, 154.23777770996094, 32.095733642578125, 72.13511657714844, 3646.2314453125, 720.8788452148438, 127.82366180419922, 207.69989013671875, 180.458740234375, 298.5071716308594, 1889.455810546875]",4202.458756769564, Eight,0.9997938275337219,2.2598633222514763e-06,0.9997938275337219,0.00020342641801107675,-13.000000029666014,"[{""token"": "" Eight"", ""token_id"": 38923, ""probability"": 0.9997938275337219}, {""token"": "" Four"", ""token_id"": 13038, ""probability"": 0.00020342641801107675}, {""token"": "" Six"", ""token_id"": 19759, ""probability"": 2.2598633222514763e-06}, {""token"": ""Eight"", ""token_id"": 80357, ""probability"": 5.042437010160938e-07}, {""token"": "" Many"", ""token_id"": 8732, ""probability"": 2.5104812451104408e-08}, {""token"": "" Legs"", ""token_id"": 156403, ""probability"": 1.1858674042741768e-08}, {""token"": "" Two"", ""token_id"": 8512, ""probability"": 5.6016413729764736e-09}, {""token"": "" Typically"", ""token_id"": 50338, ""probability"": 2.6460280633244793e-09}, {""token"": "" Usually"", ""token_id"": 34645, ""probability"": 1.6048969930793078e-09}, {""token"": "" Some"", ""token_id"": 4943, ""probability"": 1.2498950763273342e-09}, {""token"": ""\n\n"", ""token_id"": 108, ""probability"": 4.5981071727929645e-10}, {""token"": "" Several"", ""token_id"": 22624, ""probability"": 2.7888930054231764e-10}]"
L7+L22+L27,"[7, 22, 27]","[14209, 137239, 23422, 23422, 60476, 129426, 129426, 144881, 144881]","[16, 16, 16, 21, 16, 16, 21, 16, 21]","[42685, 1703, 197021, 248182]","[16, 16, 16, 16]",0.2,3.0,True,joint,False,"[67.87185058593751, 106.6599609375, 1484.716796875, 1391.216796875, 450.19487304687505, 563.3205078125001, 562.812255859375, 754.7838867187501, 761.868701171875]","[378.8039245605469, 5469.346572875977, 1081.318244934082, 2834.183349609375]","[16.967967987060547, 26.665000915527344, 378.8039855957031, 23.993623733520508, 384.61285400390625, 169.30198669433594, 5469.34765625, 1081.3182373046875, 62.05864715576172, 386.32763671875, 2.362799882888794, 486.6849365234375, 2834.18359375]",6310.882266770354, Eight,0.99936443567276,0.00020333904831204563,0.99936443567276,0.0004304687608964741,-8.500000017023456,"[{""token"": "" Eight"", ""token_id"": 38923, ""probability"": 0.99936443567276}, {""token"": "" Four"", ""token_id"": 13038, ""probability"": 0.0004304687608964741}, {""token"": "" Six"", ""token_id"": 19759, ""probability"": 0.00020333904831204563}, {""token"": ""Eight"", ""token_id"": 80357, ""probability"": 1.3700878298550379e-06}, {""token"": "" Many"", ""token_id"": 8732, ""probability"": 2.3808554772131174e-07}, {""token"": "" Legs"", ""token_id"": 156403, ""probability"": 8.758677694231665e-08}, {""token"": "" Two"", ""token_id"": 8512, ""probability"": 4.1373066750338694e-08}, {""token"": "" Typically"", ""token_id"": 50338, ""probability"": 2.5094031741446088e-08}, {""token"": "" Usually"", ""token_id"": 34645, ""probability"": 1.9543252349762952e-08}, {""token"": "" Some"", ""token_id"": 4943, ""probability"": 1.5220301463614305e-08}, {""token"": "" Several"", ""token_id"": 22624, ""probability"": 2.059843406954087e-09}, {""token"": ""\n\n"", ""token_id"": 108, ""probability"": 2.059843406954087e-09}]"
L7+L22+L27,"[7, 22, 27]","[14209, 137239, 23422, 23422, 60476, 129426, 129426, 144881, 144881]","[16, 16, 16, 21, 16, 16, 21, 16, 21]","[42685, 1703, 197021, 248182]","[16, 16, 16, 16]",0.4,0.0,False,spider_only,False,"[50.90388793945312, 79.99497070312499, 1113.53759765625, 1043.41259765625, 337.6461547851562, 422.49038085937497, 422.10919189453125, 566.0879150390625, 571.4015258789062]","[0.0, 0.0, 0.0, 0.0]","[33.93592834472656, 53.32999801635742, 0.0, 756.3162231445312, 670.0899047851562, 217.24720764160156, 0.0, 0.0, 171.06918334960938, 154.83387756347656, 420.3449401855469, 373.2397155761719, 0.0]",1200.6093220494006, Eight,0.9999827146530151,2.382328432304348e-07,0.9999827146530151,1.6701411368558183e-05,-15.250000023133301,"[{""token"": "" Eight"", ""token_id"": 38923, ""probability"": 0.9999827146530151}, {""token"": "" Four"", ""token_id"": 13038, ""probability"": 1.6701411368558183e-05}, {""token"": ""Eight"", ""token_id"": 80357, ""probability"": 3.927795546587731e-07}, {""token"": "" Six"", ""token_id"": 19759, ""probability"": 2.382328432304348e-07}, {""token"": "" Many"", ""token_id"": 8732, ""probability"": 7.194008944111374e-09}, {""token"": "" Two"", ""token_id"": 8512, ""probability"": 2.061117942986357e-09}, {""token"": "" Legs"", ""token_id"": 156403, ""probability"": 7.582429129016077e-10}, {""token"": "" Typically"", ""token_id"": 50338, ""probability"": 4.59897619986549e-10}, {""token"": "" Usually"", ""token_id"": 34645, ""probability"": 4.59897619986549e-10}, {""token"": "" None"", ""token_id"": 5450, ""probability"": 3.581686058851119e-10}, {""token"": "" Some"", ""token_id"": 4943, ""probability"": 3.581686058851119e-10}, {""token"": ""\n\n"", ""token_id"": 108, ""probability"": 2.789419806248361e-10}]"
L7+L22+L27,"[7, 22, 27]","[14209, 137239, 23422, 23422, 60476, 129426, 129426, 144881, 144881]","[16, 16, 16, 21, 16, 16, 21, 16, 21]","[42685, 1703, 197021, 248182]","[16, 16, 16, 16]",0.4,0.25,False,joint,False,"[50.90388793945312, 79.99497070312499, 1113.53759765625, 1043.41259765625, 337.6461547851562, 422.49038085937497, 422.10919189453125, 566.0879150390625, 571.4015258789062]","[31.566993713378906, 455.77888107299805, 90.10985374450684, 236.18194580078125]","[33.93592834472656, 53.32999801635742, 31.566997528076172, 742.0663452148438, 658.1854858398438, 206.37710571289062, 455.7789306640625, 90.10985565185547, 195.37489318847656, 134.77162170410156, 428.4114685058594, 308.8354797363281, 236.18197631835938]",1279.9769294577752, Eight,0.999977707862854,3.927775935608224e-07,0.999977707862854,2.1444930098368786e-05,-14.750000012577084,"[{""token"": "" Eight"", ""token_id"": 38923, ""probability"": 0.999977707862854}, {""token"": "" Four"", ""token_id"": 13038, ""probability"": 2.1444930098368786e-05}, {""token"": ""Eight"", ""token_id"": 80357, ""probability"": 5.043364126322558e-07}, {""token"": "" Six"", ""token_id"": 19759, ""probability"": 3.927775935608224e-07}, {""token"": "" Many"", ""token_id"": 8732, ""probability"": 9.237243858706279e-09}, {""token"": "" Two"", ""token_id"": 8512, ""probability"": 2.646514785098475e-09}, {""token"": "" Legs"", ""token_id"": 156403, ""probability"": 1.250125003515734e-09}, {""token"": "" Usually"", ""token_id"": 34645, ""probability"": 5.905172462128405e-10}, {""token"": "" Typically"", ""token_id"": 50338, ""probability"": 5.905172462128405e-10}, {""token"": "" Some"", ""token_id"": 4943, ""probability"": 4.598953162737729e-10}, {""token"": "" Zero"", ""token_id"": 31234, ""probability"": 3.581668017726969e-10}, {""token"": "" None"", ""token_id"": 5450, ""probability"": 3.581668017726969e-10}]"
L7+L22+L27,"[7, 22, 27]","[14209, 137239, 23422, 23422, 60476, 129426, 129426, 144881, 144881]","[16, 16, 16, 21, 16, 16, 21, 16, 21]","[42685, 1703, 197021, 248182]","[16, 16, 16, 16]",0.4,0.5,False,joint,False,"[50.90388793945312, 79.99497070312499, 1113.53759765625, 1043.41259765625, 337.6461547851562, 422.49038085937497, 422.10919189453125, 566.0879150390625, 571.4015258789062]","[63.13398742675781, 911.5577621459961, 180.21970748901367, 472.3638916015625]","[33.93592834472656, 53.32999801635742, 63.133995056152344, 697.9719848632812, 620.6074829101562, 172.90017700195312, 911.557861328125, 180.21971130371094, 214.68667602539062, 100.66261291503906, 433.5838317871094, 249.3892059326172, 472.36395263671875]",1517.6140735789381, Eight,0.9999716281890869,3.9277520613723027e-07,0.9999716281890869,2.7535670596989803e-05,-14.750000011076802,"[{""token"": "" Eight"", ""token_id"": 38923, ""probability"": 0.9999716281890869}, {""token"": "" Four"", ""token_id"": 13038, ""probability"": 2.7535670596989803e-05}, {""token"": ""Eight"", ""token_id"": 80357, ""probability"": 5.043333430876373e-07}, {""token"": "" Six"", ""token_id"": 19759, ""probability"": 3.9277520613723027e-07}, {""token"": "" Many"", ""token_id"": 8732, ""probability"": 9.237187903465838e-09}, {""token"": "" Two"", ""token_id"": 8512, ""probability"": 2.6464987978869203e-09}, {""token"": "" Legs"", ""token_id"": 156403, ""probability"": 1.605182431418939e-09}, {""token"": "" Typically"", ""token_id"": 50338, ""probability"": 5.905136379880105e-10}, {""token"": "" Some"", ""token_id"": 4943, ""probability"": 4.598925129606357e-10}, {""token"": "" Usually"", ""token_id"": 34645, ""probability"": 4.598925129606357e-10}, {""token"": "" Zero"", ""token_id"": 31234, ""probability"": 3.5816463683779887e-10}, {""token"": ""\n\n"", ""token_id"": 108, ""probability"": 3.5816463683779887e-10}]"
L7+L22+L27,"[7, 22, 27]","[14209, 137239, 23422, 23422, 60476, 129426, 129426, 144881, 144881]","[16, 16, 16, 21, 16, 16, 21, 16, 21]","[42685, 1703, 197021, 248182]","[16, 16, 16, 16]",0.4,0.75,False,joint,False,"[50.90388793945312, 79.99497070312499, 1113.53759765625, 1043.41259765625, 337.6461547851562, 422.49038085937497, 422.10919189453125, 566.0879150390625, 571.4015258789062]","[94.70098114013672, 1367.3366432189941, 270.3295612335205, 708.5458374023438]","[33.93592834472656, 53.32999801635742, 94.70099639892578, 706.7140502929688, 662.7615356445312, 175.33450317382812, 1367.3369140625, 270.3295593261719, 241.64761352539062, 131.31072998046875, 441.2632751464844, 258.3670959472656, 708.5458984375]",1940.1629604861516, Eight,0.999977707862854,3.927775935608224e-07,0.999977707862854,2.1444930098368786e-05,-14.750000012577084,"[{""token"": "" Eight"", ""token_id"": 38923, ""probability"": 0.999977707862854}, {""token"": "" Four"", ""token_id"": 13038, ""probability"": 2.1444930098368786e-05}, {""token"": ""Eight"", ""token_id"": 80357, ""probability"": 5.043364126322558e-07}, {""token"": "" Six"", ""token_id"": 19759, ""probability"": 3.927775935608224e-07}, {""token"": "" Many"", ""token_id"": 8732, ""probability"": 7.193972972885376e-09}, {""token"": "" Two"", ""token_id"": 8512, ""probability"": 1.6051922013815556e-09}, {""token"": "" Legs"", ""token_id"": 156403, ""probability"": 1.250125003515734e-09}, {""token"": "" Typically"", ""token_id"": 50338, ""probability"": 5.905172462128405e-10}, {""token"": "" Usually"", ""token_id"": 34645, ""probability"": 4.598953162737729e-10}, {""token"": "" Some"", ""token_id"": 4943, ""probability"": 3.581668017726969e-10}, {""token"": ""\n\n"", ""token_id"": 108, ""probability"": 2.789405928460553e-10}, {""token"": "" Zero"", ""token_id"": 31234, ""probability"": 2.172391433408194e-10}]"
L7+L22+L27,"[7, 22, 27]","[14209, 137239, 23422, 23422, 60476, 129426, 129426, 144881, 144881]","[16, 16, 16, 21, 16, 16, 21, 16, 21]","[42685, 1703, 197021, 248182]","[16, 16, 16, 16]",0.4,1.0,False,joint,False,"[50.90388793945312, 79.99497070312499, 1113.53759765625, 1043.41259765625, 337.6461547851562, 422.49038085937497, 422.10919189453125, 566.0879150390625, 571.4015258789062]","[126.26797485351562, 1823.1155242919922, 360.43941497802734, 944.727783203125]","[33.93592834472656, 53.32999801635742, 126.26799011230469, 657.2361450195312, 672.4072875976562, 140.30545043945312, 1823.11572265625, 360.4394226074219, 232.32467651367188, 137.0728302001953, 417.73394775390625, 254.45928955078125, 944.7279052734375]",2362.60642071738, Eight,0.999963641166687,5.043293072048982e-07,0.999963641166687,3.5356217267690226e-05,-14.50000003543398,"[{""token"": "" Eight"", ""token_id"": 38923, ""probability"": 0.999963641166687}, {""token"": "" Four"", ""token_id"": 13038, ""probability"": 3.5356217267690226e-05}, {""token"": "" Six"", ""token_id"": 19759, ""probability"": 5.043293072048982e-07}, {""token"": ""Eight"", ""token_id"": 80357, ""probability"": 5.043293072048982e-07}, {""token"": "" Many"", ""token_id"": 8732, ""probability"": 9.237114184657003e-09}, {""token"": "" Two"", ""token_id"": 8512, ""probability"": 3.398144432509298e-09}, {""token"": "" Legs"", ""token_id"": 156403, ""probability"": 2.061078641091285e-09}, {""token"": "" Typically"", ""token_id"": 50338, ""probability"": 9.735846573377671e-10}, {""token"": "" Usually"", ""token_id"": 34645, ""probability"": 7.582284244911364e-10}, {""token"": "" Some"", ""token_id"": 4943, ""probability"": 5.905089195401558e-10}, {""token"": "" Zero"", ""token_id"": 31234, ""probability"": 4.5988884922465445e-10}, {""token"": ""\n\n"", ""token_id"": 108, ""probability"": 2.789366793098935e-10}]"
L7+L22+L27,"[7, 22, 27]","[14209, 137239, 23422, 23422, 60476, 129426, 129426, 144881, 144881]","[16, 16, 16, 21, 16, 16, 21, 16, 21]","[42685, 1703, 197021, 248182]","[16, 16, 16, 16]",0.4,1.25,False,joint,False,"[50.90388793945312, 79.99497070312499, 1113.53759765625, 1043.41259765625, 337.6461547851562, 422.49038085937497, 422.10919189453125, 566.0879150390625, 571.4015258789062]","[157.83496856689453, 2278.8944053649902, 450.5492687225342, 1180.9097290039062]","[33.93592834472656, 53.32999801635742, 157.83499145507812, 641.0114135742188, 599.2145385742188, 127.1711654663086, 2278.894775390625, 450.54925537109375, 256.5972595214844, 91.70417022705078, 437.0624694824219, 169.96336364746094, 1180.9097900390625]",2810.7117849430056, Eight,0.9999637603759766,5.043293640483171e-07,0.9999637603759766,3.5356220905669034e-05,-14.500000041936685,"[{""token"": "" Eight"", ""token_id"": 38923, ""probability"": 0.9999637603759766}, {""token"": "" Four"", ""token_id"": 13038, ""probability"": 3.5356220905669034e-05}, {""token"": "" Six"", ""token_id"": 19759, ""probability"": 5.043293640483171e-07}, {""token"": ""Eight"", ""token_id"": 80357, ""probability"": 3.9277210817090236e-07}, {""token"": "" Many"", ""token_id"": 8732, ""probability"": 7.19387260872395e-09}, {""token"": "" Two"", ""token_id"": 8512, ""probability"": 2.06107886313589e-09}, {""token"": "" Legs"", ""token_id"": 156403, ""probability"": 1.2501075730142475e-09}, {""token"": "" Typically"", ""token_id"": 50338, ""probability"": 5.905089750513071e-10}, {""token"": "" Usually"", ""token_id"": 34645, ""probability"": 4.598889047358057e-10}, {""token"": "" Some"", ""token_id"": 4943, ""probability"": 3.5816180576908607e-10}, {""token"": ""\n\n"", ""token_id"": 108, ""probability"": 1.691836670758562e-10}, {""token"": "" Several"", ""token_id"": 22624, ""probability"": 1.3176036650630607e-10}]"
L7+L22+L27,"[7, 22, 27]","[14209, 137239, 23422, 23422, 60476, 129426, 129426, 144881, 144881]","[16, 16, 16, 21, 16, 16, 21, 16, 21]","[42685, 1703, 197021, 248182]","[16, 16, 16, 16]",0.4,1.5,False,joint,False,"[50.90388793945312, 79.99497070312499, 1113.53759765625, 1043.41259765625, 337.6461547851562, 422.49038085937497, 422.10919189453125, 566.0879150390625, 571.4015258789062]","[189.40196228027344, 2734.6732864379883, 540.659122467041, 1417.0916748046875]","[33.93592834472656, 53.32999801635742, 189.40199279785156, 598.4080200195312, 487.9023742675781, 92.6755599975586, 2734.673828125, 540.6591186523438, 238.14675903320312, 18.722793579101562, 415.2957458496094, 85.57677459716797, 1417.091796875]",3265.0205585493927, Eight,0.9999014139175415,1.760172835929552e-06,0.9999014139175415,9.610217966837808e-05,-13.24999996056065,"[{""token"": "" Eight"", ""token_id"": 38923, ""probability"": 0.9999014139175415}, {""token"": "" Four"", ""token_id"": 13038, ""probability"": 9.610217966837808e-05}, {""token"": "" Six"", ""token_id"": 19759, ""probability"": 1.760172835929552e-06}, {""token"": ""Eight"", ""token_id"": 80357, ""probability"": 6.475314080489625e-07}, {""token"": "" Many"", ""token_id"": 8732, ""probability"": 1.9553754171397486e-08}, {""token"": "" Legs"", ""token_id"": 156403, ""probability"": 7.193424078622002e-09}, {""token"": "" Two"", ""token_id"": 8512, ""probability"": 5.60224400203424e-09}, {""token"": "" Typically"", ""token_id"": 50338, ""probability"": 2.0609502993096385e-09}, {""token"": "" Usually"", ""token_id"": 34645, ""probability"": 1.6050697437819395e-09}, {""token"": "" Some"", ""token_id"": 4943, ""probability"": 1.2500296353579188e-09}, {""token"": ""\n\n"", ""token_id"": 108, ""probability"": 7.581812400125898e-10}, {""token"": "" Several"", ""token_id"": 22624, ""probability"": 3.581394902862911e-10}]"
L7+L22+L27,"[7, 22, 27]","[14209, 137239, 23422, 23422, 60476, 129426, 129426, 144881, 144881]","[16, 16, 16, 21, 16, 16, 21, 16, 21]","[42685, 1703, 197021, 248182]","[16, 16, 16, 16]",0.4,2.0,True,joint,False,"[50.90388793945312, 79.99497070312499, 1113.53759765625, 1043.41259765625, 337.6461547851562, 422.49038085937497, 422.10919189453125, 566.0879150390625, 571.4015258789062]","[252.53594970703125, 3646.2310485839844, 720.8788299560547, 1889.45556640625]","[33.93592834472656, 53.32999801635742, 252.53598022460938, 524.1768188476562, 342.473388671875, 33.150657653808594, 3646.2314453125, 720.8788452148438, 206.41555786132812, 77.89906311035156, 375.2722473144531, 55.28743362426758, 1889.455810546875]",4247.1394386637185, Eight,0.9997897744178772,6.142920483398484e-06,0.9997897744178772,0.00020342558855190873,-12.000000032445651,"[{""token"": "" Eight"", ""token_id"": 38923, ""probability"": 0.9997897744178772}, {""token"": "" Four"", ""token_id"": 13038, ""probability"": 0.00020342558855190873}, {""token"": "" Six"", ""token_id"": 19759, ""probability"": 6.142920483398484e-06}, {""token"": ""Eight"", ""token_id"": 80357, ""probability"": 6.474591032201715e-07}, {""token"": "" Many"", ""token_id"": 8732, ""probability"": 3.223508926453178e-08}, {""token"": "" Legs"", ""token_id"": 156403, ""probability"": 9.235507469895765e-09}, {""token"": "" Two"", ""token_id"": 8512, ""probability"": 7.192620721241383e-09}, {""token"": "" Typically"", ""token_id"": 50338, ""probability"": 4.3625449919204584e-09}, {""token"": "" Usually"", ""token_id"": 34645, ""probability"": 2.0607200390543312e-09}, {""token"": "" Some"", ""token_id"": 4943, ""probability"": 1.2498900803237234e-09}, {""token"": ""\n\n"", ""token_id"": 108, ""probability"": 5.90406223910378e-10}, {""token"": "" Several"", ""token_id"": 22624, ""probability"": 4.598088576557302e-10}]"
L7+L22+L27,"[7, 22, 27]","[14209, 137239, 23422, 23422, 60476, 129426, 129426, 144881, 144881]","[16, 16, 16, 21, 16, 16, 21, 16, 21]","[42685, 1703, 197021, 248182]","[16, 16, 16, 16]",0.4,3.0,True,joint,False,"[50.90388793945312, 79.99497070312499, 1113.53759765625, 1043.41259765625, 337.6461547851562, 422.49038085937497, 422.10919189453125, 566.0879150390625, 571.4015258789062]","[378.8039245605469, 5469.346572875977, 1081.318244934082, 2834.183349609375]","[33.93592834472656, 53.32999801635742, 378.8039855957031, 418.47607421875, 21.190706253051758, 49.103492736816406, 5469.34765625, 1081.3182373046875, 33.59197235107422, 422.1091613769531, 200.9268798828125, 277.4531555175781, 2834.18359375]",6303.787481092289, Eight,0.9953794479370117,0.004067888483405113,0.9953794479370117,0.0005505288136191666,-5.499999954486951,"[{""token"": "" Eight"", ""token_id"": 38923, ""probability"": 0.9953794479370117}, {""token"": "" Six"", ""token_id"": 19759, ""probability"": 0.004067888483405113}, {""token"": "" Four"", ""token_id"": 13038, ""probability"": 0.0005505288136191666}, {""token"": ""Eight"", ""token_id"": 80357, ""probability"": 1.3646244951814879e-06}, {""token"": "" Many"", ""token_id"": 8732, ""probability"": 5.020173148295726e-07}, {""token"": "" Legs"", ""token_id"": 156403, ""probability"": 1.4383036273102334e-07}, {""token"": "" Two"", ""token_id"": 8512, ""probability"": 5.2912234593804897e-08}, {""token"": "" Typically"", ""token_id"": 50338, ""probability"": 3.209289189953779e-08}, {""token"": "" Usually"", ""token_id"": 34645, ""probability"": 2.4993967784325832e-08}, {""token"": "" Some"", ""token_id"": 4943, ""probability"": 1.9465323575218463e-08}, {""token"": "" Several"", ""token_id"": 22624, ""probability"": 3.3825660050723627e-09}, {""token"": ""\n\n"", ""token_id"": 108, ""probability"": 3.3825660050723627e-09}]"
L7+L22+L27,"[7, 22, 27]","[14209, 137239, 23422, 23422, 60476, 129426, 129426, 144881, 144881]","[16, 16, 16, 21, 16, 16, 21, 16, 21]","[42685, 1703, 197021, 248182]","[16, 16, 16, 16]",0.6,0.0,False,spider_only,False,"[33.935925292968754, 53.32998046875, 742.3583984375, 695.6083984375, 225.09743652343752, 281.66025390625003, 281.4061279296875, 377.39194335937503, 380.9343505859375]","[0.0, 0.0, 0.0, 0.0]","[50.90389633178711, 79.9949951171875, 0.0, 1139.5955810546875, 1052.3953857421875, 329.4886779785156, 0.0, 0.0, 264.12396240234375, 267.0661926269531, 627.2333374023438, 603.4263916015625, 0.0]",1849.9724915527638, Eight,0.9999929666519165,3.9278359054151224e-07,0.9999929666519165,6.144169219624018e-06,-14.750000003573057,"[{""token"": "" Eight"", ""token_id"": 38923, ""probability"": 0.9999929666519165}, {""token"": "" Four"", ""token_id"": 13038, ""probability"": 6.144169219624018e-06}, {""token"": ""Eight"", ""token_id"": 80357, ""probability"": 5.043441433372209e-07}, {""token"": "" Six"", ""token_id"": 19759, ""probability"": 3.9278359054151224e-07}, {""token"": "" Many"", ""token_id"": 8732, ""probability"": 5.602756925071617e-09}, {""token"": "" Two"", ""token_id"": 8512, ""probability"": 2.6465551972165713e-09}, {""token"": "" Legs"", ""token_id"": 156403, ""probability"": 7.582506844627801e-10}, {""token"": "" Typically"", ""token_id"": 50338, ""probability"": 4.5990231067882803e-10}, {""token"": "" None"", ""token_id"": 5450, ""probability"": 3.5817226962109316e-10}, {""token"": "" Some"", ""token_id"": 4943, ""probability"": 3.5817226962109316e-10}, {""token"": "" Usually"", ""token_id"": 34645, ""probability"": 3.5817226962109316e-10}, {""token"": ""\n\n"", ""token_id"": 108, ""probability"": 2.789448394491245e-10}]"
L7+L22+L27,"[7, 22, 27]","[14209, 137239, 23422, 23422, 60476, 129426, 129426, 144881, 144881]","[16, 16, 16, 21, 16, 16, 21, 16, 21]","[42685, 1703, 197021, 248182]","[16, 16, 16, 16]",0.6,0.25,False,joint,False,"[33.935925292968754, 53.32998046875, 742.3583984375, 695.6083984375, 225.09743652343752, 281.66025390625003, 281.4061279296875, 377.39194335937503, 380.9343505859375]","[31.566993713378906, 455.77888107299805, 90.10985374450684, 236.18194580078125]","[50.90389633178711, 79.9949951171875, 31.566997528076172, 1109.8419189453125, 1068.49853515625, 309.4674377441406, 455.7789306640625, 90.10985565185547, 275.21771240234375, 272.14697265625, 623.2861328125, 584.27734375, 236.18197631835938]",1905.3885977207015, Eight,0.9999891519546509,3.9278208419091243e-07,0.9999891519546509,1.0129982911166735e-05,-14.750000023914035,"[{""token"": "" Eight"", ""token_id"": 38923, ""probability"": 0.9999891519546509}, {""token"": "" Four"", ""token_id"": 13038, ""probability"": 1.0129982911166735e-05}, {""token"": "" Six"", ""token_id"": 19759, ""probability"": 3.9278208419091243e-07}, {""token"": ""Eight"", ""token_id"": 80357, ""probability"": 3.9278208419091243e-07}, {""token"": "" Many"", ""token_id"": 8732, ""probability"": 9.237349551938223e-09}, {""token"": "" Two"", ""token_id"": 8512, ""probability"": 2.0611310436180474e-09}, {""token"": "" Legs"", ""token_id"": 156403, ""probability"": 9.736095263335187e-10}, {""token"": "" Typically"", ""token_id"": 50338, ""probability"": 5.905240185732907e-10}, {""token"": "" Usually"", ""token_id"": 34645, ""probability"": 4.5990056207756425e-10}, {""token"": "" Some"", ""token_id"": 4943, ""probability"": 3.58170909597888e-10}, {""token"": "" None"", ""token_id"": 5450, ""probability"": 2.789437847372511e-10}, {""token"": ""\n\n"", ""token_id"": 108, ""probability"": 2.789437847372511e-10}]"
L7+L22+L27,"[7, 22, 27]","[14209, 137239, 23422, 23422, 60476, 129426, 129426, 144881, 144881]","[16, 16, 16, 21, 16, 16, 21, 16, 21]","[42685, 1703, 197021, 248182]","[16, 16, 16, 16]",0.6,0.5,False,joint,False,"[33.935925292968754, 53.32998046875, 742.3583984375, 695.6083984375, 225.09743652343752, 281.66025390625003, 281.4061279296875, 377.39194335937503, 380.9343505859375]","[63.13398742675781, 911.5577621459961, 180.21970748901367, 472.3638916015625]","[50.90389633178711, 79.9949951171875, 63.133995056152344, 1103.8358154296875, 1000.3314819335938, 301.5334777832031, 911.557861328125, 180.21971130371094, 300.8182678222656, 204.0806427001953, 638.8779907226562, 480.8061218261719, 472.36395263671875]",2044.7591696999577, Eight,0.9999860525131226,6.475862051047443e-07,0.9999860525131226,1.300711664953269e-05,-14.249999969353388,"[{""token"": "" Eight"", ""token_id"": 38923, ""probability"": 0.9999860525131226}, {""token"": "" Four"", ""token_id"": 13038, ""probability"": 1.300711664953269e-05}, {""token"": "" Six"", ""token_id"": 19759, ""probability"": 6.475862051047443e-07}, {""token"": ""Eight"", ""token_id"": 80357, ""probability"": 3.927808620574069e-07}, {""token"": "" Many"", ""token_id"": 8732, ""probability"": 5.60271828931036e-09}, {""token"": "" Two"", ""token_id"": 8512, ""probability"": 2.0611248263691095e-09}, {""token"": "" Legs"", ""token_id"": 156403, ""probability"": 9.736065287313522e-10}, {""token"": "" Typically"", ""token_id"": 50338, ""probability"": 4.5989914654320785e-10}, {""token"": "" Usually"", ""token_id"": 34645, ""probability"": 3.5816979937486337e-10}, {""token"": "" None"", ""token_id"": 5450, ""probability"": 2.7894292431440704e-10}, {""token"": "" Some"", ""token_id"": 4943, ""probability"": 2.7894292431440704e-10}, {""token"": ""\n\n"", ""token_id"": 108, ""probability"": 2.1724096133102222e-10}]"
L7+L22+L27,"[7, 22, 27]","[14209, 137239, 23422, 23422, 60476, 129426, 129426, 144881, 144881]","[16, 16, 16, 21, 16, 16, 21, 16, 21]","[42685, 1703, 197021, 248182]","[16, 16, 16, 16]",0.6,0.75,False,joint,False,"[33.935925292968754, 53.32998046875, 742.3583984375, 695.6083984375, 225.09743652343752, 281.66025390625003, 281.4061279296875, 377.39194335937503, 380.9343505859375]","[94.70098114013672, 1367.3366432189941, 270.3295612335205, 708.5458374023438]","[50.90389633178711, 79.9949951171875, 94.70099639892578, 1061.7431640625, 1009.9578857421875, 272.6162414550781, 1367.3369140625, 270.3295593261719, 300.170654296875, 216.14031982421875, 618.61669921875, 457.8101501464844, 708.5458984375]",2326.674276347272, Eight,0.9999815225601196,1.0676842521206709e-06,0.9999815225601196,1.6701391359674744e-05,-13.750000027608777,"[{""token"": "" Eight"", ""token_id"": 38923, ""probability"": 0.9999815225601196}, {""token"": "" Four"", ""token_id"": 13038, ""probability"": 1.6701391359674744e-05}, {""token"": "" Six"", ""token_id"": 19759, ""probability"": 1.0676842521206709e-06}, {""token"": ""Eight"", ""token_id"": 80357, ""probability"": 6.475832492469635e-07}, {""token"": "" Many"", ""token_id"": 8732, ""probability"": 1.1860900706039956e-08}, {""token"": "" Two"", ""token_id"": 8512, ""probability"": 3.3982050506864425e-09}, {""token"": "" Legs"", ""token_id"": 156403, ""probability"": 2.0611152784510978e-09}, {""token"": "" Typically"", ""token_id"": 50338, ""probability"": 9.736020878392537e-10}, {""token"": "" Some"", ""token_id"": 4943, ""probability"": 5.905194666588898e-10}, {""token"": "" Usually"", ""token_id"": 34645, ""probability"": 5.905194666588898e-10}, {""token"": "" Zero"", ""token_id"": 31234, ""probability"": 3.5816818955147767e-10}, {""token"": ""\n\n"", ""token_id"": 108, ""probability"": 3.5816818955147767e-10}]"
L7+L22+L27,"[7, 22, 27]","[14209, 137239, 23422, 23422, 60476, 129426, 129426, 144881, 144881]","[16, 16, 16, 21, 16, 16, 21, 16, 21]","[42685, 1703, 197021, 248182]","[16, 16, 16, 16]",0.6,1.0,False,joint,False,"[33.935925292968754, 53.32998046875, 742.3583984375, 695.6083984375, 225.09743652343752, 281.66025390625003, 281.4061279296875, 377.39194335937503, 380.9343505859375]","[126.26797485351562, 1823.1155242919922, 360.43941497802734, 944.727783203125]","[50.90389633178711, 79.9949951171875, 126.26799011230469, 1019.6675415039062, 983.4170532226562, 239.55447387695312, 1823.11572265625, 360.4394226074219, 312.26715087890625, 196.85870361328125, 618.947265625, 409.80987548828125, 944.7279052734375]",2668.826269711054, Eight,0.9999711513519287,8.315047352880356e-07,0.9999711513519287,2.7535656045074575e-05,-13.999999994391075,"[{""token"": "" Eight"", ""token_id"": 38923, ""probability"": 0.9999711513519287}, {""token"": "" Four"", ""token_id"": 13038, ""probability"": 2.7535656045074575e-05}, {""token"": "" Six"", ""token_id"": 19759, ""probability"": 8.315047352880356e-07}, {""token"": ""Eight"", ""token_id"": 80357, ""probability"": 5.043331157139619e-07}, {""token"": "" Many"", ""token_id"": 8732, ""probability"": 1.1860778137418038e-08}, {""token"": "" Two"", ""token_id"": 8512, ""probability"": 2.6464974656192908e-09}, {""token"": "" Legs"", ""token_id"": 156403, ""probability"": 1.6051816542628217e-09}, {""token"": "" Typically"", ""token_id"": 50338, ""probability"": 7.582341421397132e-10}, {""token"": "" Usually"", ""token_id"": 34645, ""probability"": 5.905133604322543e-10}, {""token"": "" Some"", ""token_id"": 4943, ""probability"": 4.598922909160308e-10}, {""token"": "" Zero"", ""token_id"": 31234, ""probability"": 2.789387609780647e-10}, {""token"": ""\n\n"", ""token_id"": 108, ""probability"": 2.789387609780647e-10}]"
L7+L22+L27,"[7, 22, 27]","[14209, 137239, 23422, 23422, 60476, 129426, 129426, 144881, 144881]","[16, 16, 16, 21, 16, 16, 21, 16, 21]","[42685, 1703, 197021, 248182]","[16, 16, 16, 16]",0.6,1.25,False,joint,False,"[33.935925292968754, 53.32998046875, 742.3583984375, 695.6083984375, 225.09743652343752, 281.66025390625003, 281.4061279296875, 377.39194335937503, 380.9343505859375]","[157.83496856689453, 2278.8944053649902, 450.5492687225342, 1180.9097290039062]","[50.90389633178711, 79.9949951171875, 157.83499145507812, 1025.787109375, 898.0993041992188, 238.94094848632812, 2278.894775390625, 450.54925537109375, 314.18353271484375, 148.14434814453125, 613.76318359375, 342.3916931152344, 1180.9097900390625]",3058.6460958165467, Eight,0.9999521970748901,1.7602621937840013e-06,0.9999521970748901,4.539775909506716e-05,-13.249999982201084,"[{""token"": "" Eight"", ""token_id"": 38923, ""probability"": 0.9999521970748901}, {""token"": "" Four"", ""token_id"": 13038, ""probability"": 4.539775909506716e-05}, {""token"": "" Six"", ""token_id"": 19759, ""probability"": 1.7602621937840013e-06}, {""token"": ""Eight"", ""token_id"": 80357, ""probability"": 6.47564263545064e-07}, {""token"": "" Many"", ""token_id"": 8732, ""probability"": 1.955474715487071e-08}, {""token"": "" Legs"", ""token_id"": 156403, ""probability"": 4.363253758299379e-09}, {""token"": "" Two"", ""token_id"": 8512, ""probability"": 4.363253758299379e-09}, {""token"": "" Typically"", ""token_id"": 50338, ""probability"": 2.061054882318558e-09}, {""token"": "" Usually"", ""token_id"": 34645, ""probability"": 1.2500931401149273e-09}, {""token"": "" Some"", ""token_id"": 4943, ""probability"": 7.582197647515443e-10}, {""token"": ""\n\n"", ""token_id"": 108, ""probability"": 4.598835756652875e-10}, {""token"": "" Several"", ""token_id"": 22624, ""probability"": 3.5815767018831934e-10}]"
L7+L22+L27,"[7, 22, 27]","[14209, 137239, 23422, 23422, 60476, 129426, 129426, 144881, 144881]","[16, 16, 16, 21, 16, 16, 21, 16, 21]","[42685, 1703, 197021, 248182]","[16, 16, 16, 16]",0.6,1.5,False,joint,False,"[33.935925292968754, 53.32998046875, 742.3583984375, 695.6083984375, 225.09743652343752, 281.66025390625003, 281.4061279296875, 377.39194335937503, 380.9343505859375]","[189.40196228027344, 2734.6732864379883, 540.659122467041, 1417.0916748046875]","[50.90389633178711, 79.9949951171875, 189.40199279785156, 977.0365600585938, 906.70849609375, 204.82923889160156, 2734.673828125, 540.6591186523438, 308.28387451171875, 137.4126739501953, 598.493408203125, 305.7508239746094, 1417.091796875]",3494.0006840754936, Eight,0.9999372959136963,3.726419436134165e-06,0.9999372959136963,5.829100700793788e-05,-12.50000001598381,"[{""token"": "" Eight"", ""token_id"": 38923, ""probability"": 0.9999372959136963}, {""token"": "" Four"", ""token_id"": 13038, ""probability"": 5.829100700793788e-05}, {""token"": "" Six"", ""token_id"": 19759, ""probability"": 3.726419436134165e-06}, {""token"": ""Eight"", ""token_id"": 80357, ""probability"": 6.475546570072765e-07}, {""token"": "" Many"", ""token_id"": 8732, ""probability"": 1.955445583234905e-08}, {""token"": "" Legs"", ""token_id"": 156403, ""probability"": 5.602445174446302e-09}, {""token"": "" Two"", ""token_id"": 8512, ""probability"": 4.363188921274741e-09}, {""token"": "" Typically"", ""token_id"": 50338, ""probability"": 2.0610242401630785e-09}, {""token"": "" Usually"", ""token_id"": 34645, ""probability"": 1.2500744883681136e-09}, {""token"": "" Some"", ""token_id"": 4943, ""probability"": 9.735590111858983e-10}, {""token"": ""\n\n"", ""token_id"": 108, ""probability"": 4.598767200381104e-10}, {""token"": "" Several"", ""token_id"": 22624, ""probability"": 3.5815234111780114e-10}]"
L7+L22+L27,"[7, 22, 27]","[14209, 137239, 23422, 23422, 60476, 129426, 129426, 144881, 144881]","[16, 16, 16, 21, 16, 16, 21, 16, 21]","[42685, 1703, 197021, 248182]","[16, 16, 16, 16]",0.6,2.0,True,joint,False,"[33.935925292968754, 53.32998046875, 742.3583984375, 695.6083984375, 225.09743652343752, 281.66025390625003, 281.4061279296875, 377.39194335937503, 380.9343505859375]","[252.53594970703125, 3646.2310485839844, 720.8788299560547, 1889.45556640625]","[50.90389633178711, 79.9949951171875, 252.53598022460938, 906.6880493164062, 671.8594360351562, 148.60488891601562, 3646.2314453125, 720.8788452148438, 293.0068054199219, 21.483930587768555, 575.51123046875, 108.47338104248047, 1889.455810546875]",4379.764158164869, Eight,0.9996927976608276,4.53859829576686e-05,0.9996927976608276,0.000261178269283846,-9.999999996478977,"[{""token"": "" Eight"", ""token_id"": 38923, ""probability"": 0.9996927976608276}, {""token"": "" Four"", ""token_id"": 13038, ""probability"": 0.000261178269283846}, {""token"": "" Six"", ""token_id"": 19759, ""probability"": 4.53859829576686e-05}, {""token"": ""Eight"", ""token_id"": 80357, ""probability"": 6.473962912423303e-07}, {""token"": "" Many"", ""token_id"": 8732, ""probability"": 5.3141523181921e-08}, {""token"": "" Legs"", ""token_id"": 156403, ""probability"": 1.9549673879737384e-08}, {""token"": "" Two"", ""token_id"": 8512, ""probability"": 1.9549673879737384e-08}, {""token"": "" Typically"", ""token_id"": 50338, ""probability"": 7.191923057092708e-09}, {""token"": "" Usually"", ""token_id"": 34645, ""probability"": 3.397223835577279e-09}, {""token"": "" Some"", ""token_id"": 4943, ""probability"": 2.6457607216201495e-09}, {""token"": "" Several"", ""token_id"": 22624, ""probability"": 7.580230332315807e-10}, {""token"": ""\n\n"", ""token_id"": 108, ""probability"": 7.580230332315807e-10}]"
L7+L22+L27,"[7, 22, 27]","[14209, 137239, 23422, 23422, 60476, 129426, 129426, 144881, 144881]","[16, 16, 16, 21, 16, 16, 21, 16, 21]","[42685, 1703, 197021, 248182]","[16, 16, 16, 16]",0.6,3.0,True,joint,False,"[33.935925292968754, 53.32998046875, 742.3583984375, 695.6083984375, 225.09743652343752, 281.66025390625003, 281.4061279296875, 377.39194335937503, 380.9343505859375]","[378.8039245605469, 5469.346572875977, 1081.318244934082, 2834.183349609375]","[50.90389633178711, 79.9949951171875, 378.8039855957031, 819.7380981445312, 367.864501953125, 78.66958618164062, 5469.34765625, 1081.3182373046875, 117.77389526367188, 281.4060974121094, 395.7338562011719, 71.29789733886719, 2834.18359375]",6351.0884835638535, Eight,0.9847968816757202,0.014047372154891491,0.9847968816757202,0.00115307851228863,-4.250000065363401,"[{""token"": "" Eight"", ""token_id"": 38923, ""probability"": 0.9847968816757202}, {""token"": "" Six"", ""token_id"": 19759, ""probability"": 0.014047372154891491}, {""token"": "" Four"", ""token_id"": 13038, ""probability"": 0.00115307851228863}, {""token"": ""Eight"", ""token_id"": 80357, ""probability"": 1.3501162356988061e-06}, {""token"": "" Many"", ""token_id"": 8732, ""probability"": 6.377497356879758e-07}, {""token"": "" Legs"", ""token_id"": 156403, ""probability"": 3.012516458511527e-07}, {""token"": "" Two"", ""token_id"": 8512, ""probability"": 2.3461501541532925e-07}, {""token"": "" Typically"", ""token_id"": 50338, ""probability"": 6.721833045730818e-08}, {""token"": "" Some"", ""token_id"": 4943, ""probability"": 4.0769979392507594e-08}, {""token"": "" Usually"", ""token_id"": 34645, ""probability"": 4.0769979392507594e-08}, {""token"": "" Several"", ""token_id"": 22624, ""probability"": 5.517616141759163e-09}, {""token"": ""\n\n"", ""token_id"": 108, ""probability"": 5.517616141759163e-09}]"
L7+L22+L27,"[7, 22, 27]","[14209, 137239, 23422, 23422, 60476, 129426, 129426, 144881, 144881]","[16, 16, 16, 21, 16, 16, 21, 16, 21]","[42685, 1703, 197021, 248182]","[16, 16, 16, 16]",0.8,0.0,False,spider_only,False,"[16.96796264648437, 26.664990234374994, 371.17919921874994, 347.80419921874994, 112.54871826171872, 140.83012695312496, 140.70306396484372, 188.69597167968746, 190.4671752929687]","[0.0, 0.0, 0.0, 0.0]","[67.87185668945312, 106.65998077392578, 0.0, 1515.7657470703125, 1427.9027099609375, 435.53509521484375, 0.0, 0.0, 337.146240234375, 334.2897644042969, 811.4664916992188, 800.0214233398438, 0.0]",2462.936273544524, Eight,0.9999942779541016,6.475915483861172e-07,0.9999942779541016,4.785090368386591e-06,-14.249999943835808,"[{""token"": "" Eight"", ""token_id"": 38923, ""probability"": 0.9999942779541016}, {""token"": "" Four"", ""token_id"": 13038, ""probability"": 4.785090368386591e-06}, {""token"": "" Six"", ""token_id"": 19759, ""probability"": 6.475915483861172e-07}, {""token"": ""Eight"", ""token_id"": 80357, ""probability"": 3.0590055644097447e-07}, {""token"": "" Many"", ""token_id"": 8732, ""probability"": 5.602764474588184e-09}, {""token"": "" Two"", ""token_id"": 8512, ""probability"": 1.6052187357118441e-09}, {""token"": "" Legs"", ""token_id"": 156403, ""probability"": 4.5990292130149157e-10}, {""token"": "" None"", ""token_id"": 5450, ""probability"": 3.5817274146587863e-10}, {""token"": "" Usually"", ""token_id"": 34645, ""probability"": 2.789452002716075e-10}, {""token"": "" Typically"", ""token_id"": 50338, ""probability"": 2.789452002716075e-10}, {""token"": "" Some"", ""token_id"": 4943, ""probability"": 2.1724273768786162e-10}, {""token"": ""\n\n"", ""token_id"": 108, ""probability"": 1.691888296129207e-10}]"
L7+L22+L27,"[7, 22, 27]","[14209, 137239, 23422, 23422, 60476, 129426, 129426, 144881, 144881]","[16, 16, 16, 21, 16, 16, 21, 16, 21]","[42685, 1703, 197021, 248182]","[16, 16, 16, 16]",0.8,0.25,False,joint,False,"[16.96796264648437, 26.664990234374994, 371.17919921874994, 347.80419921874994, 112.54871826171872, 140.83012695312496, 140.70306396484372, 188.69597167968746, 190.4671752929687]","[31.566993713378906, 455.77888107299805, 90.10985374450684, 236.18194580078125]","[67.87185668945312, 106.65998077392578, 31.566997528076172, 1490.1636962890625, 1398.7044677734375, 415.01690673828125, 455.7789306640625, 90.10985565185547, 353.1649169921875, 328.36761474609375, 813.1763916015625, 748.0430908203125, 236.18197631835938]",2468.0339711597926, Eight,0.9999884366989136,1.0676916417651228e-06,0.9999884366989136,1.012997563520912e-05,-13.750000020686423,"[{""token"": "" Eight"", ""token_id"": 38923, ""probability"": 0.9999884366989136}, {""token"": "" Four"", ""token_id"": 13038, ""probability"": 1.012997563520912e-05}, {""token"": "" Six"", ""token_id"": 19759, ""probability"": 1.0676916417651228e-06}, {""token"": ""Eight"", ""token_id"": 80357, ""probability"": 3.927817999738181e-07}, {""token"": "" Many"", ""token_id"": 8732, ""probability"": 9.237343334689285e-09}, {""token"": "" Two"", ""token_id"": 8512, ""probability"": 2.6465432068079053e-09}, {""token"": "" Legs"", ""token_id"": 156403, ""probability"": 9.73608860199704e-10}, {""token"": "" Typically"", ""token_id"": 50338, ""probability"": 4.5990022901065686e-10}, {""token"": "" None"", ""token_id"": 5450, ""probability"": 3.5817065979770746e-10}, {""token"": "" Some"", ""token_id"": 4943, ""probability"": 3.5817065979770746e-10}, {""token"": "" Usually"", ""token_id"": 34645, ""probability"": 3.5817065979770746e-10}, {""token"": ""\n\n"", ""token_id"": 108, ""probability"": 2.789435904482218e-10}]"
L7+L22+L27,"[7, 22, 27]","[14209, 137239, 23422, 23422, 60476, 129426, 129426, 144881, 144881]","[16, 16, 16, 21, 16, 16, 21, 16, 21]","[42685, 1703, 197021, 248182]","[16, 16, 16, 16]",0.8,0.5,False,joint,False,"[16.96796264648437, 26.664990234374994, 371.17919921874994, 347.80419921874994, 112.54871826171872, 140.83012695312496, 140.70306396484372, 188.69597167968746, 190.4671752929687]","[63.13398742675781, 911.5577621459961, 180.21970748901367, 472.3638916015625]","[67.87185668945312, 106.65998077392578, 63.133995056152344, 1464.1895751953125, 1368.81201171875, 399.15692138671875, 911.557861328125, 180.21971130371094, 365.2638244628906, 290.66650390625, 817.3255004882812, 675.776611328125, 472.36395263671875]",2574.0895065927616, Eight,0.999984860420227,1.7603197193238884e-06,0.999984860420227,1.3007100278628059e-05,-13.249999967011025,"[{""token"": "" Eight"", ""token_id"": 38923, ""probability"": 0.999984860420227}, {""token"": "" Four"", ""token_id"": 13038, ""probability"": 1.3007100278628059e-05}, {""token"": "" Six"", ""token_id"": 19759, ""probability"": 1.7603197193238884e-06}, {""token"": ""Eight"", ""token_id"": 80357, ""probability"": 3.9278040731005603e-07}, {""token"": "" Many"", ""token_id"": 8732, ""probability"": 9.237310472087756e-09}, {""token"": "" Two"", ""token_id"": 8512, ""probability"": 3.3982163749612937e-09}, {""token"": "" Legs"", ""token_id"": 156403, ""probability"": 9.736053074860251e-10}, {""token"": "" Typically"", ""token_id"": 50338, ""probability"": 5.905214650603341e-10}, {""token"": "" Some"", ""token_id"": 4943, ""probability"": 4.5989859143169554e-10}, {""token"": ""\n\n"", ""token_id"": 108, ""probability"": 3.5816938304122914e-10}, {""token"": "" Zero"", ""token_id"": 31234, ""probability"": 3.5816938304122914e-10}, {""token"": "" Usually"", ""token_id"": 34645, ""probability"": 3.5816938304122914e-10}]"
L7+L22+L27,"[7, 22, 27]","[14209, 137239, 23422, 23422, 60476, 129426, 129426, 144881, 144881]","[16, 16, 16, 21, 16, 16, 21, 16, 21]","[42685, 1703, 197021, 248182]","[16, 16, 16, 16]",0.8,0.75,False,joint,False,"[16.96796264648437, 26.664990234374994, 371.17919921874994, 347.80419921874994, 112.54871826171872, 140.83012695312496, 140.70306396484372, 188.69597167968746, 190.4671752929687]","[94.70098114013672, 1367.3366432189941, 270.3295612335205, 708.5458374023438]","[67.87185668945312, 106.65998077392578, 94.70099639892578, 1439.8919677734375, 1412.863525390625, 381.99420166015625, 1367.3369140625, 270.3295593261719, 369.3134765625, 322.0521545410156, 810.99609375, 709.340576171875, 708.5458984375]",2843.599366679601, Eight,0.9999767541885376,1.3709272934647743e-06,0.9999767541885376,2.1444910089485347e-05,-13.499999944463038,"[{""token"": "" Eight"", ""token_id"": 38923, ""probability"": 0.9999767541885376}, {""token"": "" Four"", ""token_id"": 13038, ""probability"": 2.1444910089485347e-05}, {""token"": "" Six"", ""token_id"": 19759, ""probability"": 1.3709272934647743e-06}, {""token"": ""Eight"", ""token_id"": 80357, ""probability"": 3.9277722407859983e-07}, {""token"": "" Many"", ""token_id"": 8732, ""probability"": 1.1860844750799515e-08}, {""token"": "" Two"", ""token_id"": 8512, ""probability"": 4.363361227888163e-09}, {""token"": "" Legs"", ""token_id"": 156403, ""probability"": 1.6051906470693211e-09}, {""token"": "" Typically"", ""token_id"": 50338, ""probability"": 9.735974249025503e-10}, {""token"": "" Usually"", ""token_id"": 34645, ""probability"": 5.905166911013282e-10}, {""token"": "" Some"", ""token_id"": 4943, ""probability"": 5.905166911013282e-10}, {""token"": ""\n\n"", ""token_id"": 108, ""probability"": 4.5989487218456304e-10}, {""token"": "" Several"", ""token_id"": 22624, ""probability"": 2.7894031529029917e-10}]"
L7+L22+L27,"[7, 22, 27]","[14209, 137239, 23422, 23422, 60476, 129426, 129426, 144881, 144881]","[16, 16, 16, 21, 16, 16, 21, 16, 21]","[42685, 1703, 197021, 248182]","[16, 16, 16, 16]",0.8,1.0,False,joint,False,"[16.96796264648437, 26.664990234374994, 371.17919921874994, 347.80419921874994, 112.54871826171872, 140.83012695312496, 140.70306396484372, 188.69597167968746, 190.4671752929687]","[126.26797485351562, 1823.1155242919922, 360.43941497802734, 944.727783203125]","[67.87185668945312, 106.65998077392578, 126.26799011230469, 1405.6439208984375, 1360.362548828125, 351.33905029296875, 1823.11572265625, 360.4394226074219, 383.41839599609375, 280.09619140625, 806.1536254882812, 620.3466186523438, 944.7279052734375]",3096.472547785294, Eight,0.9999619722366333,2.2602434910368174e-06,0.9999619722366333,3.5356155422050506e-05,-12.99999998260029,"[{""token"": "" Eight"", ""token_id"": 38923, ""probability"": 0.9999619722366333}, {""token"": "" Four"", ""token_id"": 13038, ""probability"": 3.5356155422050506e-05}, {""token"": "" Six"", ""token_id"": 19759, ""probability"": 2.2602434910368174e-06}, {""token"": ""Eight"", ""token_id"": 80357, ""probability"": 3.927713976281666e-07}, {""token"": "" Many"", ""token_id"": 8732, ""probability"": 1.1860668891472415e-08}, {""token"": "" Two"", ""token_id"": 8512, ""probability"": 4.363296390863525e-09}, {""token"": "" Legs"", ""token_id"": 156403, ""probability"": 2.0610750883776063e-09}, {""token"": "" Typically"", ""token_id"": 50338, ""probability"": 1.2501053525681982e-09}, {""token"": "" Usually"", ""token_id"": 34645, ""probability"": 9.735831030255326e-10}, {""token"": "" Some"", ""token_id"": 4943, ""probability"": 5.905079203394337e-10}, {""token"": "" Several"", ""token_id"": 22624, ""probability"": 2.7893620746510805e-10}, {""token"": ""\n\n"", ""token_id"": 108, ""probability"": 2.7893620746510805e-10}]"
L7+L22+L27,"[7, 22, 27]","[14209, 137239, 23422, 23422, 60476, 129426, 129426, 144881, 144881]","[16, 16, 16, 21, 16, 16, 21, 16, 21]","[42685, 1703, 197021, 248182]","[16, 16, 16, 16]",0.8,1.25,False,joint,False,"[16.96796264648437, 26.664990234374994, 371.17919921874994, 347.80419921874994, 112.54871826171872, 140.83012695312496, 140.70306396484372, 188.69597167968746, 190.4671752929687]","[157.83496856689453, 2278.8944053649902, 450.5492687225342, 1180.9097290039062]","[67.87185668945312, 106.65998077392578, 157.83499145507812, 1385.5311279296875, 1351.2969970703125, 336.49835205078125, 2278.894775390625, 450.54925537109375, 386.6358642578125, 273.1270446777344, 798.8753662109375, 591.3282470703125, 1180.9097900390625]",3450.027047467594, Eight,0.9999756813049316,2.2602744138566777e-06,0.9999756813049316,2.14448864426231e-05,-13.00000001099989,"[{""token"": "" Eight"", ""token_id"": 38923, ""probability"": 0.9999756813049316}, {""token"": "" Four"", ""token_id"": 13038, ""probability"": 2.14448864426231e-05}, {""token"": "" Six"", ""token_id"": 19759, ""probability"": 2.2602744138566777e-06}, {""token"": ""Eight"", ""token_id"": 80357, ""probability"": 6.475794975813187e-07}, {""token"": "" Many"", ""token_id"": 8732, ""probability"": 1.9555205454935276e-08}, {""token"": "" Two"", ""token_id"": 8512, ""probability"": 4.3633563429068545e-09}, {""token"": "" Legs"", ""token_id"": 156403, ""probability"": 2.6465094560279567e-09}, {""token"": "" Typically"", ""token_id"": 50338, ""probability"": 1.6051888707124817e-09}, {""token"": "" Usually"", ""token_id"": 34645, ""probability"": 9.735964257018281e-10}, {""token"": "" Some"", ""token_id"": 4943, ""probability"": 7.582375838310895e-10}, {""token"": "" Several"", ""token_id"": 22624, ""probability"": 4.5989437258420196e-10}, {""token"": ""\n\n"", ""token_id"": 108, ""probability"": 4.5989437258420196e-10}]"
L7+L22+L27,"[7, 22, 27]","[14209, 137239, 23422, 23422, 60476, 129426, 129426, 144881, 144881]","[16, 16, 16, 21, 16, 16, 21, 16, 21]","[42685, 1703, 197021, 248182]","[16, 16, 16, 16]",0.8,1.5,False,joint,False,"[16.96796264648437, 26.664990234374994, 371.17919921874994, 347.80419921874994, 112.54871826171872, 140.83012695312496, 140.70306396484372, 188.69597167968746, 190.4671752929687]","[189.40196228027344, 2734.6732864379883, 540.659122467041, 1417.0916748046875]","[67.87185668945312, 106.65998077392578, 189.40199279785156, 1322.2276611328125, 1177.5482177734375, 292.02191162109375, 2734.673828125, 540.6591186523438, 379.38592529296875, 166.08868408203125, 790.6421508789062, 446.65667724609375, 1417.091796875]",3747.9430844354592, Eight,0.9998971223831177,2.7533618776942603e-05,0.9998971223831177,7.484413799829781e-05,-10.499999916048738,"[{""token"": "" Eight"", ""token_id"": 38923, ""probability"": 0.9998971223831177}, {""token"": "" Four"", ""token_id"": 13038, ""probability"": 7.484413799829781e-05}, {""token"": "" Six"", ""token_id"": 19759, ""probability"": 2.7533618776942603e-05}, {""token"": ""Eight"", ""token_id"": 80357, ""probability"": 5.042957695877703e-07}, {""token"": "" Many"", ""token_id"": 8732, ""probability"": 4.139511844414301e-08}, {""token"": "" Legs"", ""token_id"": 156403, ""probability"": 9.23649956519057e-09}, {""token"": "" Two"", ""token_id"": 8512, ""probability"": 9.23649956519057e-09}, {""token"": "" Typically"", ""token_id"": 50338, ""probability"": 4.36301350603685e-09}, {""token"": "" Usually"", ""token_id"": 34645, ""probability"": 2.0609414175254415e-09}, {""token"": "" Some"", ""token_id"": 4943, ""probability"": 1.2500243062874006e-09}, {""token"": "" Several"", ""token_id"": 22624, ""probability"": 5.904696731562353e-10}, {""token"": ""\n\n"", ""token_id"": 108, ""probability"": 5.904696731562353e-10}]"
L7+L22+L27,"[7, 22, 27]","[14209, 137239, 23422, 23422, 60476, 129426, 129426, 144881, 144881]","[16, 16, 16, 21, 16, 16, 21, 16, 21]","[42685, 1703, 197021, 248182]","[16, 16, 16, 16]",0.8,2.0,True,joint,False,"[16.96796264648437, 26.664990234374994, 371.17919921874994, 347.80419921874994, 112.54871826171872, 140.83012695312496, 140.70306396484372, 188.69597167968746, 190.4671752929687]","[252.53594970703125, 3646.2310485839844, 720.8788299560547, 1889.45556640625]","[67.87185668945312, 106.65998077392578, 252.53598022460938, 1285.494873046875, 1053.798095703125, 256.59173583984375, 3646.2314453125, 720.8788452148438, 354.248046875, 90.65039825439453, 757.0342407226562, 330.0516662597656, 1889.455810546875]",4594.457706356098, Eight,0.9996825456619263,0.00015841101412661374,0.9996825456619263,0.00015841101412661374,-8.750000042636318,"[{""token"": "" Eight"", ""token_id"": 38923, ""probability"": 0.9996825456619263}, {""token"": "" Six"", ""token_id"": 19759, ""probability"": 0.00015841101412661374}, {""token"": "" Four"", ""token_id"": 13038, ""probability"": 0.00015841101412661374}, {""token"": ""Eight"", ""token_id"": 80357, ""probability"": 6.473896405623236e-07}, {""token"": "" Many"", ""token_id"": 8732, ""probability"": 5.3140979616728146e-08}, {""token"": "" Legs"", ""token_id"": 156403, ""probability"": 1.954947315141453e-08}, {""token"": "" Two"", ""token_id"": 8512, ""probability"": 1.522514558871535e-08}, {""token"": "" Typically"", ""token_id"": 50338, ""probability"": 7.191849338283873e-09}, {""token"": "" Usually"", ""token_id"": 34645, ""probability"": 3.3971889745743056e-09}, {""token"": "" Some"", ""token_id"": 4943, ""probability"": 2.060499104672431e-09}, {""token"": ""\n\n"", ""token_id"": 108, ""probability"": 9.73310987362197e-10}, {""token"": "" Several"", ""token_id"": 22624, ""probability"": 7.580152616704083e-10}]"
L7+L22+L27,"[7, 22, 27]","[14209, 137239, 23422, 23422, 60476, 129426, 129426, 144881, 144881]","[16, 16, 16, 21, 16, 16, 21, 16, 21]","[42685, 1703, 197021, 248182]","[16, 16, 16, 16]",0.8,3.0,True,joint,False,"[16.96796264648437, 26.664990234374994, 371.17919921874994, 347.80419921874994, 112.54871826171872, 140.83012695312496, 140.70306396484372, 188.69597167968746, 190.4671752929687]","[378.8039245605469, 5469.346572875977, 1081.318244934082, 2834.183349609375]","[67.87185668945312, 106.65998077392578, 378.8039855957031, 1184.2259521484375, 617.0051879882812, 182.6902313232422, 5469.34765625, 1081.3182373046875, 184.04086303710938, 140.7030487060547, 572.9586181640625, 86.13361358642578, 2834.18359375]",6440.567999123751, Eight,0.7748345136642456,0.2219938188791275,0.7748345136642456,0.0031665717251598835,-1.2499999371987514,"[{""token"": "" Eight"", ""token_id"": 38923, ""probability"": 0.7748345136642456}, {""token"": "" Six"", ""token_id"": 19759, ""probability"": 0.2219938188791275}, {""token"": "" Four"", ""token_id"": 13038, ""probability"": 0.0031665717251598835}, {""token"": "" Many"", ""token_id"": 8732, ""probability"": 2.2488181912194705e-06}, {""token"": "" Legs"", ""token_id"": 156403, ""probability"": 8.272939453490835e-07}, {""token"": "" Two"", ""token_id"": 8512, ""probability"": 8.272939453490835e-07}, {""token"": ""Eight"", ""token_id"": 80357, ""probability"": 8.272939453490835e-07}, {""token"": "" Typically"", ""token_id"": 50338, ""probability"": 1.4376213641753566e-07}, {""token"": "" Usually"", ""token_id"": 34645, ""probability"": 1.119620591794046e-07}, {""token"": "" Some"", ""token_id"": 4943, ""probability"": 1.119620591794046e-07}, {""token"": ""Six"", ""token_id"": 44955, ""probability"": 3.207766852142413e-08}, {""token"": ""\n\n"", ""token_id"": 108, ""probability"": 1.945608829601042e-08}]"
L7+L22+L27,"[7, 22, 27]","[14209, 137239, 23422, 23422, 60476, 129426, 129426, 144881, 144881]","[16, 16, 16, 21, 16, 16, 21, 16, 21]","[42685, 1703, 197021, 248182]","[16, 16, 16, 16]",1.0,0.0,False,spider_only,False,"[0.0, 0.0, 0.0, 0.0, 0.0, 0.0, 0.0, 0.0, 0.0]","[0.0, 0.0, 0.0, 0.0]","[84.8398208618164, 133.32498168945312, 0.0, 1904.2620849609375, 1805.5799560546875, 551.9099731445312, 0.0, 0.0, 399.2951965332031, 432.93865966796875, 990.9597778320312, 1037.48974609375, 0.0]",3101.801060975566, Eight,0.9999935626983643,2.2603148863709066e-06,0.9999935626983643,3.726629074662924e-06,-12.99999998681067,"[{""token"": "" Eight"", ""token_id"": 38923, ""probability"": 0.9999935626983643}, {""token"": "" Four"", ""token_id"": 13038, ""probability"": 3.726629074662924e-06}, {""token"": "" Six"", ""token_id"": 19759, ""probability"": 2.2603148863709066e-06}, {""token"": ""Eight"", ""token_id"": 80357, ""probability"": 3.927838179151877e-07}, {""token"": "" Many"", ""token_id"": 8732, ""probability"": 9.23739040814553e-09}, {""token"": "" Two"", ""token_id"": 8512, ""probability"": 3.3982459068937487e-09}, {""token"": "" Legs"", ""token_id"": 156403, ""probability"": 5.905266275973986e-10}, {""token"": "" None"", ""token_id"": 5450, ""probability"": 3.581724916656981e-10}, {""token"": "" Several"", ""token_id"": 22624, ""probability"": 3.581724916656981e-10}, {""token"": "" Typically"", ""token_id"": 50338, ""probability"": 3.581724916656981e-10}, {""token"": "" Multiple"", ""token_id"": 34489, ""probability"": 2.789450059825782e-10}, {""token"": "" Some"", ""token_id"": 4943, ""probability"": 2.789450059825782e-10}]"
L7+L22+L27,"[7, 22, 27]","[14209, 137239, 23422, 23422, 60476, 129426, 129426, 144881, 144881]","[16, 16, 16, 21, 16, 16, 21, 16, 21]","[42685, 1703, 197021, 248182]","[16, 16, 16, 16]",1.0,0.25,False,joint,False,"[0.0, 0.0, 0.0, 0.0, 0.0, 0.0, 0.0, 0.0, 0.0]","[31.566993713378906, 455.77888107299805, 90.10985374450684, 236.18194580078125]","[84.8398208618164, 133.32498168945312, 31.566997528076172, 1885.2305908203125, 1780.4305419921875, 537.2112426757812, 455.7789306640625, 90.10985565185547, 412.2637634277344, 403.3849792480469, 991.111083984375, 959.3212890625, 236.18197631835938]",3089.5806430944863, Eight,0.9999868869781494,4.785054898093222e-06,0.9999868869781494,7.889220796641894e-06,-12.249999947061603,"[{""token"": "" Eight"", ""token_id"": 38923, ""probability"": 0.9999868869781494}, {""token"": "" Four"", ""token_id"": 13038, ""probability"": 7.889220796641894e-06}, {""token"": "" Six"", ""token_id"": 19759, ""probability"": 4.785054898093222e-06}, {""token"": ""Eight"", ""token_id"": 80357, ""probability"": 5.043410737926024e-07}, {""token"": "" Many"", ""token_id"": 8732, ""probability"": 1.5229781880066184e-08}, {""token"": "" Two"", ""token_id"": 8512, ""probability"": 5.602723174291668e-09}, {""token"": "" Legs"", ""token_id"": 156403, ""probability"": 1.2501364388128877e-09}, {""token"": "" Typically"", ""token_id"": 50338, ""probability"": 7.582460770372279e-10}, {""token"": "" None"", ""token_id"": 5450, ""probability"": 5.905226863056612e-10}, {""token"": "" Some"", ""token_id"": 4943, ""probability"": 5.905226863056612e-10}, {""token"": "" Usually"", ""token_id"": 34645, ""probability"": 5.905226863056612e-10}, {""token"": ""\n\n"", ""token_id"": 108, ""probability"": 3.5817010468619515e-10}]"
L7+L22+L27,"[7, 22, 27]","[14209, 137239, 23422, 23422, 60476, 129426, 129426, 144881, 144881]","[16, 16, 16, 21, 16, 16, 21, 16, 21]","[42685, 1703, 197021, 248182]","[16, 16, 16, 16]",1.0,0.5,False,joint,False,"[0.0, 0.0, 0.0, 0.0, 0.0, 0.0, 0.0, 0.0, 0.0]","[63.13398742675781, 911.5577621459961, 180.21970748901367, 472.3638916015625]","[84.8398208618164, 133.32498168945312, 63.133995056152344, 1863.518798828125, 1758.6572265625, 518.5885009765625, 911.557861328125, 180.21971130371094, 423.7364807128906, 401.294189453125, 986.3475341796875, 944.0347290039062, 472.36395263671875]",3186.6421318866737, Eight,0.999984622001648,4.7850439841568004e-06,0.999984622001648,1.0129937436431646e-05,-12.249999962893723,"[{""token"": "" Eight"", ""token_id"": 38923, ""probability"": 0.999984622001648}, {""token"": "" Four"", ""token_id"": 13038, ""probability"": 1.0129937436431646e-05}, {""token"": "" Six"", ""token_id"": 19759, ""probability"": 4.7850439841568004e-06}, {""token"": ""Eight"", ""token_id"": 80357, ""probability"": 5.043399369242252e-07}, {""token"": "" Many"", ""token_id"": 8732, ""probability"": 1.5229746352929396e-08}, {""token"": "" Two"", ""token_id"": 8512, ""probability"": 7.1940227108768795e-09}, {""token"": "" Legs"", ""token_id"": 156403, ""probability"": 1.2501336632553262e-09}, {""token"": "" Typically"", ""token_id"": 50338, ""probability"": 9.736050854414202e-10}, {""token"": "" Some"", ""token_id"": 4943, ""probability"": 5.905212985268804e-10}, {""token"": "" Usually"", ""token_id"": 34645, ""probability"": 5.905212985268804e-10}, {""token"": "" Several"", ""token_id"": 22624, ""probability"": 4.5989848040939307e-10}, {""token"": "" None"", ""token_id"": 5450, ""probability"": 4.5989848040939307e-10}]"
L7+L22+L27,"[7, 22, 27]","[14209, 137239, 23422, 23422, 60476, 129426, 129426, 144881, 144881]","[16, 16, 16, 21, 16, 16, 21, 16, 21]","[42685, 1703, 197021, 248182]","[16, 16, 16, 16]",1.0,0.75,False,joint,False,"[0.0, 0.0, 0.0, 0.0, 0.0, 0.0, 0.0, 0.0, 0.0]","[94.70098114013672, 1367.3366432189941, 270.3295612335205, 708.5458374023438]","[84.8398208618164, 133.32498168945312, 94.70099639892578, 1811.1685791015625, 1776.466064453125, 488.1040344238281, 1367.3369140625, 270.3295593261719, 434.77935791015625, 394.0515441894531, 989.99609375, 921.493896484375, 708.5458984375]",3365.505763923395, Eight,0.9999847412109375,4.785044438904151e-06,0.9999847412109375,1.0129938345926348e-05,-12.249999987069698,"[{""token"": "" Eight"", ""token_id"": 38923, ""probability"": 0.9999847412109375}, {""token"": "" Four"", ""token_id"": 13038, ""probability"": 1.0129938345926348e-05}, {""token"": "" Six"", ""token_id"": 19759, ""probability"": 4.785044438904151e-06}, {""token"": ""Eight"", ""token_id"": 80357, ""probability"": 3.927803504666372e-07}, {""token"": "" Many"", ""token_id"": 8732, ""probability"": 1.9555383090619216e-08}, {""token"": "" Two"", ""token_id"": 8512, ""probability"": 7.194023599055299e-09}, {""token"": "" Legs"", ""token_id"": 156403, ""probability"": 2.0611219397892455e-09}, {""token"": "" Typically"", ""token_id"": 50338, ""probability"": 1.2501337742776286e-09}, {""token"": "" Usually"", ""token_id"": 34645, ""probability"": 9.736051964637227e-10}, {""token"": "" Some"", ""token_id"": 4943, ""probability"": 7.582444672138422e-10}, {""token"": "" Multiple"", ""token_id"": 34489, ""probability"": 5.905214095491829e-10}, {""token"": "" Several"", ""token_id"": 22624, ""probability"": 5.905214095491829e-10}]"
L7+L22+L27,"[7, 22, 27]","[14209, 137239, 23422, 23422, 60476, 129426, 129426, 144881, 144881]","[16, 16, 16, 21, 16, 16, 21, 16, 21]","[42685, 1703, 197021, 248182]","[16, 16, 16, 16]",1.0,1.0,False,joint,False,"[0.0, 0.0, 0.0, 0.0, 0.0, 0.0, 0.0, 0.0, 0.0]","[126.26797485351562, 1823.1155242919922, 360.43941497802734, 944.727783203125]","[84.8398208618164, 133.32498168945312, 126.26799011230469, 1784.64599609375, 1673.0087890625, 462.1224670410156, 1823.11572265625, 360.4394226074219, 439.2459411621094, 316.8162536621094, 972.3892822265625, 779.4091796875, 944.7279052734375]",3525.748334328714, Eight,0.9999474287033081,1.6700822015991434e-05,0.9999474287033081,3.5355642467038706e-05,-11.000000044559885,"[{""token"": "" Eight"", ""token_id"": 38923, ""probability"": 0.9999474287033081}, {""token"": "" Four"", ""token_id"": 13038, ""probability"": 3.5355642467038706e-05}, {""token"": "" Six"", ""token_id"": 19759, ""probability"": 1.6700822015991434e-05}, {""token"": ""Eight"", ""token_id"": 80357, ""probability"": 5.043211785960011e-07}, {""token"": "" Many"", ""token_id"": 8732, ""probability"": 2.5108670698159585e-08}, {""token"": "" Two"", ""token_id"": 8512, ""probability"": 9.236964082504073e-09}, {""token"": "" Legs"", ""token_id"": 156403, ""probability"": 5.602502017865163e-09}, {""token"": "" Typically"", ""token_id"": 50338, ""probability"": 2.0610451123559415e-09}, {""token"": "" Usually"", ""token_id"": 34645, ""probability"": 1.2500871449105944e-09}, {""token"": "" Some"", ""token_id"": 4943, ""probability"": 9.735688921708174e-10}, {""token"": "" Several"", ""token_id"": 22624, ""probability"": 5.904993716221441e-10}, {""token"": ""\n\n"", ""token_id"": 108, ""probability"": 4.5988138297481385e-10}]"
L7+L22+L27,"[7, 22, 27]","[14209, 137239, 23422, 23422, 60476, 129426, 129426, 144881, 144881]","[16, 16, 16, 21, 16, 16, 21, 16, 21]","[42685, 1703, 197021, 248182]","[16, 16, 16, 16]",1.0,1.25,False,joint,False,"[0.0, 0.0, 0.0, 0.0, 0.0, 0.0, 0.0, 0.0, 0.0]","[157.83496856689453, 2278.8944053649902, 450.5492687225342, 1180.9097290039062]","[84.8398208618164, 133.32498168945312, 157.83499145507812, 1758.444580078125, 1644.7679443359375, 444.6659240722656, 2278.894775390625, 450.54925537109375, 442.9654846191406, 305.3299865722656, 970.6476440429688, 745.8673095703125, 1180.9097900390625]",3824.111089010147, Eight,0.9999188184738159,3.5354631108930334e-05,0.9999188184738159,4.539624569588341e-05,-10.249999982056059,"[{""token"": "" Eight"", ""token_id"": 38923, ""probability"": 0.9999188184738159}, {""token"": "" Four"", ""token_id"": 13038, ""probability"": 4.539624569588341e-05}, {""token"": "" Six"", ""token_id"": 19759, ""probability"": 3.5354631108930334e-05}, {""token"": ""Eight"", ""token_id"": 80357, ""probability"": 3.927544582893461e-07}, {""token"": "" Many"", ""token_id"": 8732, ""probability"": 3.2239249492249655e-08}, {""token"": "" Two"", ""token_id"": 8512, ""probability"": 1.1860157300702667e-08}, {""token"": "" Legs"", ""token_id"": 156403, ""probability"": 5.602341701660407e-09}, {""token"": "" Typically"", ""token_id"": 50338, ""probability"": 2.6463589097858176e-09}, {""token"": "" Some"", ""token_id"": 4943, ""probability"": 1.2500513957292014e-09}, {""token"": "" Usually"", ""token_id"": 34645, ""probability"": 1.2500513957292014e-09}, {""token"": "" Several"", ""token_id"": 22624, ""probability"": 5.904824407210185e-10}, {""token"": ""\n\n"", ""token_id"": 108, ""probability"": 5.904824407210185e-10}]"
L7+L22+L27,"[7, 22, 27]","[14209, 137239, 23422, 23422, 60476, 129426, 129426, 144881, 144881]","[16, 16, 16, 21, 16, 16, 21, 16, 21]","[42685, 1703, 197021, 248182]","[16, 16, 16, 16]",1.0,1.5,False,joint,False,"[0.0, 0.0, 0.0, 0.0, 0.0, 0.0, 0.0, 0.0, 0.0]","[189.40196228027344, 2734.6732864379883, 540.659122467041, 1417.0916748046875]","[84.8398208618164, 133.32498168945312, 189.40199279785156, 1703.802490234375, 1595.5975341796875, 406.75262451171875, 2734.673828125, 540.6591186523438, 437.6258850097656, 269.77410888671875, 961.0922241210938, 683.9459838867188, 1417.091796875]",4136.404939311392, Eight,0.999866247177124,7.48418242437765e-05,0.999866247177124,5.828686698805541e-05,-9.499999919835986,"[{""token"": "" Eight"", ""token_id"": 38923, ""probability"": 0.999866247177124}, {""token"": "" Six"", ""token_id"": 19759, ""probability"": 7.48418242437765e-05}, {""token"": "" Four"", ""token_id"": 13038, ""probability"": 5.828686698805541e-05}, {""token"": ""Eight"", ""token_id"": 80357, ""probability"": 5.042801944910025e-07}, {""token"": "" Many"", ""token_id"": 8732, ""probability"": 6.824690501616715e-08}, {""token"": "" Two"", ""token_id"": 8512, ""probability"": 1.5227943350737405e-08}, {""token"": "" Legs"", ""token_id"": 156403, ""probability"": 1.1859533799452038e-08}, {""token"": "" Typically"", ""token_id"": 50338, ""probability"": 4.362878947006266e-09}, {""token"": "" Some"", ""token_id"": 4943, ""probability"": 2.060877912768433e-09}, {""token"": "" Usually"", ""token_id"": 34645, ""probability"": 2.060877912768433e-09}, {""token"": "" Multiple"", ""token_id"": 34489, ""probability"": 9.734898442914641e-10}, {""token"": "" Several"", ""token_id"": 22624, ""probability"": 9.734898442914641e-10}]"
L7+L22+L27,"[7, 22, 27]","[14209, 137239, 23422, 23422, 60476, 129426, 129426, 144881, 144881]","[16, 16, 16, 21, 16, 16, 21, 16, 21]","[42685, 1703, 197021, 248182]","[16, 16, 16, 16]",1.0,2.0,True,joint,False,"[0.0, 0.0, 0.0, 0.0, 0.0, 0.0, 0.0, 0.0, 0.0]","[252.53594970703125, 3646.2310485839844, 720.8788299560547, 1889.45556640625]","[84.8398208618164, 133.32498168945312, 252.53598022460938, 1682.3150634765625, 1379.188232421875, 380.06414794921875, 3646.2314453125, 720.8788452148438, 407.5691223144531, 0.0, 923.3330688476562, 504.94464111328125, 1889.455810546875]",4860.440271767157, Eight,0.9963982105255127,0.0031713172793388367,0.9963982105255127,0.0004291911027394235,-5.74999994033973,"[{""token"": "" Eight"", ""token_id"": 38923, ""probability"": 0.9963982105255127}, {""token"": "" Six"", ""token_id"": 19759, ""probability"": 0.0031713172793388367}, {""token"": "" Four"", ""token_id"": 13038, ""probability"": 0.0004291911027394235}, {""token"": ""Eight"", ""token_id"": 80357, ""probability"": 8.285337571578566e-07}, {""token"": "" Many"", ""token_id"": 8732, ""probability"": 2.373788845488889e-07}, {""token"": "" Two"", ""token_id"": 8512, ""probability"": 1.1212985384645435e-07}, {""token"": "" Legs"", ""token_id"": 156403, ""probability"": 8.732681777701146e-08}, {""token"": "" Typically"", ""token_id"": 50338, ""probability"": 3.212574029021198e-08}, {""token"": "" Usually"", ""token_id"": 34645, ""probability"": 1.5175125156474678e-08}, {""token"": "" Some"", ""token_id"": 4943, ""probability"": 9.204178752497683e-09}, {""token"": ""\n\n"", ""token_id"": 108, ""probability"": 4.347746163091415e-09}, {""token"": "" Several"", ""token_id"": 22624, ""probability"": 3.386028124552354e-09}]"
L7+L22+L27,"[7, 22, 27]","[14209, 137239, 23422, 23422, 60476, 129426, 129426, 144881, 144881]","[16, 16, 16, 21, 16, 16, 21, 16, 21]","[42685, 1703, 197021, 248182]","[16, 16, 16, 16]",1.0,3.0,True,joint,True,"[0.0, 0.0, 0.0, 0.0, 0.0, 0.0, 0.0, 0.0, 0.0]","[378.8039245605469, 5469.346572875977, 1081.318244934082, 2834.183349609375]","[84.8398208618164, 133.32498168945312, 378.8039855957031, 1591.051513671875, 1060.6297607421875, 313.93743896484375, 5469.34765625, 1081.3182373046875, 249.66561889648438, 0.0, 728.334716796875, 313.1275634765625, 2834.18359375]",6612.856095505104, Six,0.5605177283287048,0.5605177283287048,0.4365316331386566,0.0029413271695375443,0.2500000288848334,"[{""token"": "" Six"", ""token_id"": 19759, ""probability"": 0.5605177283287048}, {""token"": "" Eight"", ""token_id"": 38923, ""probability"": 0.4365316331386566}, {""token"": "" Four"", ""token_id"": 13038, ""probability"": 0.0029413271695375443}, {""token"": "" Many"", ""token_id"": 8732, ""probability"": 3.4439399314578623e-06}, {""token"": "" Two"", ""token_id"": 8512, ""probability"": 2.682143303900375e-06}, {""token"": "" Legs"", ""token_id"": 156403, ""probability"": 1.6268021454379777e-06}, {""token"": ""Eight"", ""token_id"": 80357, ""probability"": 5.984670679026749e-07}, {""token"": "" Typically"", ""token_id"": 50338, ""probability"": 2.826958223067777e-07}, {""token"": "" Some"", ""token_id"": 4943, ""probability"": 2.826958223067777e-07}, {""token"": "" Usually"", ""token_id"": 34645, ""probability"": 1.7146366815268266e-07}, {""token"": ""Six"", ""token_id"": 44955, ""probability"": 8.099370774061754e-08}, {""token"": "" Several"", ""token_id"": 22624, ""probability"": 3.825871885965171e-08}]"
