scope,tested_layers,spider_feature_ids,spider_positions,ant_feature_ids,ant_positions,spider_suppression,ant_factor,overdrive,control,success,spider_targets,ant_targets,operation_delta_norms,total_delta_norm,top_token,top_probability,p_six,p_eight,p_four,log_p_six_minus_log_p_eight,other_top_tokens
L22-L27-ant-coverage,"[22, 23, 24, 25, 26, 27]","[23422, 23422, 60476, 56900, 56900, 184534, 184534, 109731, 109731, 169121, 145491, 145491, 233390, 129426, 129426, 144881, 144881]","[16, 21, 16, 16, 21, 16, 21, 16, 21, 16, 16, 21, 21, 16, 21, 16, 21]","[1703, 197021, 82603, 209073, 236757, 73903, 248182]","[16, 16, 16, 16, 16, 16, 16]",0.0,0.0,False,unmodified,False,"[1855.89599609375, 1739.02099609375, 562.7435913085938, 568.4154052734375, 719.163330078125, 465.2173767089844, 608.1962890625, 620.8114013671875, 610.472900390625, 537.923095703125, 916.8988647460938, 702.4598388671875, 603.0096435546875, 704.150634765625, 703.5153198242188, 943.4798583984375, 952.3358764648438]","[0.0, 0.0, 0.0, 0.0, 0.0, 0.0, 0.0]","[3.0517578125e-05, 3.0517578125e-05, 0.0, 0.0, 0.0, 1.5258788153005298e-05, 1.5258788153005298e-05, 0.0, 0.0, 3.0517578125e-05, 0.0, 3.0517578125e-05, 3.0517578125e-05, 1.52587890625e-05, 0.0, 0.0, 0.0, 0.0, 0.0, 1.5258787243510596e-05, 1.5258787243510596e-05, 1.9073486328125e-05, 1.9073486328125e-05, 0.0]",8.09219481119408e-05, Eight,0.999982476234436,1.1253320053583593e-07,0.999982476234436,1.6701407730579376e-05,-16.000000019046855,"[{""token"": "" Eight"", ""token_id"": 38923, ""probability"": 0.999982476234436}, {""token"": "" Four"", ""token_id"": 13038, ""probability"": 1.6701407730579376e-05}, {""token"": ""Eight"", ""token_id"": 80357, ""probability"": 6.47583874524571e-07}, {""token"": "" Six"", ""token_id"": 19759, ""probability"": 1.1253320053583593e-07}, {""token"": "" Many"", ""token_id"": 8732, ""probability"": 4.3633860968839144e-09}, {""token"": "" Two"", ""token_id"": 8512, ""probability"": 1.6051998619204255e-09}, {""token"": "" Legs"", ""token_id"": 156403, ""probability"": 5.905200772815533e-10}, {""token"": "" None"", ""token_id"": 5450, ""probability"": 2.789419251136849e-10}, {""token"": "" Typically"", ""token_id"": 50338, ""probability"": 2.789419251136849e-10}, {""token"": "" Usually"", ""token_id"": 34645, ""probability"": 2.789419251136849e-10}, {""token"": "" Some"", ""token_id"": 4943, ""probability"": 2.789419251136849e-10}, {""token"": ""\n\n"", ""token_id"": 108, ""probability"": 2.789419251136849e-10}]"
L22-L27-ant-coverage,"[22, 23, 24, 25, 26, 27]","[23422, 23422, 60476, 56900, 56900, 184534, 184534, 109731, 109731, 169121, 145491, 145491, 233390, 129426, 129426, 144881, 144881]","[16, 21, 16, 16, 21, 16, 21, 16, 21, 16, 16, 21, 21, 16, 21, 16, 21]","[1703, 197021, 82603, 209073, 236757, 73903, 248182]","[16, 16, 16, 16, 16, 16, 16]",0.0,0.25,False,ant_only,False,"[1855.89599609375, 1739.02099609375, 562.7435913085938, 568.4154052734375, 719.163330078125, 465.2173767089844, 608.1962890625, 620.8114013671875, 610.472900390625, 537.923095703125, 916.8988647460938, 702.4598388671875, 603.0096435546875, 704.150634765625, 703.5153198242188, 943.4798583984375, 952.3358764648438]","[455.77888107299805, 90.10985374450684, 47.291446685791016, 253.4788055419922, 65.03054809570312, 312.6178283691406, 236.18194580078125]","[3.0517578125e-05, 3.0517578125e-05, 0.0, 455.7789306640625, 90.10985565185547, 6.6026153564453125, 0.1982574313879013, 47.29145050048828, 1.23077392578125, 1.582855224609375, 253.47882080078125, 3.870086669921875, 0.174468994140625, 2.7981109619140625, 65.0305404663086, 14.425780296325684, 0.82708740234375, 0.3453369438648224, 312.61785888671875, 15.281203269958496, 2.9996488094329834, 15.476948738098145, 5.062725067138672, 236.18197631835938]",663.9805076971032, Eight,0.999982476234436,1.1253320053583593e-07,0.999982476234436,1.6701407730579376e-05,-16.000000019046855,"[{""token"": "" Eight"", ""token_id"": 38923, ""probability"": 0.999982476234436}, {""token"": "" Four"", ""token_id"": 13038, ""probability"": 1.6701407730579376e-05}, {""token"": ""Eight"", ""token_id"": 80357, ""probability"": 6.47583874524571e-07}, {""token"": "" Six"", ""token_id"": 19759, ""probability"": 1.1253320053583593e-07}, {""token"": "" Many"", ""token_id"": 8732, ""probability"": 4.3633860968839144e-09}, {""token"": "" Two"", ""token_id"": 8512, ""probability"": 1.6051998619204255e-09}, {""token"": "" Legs"", ""token_id"": 156403, ""probability"": 7.58242746368154e-10}, {""token"": "" None"", ""token_id"": 5450, ""probability"": 3.5816852261838505e-10}, {""token"": "" Usually"", ""token_id"": 34645, ""probability"": 3.5816852261838505e-10}, {""token"": "" Typically"", ""token_id"": 50338, ""probability"": 3.5816852261838505e-10}, {""token"": "" Some"", ""token_id"": 4943, ""probability"": 2.789419251136849e-10}, {""token"": ""\n\n"", ""token_id"": 108, ""probability"": 2.789419251136849e-10}]"
L22-L27-ant-coverage,"[22, 23, 24, 25, 26, 27]","[23422, 23422, 60476, 56900, 56900, 184534, 184534, 109731, 109731, 169121, 145491, 145491, 233390, 129426, 129426, 144881, 144881]","[16, 21, 16, 16, 21, 16, 21, 16, 21, 16, 16, 21, 21, 16, 21, 16, 21]","[1703, 197021, 82603, 209073, 236757, 73903, 248182]","[16, 16, 16, 16, 16, 16, 16]",0.0,0.5,False,ant_only,False,"[1855.89599609375, 1739.02099609375, 562.7435913085938, 568.4154052734375, 719.163330078125, 465.2173767089844, 608.1962890625, 620.8114013671875, 610.472900390625, 537.923095703125, 916.8988647460938, 702.4598388671875, 603.0096435546875, 704.150634765625, 703.5153198242188, 943.4798583984375, 952.3358764648438]","[911.5577621459961, 180.21970748901367, 94.58289337158203, 506.9576110839844, 130.06109619140625, 625.2356567382812, 472.3638916015625]","[3.0517578125e-05, 3.0517578125e-05, 0.0, 911.557861328125, 180.21971130371094, 13.004165649414062, 0.2899322211742401, 94.58290100097656, 6.1209716796875, 1.637481689453125, 506.9576416015625, 4.744598388671875, 6.924285888671875, 9.004470825195312, 130.0610809326172, 31.28271484375, 7.37237548828125, 11.202027320861816, 625.2357177734375, 43.71686935424805, 0.1486968994140625, 38.26008987426758, 16.007305145263672, 472.36395263671875]",1328.7146886600312, Eight,0.999982476234436,1.4449550178596837e-07,0.999982476234436,1.6701407730579376e-05,-15.74999993546822,"[{""token"": "" Eight"", ""token_id"": 38923, ""probability"": 0.999982476234436}, {""token"": "" Four"", ""token_id"": 13038, ""probability"": 1.6701407730579376e-05}, {""token"": ""Eight"", ""token_id"": 80357, ""probability"": 6.47583874524571e-07}, {""token"": "" Six"", ""token_id"": 19759, ""probability"": 1.4449550178596837e-07}, {""token"": "" Many"", ""token_id"": 8732, ""probability"": 5.602698305295917e-09}, {""token"": "" Two"", ""token_id"": 8512, ""probability"": 1.6051998619204255e-09}, {""token"": "" Legs"", ""token_id"": 156403, ""probability"": 7.58242746368154e-10}, {""token"": "" Typically"", ""token_id"": 50338, ""probability"": 3.5816852261838505e-10}, {""token"": "" None"", ""token_id"": 5450, ""probability"": 3.5816852261838505e-10}, {""token"": ""\n\n"", ""token_id"": 108, ""probability"": 3.5816852261838505e-10}, {""token"": "" Usually"", ""token_id"": 34645, ""probability"": 3.5816852261838505e-10}, {""token"": "" Some"", ""token_id"": 4943, ""probability"": 2.789419251136849e-10}]"
L22-L27-ant-coverage,"[22, 23, 24, 25, 26, 27]","[23422, 23422, 60476, 56900, 56900, 184534, 184534, 109731, 109731, 169121, 145491, 145491, 233390, 129426, 129426, 144881, 144881]","[16, 21, 16, 16, 21, 16, 21, 16, 21, 16, 16, 21, 21, 16, 21, 16, 21]","[1703, 197021, 82603, 209073, 236757, 73903, 248182]","[16, 16, 16, 16, 16, 16, 16]",0.0,0.75,False,ant_only,False,"[1855.89599609375, 1739.02099609375, 562.7435913085938, 568.4154052734375, 719.163330078125, 465.2173767089844, 608.1962890625, 620.8114013671875, 610.472900390625, 537.923095703125, 916.8988647460938, 702.4598388671875, 603.0096435546875, 704.150634765625, 703.5153198242188, 943.4798583984375, 952.3358764648438]","[1367.3366432189941, 270.3295612335205, 141.87434005737305, 760.4364166259766, 195.09164428710938, 937.8534851074219, 708.5458374023438]","[3.0517578125e-05, 3.0517578125e-05, 0.0, 1367.3369140625, 270.3295593261719, 20.612442016601562, 0.2970123291015625, 141.87435913085938, 12.36407470703125, 0.676361083984375, 760.4364624023438, 5.002166748046875, 6.898773193359375, 14.822525024414062, 195.0916290283203, 49.120361328125, 3.04913330078125, 6.030151844024658, 937.8535766601562, 67.20832824707031, 0.2833404242992401, 63.52693557739258, 13.408428192138672, 708.5458984375]",1993.1907077043313, Eight,0.999982476234436,1.1253320053583593e-07,0.999982476234436,1.6701407730579376e-05,-16.000000019046855,"[{""token"": "" Eight"", ""token_id"": 38923, ""probability"": 0.999982476234436}, {""token"": "" Four"", ""token_id"": 13038, ""probability"": 1.6701407730579376e-05}, {""token"": ""Eight"", ""token_id"": 80357, ""probability"": 6.47583874524571e-07}, {""token"": "" Six"", ""token_id"": 19759, ""probability"": 1.1253320053583593e-07}, {""token"": "" Many"", ""token_id"": 8732, ""probability"": 4.3633860968839144e-09}, {""token"": "" Two"", ""token_id"": 8512, ""probability"": 1.6051998619204255e-09}, {""token"": "" Legs"", ""token_id"": 156403, ""probability"": 7.58242746368154e-10}, {""token"": "" Typically"", ""token_id"": 50338, ""probability"": 3.5816852261838505e-10}, {""token"": "" None"", ""token_id"": 5450, ""probability"": 3.5816852261838505e-10}, {""token"": ""\n\n"", ""token_id"": 108, ""probability"": 3.5816852261838505e-10}, {""token"": "" Usually"", ""token_id"": 34645, ""probability"": 3.5816852261838505e-10}, {""token"": "" Some"", ""token_id"": 4943, ""probability"": 2.789419251136849e-10}]"
L22-L27-ant-coverage,"[22, 23, 24, 25, 26, 27]","[23422, 23422, 60476, 56900, 56900, 184534, 184534, 109731, 109731, 169121, 145491, 145491, 233390, 129426, 129426, 144881, 144881]","[16, 21, 16, 16, 21, 16, 21, 16, 21, 16, 16, 21, 21, 16, 21, 16, 21]","[1703, 197021, 82603, 209073, 236757, 73903, 248182]","[16, 16, 16, 16, 16, 16, 16]",0.0,1.0,False,ant_only,False,"[1855.89599609375, 1739.02099609375, 562.7435913085938, 568.4154052734375, 719.163330078125, 465.2173767089844, 608.1962890625, 620.8114013671875, 610.472900390625, 537.923095703125, 916.8988647460938, 702.4598388671875, 603.0096435546875, 704.150634765625, 703.5153198242188, 943.4798583984375, 952.3358764648438]","[1823.1155242919922, 360.43941497802734, 189.16578674316406, 1013.9152221679688, 260.1221923828125, 1250.4713134765625, 944.727783203125]","[3.0517578125e-05, 3.0517578125e-05, 0.0, 1823.11572265625, 360.4394226074219, 27.35694694519043, 0.3437042236328125, 189.16580200195312, 10.0902099609375, 0.791839599609375, 1013.915283203125, 13.692840576171875, 7.960418701171875, 15.283279418945312, 260.1221618652344, 56.7259521484375, 11.00189208984375, 19.540651321411133, 1250.471435546875, 86.07142639160156, 3.9610440731048584, 74.63423156738281, 26.232282638549805, 944.7279052734375]",2657.0786735738443, Eight,0.9999778270721436,1.4449483387579676e-07,0.9999778270721436,2.1444933736347593e-05,-15.749999908583943,"[{""token"": "" Eight"", ""token_id"": 38923, ""probability"": 0.9999778270721436}, {""token"": "" Four"", ""token_id"": 13038, ""probability"": 2.1444933736347593e-05}, {""token"": ""Eight"", ""token_id"": 80357, ""probability"": 6.475808618233714e-07}, {""token"": "" Six"", ""token_id"": 19759, ""probability"": 1.4449483387579676e-07}, {""token"": "" Many"", ""token_id"": 8732, ""probability"": 4.363365668780261e-09}, {""token"": "" Two"", ""token_id"": 8512, ""probability"": 1.605192312403858e-09}, {""token"": "" Legs"", ""token_id"": 156403, ""probability"": 5.905173017239917e-10}, {""token"": "" None"", ""token_id"": 5450, ""probability"": 3.581668572838481e-10}, {""token"": "" Usually"", ""token_id"": 34645, ""probability"": 3.581668572838481e-10}, {""token"": ""\n\n"", ""token_id"": 108, ""probability"": 2.7894062060163094e-10}, {""token"": "" Some"", ""token_id"": 4943, ""probability"": 2.7894062060163094e-10}, {""token"": "" Typically"", ""token_id"": 50338, ""probability"": 2.7894062060163094e-10}]"
L22-L27-ant-coverage,"[22, 23, 24, 25, 26, 27]","[23422, 23422, 60476, 56900, 56900, 184534, 184534, 109731, 109731, 169121, 145491, 145491, 233390, 129426, 129426, 144881, 144881]","[16, 21, 16, 16, 21, 16, 21, 16, 21, 16, 16, 21, 21, 16, 21, 16, 21]","[1703, 197021, 82603, 209073, 236757, 73903, 248182]","[16, 16, 16, 16, 16, 16, 16]",0.0,1.25,False,ant_only,False,"[1855.89599609375, 1739.02099609375, 562.7435913085938, 568.4154052734375, 719.163330078125, 465.2173767089844, 608.1962890625, 620.8114013671875, 610.472900390625, 537.923095703125, 916.8988647460938, 702.4598388671875, 603.0096435546875, 704.150634765625, 703.5153198242188, 943.4798583984375, 952.3358764648438]","[2278.8944053649902, 450.5492687225342, 236.45723342895508, 1267.394027709961, 325.1527404785156, 1563.0891418457031, 1180.9097290039062]","[3.0517578125e-05, 3.0517578125e-05, 0.0, 2278.894775390625, 450.54925537109375, 35.70655822753906, 0.0999908447265625, 236.45724487304688, 7.49200439453125, 5.015777587890625, 1267.3941650390625, 19.861541748046875, 9.763519287109375, 18.390031814575195, 325.1527099609375, 58.252685546875, 10.103271484375, 17.9539794921875, 1563.0892333984375, 100.82135772705078, 1.6106414794921875, 82.68305969238281, 30.867168426513672, 1180.9097900390625]",3320.5474036858136, Eight,0.999977707862854,1.8553501490714552e-07,0.999977707862854,2.1444930098368786e-05,-15.499999920718901,"[{""token"": "" Eight"", ""token_id"": 38923, ""probability"": 0.999977707862854}, {""token"": "" Four"", ""token_id"": 13038, ""probability"": 2.1444930098368786e-05}, {""token"": ""Eight"", ""token_id"": 80357, ""probability"": 6.475808049799525e-07}, {""token"": "" Six"", ""token_id"": 19759, ""probability"": 1.8553501490714552e-07}, {""token"": "" Many"", ""token_id"": 8732, ""probability"": 5.602671659943326e-09}, {""token"": "" Two"", ""token_id"": 8512, ""probability"": 2.0611075068899254e-09}, {""token"": "" Legs"", ""token_id"": 156403, ""probability"": 9.735984241032725e-10}, {""token"": "" Typically"", ""token_id"": 50338, ""probability"": 4.598953162737729e-10}, {""token"": "" None"", ""token_id"": 5450, ""probability"": 4.598953162737729e-10}, {""token"": ""\n\n"", ""token_id"": 108, ""probability"": 4.598953162737729e-10}, {""token"": "" Usually"", ""token_id"": 34645, ""probability"": 4.598953162737729e-10}, {""token"": "" Some"", ""token_id"": 4943, ""probability"": 3.581668017726969e-10}]"
L22-L27-ant-coverage,"[22, 23, 24, 25, 26, 27]","[23422, 23422, 60476, 56900, 56900, 184534, 184534, 109731, 109731, 169121, 145491, 145491, 233390, 129426, 129426, 144881, 144881]","[16, 21, 16, 16, 21, 16, 21, 16, 21, 16, 16, 21, 21, 16, 21, 16, 21]","[1703, 197021, 82603, 209073, 236757, 73903, 248182]","[16, 16, 16, 16, 16, 16, 16]",0.0,1.5,False,ant_only,False,"[1855.89599609375, 1739.02099609375, 562.7435913085938, 568.4154052734375, 719.163330078125, 465.2173767089844, 608.1962890625, 620.8114013671875, 610.472900390625, 537.923095703125, 916.8988647460938, 702.4598388671875, 603.0096435546875, 704.150634765625, 703.5153198242188, 943.4798583984375, 952.3358764648438]","[2734.6732864379883, 540.659122467041, 283.7486801147461, 1697.6844787597656, 390.18328857421875, 1875.7069702148438, 1417.0916748046875]","[3.0517578125e-05, 3.0517578125e-05, 0.0, 2734.673828125, 540.6591186523438, 37.57289123535156, 0.4360503852367401, 283.74871826171875, 7.8194580078125, 3.686370849609375, 1520.8729248046875, 26.850677490234375, 9.894622802734375, 18.623367309570312, 390.1832580566406, 58.359375, 14.92657470703125, 24.642335891723633, 1875.7071533203125, 111.66382598876953, 4.2841644287109375, 93.46992492675781, 43.27836608886719, 1417.091796875]",3984.0902961312086, Eight,0.999982476234436,1.4449550178596837e-07,0.999982476234436,1.6701407730579376e-05,-15.74999993546822,"[{""token"": "" Eight"", ""token_id"": 38923, ""probability"": 0.999982476234436}, {""token"": "" Four"", ""token_id"": 13038, ""probability"": 1.6701407730579376e-05}, {""token"": ""Eight"", ""token_id"": 80357, ""probability"": 6.47583874524571e-07}, {""token"": "" Six"", ""token_id"": 19759, ""probability"": 1.4449550178596837e-07}, {""token"": "" Many"", ""token_id"": 8732, ""probability"": 4.3633860968839144e-09}, {""token"": "" Two"", ""token_id"": 8512, ""probability"": 1.6051998619204255e-09}, {""token"": "" Legs"", ""token_id"": 156403, ""probability"": 5.905200772815533e-10}, {""token"": "" Typically"", ""token_id"": 50338, ""probability"": 3.5816852261838505e-10}, {""token"": "" None"", ""token_id"": 5450, ""probability"": 3.5816852261838505e-10}, {""token"": ""\n\n"", ""token_id"": 108, ""probability"": 3.5816852261838505e-10}, {""token"": "" Usually"", ""token_id"": 34645, ""probability"": 3.5816852261838505e-10}, {""token"": "" Some"", ""token_id"": 4943, ""probability"": 2.789419251136849e-10}]"
L22-L27-ant-coverage,"[22, 23, 24, 25, 26, 27]","[23422, 23422, 60476, 56900, 56900, 184534, 184534, 109731, 109731, 169121, 145491, 145491, 233390, 129426, 129426, 144881, 144881]","[16, 21, 16, 16, 21, 16, 21, 16, 21, 16, 16, 21, 21, 16, 21, 16, 21]","[1703, 197021, 82603, 209073, 236757, 73903, 248182]","[16, 16, 16, 16, 16, 16, 16]",0.0,2.0,True,ant_only,False,"[1855.89599609375, 1739.02099609375, 562.7435913085938, 568.4154052734375, 719.163330078125, 465.2173767089844, 608.1962890625, 620.8114013671875, 610.472900390625, 537.923095703125, 916.8988647460938, 702.4598388671875, 603.0096435546875, 704.150634765625, 703.5153198242188, 943.4798583984375, 952.3358764648438]","[3646.2310485839844, 720.8788299560547, 378.3315734863281, 2317.4334106445312, 520.244384765625, 2765.6907348632812, 1889.45556640625]","[3.0517578125e-05, 3.0517578125e-05, 0.0, 3646.2314453125, 720.8788452148438, 53.70655822753906, 0.2719879150390625, 378.33160400390625, 1.482666015625, 11.659942626953125, 2027.83056640625, 51.410186767578125, 11.996551513671875, 15.338638305664062, 520.2443237304688, 44.1605224609375, 29.007997512817383, 38.374027252197266, 2500.94287109375, 118.05390167236328, 15.710555076599121, 87.49714660644531, 64.30393981933594, 1889.455810546875]",5310.517641933368, Eight,0.9999774694442749,1.8553497227458138e-07,0.9999774694442749,2.1444924641400576e-05,-15.499999912076776,"[{""token"": "" Eight"", ""token_id"": 38923, ""probability"": 0.9999774694442749}, {""token"": "" Four"", ""token_id"": 13038, ""probability"": 2.1444924641400576e-05}, {""token"": ""Eight"", ""token_id"": 80357, ""probability"": 8.315099648825708e-07}, {""token"": "" Six"", ""token_id"": 19759, ""probability"": 1.8553497227458138e-07}, {""token"": "" Many"", ""token_id"": 8732, ""probability"": 5.602670327675696e-09}, {""token"": "" Two"", ""token_id"": 8512, ""probability"": 2.0611070628007155e-09}, {""token"": "" Legs"", ""token_id"": 156403, ""probability"": 7.582389160987191e-10}, {""token"": "" None"", ""token_id"": 5450, ""probability"": 4.5989520525147043e-10}, {""token"": "" Typically"", ""token_id"": 50338, ""probability"": 4.5989520525147043e-10}, {""token"": ""\n\n"", ""token_id"": 108, ""probability"": 3.5816671850597004e-10}, {""token"": "" Zero"", ""token_id"": 31234, ""probability"": 3.5816671850597004e-10}, {""token"": "" Usually"", ""token_id"": 34645, ""probability"": 3.5816671850597004e-10}]"
L22-L27-ant-coverage,"[22, 23, 24, 25, 26, 27]","[23422, 23422, 60476, 56900, 56900, 184534, 184534, 109731, 109731, 169121, 145491, 145491, 233390, 129426, 129426, 144881, 144881]","[16, 21, 16, 16, 21, 16, 21, 16, 21, 16, 16, 21, 21, 16, 21, 16, 21]","[1703, 197021, 82603, 209073, 236757, 73903, 248182]","[16, 16, 16, 16, 16, 16, 16]",0.0,3.0,True,ant_only,False,"[1855.89599609375, 1739.02099609375, 562.7435913085938, 568.4154052734375, 719.163330078125, 465.2173767089844, 608.1962890625, 620.8114013671875, 610.472900390625, 537.923095703125, 916.8988647460938, 702.4598388671875, 603.0096435546875, 704.150634765625, 703.5153198242188, 943.4798583984375, 952.3358764648438]","[5469.346572875977, 1081.318244934082, 920.5206298828125, 3513.8853149414062, 780.3665771484375, 4355.6392822265625, 3308.297119140625]","[3.0517578125e-05, 3.0517578125e-05, 0.0, 5469.34765625, 1081.3182373046875, 82.35768127441406, 0.3415679931640625, 567.4974365234375, 41.1605224609375, 17.808929443359375, 3041.745849609375, 162.24655151367188, 6.406951904296875, 36.61961364746094, 780.3665161132812, 129.8568115234375, 43.0924072265625, 37.935550689697266, 3751.414306640625, 8.819168090820312, 24.628095626831055, 62.80772018432617, 60.44822311401367, 2834.18359375]",7964.728753872, Eight,0.999977707862854,1.8553501490714552e-07,0.999977707862854,2.1444930098368786e-05,-15.499999920718901,"[{""token"": "" Eight"", ""token_id"": 38923, ""probability"": 0.999977707862854}, {""token"": "" Four"", ""token_id"": 13038, ""probability"": 2.1444930098368786e-05}, {""token"": ""Eight"", ""token_id"": 80357, ""probability"": 6.475808049799525e-07}, {""token"": "" Six"", ""token_id"": 19759, ""probability"": 1.8553501490714552e-07}, {""token"": "" Many"", ""token_id"": 8732, ""probability"": 5.602671659943326e-09}, {""token"": "" Two"", ""token_id"": 8512, ""probability"": 2.646514785098475e-09}, {""token"": "" Legs"", ""token_id"": 156403, ""probability"": 9.735984241032725e-10}, {""token"": "" Typically"", ""token_id"": 50338, ""probability"": 5.905172462128405e-10}, {""token"": "" None"", ""token_id"": 5450, ""probability"": 4.598953162737729e-10}, {""token"": ""\n\n"", ""token_id"": 108, ""probability"": 4.598953162737729e-10}, {""token"": "" Usually"", ""token_id"": 34645, ""probability"": 4.598953162737729e-10}, {""token"": "" Some"", ""token_id"": 4943, ""probability"": 3.581668017726969e-10}]"
L22-L27-ant-coverage,"[22, 23, 24, 25, 26, 27]","[23422, 23422, 60476, 56900, 56900, 184534, 184534, 109731, 109731, 169121, 145491, 145491, 233390, 129426, 129426, 144881, 144881]","[16, 21, 16, 16, 21, 16, 21, 16, 21, 16, 16, 21, 21, 16, 21, 16, 21]","[1703, 197021, 82603, 209073, 236757, 73903, 248182]","[16, 16, 16, 16, 16, 16, 16]",0.0,4.0,True,ant_only,False,"[1855.89599609375, 1739.02099609375, 562.7435913085938, 568.4154052734375, 719.163330078125, 465.2173767089844, 608.1962890625, 620.8114013671875, 610.472900390625, 537.923095703125, 916.8988647460938, 702.4598388671875, 603.0096435546875, 704.150634765625, 703.5153198242188, 943.4798583984375, 952.3358764648438]","[7292.462097167969, 1441.7576599121094, 1404.7932891845703, 4647.726989746094, 1040.48876953125, 5769.0931396484375, 4528.4210205078125]","[3.0517578125e-05, 3.0517578125e-05, 0.0, 7292.462890625, 1441.7576904296875, 118.82618713378906, 0.3067169189453125, 756.6632080078125, 95.67707061767578, 25.925140380859375, 4055.6611328125, 301.3812561035156, 0.798126220703125, 104.22582244873047, 1040.4886474609375, 343.97308349609375, 44.19451904296875, 27.319337844848633, 5001.8857421875, 139.62460327148438, 26.912702560424805, 251.55322265625, 38.01108932495117, 3778.91162109375]",10629.809866279747, Eight,0.9999774694442749,1.8553497227458138e-07,0.9999774694442749,2.1444924641400576e-05,-15.499999912076776,"[{""token"": "" Eight"", ""token_id"": 38923, ""probability"": 0.9999774694442749}, {""token"": "" Four"", ""token_id"": 13038, ""probability"": 2.1444924641400576e-05}, {""token"": ""Eight"", ""token_id"": 80357, ""probability"": 8.315099648825708e-07}, {""token"": "" Six"", ""token_id"": 19759, ""probability"": 1.8553497227458138e-07}, {""token"": "" Many"", ""token_id"": 8732, ""probability"": 4.363364336512632e-09}, {""token"": "" Two"", ""token_id"": 8512, ""probability"": 2.64651411896466e-09}, {""token"": "" Legs"", ""token_id"": 156403, ""probability"": 7.582389160987191e-10}, {""token"": "" Typically"", ""token_id"": 50338, ""probability"": 5.905170796793868e-10}, {""token"": "" None"", ""token_id"": 5450, ""probability"": 4.5989520525147043e-10}, {""token"": ""\n\n"", ""token_id"": 108, ""probability"": 4.5989520525147043e-10}, {""token"": "" Usually"", ""token_id"": 34645, ""probability"": 4.5989520525147043e-10}, {""token"": "" Zero"", ""token_id"": 31234, ""probability"": 3.5816671850597004e-10}]"
L22-L27-ant-coverage,"[22, 23, 24, 25, 26, 27]","[23422, 23422, 60476, 56900, 56900, 184534, 184534, 109731, 109731, 169121, 145491, 145491, 233390, 129426, 129426, 144881, 144881]","[16, 21, 16, 16, 21, 16, 21, 16, 21, 16, 16, 21, 21, 16, 21, 16, 21]","[1703, 197021, 82603, 209073, 236757, 73903, 248182]","[16, 16, 16, 16, 16, 16, 16]",0.0,5.0,True,ant_only,False,"[1855.89599609375, 1739.02099609375, 562.7435913085938, 568.4154052734375, 719.163330078125, 465.2173767089844, 608.1962890625, 620.8114013671875, 610.472900390625, 537.923095703125, 916.8988647460938, 702.4598388671875, 603.0096435546875, 704.150634765625, 703.5153198242188, 943.4798583984375, 952.3358764648438]","[9115.577621459961, 1802.1970748901367, 1891.7472839355469, 5742.243896484375, 1300.6109619140625, 7328.1015625, 5789.419189453125]","[3.0517578125e-05, 3.0517578125e-05, 0.0, 9115.5791015625, 1802.197021484375, 150.243896484375, 0.6831817626953125, 945.8289794921875, 145.45355224609375, 30.777313232421875, 5069.57666015625, 439.9819030761719, 15.767730712890625, 164.7114715576172, 1300.61083984375, 417.56671142578125, 28.135986328125, 1.4371339082717896, 6252.35693359375, 212.45591735839844, 13.691756248474121, 383.8243713378906, 0.3438301086425781, 4723.63916015625]",13291.601155390505, Eight,0.999982476234436,1.4449550178596837e-07,0.999982476234436,1.6701407730579376e-05,-15.74999993546822,"[{""token"": "" Eight"", ""token_id"": 38923, ""probability"": 0.999982476234436}, {""token"": "" Four"", ""token_id"": 13038, ""probability"": 1.6701407730579376e-05}, {""token"": ""Eight"", ""token_id"": 80357, ""probability"": 6.47583874524571e-07}, {""token"": "" Six"", ""token_id"": 19759, ""probability"": 1.4449550178596837e-07}, {""token"": "" Many"", ""token_id"": 8732, ""probability"": 4.3633860968839144e-09}, {""token"": "" Two"", ""token_id"": 8512, ""probability"": 2.6465274416409557e-09}, {""token"": "" Legs"", ""token_id"": 156403, ""probability"": 5.905200772815533e-10}, {""token"": "" None"", ""token_id"": 5450, ""probability"": 4.5989750896424653e-10}, {""token"": "" Typically"", ""token_id"": 50338, ""probability"": 4.5989750896424653e-10}, {""token"": ""\n\n"", ""token_id"": 108, ""probability"": 3.5816852261838505e-10}, {""token"": "" Zero"", ""token_id"": 31234, ""probability"": 3.5816852261838505e-10}, {""token"": "" Usually"", ""token_id"": 34645, ""probability"": 3.5816852261838505e-10}]"
L22-L27-ant-coverage,"[22, 23, 24, 25, 26, 27]","[23422, 23422, 60476, 56900, 56900, 184534, 184534, 109731, 109731, 169121, 145491, 145491, 233390, 129426, 129426, 144881, 144881]","[16, 21, 16, 16, 21, 16, 21, 16, 21, 16, 16, 21, 21, 16, 21, 16, 21]","[1703, 197021, 82603, 209073, 236757, 73903, 248182]","[16, 16, 16, 16, 16, 16, 16]",0.2,0.0,False,spider_only,False,"[1484.716796875, 1391.216796875, 450.19487304687505, 454.73232421875, 575.3306640625, 372.1739013671875, 486.55703125, 496.64912109375, 488.3783203125, 430.33847656250003, 733.519091796875, 561.96787109375, 482.40771484375, 563.3205078125001, 562.812255859375, 754.7838867187501, 761.868701171875]","[0.0, 0.0, 0.0, 0.0, 0.0, 0.0, 0.0]","[371.17919921875, 347.80419921875, 112.54872131347656, 0.0, 0.0, 31.034015655517578, 59.923954010009766, 0.0, 40.85902786254883, 84.47608184814453, 0.0, 67.55598449707031, 73.66791534423828, 55.543739318847656, 0.0, 115.25952911376953, 94.85420989990234, 92.47827911376953, 0.0, 76.42131805419922, 81.76483917236328, 219.8951416015625, 199.77273559570312, 0.0]",655.337737797009, Eight,0.9999860525131226,1.8553656389030948e-07,0.9999860525131226,1.300711664953269e-05,-15.499999916817579,"[{""token"": "" Eight"", ""token_id"": 38923, ""probability"": 0.9999860525131226}, {""token"": "" Four"", ""token_id"": 13038, ""probability"": 1.300711664953269e-05}, {""token"": ""Eight"", ""token_id"": 80357, ""probability"": 6.475862051047443e-07}, {""token"": "" Six"", ""token_id"": 19759, ""probability"": 1.8553656389030948e-07}, {""token"": "" Many"", ""token_id"": 8732, ""probability"": 4.363401640006259e-09}, {""token"": "" Two"", ""token_id"": 8512, ""probability"": 1.6052055240578511e-09}, {""token"": "" Legs"", ""token_id"": 156403, ""probability"": 7.582454109034131e-10}, {""token"": "" None"", ""token_id"": 5450, ""probability"": 3.5816979937486337e-10}, {""token"": "" Typically"", ""token_id"": 50338, ""probability"": 2.7894292431440704e-10}, {""token"": "" Usually"", ""token_id"": 34645, ""probability"": 2.7894292431440704e-10}, {""token"": ""\n\n"", ""token_id"": 108, ""probability"": 2.7894292431440704e-10}, {""token"": "" Some"", ""token_id"": 4943, ""probability"": 2.7894292431440704e-10}]"
L22-L27-ant-coverage,"[22, 23, 24, 25, 26, 27]","[23422, 23422, 60476, 56900, 56900, 184534, 184534, 109731, 109731, 169121, 145491, 145491, 233390, 129426, 129426, 144881, 144881]","[16, 21, 16, 16, 21, 16, 21, 16, 21, 16, 16, 21, 21, 16, 21, 16, 21]","[1703, 197021, 82603, 209073, 236757, 73903, 248182]","[16, 16, 16, 16, 16, 16, 16]",0.2,0.25,False,joint,False,"[1484.716796875, 1391.216796875, 450.19487304687505, 454.73232421875, 575.3306640625, 372.1739013671875, 486.55703125, 496.64912109375, 488.3783203125, 430.33847656250003, 733.519091796875, 561.96787109375, 482.40771484375, 563.3205078125001, 562.812255859375, 754.7838867187501, 761.868701171875]","[455.77888107299805, 90.10985374450684, 47.291446685791016, 253.4788055419922, 65.03054809570312, 312.6178283691406, 236.18194580078125]","[371.17919921875, 347.80419921875, 112.54872131347656, 455.7789306640625, 90.10985565185547, 24.47737693786621, 59.376895904541016, 47.29145050048828, 49.48945999145508, 87.28900909423828, 253.47882080078125, 67.81819152832031, 74.89929962158203, 62.997535705566406, 65.0305404663086, 135.9113311767578, 96.6345443725586, 93.94788360595703, 312.61785888671875, 94.73595428466797, 85.75849914550781, 234.70741271972656, 199.40811157226562, 236.18197631835938]",942.1677997721512, Eight,0.9999892711639404,1.4449648233494372e-07,0.9999892711639404,1.0129984730156139e-05,-15.749999944499436,"[{""token"": "" Eight"", ""token_id"": 38923, ""probability"": 0.9999892711639404}, {""token"": "" Four"", ""token_id"": 13038, ""probability"": 1.0129984730156139e-05}, {""token"": ""Eight"", ""token_id"": 80357, ""probability"": 5.043422675043985e-07}, {""token"": "" Six"", ""token_id"": 19759, ""probability"": 1.4449648233494372e-07}, {""token"": "" Many"", ""token_id"": 8732, ""probability"": 4.363415850860974e-09}, {""token"": "" Two"", ""token_id"": 8512, ""probability"": 1.2501394364150542e-09}, {""token"": "" Legs"", ""token_id"": 156403, ""probability"": 5.90524074084442e-10}, {""token"": "" None"", ""token_id"": 5450, ""probability"": 3.5817096510903923e-10}, {""token"": ""\n\n"", ""token_id"": 108, ""probability"": 2.7894381249282674e-10}, {""token"": "" Typically"", ""token_id"": 50338, ""probability"": 2.7894381249282674e-10}, {""token"": "" Usually"", ""token_id"": 34645, ""probability"": 2.7894381249282674e-10}, {""token"": "" Some"", ""token_id"": 4943, ""probability"": 2.172416552204126e-10}]"
L22-L27-ant-coverage,"[22, 23, 24, 25, 26, 27]","[23422, 23422, 60476, 56900, 56900, 184534, 184534, 109731, 109731, 169121, 145491, 145491, 233390, 129426, 129426, 144881, 144881]","[16, 21, 16, 16, 21, 16, 21, 16, 21, 16, 16, 21, 21, 16, 21, 16, 21]","[1703, 197021, 82603, 209073, 236757, 73903, 248182]","[16, 16, 16, 16, 16, 16, 16]",0.2,0.5,False,joint,False,"[1484.716796875, 1391.216796875, 450.19487304687505, 454.73232421875, 575.3306640625, 372.1739013671875, 486.55703125, 496.64912109375, 488.3783203125, 430.33847656250003, 733.519091796875, 561.96787109375, 482.40771484375, 563.3205078125001, 562.812255859375, 754.7838867187501, 761.868701171875]","[911.5577621459961, 180.21970748901367, 94.58289337158203, 506.9576110839844, 130.06109619140625, 625.2356567382812, 472.3638916015625]","[371.17919921875, 347.80419921875, 112.54872131347656, 911.557861328125, 180.21971130371094, 16.83913230895996, 59.28736114501953, 94.58290100097656, 50.208702087402344, 84.33307647705078, 506.9576416015625, 66.89057922363281, 69.81604766845703, 65.06742095947266, 130.0610809326172, 147.3011016845703, 91.65572357177734, 89.59986114501953, 625.2357177734375, 115.62096405029297, 82.85816192626953, 252.9757080078125, 193.34408569335938, 472.36395263671875]",1489.4609413485366, Eight,0.9999890327453613,1.8553711811364337e-07,0.9999890327453613,1.0129982001672033e-05,-15.499999909953333,"[{""token"": "" Eight"", ""token_id"": 38923, ""probability"": 0.9999890327453613}, {""token"": "" Four"", ""token_id"": 13038, ""probability"": 1.0129982001672033e-05}, {""token"": ""Eight"", ""token_id"": 80357, ""probability"": 6.475881377809856e-07}, {""token"": "" Six"", ""token_id"": 19759, ""probability"": 1.8553711811364337e-07}, {""token"": "" Many"", ""token_id"": 8732, ""probability"": 5.602735164700334e-09}, {""token"": "" Two"", ""token_id"": 8512, ""probability"": 1.605210298016857e-09}, {""token"": "" Legs"", ""token_id"": 156403, ""probability"": 7.582476868606136e-10}, {""token"": ""\n\n"", ""token_id"": 108, ""probability"": 3.5817085408673677e-10}, {""token"": "" None"", ""token_id"": 5450, ""probability"": 3.5817085408673677e-10}, {""token"": "" Usually"", ""token_id"": 34645, ""probability"": 2.789437569816755e-10}, {""token"": "" Typically"", ""token_id"": 50338, ""probability"": 2.789437569816755e-10}, {""token"": "" Some"", ""token_id"": 4943, ""probability"": 2.1724159970926138e-10}]"
L22-L27-ant-coverage,"[22, 23, 24, 25, 26, 27]","[23422, 23422, 60476, 56900, 56900, 184534, 184534, 109731, 109731, 169121, 145491, 145491, 233390, 129426, 129426, 144881, 144881]","[16, 21, 16, 16, 21, 16, 21, 16, 21, 16, 16, 21, 21, 16, 21, 16, 21]","[1703, 197021, 82603, 209073, 236757, 73903, 248182]","[16, 16, 16, 16, 16, 16, 16]",0.2,0.75,False,joint,False,"[1484.716796875, 1391.216796875, 450.19487304687505, 454.73232421875, 575.3306640625, 372.1739013671875, 486.55703125, 496.64912109375, 488.3783203125, 430.33847656250003, 733.519091796875, 561.96787109375, 482.40771484375, 563.3205078125001, 562.812255859375, 754.7838867187501, 761.868701171875]","[1367.3366432189941, 270.3295612335205, 141.87434005737305, 760.4364166259766, 195.09164428710938, 937.8534851074219, 708.5458374023438]","[371.17919921875, 347.80419921875, 112.54872131347656, 1367.3369140625, 270.3295593261719, 10.369710922241211, 59.633426666259766, 141.87435913085938, 55.83040237426758, 85.04541778564453, 760.4364624023438, 70.67805480957031, 68.77796173095703, 75.1641616821289, 195.0916290283203, 168.22511291503906, 83.6825180053711, 75.43677520751953, 937.8535766601562, 145.6180419921875, 75.90631866455078, 279.6125793457031, 173.06375122070312, 708.5458984375]",2106.5705002474383, Eight,0.9999862909317017,1.8553660652287363e-07,0.9999862909317017,1.3007119378016796e-05,-15.499999925459631,"[{""token"": "" Eight"", ""token_id"": 38923, ""probability"": 0.9999862909317017}, {""token"": "" Four"", ""token_id"": 13038, ""probability"": 1.3007119378016796e-05}, {""token"": ""Eight"", ""token_id"": 80357, ""probability"": 5.043407327320892e-07}, {""token"": "" Six"", ""token_id"": 19759, ""probability"": 1.8553660652287363e-07}, {""token"": "" Many"", ""token_id"": 8732, ""probability"": 4.363402528184679e-09}, {""token"": "" Two"", ""token_id"": 8512, ""probability"": 1.605205968147061e-09}, {""token"": "" Legs"", ""token_id"": 156403, ""probability"": 5.905222977276026e-10}, {""token"": "" None"", ""token_id"": 5450, ""probability"": 3.581698826415902e-10}, {""token"": "" Typically"", ""token_id"": 50338, ""probability"": 3.581698826415902e-10}, {""token"": ""\n\n"", ""token_id"": 108, ""probability"": 2.7894297982555827e-10}, {""token"": "" Zero"", ""token_id"": 31234, ""probability"": 2.7894297982555827e-10}, {""token"": "" Usually"", ""token_id"": 34645, ""probability"": 2.7894297982555827e-10}]"
L22-L27-ant-coverage,"[22, 23, 24, 25, 26, 27]","[23422, 23422, 60476, 56900, 56900, 184534, 184534, 109731, 109731, 169121, 145491, 145491, 233390, 129426, 129426, 144881, 144881]","[16, 21, 16, 16, 21, 16, 21, 16, 21, 16, 16, 21, 21, 16, 21, 16, 21]","[1703, 197021, 82603, 209073, 236757, 73903, 248182]","[16, 16, 16, 16, 16, 16, 16]",0.2,1.0,False,joint,False,"[1484.716796875, 1391.216796875, 450.19487304687505, 454.73232421875, 575.3306640625, 372.1739013671875, 486.55703125, 496.64912109375, 488.3783203125, 430.33847656250003, 733.519091796875, 561.96787109375, 482.40771484375, 563.3205078125001, 562.812255859375, 754.7838867187501, 761.868701171875]","[1823.1155242919922, 360.43941497802734, 189.16578674316406, 1013.9152221679688, 260.1221923828125, 1250.4713134765625, 944.727783203125]","[371.17919921875, 347.80419921875, 112.54872131347656, 1823.11572265625, 360.4394226074219, 2.403097629547119, 59.542423248291016, 189.16580200195312, 57.21150588989258, 84.13629913330078, 1013.915283203125, 66.20405578613281, 67.19330596923828, 77.43839263916016, 260.1221618652344, 178.67176818847656, 86.45503997802734, 80.70374298095703, 1250.471435546875, 165.16162109375, 82.21058654785156, 298.646240234375, 179.74374389648438, 944.7279052734375]",2746.44876659996, Eight,0.999985933303833,2.3823361061658943e-07,0.999985933303833,1.3007114830543287e-05,-15.250000020679556,"[{""token"": "" Eight"", ""token_id"": 38923, ""probability"": 0.999985933303833}, {""token"": "" Four"", ""token_id"": 13038, ""probability"": 1.3007114830543287e-05}, {""token"": ""Eight"", ""token_id"": 80357, ""probability"": 8.315170134665095e-07}, {""token"": "" Six"", ""token_id"": 19759, ""probability"": 2.3823361061658943e-07}, {""token"": "" Many"", ""token_id"": 8732, ""probability"": 7.194032036750286e-09}, {""token"": "" Two"", ""token_id"": 8512, ""probability"": 2.0611243822798997e-09}, {""token"": "" Legs"", ""token_id"": 156403, ""probability"": 7.582453553922619e-10}, {""token"": "" None"", ""token_id"": 5450, ""probability"": 5.905220756829976e-10}, {""token"": ""\n\n"", ""token_id"": 108, ""probability"": 4.598990910320566e-10}, {""token"": "" Typically"", ""token_id"": 50338, ""probability"": 4.598990910320566e-10}, {""token"": "" Usually"", ""token_id"": 34645, ""probability"": 4.598990910320566e-10}, {""token"": "" Some"", ""token_id"": 4943, ""probability"": 3.5816974386371214e-10}]"
L22-L27-ant-coverage,"[22, 23, 24, 25, 26, 27]","[23422, 23422, 60476, 56900, 56900, 184534, 184534, 109731, 109731, 169121, 145491, 145491, 233390, 129426, 129426, 144881, 144881]","[16, 21, 16, 16, 21, 16, 21, 16, 21, 16, 16, 21, 21, 16, 21, 16, 21]","[1703, 197021, 82603, 209073, 236757, 73903, 248182]","[16, 16, 16, 16, 16, 16, 16]",0.2,1.25,False,joint,False,"[1484.716796875, 1391.216796875, 450.19487304687505, 454.73232421875, 575.3306640625, 372.1739013671875, 486.55703125, 496.64912109375, 488.3783203125, 430.33847656250003, 733.519091796875, 561.96787109375, 482.40771484375, 563.3205078125001, 562.812255859375, 754.7838867187501, 761.868701171875]","[2278.8944053649902, 450.5492687225342, 236.45723342895508, 1267.394027709961, 325.1527404785156, 1563.0891418457031, 1180.9097290039062]","[371.17919921875, 347.80419921875, 112.54872131347656, 2278.894775390625, 450.54925537109375, 4.280984401702881, 59.69593048095703, 236.45724487304688, 54.53163528442383, 82.42151641845703, 1267.3941650390625, 57.51674270629883, 66.86676788330078, 76.76602935791016, 325.1527099609375, 179.20338439941406, 80.6460189819336, 72.57813262939453, 1563.0892333984375, 176.60789489746094, 72.86847686767578, 306.3600158691406, 162.27822875976562, 1180.9097900390625]",3391.324598793543, Eight,0.999985933303833,1.8553653546860005e-07,0.999985933303833,1.3007114830543287e-05,-15.499999950793198,"[{""token"": "" Eight"", ""token_id"": 38923, ""probability"": 0.999985933303833}, {""token"": "" Four"", ""token_id"": 13038, ""probability"": 1.3007114830543287e-05}, {""token"": ""Eight"", ""token_id"": 80357, ""probability"": 8.315170134665095e-07}, {""token"": "" Six"", ""token_id"": 19759, ""probability"": 1.8553653546860005e-07}, {""token"": "" Many"", ""token_id"": 8732, ""probability"": 5.60271784522115e-09}, {""token"": "" Two"", ""token_id"": 8512, ""probability"": 2.0611243822798997e-09}, {""token"": "" Legs"", ""token_id"": 156403, ""probability"": 7.582453553922619e-10}, {""token"": "" None"", ""token_id"": 5450, ""probability"": 4.598990910320566e-10}, {""token"": ""\n\n"", ""token_id"": 108, ""probability"": 3.5816974386371214e-10}, {""token"": "" Typically"", ""token_id"": 50338, ""probability"": 3.5816974386371214e-10}, {""token"": "" Usually"", ""token_id"": 34645, ""probability"": 3.5816974386371214e-10}, {""token"": "" Some"", ""token_id"": 4943, ""probability"": 2.789428965588314e-10}]"
L22-L27-ant-coverage,"[22, 23, 24, 25, 26, 27]","[23422, 23422, 60476, 56900, 56900, 184534, 184534, 109731, 109731, 169121, 145491, 145491, 233390, 129426, 129426, 144881, 144881]","[16, 21, 16, 16, 21, 16, 21, 16, 21, 16, 16, 21, 21, 16, 21, 16, 21]","[1703, 197021, 82603, 209073, 236757, 73903, 248182]","[16, 16, 16, 16, 16, 16, 16]",0.2,1.5,False,joint,False,"[1484.716796875, 1391.216796875, 450.19487304687505, 454.73232421875, 575.3306640625, 372.1739013671875, 486.55703125, 496.64912109375, 488.3783203125, 430.33847656250003, 733.519091796875, 561.96787109375, 482.40771484375, 563.3205078125001, 562.812255859375, 754.7838867187501, 761.868701171875]","[2734.6732864379883, 540.659122467041, 283.7486801147461, 1701.1701354980469, 390.18328857421875, 1875.7069702148438, 1417.0916748046875]","[371.17919921875, 347.80419921875, 112.54872131347656, 2734.673828125, 540.6591186523438, 8.194008827209473, 59.64722442626953, 283.74871826171875, 57.57771682739258, 80.50434112548828, 1520.8729248046875, 52.63014602661133, 64.21332550048828, 80.62528228759766, 390.1832580566406, 180.43849182128906, 76.2621078491211, 65.2530517578125, 1875.7071533203125, 189.76121520996094, 69.17127990722656, 313.7271728515625, 155.55215454101562, 1417.091796875]",4043.174663858347, Eight,0.9999823570251465,2.3823275796530652e-07,0.9999823570251465,1.6701405911589973e-05,-15.25000002340594,"[{""token"": "" Eight"", ""token_id"": 38923, ""probability"": 0.9999823570251465}, {""token"": "" Four"", ""token_id"": 13038, ""probability"": 1.6701405911589973e-05}, {""token"": ""Eight"", ""token_id"": 80357, ""probability"": 6.475838176811521e-07}, {""token"": "" Six"", ""token_id"": 19759, ""probability"": 2.3823275796530652e-07}, {""token"": "" Many"", ""token_id"": 8732, ""probability"": 5.602697417117497e-09}, {""token"": "" Two"", ""token_id"": 8512, ""probability"": 2.061117054807937e-09}, {""token"": "" Legs"", ""token_id"": 156403, ""probability"": 7.582426353458516e-10}, {""token"": "" None"", ""token_id"": 5450, ""probability"": 4.598974534530953e-10}, {""token"": ""\n\n"", ""token_id"": 108, ""probability"": 3.581684671072338e-10}, {""token"": "" Typically"", ""token_id"": 50338, ""probability"": 3.581684671072338e-10}, {""token"": "" Usually"", ""token_id"": 34645, ""probability"": 3.581684671072338e-10}, {""token"": "" Some"", ""token_id"": 4943, ""probability"": 2.7894189735810926e-10}]"
L22-L27-ant-coverage,"[22, 23, 24, 25, 26, 27]","[23422, 23422, 60476, 56900, 56900, 184534, 184534, 109731, 109731, 169121, 145491, 145491, 233390, 129426, 129426, 144881, 144881]","[16, 21, 16, 16, 21, 16, 21, 16, 21, 16, 16, 21, 21, 16, 21, 16, 21]","[1703, 197021, 82603, 209073, 236757, 73903, 248182]","[16, 16, 16, 16, 16, 16, 16]",0.2,2.0,True,joint,False,"[1484.716796875, 1391.216796875, 450.19487304687505, 454.73232421875, 575.3306640625, 372.1739013671875, 486.55703125, 496.64912109375, 488.3783203125, 430.33847656250003, 733.519091796875, 561.96787109375, 482.40771484375, 563.3205078125001, 562.812255859375, 754.7838867187501, 761.868701171875]","[3646.2310485839844, 720.8788299560547, 378.3315734863281, 2316.9634399414062, 520.244384765625, 2786.930908203125, 1889.45556640625]","[371.17919921875, 347.80419921875, 112.54872131347656, 3646.2314453125, 720.8788452148438, 22.81681251525879, 59.825260162353516, 378.33160400390625, 47.63673782348633, 76.86023712158203, 2027.83056640625, 18.934345245361328, 65.00379180908203, 67.3857192993164, 520.2443237304688, 150.47792053222656, 66.94710540771484, 55.815555572509766, 2500.94287109375, 182.33447265625, 63.01911544799805, 284.483642578125, 142.98880004882812, 1889.455810546875]",5350.416756742304, Eight,0.9999773502349854,3.0589538368985814e-07,0.9999773502349854,2.1444922822411172e-05,-15.000000026794424,"[{""token"": "" Eight"", ""token_id"": 38923, ""probability"": 0.9999773502349854}, {""token"": "" Four"", ""token_id"": 13038, ""probability"": 2.1444922822411172e-05}, {""token"": ""Eight"", ""token_id"": 80357, ""probability"": 8.315099080391519e-07}, {""token"": "" Six"", ""token_id"": 19759, ""probability"": 3.0589538368985814e-07}, {""token"": "" Many"", ""token_id"": 8732, ""probability"": 7.193970308350117e-09}, {""token"": "" Two"", ""token_id"": 8512, ""probability"": 3.3981908398317273e-09}, {""token"": "" Legs"", ""token_id"": 156403, ""probability"": 9.735979800140626e-10}, {""token"": "" None"", ""token_id"": 5450, ""probability"": 7.582388605875678e-10}, {""token"": "" Typically"", ""token_id"": 50338, ""probability"": 5.905170241682356e-10}, {""token"": ""\n\n"", ""token_id"": 108, ""probability"": 4.598951497403192e-10}, {""token"": "" Zero"", ""token_id"": 31234, ""probability"": 4.598951497403192e-10}, {""token"": "" Usually"", ""token_id"": 34645, ""probability"": 4.598951497403192e-10}]"
L22-L27-ant-coverage,"[22, 23, 24, 25, 26, 27]","[23422, 23422, 60476, 56900, 56900, 184534, 184534, 109731, 109731, 169121, 145491, 145491, 233390, 129426, 129426, 144881, 144881]","[16, 21, 16, 16, 21, 16, 21, 16, 21, 16, 16, 21, 21, 16, 21, 16, 21]","[1703, 197021, 82603, 209073, 236757, 73903, 248182]","[16, 16, 16, 16, 16, 16, 16]",0.2,3.0,True,joint,False,"[1484.716796875, 1391.216796875, 450.19487304687505, 454.73232421875, 575.3306640625, 372.1739013671875, 486.55703125, 496.64912109375, 488.3783203125, 430.33847656250003, 733.519091796875, 561.96787109375, 482.40771484375, 563.3205078125001, 562.812255859375, 754.7838867187501, 761.868701171875]","[5469.346572875977, 1081.318244934082, 922.8101806640625, 3514.730224609375, 780.3665771484375, 4375.334228515625, 3319.2591552734375]","[371.17919921875, 347.80419921875, 112.54872131347656, 5469.34765625, 1081.3182373046875, 51.977516174316406, 59.752567291259766, 567.4974365234375, 4.658404350280762, 67.05213165283203, 3041.745849609375, 92.82939147949219, 64.94739532470703, 15.092203140258789, 780.3665161132812, 15.795336723327637, 47.611045837402344, 48.572269439697266, 3751.414306640625, 82.023193359375, 40.18238830566406, 142.64471435546875, 127.17001342773438, 2834.18359375]",7982.290496213202, Eight,0.9999823570251465,2.3823275796530652e-07,0.9999823570251465,1.6701405911589973e-05,-15.25000002340594,"[{""token"": "" Eight"", ""token_id"": 38923, ""probability"": 0.9999823570251465}, {""token"": "" Four"", ""token_id"": 13038, ""probability"": 1.6701405911589973e-05}, {""token"": ""Eight"", ""token_id"": 80357, ""probability"": 6.475838176811521e-07}, {""token"": "" Six"", ""token_id"": 19759, ""probability"": 2.3823275796530652e-07}, {""token"": "" Many"", ""token_id"": 8732, ""probability"": 5.602697417117497e-09}, {""token"": "" Two"", ""token_id"": 8512, ""probability"": 3.3982079372663065e-09}, {""token"": "" Legs"", ""token_id"": 156403, ""probability"": 9.73602864995371e-10}, {""token"": "" None"", ""token_id"": 5450, ""probability"": 5.905199662592509e-10}, {""token"": "" Typically"", ""token_id"": 50338, ""probability"": 4.598974534530953e-10}, {""token"": ""\n\n"", ""token_id"": 108, ""probability"": 3.581684671072338e-10}, {""token"": "" Some"", ""token_id"": 4943, ""probability"": 3.581684671072338e-10}, {""token"": "" Zero"", ""token_id"": 31234, ""probability"": 3.581684671072338e-10}]"
L22-L27-ant-coverage,"[22, 23, 24, 25, 26, 27]","[23422, 23422, 60476, 56900, 56900, 184534, 184534, 109731, 109731, 169121, 145491, 145491, 233390, 129426, 129426, 144881, 144881]","[16, 21, 16, 16, 21, 16, 21, 16, 21, 16, 16, 21, 21, 16, 21, 16, 21]","[1703, 197021, 82603, 209073, 236757, 73903, 248182]","[16, 16, 16, 16, 16, 16, 16]",0.2,4.0,True,joint,False,"[1484.716796875, 1391.216796875, 450.19487304687505, 454.73232421875, 575.3306640625, 372.1739013671875, 486.55703125, 496.64912109375, 488.3783203125, 430.33847656250003, 733.519091796875, 561.96787109375, 482.40771484375, 563.3205078125001, 562.812255859375, 754.7838867187501, 761.868701171875]","[7292.462097167969, 1441.7576599121094, 1407.6463165283203, 4647.817810058594, 1040.48876953125, 5790.4312744140625, 4540.1163330078125]","[371.17919921875, 347.80419921875, 112.54872131347656, 7292.462890625, 1441.7576904296875, 88.46659088134766, 59.515995025634766, 756.6632080078125, 49.33378219604492, 59.04297637939453, 4055.6611328125, 231.29930114746094, 71.19080352783203, 53.181114196777344, 1040.4886474609375, 215.84385681152344, 44.861778259277344, 56.595706939697266, 5001.8857421875, 54.76671600341797, 40.08705139160156, 47.464595794677734, 144.5195770263672, 3778.91162109375]",10634.420520171447, Eight,0.9999773502349854,3.9277745145227527e-07,0.9999773502349854,2.1444922822411172e-05,-14.750000016745354,"[{""token"": "" Eight"", ""token_id"": 38923, ""probability"": 0.9999773502349854}, {""token"": "" Four"", ""token_id"": 13038, ""probability"": 2.1444922822411172e-05}, {""token"": ""Eight"", ""token_id"": 80357, ""probability"": 8.315099080391519e-07}, {""token"": "" Six"", ""token_id"": 19759, ""probability"": 3.9277745145227527e-07}, {""token"": "" Many"", ""token_id"": 8732, ""probability"": 7.193970308350117e-09}, {""token"": "" Two"", ""token_id"": 8512, ""probability"": 4.363363448334212e-09}, {""token"": "" Legs"", ""token_id"": 156403, ""probability"": 1.2501245594265242e-09}, {""token"": "" None"", ""token_id"": 5450, ""probability"": 9.735979800140626e-10}, {""token"": "" Typically"", ""token_id"": 50338, ""probability"": 7.582388605875678e-10}, {""token"": ""\n\n"", ""token_id"": 108, ""probability"": 5.905170241682356e-10}, {""token"": "" Zero"", ""token_id"": 31234, ""probability"": 5.905170241682356e-10}, {""token"": "" Usually"", ""token_id"": 34645, ""probability"": 5.905170241682356e-10}]"
L22-L27-ant-coverage,"[22, 23, 24, 25, 26, 27]","[23422, 23422, 60476, 56900, 56900, 184534, 184534, 109731, 109731, 169121, 145491, 145491, 233390, 129426, 129426, 144881, 144881]","[16, 21, 16, 16, 21, 16, 21, 16, 21, 16, 16, 21, 21, 16, 21, 16, 21]","[1703, 197021, 82603, 209073, 236757, 73903, 248182]","[16, 16, 16, 16, 16, 16, 16]",0.2,5.0,True,joint,False,"[1484.716796875, 1391.216796875, 450.19487304687505, 454.73232421875, 575.3306640625, 372.1739013671875, 486.55703125, 496.64912109375, 488.3783203125, 430.33847656250003, 733.519091796875, 561.96787109375, 482.40771484375, 563.3205078125001, 562.812255859375, 754.7838867187501, 761.868701171875]","[9115.577621459961, 1802.1970748901367, 1892.5977478027344, 5748.313720703125, 1300.6109619140625, 7376.5679931640625, 5815.728515625]","[371.17919921875, 347.80419921875, 112.54872131347656, 9115.5791015625, 1802.197021484375, 118.67153930664062, 59.81092071533203, 945.8289794921875, 91.70402526855469, 57.46668243408203, 5069.57666015625, 496.64910888671875, 78.01197052001953, 108.38339233398438, 1300.61083984375, 278.4591064453125, 60.463890075683594, 85.12110137939453, 6252.35693359375, 128.01353454589844, 49.5468864440918, 194.364501953125, 175.2307586669922, 4723.63916015625]",13295.648171175377, Eight,0.9999823570251465,2.3823275796530652e-07,0.9999823570251465,1.6701405911589973e-05,-15.25000002340594,"[{""token"": "" Eight"", ""token_id"": 38923, ""probability"": 0.9999823570251465}, {""token"": "" Four"", ""token_id"": 13038, ""probability"": 1.6701405911589973e-05}, {""token"": ""Eight"", ""token_id"": 80357, ""probability"": 6.475838176811521e-07}, {""token"": "" Six"", ""token_id"": 19759, ""probability"": 2.3823275796530652e-07}, {""token"": "" Many"", ""token_id"": 8732, ""probability"": 5.602697417117497e-09}, {""token"": "" Two"", ""token_id"": 8512, ""probability"": 3.3982079372663065e-09}, {""token"": "" Legs"", ""token_id"": 156403, ""probability"": 7.582426353458516e-10}, {""token"": "" None"", ""token_id"": 5450, ""probability"": 5.905199662592509e-10}, {""token"": "" Usually"", ""token_id"": 34645, ""probability"": 4.598974534530953e-10}, {""token"": "" Typically"", ""token_id"": 50338, ""probability"": 4.598974534530953e-10}, {""token"": "" Some"", ""token_id"": 4943, ""probability"": 3.581684671072338e-10}, {""token"": ""\n\n"", ""token_id"": 108, ""probability"": 3.581684671072338e-10}]"
L22-L27-ant-coverage,"[22, 23, 24, 25, 26, 27]","[23422, 23422, 60476, 56900, 56900, 184534, 184534, 109731, 109731, 169121, 145491, 145491, 233390, 129426, 129426, 144881, 144881]","[16, 21, 16, 16, 21, 16, 21, 16, 21, 16, 16, 21, 21, 16, 21, 16, 21]","[1703, 197021, 82603, 209073, 236757, 73903, 248182]","[16, 16, 16, 16, 16, 16, 16]",0.4,0.0,False,spider_only,False,"[1113.53759765625, 1043.41259765625, 337.6461547851562, 341.0492431640625, 431.497998046875, 279.1304260253906, 364.9177734375, 372.48684082031247, 366.283740234375, 322.753857421875, 550.1393188476562, 421.4759033203125, 361.8057861328125, 422.49038085937497, 422.10919189453125, 566.0879150390625, 571.4015258789062]","[0.0, 0.0, 0.0, 0.0, 0.0, 0.0, 0.0]","[742.3584594726562, 695.6084594726562, 225.09744262695312, 0.0, 0.0, 60.88744354248047, 120.98880004882812, 0.0, 86.40306091308594, 176.6643524169922, 0.0, 136.90625, 146.22984313964844, 116.21978759765625, 0.0, 231.07815551757812, 179.5654754638672, 174.83937072753906, 0.0, 147.13864135742188, 158.4344482421875, 428.60919189453125, 404.86053466796875, 0.0]",1306.4722636550491, Eight,0.9999911785125732,2.3823486117180437e-07,0.9999911785125732,7.88925444794586e-06,-15.250000016680895,"[{""token"": "" Eight"", ""token_id"": 38923, ""probability"": 0.9999911785125732}, {""token"": "" Four"", ""token_id"": 13038, ""probability"": 7.88925444794586e-06}, {""token"": ""Eight"", ""token_id"": 80357, ""probability"": 6.475895588664571e-07}, {""token"": "" Six"", ""token_id"": 19759, ""probability"": 2.3823486117180437e-07}, {""token"": "" Many"", ""token_id"": 8732, ""probability"": 5.602747155109e-09}, {""token"": "" Two"", ""token_id"": 8512, ""probability"": 2.061135262465541e-09}, {""token"": "" Legs"", ""token_id"": 156403, ""probability"": 7.582493521951505e-10}, {""token"": "" None"", ""token_id"": 5450, ""probability"": 4.599015057671352e-10}, {""token"": ""\n\n"", ""token_id"": 108, ""probability"": 3.58171631242854e-10}, {""token"": "" Typically"", ""token_id"": 50338, ""probability"": 3.58171631242854e-10}, {""token"": "" Zero"", ""token_id"": 31234, ""probability"": 2.7894433984876343e-10}, {""token"": "" Some"", ""token_id"": 4943, ""probability"": 2.7894433984876343e-10}]"
L22-L27-ant-coverage,"[22, 23, 24, 25, 26, 27]","[23422, 23422, 60476, 56900, 56900, 184534, 184534, 109731, 109731, 169121, 145491, 145491, 233390, 129426, 129426, 144881, 144881]","[16, 21, 16, 16, 21, 16, 21, 16, 21, 16, 16, 21, 21, 16, 21, 16, 21]","[1703, 197021, 82603, 209073, 236757, 73903, 248182]","[16, 16, 16, 16, 16, 16, 16]",0.4,0.25,False,joint,False,"[1113.53759765625, 1043.41259765625, 337.6461547851562, 341.0492431640625, 431.497998046875, 279.1304260253906, 364.9177734375, 372.48684082031247, 366.283740234375, 322.753857421875, 550.1393188476562, 421.4759033203125, 361.8057861328125, 422.49038085937497, 422.10919189453125, 566.0879150390625, 571.4015258789062]","[455.77888107299805, 90.10985374450684, 47.291446685791016, 253.4788055419922, 65.03054809570312, 312.6178283691406, 236.18194580078125]","[742.3584594726562, 695.6084594726562, 225.09744262695312, 455.7789306640625, 90.10985565185547, 53.867610931396484, 120.90591430664062, 47.29145050048828, 94.34415435791016, 177.48045349121094, 253.47882080078125, 139.734130859375, 145.87913513183594, 121.85169219970703, 65.0305404663086, 248.00613403320312, 186.65025329589844, 180.87562561035156, 312.61785888671875, 167.07241821289062, 169.2359161376953, 444.93804931640625, 413.5044250488281, 236.18197631835938]",1481.1699761028044, Eight,0.9999929666519165,1.8553784286723385e-07,0.9999929666519165,6.144169219624018e-06,-15.499999937657114,"[{""token"": "" Eight"", ""token_id"": 38923, ""probability"": 0.9999929666519165}, {""token"": "" Four"", ""token_id"": 13038, ""probability"": 6.144169219624018e-06}, {""token"": ""Eight"", ""token_id"": 80357, ""probability"": 6.475906957348343e-07}, {""token"": "" Six"", ""token_id"": 19759, ""probability"": 1.8553784286723385e-07}, {""token"": "" Many"", ""token_id"": 8732, ""probability"": 4.363431838072529e-09}, {""token"": "" Two"", ""token_id"": 8512, ""probability"": 1.2501440993517576e-09}, {""token"": "" Legs"", ""token_id"": 156403, ""probability"": 5.9052623901934e-10}, {""token"": "" None"", ""token_id"": 5450, ""probability"": 2.789448394491245e-10}, {""token"": ""\n\n"", ""token_id"": 108, ""probability"": 2.1724246013210546e-10}, {""token"": "" Typically"", ""token_id"": 50338, ""probability"": 2.1724246013210546e-10}, {""token"": "" Usually"", ""token_id"": 34645, ""probability"": 2.1724246013210546e-10}, {""token"": "" Some"", ""token_id"": 4943, ""probability"": 1.6918860756831577e-10}]"
L22-L27-ant-coverage,"[22, 23, 24, 25, 26, 27]","[23422, 23422, 60476, 56900, 56900, 184534, 184534, 109731, 109731, 169121, 145491, 145491, 233390, 129426, 129426, 144881, 144881]","[16, 21, 16, 16, 21, 16, 21, 16, 21, 16, 16, 21, 21, 16, 21, 16, 21]","[1703, 197021, 82603, 209073, 236757, 73903, 248182]","[16, 16, 16, 16, 16, 16, 16]",0.4,0.5,False,joint,False,"[1113.53759765625, 1043.41259765625, 337.6461547851562, 341.0492431640625, 431.497998046875, 279.1304260253906, 364.9177734375, 372.48684082031247, 366.283740234375, 322.753857421875, 550.1393188476562, 421.4759033203125, 361.8057861328125, 422.49038085937497, 422.10919189453125, 566.0879150390625, 571.4015258789062]","[911.5577621459961, 180.21970748901367, 94.58289337158203, 506.9576110839844, 130.06109619140625, 625.2356567382812, 472.3638916015625]","[742.3584594726562, 695.6084594726562, 225.09744262695312, 911.557861328125, 180.21971130371094, 47.348567962646484, 120.6787338256836, 94.58290100097656, 100.27555084228516, 177.5972137451172, 506.9576416015625, 145.7183837890625, 145.3483123779297, 133.08636474609375, 130.0610809326172, 275.1678771972656, 179.83189392089844, 169.17103576660156, 625.2357177734375, 198.83590698242188, 165.39393615722656, 482.08978271484375, 400.2850646972656, 472.36395263671875]",1886.9675803329553, Eight,0.9999911785125732,2.3823486117180437e-07,0.9999911785125732,7.88925444794586e-06,-15.250000016680895,"[{""token"": "" Eight"", ""token_id"": 38923, ""probability"": 0.9999911785125732}, {""token"": "" Four"", ""token_id"": 13038, ""probability"": 7.88925444794586e-06}, {""token"": ""Eight"", ""token_id"": 80357, ""probability"": 6.475895588664571e-07}, {""token"": "" Six"", ""token_id"": 19759, ""probability"": 2.3823486117180437e-07}, {""token"": "" Many"", ""token_id"": 8732, ""probability"": 4.363423844466752e-09}, {""token"": "" Two"", ""token_id"": 8512, ""probability"": 1.6052137397082333e-09}, {""token"": "" Legs"", ""token_id"": 156403, ""probability"": 5.905251843074666e-10}, {""token"": "" None"", ""token_id"": 5450, ""probability"": 3.58171631242854e-10}, {""token"": "" Typically"", ""token_id"": 50338, ""probability"": 2.7894433984876343e-10}, {""token"": "" Usually"", ""token_id"": 34645, ""probability"": 2.7894433984876343e-10}, {""token"": ""\n\n"", ""token_id"": 108, ""probability"": 2.7894433984876343e-10}, {""token"": "" Zero"", ""token_id"": 31234, ""probability"": 2.7894433984876343e-10}]"
L22-L27-ant-coverage,"[22, 23, 24, 25, 26, 27]","[23422, 23422, 60476, 56900, 56900, 184534, 184534, 109731, 109731, 169121, 145491, 145491, 233390, 129426, 129426, 144881, 144881]","[16, 21, 16, 16, 21, 16, 21, 16, 21, 16, 16, 21, 21, 16, 21, 16, 21]","[1703, 197021, 82603, 209073, 236757, 73903, 248182]","[16, 16, 16, 16, 16, 16, 16]",0.4,0.75,False,joint,False,"[1113.53759765625, 1043.41259765625, 337.6461547851562, 341.0492431640625, 431.497998046875, 279.1304260253906, 364.9177734375, 372.48684082031247, 366.283740234375, 322.753857421875, 550.1393188476562, 421.4759033203125, 361.8057861328125, 422.49038085937497, 422.10919189453125, 566.0879150390625, 571.4015258789062]","[1367.3366432189941, 270.3295612335205, 141.87434005737305, 760.4364166259766, 195.09164428710938, 937.8534851074219, 708.5458374023438]","[742.3584594726562, 695.6084594726562, 225.09744262695312, 1367.3369140625, 270.3295593261719, 40.27727508544922, 120.34988403320312, 141.87435913085938, 108.9234390258789, 176.2566375732422, 760.4364624023438, 145.696533203125, 144.26353454589844, 136.3740234375, 195.0916290283203, 286.5842590332031, 178.11070251464844, 169.85621643066406, 937.8535766601562, 221.47647094726562, 162.074462890625, 507.18072509765625, 391.73846435546875, 708.5458984375]",2407.233774981157, Eight,0.9999891519546509,2.3823437800274405e-07,0.9999891519546509,1.0129982911166735e-05,-15.250000018225828,"[{""token"": "" Eight"", ""token_id"": 38923, ""probability"": 0.9999891519546509}, {""token"": "" Four"", ""token_id"": 13038, ""probability"": 1.0129982911166735e-05}, {""token"": ""Eight"", ""token_id"": 80357, ""probability"": 5.043422106609796e-07}, {""token"": "" Six"", ""token_id"": 19759, ""probability"": 2.3823437800274405e-07}, {""token"": "" Many"", ""token_id"": 8732, ""probability"": 4.363414962682555e-09}, {""token"": "" Two"", ""token_id"": 8512, ""probability"": 2.0611310436180474e-09}, {""token"": "" Legs"", ""token_id"": 156403, ""probability"": 5.905240185732907e-10}, {""token"": "" None"", ""token_id"": 5450, ""probability"": 4.5990056207756425e-10}, {""token"": "" Typically"", ""token_id"": 50338, ""probability"": 3.58170909597888e-10}, {""token"": ""\n\n"", ""token_id"": 108, ""probability"": 2.789437847372511e-10}, {""token"": "" Zero"", ""token_id"": 31234, ""probability"": 2.789437847372511e-10}, {""token"": "" Usually"", ""token_id"": 34645, ""probability"": 2.789437847372511e-10}]"
L22-L27-ant-coverage,"[22, 23, 24, 25, 26, 27]","[23422, 23422, 60476, 56900, 56900, 184534, 184534, 109731, 109731, 169121, 145491, 145491, 233390, 129426, 129426, 144881, 144881]","[16, 21, 16, 16, 21, 16, 21, 16, 21, 16, 16, 21, 21, 16, 21, 16, 21]","[1703, 197021, 82603, 209073, 236757, 73903, 248182]","[16, 16, 16, 16, 16, 16, 16]",0.4,1.0,False,joint,False,"[1113.53759765625, 1043.41259765625, 337.6461547851562, 341.0492431640625, 431.497998046875, 279.1304260253906, 364.9177734375, 372.48684082031247, 366.283740234375, 322.753857421875, 550.1393188476562, 421.4759033203125, 361.8057861328125, 422.49038085937497, 422.10919189453125, 566.0879150390625, 571.4015258789062]","[1823.1155242919922, 360.43941497802734, 189.16578674316406, 1013.9152221679688, 260.1221923828125, 1250.4713134765625, 944.727783203125]","[742.3584594726562, 695.6084594726562, 225.09744262695312, 1823.11572265625, 360.4394226074219, 32.556758880615234, 120.2118148803711, 189.16580200195312, 103.7957534790039, 173.9935760498047, 1013.915283203125, 136.21502685546875, 143.03733825683594, 135.45361328125, 260.1221618652344, 292.5990905761719, 174.62876892089844, 160.60560607910156, 1250.471435546875, 237.39877319335938, 157.427001953125, 516.3589477539062, 382.7576599121094, 944.7279052734375]",2979.4394970980406, Eight,0.9999889135360718,3.9278199892578414e-07,0.9999889135360718,1.0129981092177331e-05,-14.750000002572849,"[{""token"": "" Eight"", ""token_id"": 38923, ""probability"": 0.9999889135360718}, {""token"": "" Four"", ""token_id"": 13038, ""probability"": 1.0129981092177331e-05}, {""token"": ""Eight"", ""token_id"": 80357, ""probability"": 6.475880809375667e-07}, {""token"": "" Six"", ""token_id"": 19759, ""probability"": 3.9278199892578414e-07}, {""token"": "" Many"", ""token_id"": 8732, ""probability"": 7.194053353032359e-09}, {""token"": "" Two"", ""token_id"": 8512, ""probability"": 2.646544539075535e-09}, {""token"": "" Legs"", ""token_id"": 156403, ""probability"": 7.582476313494624e-10}, {""token"": "" None"", ""token_id"": 5450, ""probability"": 5.90523852039837e-10}, {""token"": "" Usually"", ""token_id"": 34645, ""probability"": 4.599004510552618e-10}, {""token"": "" Typically"", ""token_id"": 50338, ""probability"": 4.599004510552618e-10}, {""token"": "" Some"", ""token_id"": 4943, ""probability"": 3.5817082633116115e-10}, {""token"": ""\n\n"", ""token_id"": 108, ""probability"": 3.5817082633116115e-10}]"
L22-L27-ant-coverage,"[22, 23, 24, 25, 26, 27]","[23422, 23422, 60476, 56900, 56900, 184534, 184534, 109731, 109731, 169121, 145491, 145491, 233390, 129426, 129426, 144881, 144881]","[16, 21, 16, 16, 21, 16, 21, 16, 21, 16, 16, 21, 21, 16, 21, 16, 21]","[1703, 197021, 82603, 209073, 236757, 73903, 248182]","[16, 16, 16, 16, 16, 16, 16]",0.4,1.25,False,joint,False,"[1113.53759765625, 1043.41259765625, 337.6461547851562, 341.0492431640625, 431.497998046875, 279.1304260253906, 364.9177734375, 372.48684082031247, 366.283740234375, 322.753857421875, 550.1393188476562, 421.4759033203125, 361.8057861328125, 422.49038085937497, 422.10919189453125, 566.0879150390625, 571.4015258789062]","[2278.8944053649902, 450.5492687225342, 236.45723342895508, 1267.394027709961, 325.1527404785156, 1563.0891418457031, 1180.9097290039062]","[742.3584594726562, 695.6084594726562, 225.09744262695312, 2278.894775390625, 450.54925537109375, 25.884700775146484, 120.1452865600586, 236.45724487304688, 105.9693374633789, 173.46726989746094, 1267.3941650390625, 132.31854248046875, 141.6378631591797, 139.08734130859375, 325.1527099609375, 294.0586242675781, 173.9073944091797, 160.84584045410156, 1563.0892333984375, 249.26431274414062, 155.4722900390625, 521.9673461914062, 373.7532043457031, 1180.9097900390625]",3583.585310326937, Eight,0.9999889135360718,3.9278199892578414e-07,0.9999889135360718,1.0129981092177331e-05,-14.750000002572849,"[{""token"": "" Eight"", ""token_id"": 38923, ""probability"": 0.9999889135360718}, {""token"": "" Four"", ""token_id"": 13038, ""probability"": 1.0129981092177331e-05}, {""token"": ""Eight"", ""token_id"": 80357, ""probability"": 6.475880809375667e-07}, {""token"": "" Six"", ""token_id"": 19759, ""probability"": 3.9278199892578414e-07}, {""token"": "" Many"", ""token_id"": 8732, ""probability"": 7.194053353032359e-09}, {""token"": "" Two"", ""token_id"": 8512, ""probability"": 2.646544539075535e-09}, {""token"": "" Legs"", ""token_id"": 156403, ""probability"": 7.582476313494624e-10}, {""token"": "" None"", ""token_id"": 5450, ""probability"": 5.90523852039837e-10}, {""token"": "" Zero"", ""token_id"": 31234, ""probability"": 4.599004510552618e-10}, {""token"": "" Typically"", ""token_id"": 50338, ""probability"": 4.599004510552618e-10}, {""token"": "" Some"", ""token_id"": 4943, ""probability"": 3.5817082633116115e-10}, {""token"": ""\n\n"", ""token_id"": 108, ""probability"": 3.5817082633116115e-10}]"
L22-L27-ant-coverage,"[22, 23, 24, 25, 26, 27]","[23422, 23422, 60476, 56900, 56900, 184534, 184534, 109731, 109731, 169121, 145491, 145491, 233390, 129426, 129426, 144881, 144881]","[16, 21, 16, 16, 21, 16, 21, 16, 21, 16, 16, 21, 21, 16, 21, 16, 21]","[1703, 197021, 82603, 209073, 236757, 73903, 248182]","[16, 16, 16, 16, 16, 16, 16]",0.4,1.5,False,joint,False,"[1113.53759765625, 1043.41259765625, 337.6461547851562, 341.0492431640625, 431.497998046875, 279.1304260253906, 364.9177734375, 372.48684082031247, 366.283740234375, 322.753857421875, 550.1393188476562, 421.4759033203125, 361.8057861328125, 422.49038085937497, 422.10919189453125, 566.0879150390625, 571.4015258789062]","[2734.6732864379883, 540.659122467041, 283.7486801147461, 1702.8374938964844, 390.18328857421875, 1875.7069702148438, 1417.0916748046875]","[742.3584594726562, 695.6084594726562, 225.09744262695312, 2734.673828125, 540.6591186523438, 22.252986907958984, 120.2020492553711, 283.74871826171875, 105.8454360961914, 169.79148864746094, 1520.8729248046875, 125.46881866455078, 138.56126403808594, 136.79534912109375, 390.1832580566406, 291.5936584472656, 169.24681091308594, 150.18910217285156, 1875.7071533203125, 255.79476928710938, 152.32977294921875, 521.8946533203125, 357.42742919921875, 1417.091796875]",4202.647871154439, Eight,0.9999910593032837,3.0589959010285384e-07,0.9999910593032837,7.889253538451158e-06,-14.999999985024823,"[{""token"": "" Eight"", ""token_id"": 38923, ""probability"": 0.9999910593032837}, {""token"": "" Four"", ""token_id"": 13038, ""probability"": 7.889253538451158e-06}, {""token"": ""Eight"", ""token_id"": 80357, ""probability"": 6.475894451796194e-07}, {""token"": "" Six"", ""token_id"": 19759, ""probability"": 3.0589959010285384e-07}, {""token"": "" Many"", ""token_id"": 8732, ""probability"": 4.363423400377542e-09}, {""token"": "" Two"", ""token_id"": 8512, ""probability"": 2.646550090190658e-09}, {""token"": "" Legs"", ""token_id"": 156403, ""probability"": 5.905251287963154e-10}, {""token"": "" None"", ""token_id"": 5450, ""probability"": 4.5990145025598395e-10}, {""token"": "" Typically"", ""token_id"": 50338, ""probability"": 3.581716034872784e-10}, {""token"": ""\n\n"", ""token_id"": 108, ""probability"": 2.789443120931878e-10}, {""token"": "" Zero"", ""token_id"": 31234, ""probability"": 2.789443120931878e-10}, {""token"": "" Usually"", ""token_id"": 34645, ""probability"": 2.789443120931878e-10}]"
L22-L27-ant-coverage,"[22, 23, 24, 25, 26, 27]","[23422, 23422, 60476, 56900, 56900, 184534, 184534, 109731, 109731, 169121, 145491, 145491, 233390, 129426, 129426, 144881, 144881]","[16, 21, 16, 16, 21, 16, 21, 16, 21, 16, 16, 21, 21, 16, 21, 16, 21]","[1703, 197021, 82603, 209073, 236757, 73903, 248182]","[16, 16, 16, 16, 16, 16, 16]",0.4,2.0,True,joint,False,"[1113.53759765625, 1043.41259765625, 337.6461547851562, 341.0492431640625, 431.497998046875, 279.1304260253906, 364.9177734375, 372.48684082031247, 366.283740234375, 322.753857421875, 550.1393188476562, 421.4759033203125, 361.8057861328125, 422.49038085937497, 422.10919189453125, 566.0879150390625, 571.4015258789062]","[3646.2310485839844, 720.8788299560547, 378.3315734863281, 2320.3798828125, 520.244384765625, 2808.7720947265625, 1889.45556640625]","[742.3584594726562, 695.6084594726562, 225.09744262695312, 3646.2314453125, 720.8788452148438, 6.705471992492676, 120.19546508789062, 378.33160400390625, 94.5101089477539, 167.54478454589844, 2027.83056640625, 88.17810821533203, 138.7184295654297, 123.06060791015625, 520.2443237304688, 263.1470031738281, 154.33140563964844, 137.5924072265625, 2500.94287109375, 256.29132080078125, 137.20985412597656, 498.89031982421875, 337.5610656738281, 1889.455810546875]",5468.450862273958, Eight,0.9999856948852539,5.043404485149949e-07,0.9999856948852539,1.300711119256448e-05,-14.499999998615435,"[{""token"": "" Eight"", ""token_id"": 38923, ""probability"": 0.9999856948852539}, {""token"": "" Four"", ""token_id"": 13038, ""probability"": 1.300711119256448e-05}, {""token"": ""Eight"", ""token_id"": 80357, ""probability"": 8.315168429362529e-07}, {""token"": "" Six"", ""token_id"": 19759, ""probability"": 5.043404485149949e-07}, {""token"": "" Many"", ""token_id"": 8732, ""probability"": 7.194030260393447e-09}, {""token"": "" Two"", ""token_id"": 8512, ""probability"": 3.3982192615411577e-09}, {""token"": "" Legs"", ""token_id"": 156403, ""probability"": 9.736061956644448e-10}, {""token"": "" None"", ""token_id"": 5450, ""probability"": 5.905219646606952e-10}, {""token"": "" Zero"", ""token_id"": 31234, ""probability"": 4.5989898000975415e-10}, {""token"": "" Typically"", ""token_id"": 50338, ""probability"": 4.5989898000975415e-10}, {""token"": "" Usually"", ""token_id"": 34645, ""probability"": 4.5989898000975415e-10}, {""token"": ""\n\n"", ""token_id"": 108, ""probability"": 3.581696605969853e-10}]"
L22-L27-ant-coverage,"[22, 23, 24, 25, 26, 27]","[23422, 23422, 60476, 56900, 56900, 184534, 184534, 109731, 109731, 169121, 145491, 145491, 233390, 129426, 129426, 144881, 144881]","[16, 21, 16, 16, 21, 16, 21, 16, 21, 16, 16, 21, 21, 16, 21, 16, 21]","[1703, 197021, 82603, 209073, 236757, 73903, 248182]","[16, 16, 16, 16, 16, 16, 16]",0.4,3.0,True,joint,False,"[1113.53759765625, 1043.41259765625, 337.6461547851562, 341.0492431640625, 431.497998046875, 279.1304260253906, 364.9177734375, 372.48684082031247, 366.283740234375, 322.753857421875, 550.1393188476562, 421.4759033203125, 361.8057861328125, 422.49038085937497, 422.10919189453125, 566.0879150390625, 571.4015258789062]","[5469.346572875977, 1081.318244934082, 924.5025634765625, 3527.1885375976562, 780.3665771484375, 4404.595703125, 3340.2567138671875]","[742.3584594726562, 695.6084594726562, 225.09744262695312, 5469.34765625, 1081.3182373046875, 21.558748245239258, 120.25985717773438, 567.4974365234375, 60.061622619628906, 155.78526306152344, 3041.745849609375, 17.1428165435791, 136.28782653808594, 71.47265625, 780.3665161132812, 105.3659896850586, 140.7455291748047, 134.150634765625, 3751.414306640625, 164.95713806152344, 122.77954864501953, 356.666259765625, 325.86053466796875, 2834.18359375]",8052.885663058995, Eight,0.9999858140945435,5.043405053584138e-07,0.9999858140945435,1.3007113011553884e-05,-14.500000005118002,"[{""token"": "" Eight"", ""token_id"": 38923, ""probability"": 0.9999858140945435}, {""token"": "" Four"", ""token_id"": 13038, ""probability"": 1.3007113011553884e-05}, {""token"": ""Eight"", ""token_id"": 80357, ""probability"": 6.475860345744877e-07}, {""token"": "" Six"", ""token_id"": 19759, ""probability"": 5.043405053584138e-07}, {""token"": "" Many"", ""token_id"": 8732, ""probability"": 7.194031148571867e-09}, {""token"": "" Two"", ""token_id"": 8512, ""probability"": 4.3634007518278395e-09}, {""token"": "" Legs"", ""token_id"": 156403, ""probability"": 7.582452443699594e-10}, {""token"": "" None"", ""token_id"": 5450, ""probability"": 7.582452443699594e-10}, {""token"": ""\n\n"", ""token_id"": 108, ""probability"": 4.598990355209054e-10}, {""token"": "" Typically"", ""token_id"": 50338, ""probability"": 4.598990355209054e-10}, {""token"": "" Zero"", ""token_id"": 31234, ""probability"": 4.598990355209054e-10}, {""token"": "" Some"", ""token_id"": 4943, ""probability"": 3.5816971610813653e-10}]"
L22-L27-ant-coverage,"[22, 23, 24, 25, 26, 27]","[23422, 23422, 60476, 56900, 56900, 184534, 184534, 109731, 109731, 169121, 145491, 145491, 233390, 129426, 129426, 144881, 144881]","[16, 21, 16, 16, 21, 16, 21, 16, 21, 16, 16, 21, 21, 16, 21, 16, 21]","[1703, 197021, 82603, 209073, 236757, 73903, 248182]","[16, 16, 16, 16, 16, 16, 16]",0.4,4.0,True,joint,False,"[1113.53759765625, 1043.41259765625, 337.6461547851562, 341.0492431640625, 431.497998046875, 279.1304260253906, 364.9177734375, 372.48684082031247, 366.283740234375, 322.753857421875, 550.1393188476562, 421.4759033203125, 361.8057861328125, 422.49038085937497, 422.10919189453125, 566.0879150390625, 571.4015258789062]","[7292.462097167969, 1441.7576599121094, 1407.9449005126953, 4653.723693847656, 1040.48876953125, 5802.4744873046875, 4548.67626953125]","[742.3584594726562, 695.6084594726562, 225.09744262695312, 7292.462890625, 1441.7576904296875, 56.309906005859375, 120.2220687866211, 756.6632080078125, 0.3738769590854645, 146.7147674560547, 4055.6611328125, 159.47125244140625, 141.37449645996094, 0.39465636014938354, 1040.4886474609375, 93.42808532714844, 137.52622985839844, 149.61927795410156, 5001.8857421875, 22.463611602783203, 113.23914337158203, 152.37872314453125, 338.6665344238281, 3778.91162109375]",10678.610916642621, Eight,0.9999856948852539,5.043404485149949e-07,0.9999856948852539,1.300711119256448e-05,-14.499999998615435,"[{""token"": "" Eight"", ""token_id"": 38923, ""probability"": 0.9999856948852539}, {""token"": "" Four"", ""token_id"": 13038, ""probability"": 1.300711119256448e-05}, {""token"": ""Eight"", ""token_id"": 80357, ""probability"": 8.315168429362529e-07}, {""token"": "" Six"", ""token_id"": 19759, ""probability"": 5.043404485149949e-07}, {""token"": "" Many"", ""token_id"": 8732, ""probability"": 7.194030260393447e-09}, {""token"": "" Two"", ""token_id"": 8512, ""probability"": 4.36339986364942e-09}, {""token"": "" Legs"", ""token_id"": 156403, ""probability"": 9.736061956644448e-10}, {""token"": "" None"", ""token_id"": 5450, ""probability"": 9.736061956644448e-10}, {""token"": ""\n\n"", ""token_id"": 108, ""probability"": 5.905219646606952e-10}, {""token"": "" Typically"", ""token_id"": 50338, ""probability"": 5.905219646606952e-10}, {""token"": "" Zero"", ""token_id"": 31234, ""probability"": 5.905219646606952e-10}, {""token"": "" Some"", ""token_id"": 4943, ""probability"": 4.5989898000975415e-10}]"
L22-L27-ant-coverage,"[22, 23, 24, 25, 26, 27]","[23422, 23422, 60476, 56900, 56900, 184534, 184534, 109731, 109731, 169121, 145491, 145491, 233390, 129426, 129426, 144881, 144881]","[16, 21, 16, 16, 21, 16, 21, 16, 21, 16, 16, 21, 21, 16, 21, 16, 21]","[1703, 197021, 82603, 209073, 236757, 73903, 248182]","[16, 16, 16, 16, 16, 16, 16]",0.4,5.0,True,joint,False,"[1113.53759765625, 1043.41259765625, 337.6461547851562, 341.0492431640625, 431.497998046875, 279.1304260253906, 364.9177734375, 372.48684082031247, 366.283740234375, 322.753857421875, 550.1393188476562, 421.4759033203125, 361.8057861328125, 422.49038085937497, 422.10919189453125, 566.0879150390625, 571.4015258789062]","[9115.577621459961, 1802.1970748901367, 1895.8759460449219, 5745.200927734375, 1300.6109619140625, 7418.804443359375, 5832.899169921875]","[742.3584594726562, 695.6084594726562, 225.09744262695312, 9115.5791015625, 1802.197021484375, 85.31719970703125, 123.83743286132812, 945.8289794921875, 45.557090759277344, 145.18101501464844, 5069.57666015625, 372.48687744140625, 148.62278747558594, 54.39706039428711, 1300.61083984375, 154.54135131835938, 145.49839782714844, 167.92201232910156, 6252.35693359375, 51.911869049072266, 122.20557403564453, 6.81787633895874, 369.8766784667969, 4723.63916015625]",13325.019776991969, Eight,0.9999889135360718,3.9278199892578414e-07,0.9999889135360718,1.0129981092177331e-05,-14.750000002572849,"[{""token"": "" Eight"", ""token_id"": 38923, ""probability"": 0.9999889135360718}, {""token"": "" Four"", ""token_id"": 13038, ""probability"": 1.0129981092177331e-05}, {""token"": ""Eight"", ""token_id"": 80357, ""probability"": 6.475880809375667e-07}, {""token"": "" Six"", ""token_id"": 19759, ""probability"": 3.9278199892578414e-07}, {""token"": "" Many"", ""token_id"": 8732, ""probability"": 5.6027342765219146e-09}, {""token"": "" Two"", ""token_id"": 8512, ""probability"": 3.398230141726799e-09}, {""token"": "" None"", ""token_id"": 5450, ""probability"": 7.582476313494624e-10}, {""token"": "" Legs"", ""token_id"": 156403, ""probability"": 7.582476313494624e-10}, {""token"": "" Typically"", ""token_id"": 50338, ""probability"": 5.90523852039837e-10}, {""token"": ""\n\n"", ""token_id"": 108, ""probability"": 4.599004510552618e-10}, {""token"": "" Zero"", ""token_id"": 31234, ""probability"": 4.599004510552618e-10}, {""token"": "" Usually"", ""token_id"": 34645, ""probability"": 4.599004510552618e-10}]"
L22-L27-ant-coverage,"[22, 23, 24, 25, 26, 27]","[23422, 23422, 60476, 56900, 56900, 184534, 184534, 109731, 109731, 169121, 145491, 145491, 233390, 129426, 129426, 144881, 144881]","[16, 21, 16, 16, 21, 16, 21, 16, 21, 16, 16, 21, 21, 16, 21, 16, 21]","[1703, 197021, 82603, 209073, 236757, 73903, 248182]","[16, 16, 16, 16, 16, 16, 16]",0.6,0.0,False,spider_only,False,"[742.3583984375, 695.6083984375, 225.09743652343752, 227.366162109375, 287.66533203125, 186.08695068359376, 243.278515625, 248.324560546875, 244.18916015625, 215.16923828125002, 366.7595458984375, 280.983935546875, 241.203857421875, 281.66025390625003, 281.4061279296875, 377.39194335937503, 380.9343505859375]","[0.0, 0.0, 0.0, 0.0, 0.0, 0.0, 0.0]","[1113.5377197265625, 1043.4127197265625, 337.6461486816406, 0.0, 0.0, 90.90554809570312, 181.24578857421875, 0.0, 132.563720703125, 252.1039581298828, 0.0, 207.88970947265625, 214.1923370361328, 176.93832397460938, 0.0, 348.6150817871094, 264.0559997558594, 260.0673828125, 0.0, 223.48300170898438, 232.4232177734375, 646.52294921875, 605.2511596679688, 0.0]",1957.6791162551128, Eight,0.999994158744812,3.927840452888631e-07,0.999994158744812,4.78508991363924e-06,-14.750000037918824,"[{""token"": "" Eight"", ""token_id"": 38923, ""probability"": 0.999994158744812}, {""token"": "" Four"", ""token_id"": 13038, ""probability"": 4.78508991363924e-06}, {""token"": ""Eight"", ""token_id"": 80357, ""probability"": 6.475914346992795e-07}, {""token"": "" Six"", ""token_id"": 19759, ""probability"": 3.927840452888631e-07}, {""token"": "" Many"", ""token_id"": 8732, ""probability"": 5.602763586409765e-09}, {""token"": "" Two"", ""token_id"": 8512, ""probability"": 2.061141479714479e-09}, {""token"": "" Legs"", ""token_id"": 156403, ""probability"": 5.90526960664306e-10}, {""token"": "" None"", ""token_id"": 5450, ""probability"": 4.5990286579034034e-10}, {""token"": "" Typically"", ""token_id"": 50338, ""probability"": 2.789451725160319e-10}, {""token"": "" Usually"", ""token_id"": 34645, ""probability"": 2.789451725160319e-10}, {""token"": ""\n\n"", ""token_id"": 108, ""probability"": 2.789451725160319e-10}, {""token"": "" Zero"", ""token_id"": 31234, ""probability"": 2.789451725160319e-10}]"
L22-L27-ant-coverage,"[22, 23, 24, 25, 26, 27]","[23422, 23422, 60476, 56900, 56900, 184534, 184534, 109731, 109731, 169121, 145491, 145491, 233390, 129426, 129426, 144881, 144881]","[16, 21, 16, 16, 21, 16, 21, 16, 21, 16, 16, 21, 21, 16, 21, 16, 21]","[1703, 197021, 82603, 209073, 236757, 73903, 248182]","[16, 16, 16, 16, 16, 16, 16]",0.6,0.25,False,joint,False,"[742.3583984375, 695.6083984375, 225.09743652343752, 227.366162109375, 287.66533203125, 186.08695068359376, 243.278515625, 248.324560546875, 244.18916015625, 215.16923828125002, 366.7595458984375, 280.983935546875, 241.203857421875, 281.66025390625003, 281.4061279296875, 377.39194335937503, 380.9343505859375]","[455.77888107299805, 90.10985374450684, 47.291446685791016, 253.4788055419922, 65.03054809570312, 312.6178283691406, 236.18194580078125]","[1113.5377197265625, 1043.4127197265625, 337.6461486816406, 455.7789306640625, 90.10985565185547, 84.28097534179688, 181.23016357421875, 47.29145050048828, 142.39923095703125, 255.93678283691406, 253.47882080078125, 211.6026611328125, 218.58717346191406, 184.06845092773438, 65.0305404663086, 369.4640197753906, 266.39794921875, 261.2147521972656, 312.61785888671875, 250.82846069335938, 236.77569580078125, 680.571044921875, 610.4555053710938, 236.18197631835938]",2089.364873631049, Eight,0.9999943971633911,3.9278415897570085e-07,0.9999943971633911,4.785090823133942e-06,-14.749999986900278,"[{""token"": "" Eight"", ""token_id"": 38923, ""probability"": 0.9999943971633911}, {""token"": "" Four"", ""token_id"": 13038, ""probability"": 4.785090823133942e-06}, {""token"": ""Eight"", ""token_id"": 80357, ""probability"": 5.043448254582472e-07}, {""token"": "" Six"", ""token_id"": 19759, ""probability"": 3.9278415897570085e-07}, {""token"": "" Many"", ""token_id"": 8732, ""probability"": 5.602764918677394e-09}, {""token"": "" Two"", ""token_id"": 8512, ""probability"": 2.0611419238036888e-09}, {""token"": "" Legs"", ""token_id"": 156403, ""probability"": 5.905270716866085e-10}, {""token"": "" None"", ""token_id"": 5450, ""probability"": 3.5817279697702986e-10}, {""token"": ""\n\n"", ""token_id"": 108, ""probability"": 2.7894525578275875e-10}, {""token"": "" Typically"", ""token_id"": 50338, ""probability"": 2.7894525578275875e-10}, {""token"": "" Usually"", ""token_id"": 34645, ""probability"": 2.7894525578275875e-10}, {""token"": "" Some"", ""token_id"": 4943, ""probability"": 2.1724276544343724e-10}]"
L22-L27-ant-coverage,"[22, 23, 24, 25, 26, 27]","[23422, 23422, 60476, 56900, 56900, 184534, 184534, 109731, 109731, 169121, 145491, 145491, 233390, 129426, 129426, 144881, 144881]","[16, 21, 16, 16, 21, 16, 21, 16, 21, 16, 16, 21, 21, 16, 21, 16, 21]","[1703, 197021, 82603, 209073, 236757, 73903, 248182]","[16, 16, 16, 16, 16, 16, 16]",0.6,0.5,False,joint,False,"[742.3583984375, 695.6083984375, 225.09743652343752, 227.366162109375, 287.66533203125, 186.08695068359376, 243.278515625, 248.324560546875, 244.18916015625, 215.16923828125002, 366.7595458984375, 280.983935546875, 241.203857421875, 281.66025390625003, 281.4061279296875, 377.39194335937503, 380.9343505859375]","[911.5577621459961, 180.21970748901367, 94.58289337158203, 506.9576110839844, 130.06109619140625, 625.2356567382812, 472.3638916015625]","[1113.5377197265625, 1043.4127197265625, 337.6461486816406, 911.557861328125, 180.21971130371094, 77.42357635498047, 181.1488037109375, 94.58290100097656, 142.90087890625, 253.57032775878906, 506.9576416015625, 211.638671875, 213.59303283691406, 188.39476013183594, 130.0610809326172, 379.9106750488281, 263.0164794921875, 257.0274658203125, 625.2357177734375, 267.4108581542969, 233.96923828125, 696.525390625, 598.0601196289062, 472.36395263671875]",2387.69625338039, Eight,0.9999924898147583,5.043438591201266e-07,0.9999924898147583,6.144166491139913e-06,-14.500000031136276,"[{""token"": "" Eight"", ""token_id"": 38923, ""probability"": 0.9999924898147583}, {""token"": "" Four"", ""token_id"": 13038, ""probability"": 6.144166491139913e-06}, {""token"": ""Eight"", ""token_id"": 80357, ""probability"": 8.315224704347202e-07}, {""token"": "" Six"", ""token_id"": 19759, ""probability"": 5.043438591201266e-07}, {""token"": "" Many"", ""token_id"": 8732, ""probability"": 7.1940791102065305e-09}, {""token"": "" Two"", ""token_id"": 8512, ""probability"": 2.6465538649489417e-09}, {""token"": "" Legs"", ""token_id"": 156403, ""probability"": 7.582502958847215e-10}, {""token"": "" None"", ""token_id"": 5450, ""probability"": 5.905259614635838e-10}, {""token"": "" Typically"", ""token_id"": 50338, ""probability"": 3.5817210308763947e-10}, {""token"": "" Usually"", ""token_id"": 34645, ""probability"": 3.5817210308763947e-10}, {""token"": ""\n\n"", ""token_id"": 108, ""probability"": 3.5817210308763947e-10}, {""token"": "" Zero"", ""token_id"": 31234, ""probability"": 3.5817210308763947e-10}]"
L22-L27-ant-coverage,"[22, 23, 24, 25, 26, 27]","[23422, 23422, 60476, 56900, 56900, 184534, 184534, 109731, 109731, 169121, 145491, 145491, 233390, 129426, 129426, 144881, 144881]","[16, 21, 16, 16, 21, 16, 21, 16, 21, 16, 16, 21, 21, 16, 21, 16, 21]","[1703, 197021, 82603, 209073, 236757, 73903, 248182]","[16, 16, 16, 16, 16, 16, 16]",0.6,0.75,False,joint,False,"[742.3583984375, 695.6083984375, 225.09743652343752, 227.366162109375, 287.66533203125, 186.08695068359376, 243.278515625, 248.324560546875, 244.18916015625, 215.16923828125002, 366.7595458984375, 280.983935546875, 241.203857421875, 281.66025390625003, 281.4061279296875, 377.39194335937503, 380.9343505859375]","[1367.3366432189941, 270.3295612335205, 141.87434005737305, 760.4364166259766, 195.09164428710938, 937.8534851074219, 708.5458374023438]","[1113.5377197265625, 1043.4127197265625, 337.6461486816406, 1367.3369140625, 270.3295593261719, 69.46224975585938, 180.84149169921875, 141.87435913085938, 148.0198974609375, 254.83761596679688, 760.4364624023438, 208.82489013671875, 214.44766235351562, 190.81234741210938, 195.0916290283203, 393.1446228027344, 265.3846435546875, 257.6770324707031, 937.8535766601562, 286.7292175292969, 237.14447021484375, 711.6746826171875, 596.7661743164062, 708.5458984375]",2818.9121404702078, Eight,0.9999923706054688,6.475902978309023e-07,0.9999923706054688,6.144165581645211e-06,-14.249999967562681,"[{""token"": "" Eight"", ""token_id"": 38923, ""probability"": 0.9999923706054688}, {""token"": "" Four"", ""token_id"": 13038, ""probability"": 6.144165581645211e-06}, {""token"": ""Eight"", ""token_id"": 80357, ""probability"": 8.315223567478824e-07}, {""token"": "" Six"", ""token_id"": 19759, ""probability"": 6.475902978309023e-07}, {""token"": "" Many"", ""token_id"": 8732, ""probability"": 7.194078222028111e-09}, {""token"": "" Two"", ""token_id"": 8512, ""probability"": 2.646553642904337e-09}, {""token"": "" Legs"", ""token_id"": 156403, ""probability"": 7.582502403735703e-10}, {""token"": "" None"", ""token_id"": 5450, ""probability"": 5.905259059524326e-10}, {""token"": "" Typically"", ""token_id"": 50338, ""probability"": 4.599020608786475e-10}, {""token"": "" Zero"", ""token_id"": 31234, ""probability"": 3.5817207533206386e-10}, {""token"": "" Usually"", ""token_id"": 34645, ""probability"": 3.5817207533206386e-10}, {""token"": ""\n\n"", ""token_id"": 108, ""probability"": 2.789446729156708e-10}]"
L22-L27-ant-coverage,"[22, 23, 24, 25, 26, 27]","[23422, 23422, 60476, 56900, 56900, 184534, 184534, 109731, 109731, 169121, 145491, 145491, 233390, 129426, 129426, 144881, 144881]","[16, 21, 16, 16, 21, 16, 21, 16, 21, 16, 16, 21, 21, 16, 21, 16, 21]","[1703, 197021, 82603, 209073, 236757, 73903, 248182]","[16, 16, 16, 16, 16, 16, 16]",0.6,1.0,False,joint,False,"[742.3583984375, 695.6083984375, 225.09743652343752, 227.366162109375, 287.66533203125, 186.08695068359376, 243.278515625, 248.324560546875, 244.18916015625, 215.16923828125002, 366.7595458984375, 280.983935546875, 241.203857421875, 281.66025390625003, 281.4061279296875, 377.39194335937503, 380.9343505859375]","[1823.1155242919922, 360.43941497802734, 189.16578674316406, 1013.9152221679688, 260.1221923828125, 1250.4713134765625, 944.727783203125]","[1113.5377197265625, 1043.4127197265625, 337.6461486816406, 1823.11572265625, 360.4394226074219, 63.36838150024414, 180.9978485107422, 189.16580200195312, 151.548583984375, 251.5314483642578, 1013.915283203125, 206.58160400390625, 211.0222930908203, 195.69882202148438, 260.1221618652344, 402.7157287597656, 264.27093505859375, 251.47364807128906, 1250.471435546875, 305.66851806640625, 235.17840576171875, 728.3159790039062, 589.5975952148438, 944.7279052734375]",3324.845074527477, Eight,0.9999939203262329,6.475913210124418e-07,0.9999939203262329,4.785088549397187e-06,-14.249999937312504,"[{""token"": "" Eight"", ""token_id"": 38923, ""probability"": 0.9999939203262329}, {""token"": "" Four"", ""token_id"": 13038, ""probability"": 4.785088549397187e-06}, {""token"": "" Six"", ""token_id"": 19759, ""probability"": 6.475913210124418e-07}, {""token"": ""Eight"", ""token_id"": 80357, ""probability"": 6.475913210124418e-07}, {""token"": "" Many"", ""token_id"": 8732, ""probability"": 5.602762254142135e-09}, {""token"": "" Two"", ""token_id"": 8512, ""probability"": 2.6465578617518304e-09}, {""token"": "" Legs"", ""token_id"": 156403, ""probability"": 5.905267941308523e-10}, {""token"": "" None"", ""token_id"": 5450, ""probability"": 4.599027547680379e-10}, {""token"": "" Typically"", ""token_id"": 50338, ""probability"": 3.5817263044357617e-10}, {""token"": ""\n\n"", ""token_id"": 108, ""probability"": 2.7894511700488067e-10}, {""token"": "" Zero"", ""token_id"": 31234, ""probability"": 2.7894511700488067e-10}, {""token"": "" Usually"", ""token_id"": 34645, ""probability"": 2.7894511700488067e-10}]"
L22-L27-ant-coverage,"[22, 23, 24, 25, 26, 27]","[23422, 23422, 60476, 56900, 56900, 184534, 184534, 109731, 109731, 169121, 145491, 145491, 233390, 129426, 129426, 144881, 144881]","[16, 21, 16, 16, 21, 16, 21, 16, 21, 16, 16, 21, 21, 16, 21, 16, 21]","[1703, 197021, 82603, 209073, 236757, 73903, 248182]","[16, 16, 16, 16, 16, 16, 16]",0.6,1.25,False,joint,False,"[742.3583984375, 695.6083984375, 225.09743652343752, 227.366162109375, 287.66533203125, 186.08695068359376, 243.278515625, 248.324560546875, 244.18916015625, 215.16923828125002, 366.7595458984375, 280.983935546875, 241.203857421875, 281.66025390625003, 281.4061279296875, 377.39194335937503, 380.9343505859375]","[2278.8944053649902, 450.5492687225342, 236.45723342895508, 1267.394027709961, 325.1527404785156, 1563.0891418457031, 1180.9097290039062]","[1113.5377197265625, 1043.4127197265625, 337.6461486816406, 2278.894775390625, 450.54925537109375, 56.057281494140625, 180.90472412109375, 236.45724487304688, 150.3138427734375, 250.0117950439453, 1267.3941650390625, 197.73419189453125, 210.22889709472656, 193.37344360351562, 325.1527099609375, 396.3191223144531, 260.47808837890625, 246.49440002441406, 1563.0892333984375, 310.65069580078125, 232.29315185546875, 721.753662109375, 582.300537109375, 1180.9097900390625]",3870.730970729262, Eight,0.9999926090240479,6.475904683611589e-07,0.9999926090240479,6.144166945887264e-06,-14.249999942652616,"[{""token"": "" Eight"", ""token_id"": 38923, ""probability"": 0.9999926090240479}, {""token"": "" Four"", ""token_id"": 13038, ""probability"": 6.144166945887264e-06}, {""token"": "" Six"", ""token_id"": 19759, ""probability"": 6.475904683611589e-07}, {""token"": ""Eight"", ""token_id"": 80357, ""probability"": 6.475904683611589e-07}, {""token"": "" Many"", ""token_id"": 8732, ""probability"": 5.6027551487147775e-09}, {""token"": "" Two"", ""token_id"": 8512, ""probability"": 2.6465543090381516e-09}, {""token"": "" Legs"", ""token_id"": 156403, ""probability"": 7.582504069070239e-10}, {""token"": "" None"", ""token_id"": 5450, ""probability"": 4.5990217190094995e-10}, {""token"": "" Typically"", ""token_id"": 50338, ""probability"": 3.581721585987907e-10}, {""token"": ""\n\n"", ""token_id"": 108, ""probability"": 2.7894475618239767e-10}, {""token"": "" Zero"", ""token_id"": 31234, ""probability"": 2.7894475618239767e-10}, {""token"": "" Usually"", ""token_id"": 34645, ""probability"": 2.7894475618239767e-10}]"
L22-L27-ant-coverage,"[22, 23, 24, 25, 26, 27]","[23422, 23422, 60476, 56900, 56900, 184534, 184534, 109731, 109731, 169121, 145491, 145491, 233390, 129426, 129426, 144881, 144881]","[16, 21, 16, 16, 21, 16, 21, 16, 21, 16, 16, 21, 21, 16, 21, 16, 21]","[1703, 197021, 82603, 209073, 236757, 73903, 248182]","[16, 16, 16, 16, 16, 16, 16]",0.6,1.5,False,joint,False,"[742.3583984375, 695.6083984375, 225.09743652343752, 227.366162109375, 287.66533203125, 186.08695068359376, 243.278515625, 248.324560546875, 244.18916015625, 215.16923828125002, 366.7595458984375, 280.983935546875, 241.203857421875, 281.66025390625003, 281.4061279296875, 377.39194335937503, 380.9343505859375]","[2734.6732864379883, 540.659122467041, 283.7486801147461, 1703.6138000488281, 390.18328857421875, 1875.7069702148438, 1417.0916748046875]","[1113.5377197265625, 1043.4127197265625, 337.6461486816406, 2734.673828125, 540.6591186523438, 52.02182388305664, 181.18524169921875, 283.74871826171875, 148.02294921875, 250.3061065673828, 1520.8729248046875, 188.473876953125, 210.0191192626953, 191.20675659179688, 390.1832580566406, 397.02178955078125, 250.76710510253906, 235.12940979003906, 1875.7071533203125, 320.3178405761719, 220.59716796875, 727.9686889648438, 558.7443237304688, 1417.091796875]",4448.725329604408, Eight,0.9999927282333374,6.475905252045777e-07,0.9999927282333374,6.144167855381966e-06,-14.249999974085984,"[{""token"": "" Eight"", ""token_id"": 38923, ""probability"": 0.9999927282333374}, {""token"": "" Four"", ""token_id"": 13038, ""probability"": 6.144167855381966e-06}, {""token"": "" Six"", ""token_id"": 19759, ""probability"": 6.475905252045777e-07}, {""token"": ""Eight"", ""token_id"": 80357, ""probability"": 5.043439728069643e-07}, {""token"": "" Many"", ""token_id"": 8732, ""probability"": 7.19408088656337e-09}, {""token"": "" Two"", ""token_id"": 8512, ""probability"": 2.6465545310827565e-09}, {""token"": "" Legs"", ""token_id"": 156403, ""probability"": 5.905261279970375e-10}, {""token"": "" None"", ""token_id"": 5450, ""probability"": 5.905261279970375e-10}, {""token"": "" Typically"", ""token_id"": 50338, ""probability"": 4.599022274121012e-10}, {""token"": "" Usually"", ""token_id"": 34645, ""probability"": 3.581721863543663e-10}, {""token"": "" Some"", ""token_id"": 4943, ""probability"": 2.789447839379733e-10}, {""token"": ""\n\n"", ""token_id"": 108, ""probability"": 2.789447839379733e-10}]"
L22-L27-ant-coverage,"[22, 23, 24, 25, 26, 27]","[23422, 23422, 60476, 56900, 56900, 184534, 184534, 109731, 109731, 169121, 145491, 145491, 233390, 129426, 129426, 144881, 144881]","[16, 21, 16, 16, 21, 16, 21, 16, 21, 16, 16, 21, 21, 16, 21, 16, 21]","[1703, 197021, 82603, 209073, 236757, 73903, 248182]","[16, 16, 16, 16, 16, 16, 16]",0.6,2.0,True,joint,False,"[742.3583984375, 695.6083984375, 225.09743652343752, 227.366162109375, 287.66533203125, 186.08695068359376, 243.278515625, 248.324560546875, 244.18916015625, 215.16923828125002, 366.7595458984375, 280.983935546875, 241.203857421875, 281.66025390625003, 281.4061279296875, 377.39194335937503, 380.9343505859375]","[3646.2310485839844, 720.8788299560547, 378.3315734863281, 2322.9479370117188, 520.244384765625, 2831.3607788085938, 1889.45556640625]","[1113.5377197265625, 1043.4127197265625, 337.6461486816406, 3646.2314453125, 720.8788452148438, 35.60000991821289, 180.9332733154297, 378.33160400390625, 139.27386474609375, 245.48951721191406, 2027.83056640625, 155.95562744140625, 206.5430450439453, 179.53091430664062, 520.2443237304688, 366.20880126953125, 234.87159729003906, 216.5741729736328, 2500.94287109375, 321.2119140625, 201.7080841064453, 699.322509765625, 523.765869140625, 1889.455810546875]",5653.697860548673, Eight,0.9999905824661255,1.067694029188715e-06,0.9999905824661255,7.88924990047235e-06,-13.74999993041769,"[{""token"": "" Eight"", ""token_id"": 38923, ""probability"": 0.9999905824661255}, {""token"": "" Four"", ""token_id"": 13038, ""probability"": 7.88924990047235e-06}, {""token"": "" Six"", ""token_id"": 19759, ""probability"": 1.067694029188715e-06}, {""token"": ""Eight"", ""token_id"": 80357, ""probability"": 5.04342892782006e-07}, {""token"": "" Many"", ""token_id"": 8732, ""probability"": 7.194065343441025e-09}, {""token"": "" Two"", ""token_id"": 8512, ""probability"": 3.398235914886527e-09}, {""token"": "" Legs"", ""token_id"": 156403, ""probability"": 7.582488525947895e-10}, {""token"": "" None"", ""token_id"": 5450, ""probability"": 5.905248512405592e-10}, {""token"": "" Zero"", ""token_id"": 31234, ""probability"": 4.59901228211379e-10}, {""token"": "" Typically"", ""token_id"": 50338, ""probability"": 4.59901228211379e-10}, {""token"": "" Usually"", ""token_id"": 34645, ""probability"": 4.59901228211379e-10}, {""token"": ""\n\n"", ""token_id"": 108, ""probability"": 3.581714091982491e-10}]"
L22-L27-ant-coverage,"[22, 23, 24, 25, 26, 27]","[23422, 23422, 60476, 56900, 56900, 184534, 184534, 109731, 109731, 169121, 145491, 145491, 233390, 129426, 129426, 144881, 144881]","[16, 21, 16, 16, 21, 16, 21, 16, 21, 16, 16, 21, 21, 16, 21, 16, 21]","[1703, 197021, 82603, 209073, 236757, 73903, 248182]","[16, 16, 16, 16, 16, 16, 16]",0.6,3.0,True,joint,False,"[742.3583984375, 695.6083984375, 225.09743652343752, 227.366162109375, 287.66533203125, 186.08695068359376, 243.278515625, 248.324560546875, 244.18916015625, 215.16923828125002, 366.7595458984375, 280.983935546875, 241.203857421875, 281.66025390625003, 281.4061279296875, 377.39194335937503, 380.9343505859375]","[5469.346572875977, 1081.318244934082, 926.4309692382812, 3531.46484375, 780.3665771484375, 4426.7620849609375, 3355.8516845703125]","[1113.5377197265625, 1043.4127197265625, 337.6461486816406, 5469.34765625, 1081.3182373046875, 7.721315860748291, 180.65789794921875, 567.4974365234375, 104.03295135498047, 233.2973175048828, 3041.745849609375, 47.97295379638672, 204.5224151611328, 123.90621948242188, 780.3665161132812, 212.20773315429688, 218.4022979736328, 211.38172912597656, 3751.414306640625, 232.63375854492188, 180.6474609375, 548.2119140625, 512.1502075195312, 2834.18359375]",8170.622631249724, Eight,0.9999896287918091,1.760328018463042e-06,0.9999896287918091,7.889242624514736e-06,-13.250000020891013,"[{""token"": "" Eight"", ""token_id"": 38923, ""probability"": 0.9999896287918091}, {""token"": "" Four"", ""token_id"": 13038, ""probability"": 7.889242624514736e-06}, {""token"": "" Six"", ""token_id"": 19759, ""probability"": 1.760328018463042e-06}, {""token"": ""Eight"", ""token_id"": 80357, ""probability"": 6.475885356849176e-07}, {""token"": "" Many"", ""token_id"": 8732, ""probability"": 9.237353992830322e-09}, {""token"": "" Two"", ""token_id"": 8512, ""probability"": 5.602738273324803e-09}, {""token"": "" Legs"", ""token_id"": 156403, ""probability"": 9.736099704227286e-10}, {""token"": "" None"", ""token_id"": 5450, ""probability"": 9.736099704227286e-10}, {""token"": ""\n\n"", ""token_id"": 108, ""probability"": 5.905242961290469e-10}, {""token"": "" Typically"", ""token_id"": 50338, ""probability"": 5.905242961290469e-10}, {""token"": "" Zero"", ""token_id"": 31234, ""probability"": 5.905242961290469e-10}, {""token"": "" Usually"", ""token_id"": 34645, ""probability"": 4.5990078412216917e-10}]"
L22-L27-ant-coverage,"[22, 23, 24, 25, 26, 27]","[23422, 23422, 60476, 56900, 56900, 184534, 184534, 109731, 109731, 169121, 145491, 145491, 233390, 129426, 129426, 144881, 144881]","[16, 21, 16, 16, 21, 16, 21, 16, 21, 16, 16, 21, 21, 16, 21, 16, 21]","[1703, 197021, 82603, 209073, 236757, 73903, 248182]","[16, 16, 16, 16, 16, 16, 16]",0.6,4.0,True,joint,False,"[742.3583984375, 695.6083984375, 225.09743652343752, 227.366162109375, 287.66533203125, 186.08695068359376, 243.278515625, 248.324560546875, 244.18916015625, 215.16923828125002, 366.7595458984375, 280.983935546875, 241.203857421875, 281.66025390625003, 281.4061279296875, 377.39194335937503, 380.9343505859375]","[7292.462097167969, 1441.7576599121094, 1409.5374908447266, 4659.210266113281, 1040.48876953125, 5814.3406982421875, 4548.2432861328125]","[1113.5377197265625, 1043.4127197265625, 337.6461486816406, 7292.462890625, 1441.7576904296875, 25.5864200592041, 183.2618865966797, 756.6632080078125, 50.05687713623047, 227.59034729003906, 4055.6611328125, 248.32455444335938, 207.9143829345703, 53.113399505615234, 1040.4886474609375, 35.710792541503906, 219.46449279785156, 228.07057189941406, 5001.8857421875, 104.55221557617188, 177.19989013671875, 345.5956115722656, 525.2293701171875, 3778.91162109375]",10762.866023967314, Eight,0.9999905824661255,1.067694029188715e-06,0.9999905824661255,7.88924990047235e-06,-13.74999993041769,"[{""token"": "" Eight"", ""token_id"": 38923, ""probability"": 0.9999905824661255}, {""token"": "" Four"", ""token_id"": 13038, ""probability"": 7.88924990047235e-06}, {""token"": "" Six"", ""token_id"": 19759, ""probability"": 1.067694029188715e-06}, {""token"": ""Eight"", ""token_id"": 80357, ""probability"": 5.04342892782006e-07}, {""token"": "" Many"", ""token_id"": 8732, ""probability"": 5.6027436023953214e-09}, {""token"": "" Two"", ""token_id"": 8512, ""probability"": 4.363421179931493e-09}, {""token"": "" None"", ""token_id"": 5450, ""probability"": 5.905248512405592e-10}, {""token"": "" Legs"", ""token_id"": 156403, ""probability"": 5.905248512405592e-10}, {""token"": "" Typically"", ""token_id"": 50338, ""probability"": 4.59901228211379e-10}, {""token"": ""\n\n"", ""token_id"": 108, ""probability"": 3.581714091982491e-10}, {""token"": "" Zero"", ""token_id"": 31234, ""probability"": 3.581714091982491e-10}, {""token"": "" Usually"", ""token_id"": 34645, ""probability"": 3.581714091982491e-10}]"
L22-L27-ant-coverage,"[22, 23, 24, 25, 26, 27]","[23422, 23422, 60476, 56900, 56900, 184534, 184534, 109731, 109731, 169121, 145491, 145491, 233390, 129426, 129426, 144881, 144881]","[16, 21, 16, 16, 21, 16, 21, 16, 21, 16, 16, 21, 21, 16, 21, 16, 21]","[1703, 197021, 82603, 209073, 236757, 73903, 248182]","[16, 16, 16, 16, 16, 16, 16]",0.6,5.0,True,joint,False,"[742.3583984375, 695.6083984375, 225.09743652343752, 227.366162109375, 287.66533203125, 186.08695068359376, 243.278515625, 248.324560546875, 244.18916015625, 215.16923828125002, 366.7595458984375, 280.983935546875, 241.203857421875, 281.66025390625003, 281.4061279296875, 377.39194335937503, 380.9343505859375]","[9115.577621459961, 1802.1970748901367, 1898.0027770996094, 5749.8084716796875, 1300.6109619140625, 7443.1011962890625, 5845.4345703125]","[1113.5377197265625, 1043.4127197265625, 337.6461486816406, 9115.5791015625, 1802.197021484375, 54.48006820678711, 183.38494873046875, 945.8289794921875, 2.2359557151794434, 224.5658721923828, 5069.57666015625, 248.32455444335938, 210.18605041503906, 0.15182189643383026, 1300.61083984375, 33.861106872558594, 222.13575744628906, 241.51234436035156, 6252.35693359375, 19.777565002441406, 172.957763671875, 171.3562469482422, 534.6048583984375, 4723.63916015625]",13383.686584019988, Eight,0.999984860420227,1.3709383210880333e-06,0.999984860420227,1.3007100278628059e-05,-13.500000006967197,"[{""token"": "" Eight"", ""token_id"": 38923, ""probability"": 0.999984860420227}, {""token"": "" Four"", ""token_id"": 13038, ""probability"": 1.3007100278628059e-05}, {""token"": "" Six"", ""token_id"": 19759, ""probability"": 1.3709383210880333e-06}, {""token"": ""Eight"", ""token_id"": 80357, ""probability"": 6.475854661402991e-07}, {""token"": "" Many"", ""token_id"": 8732, ""probability"": 9.237310472087756e-09}, {""token"": "" Two"", ""token_id"": 8512, ""probability"": 7.194024487233719e-09}, {""token"": "" Legs"", ""token_id"": 156403, ""probability"": 9.736053074860251e-10}, {""token"": "" None"", ""token_id"": 5450, ""probability"": 9.736053074860251e-10}, {""token"": ""\n\n"", ""token_id"": 108, ""probability"": 5.905214650603341e-10}, {""token"": "" Typically"", ""token_id"": 50338, ""probability"": 5.905214650603341e-10}, {""token"": "" Zero"", ""token_id"": 31234, ""probability"": 5.905214650603341e-10}, {""token"": "" Usually"", ""token_id"": 34645, ""probability"": 4.5989859143169554e-10}]"
L22-L27-ant-coverage,"[22, 23, 24, 25, 26, 27]","[23422, 23422, 60476, 56900, 56900, 184534, 184534, 109731, 109731, 169121, 145491, 145491, 233390, 129426, 129426, 144881, 144881]","[16, 21, 16, 16, 21, 16, 21, 16, 21, 16, 16, 21, 21, 16, 21, 16, 21]","[1703, 197021, 82603, 209073, 236757, 73903, 248182]","[16, 16, 16, 16, 16, 16, 16]",0.8,0.0,False,spider_only,False,"[371.17919921874994, 347.80419921874994, 112.54871826171872, 113.68308105468748, 143.83266601562497, 93.04347534179685, 121.63925781249998, 124.16228027343747, 122.09458007812498, 107.58461914062498, 183.3797729492187, 140.49196777343747, 120.60192871093747, 140.83012695312496, 140.70306396484372, 188.69597167968746, 190.4671752929687]","[0.0, 0.0, 0.0, 0.0, 0.0, 0.0, 0.0]","[1484.7169189453125, 1391.2169189453125, 450.19488525390625, 0.0, 0.0, 120.56140899658203, 239.60693359375, 0.0, 171.20826721191406, 320.58892822265625, 0.0, 267.4844055175781, 275.02593994140625, 232.3710174560547, 0.0, 450.65325927734375, 330.4113464355469, 335.3982849121094, 0.0, 282.9835510253906, 290.0353088378906, 841.0784912109375, 803.043212890625, 0.0]",2586.3115512308177, Eight,0.9999933242797852,1.3709499171454809e-06,0.9999933242797852,4.785085820913082e-06,-13.500000012472604,"[{""token"": "" Eight"", ""token_id"": 38923, ""probability"": 0.9999933242797852}, {""token"": "" Four"", ""token_id"": 13038, ""probability"": 4.785085820913082e-06}, {""token"": "" Six"", ""token_id"": 19759, ""probability"": 1.3709499171454809e-06}, {""token"": ""Eight"", ""token_id"": 80357, ""probability"": 5.043443138674775e-07}, {""token"": "" Many"", ""token_id"": 8732, ""probability"": 7.194085327455468e-09}, {""token"": "" Two"", ""token_id"": 8512, ""probability"": 2.646556085394991e-09}, {""token"": "" Legs"", ""token_id"": 156403, ""probability"": 5.905264610639449e-10}, {""token"": "" None"", ""token_id"": 5450, ""probability"": 4.599024772122817e-10}, {""token"": "" Typically"", ""token_id"": 50338, ""probability"": 3.5817240839897124e-10}, {""token"": ""\n\n"", ""token_id"": 108, ""probability"": 2.78944950471427e-10}, {""token"": "" Usually"", ""token_id"": 34645, ""probability"": 2.78944950471427e-10}, {""token"": "" Some"", ""token_id"": 4943, ""probability"": 2.172425295210445e-10}]"
L22-L27-ant-coverage,"[22, 23, 24, 25, 26, 27]","[23422, 23422, 60476, 56900, 56900, 184534, 184534, 109731, 109731, 169121, 145491, 145491, 233390, 129426, 129426, 144881, 144881]","[16, 21, 16, 16, 21, 16, 21, 16, 21, 16, 16, 21, 21, 16, 21, 16, 21]","[1703, 197021, 82603, 209073, 236757, 73903, 248182]","[16, 16, 16, 16, 16, 16, 16]",0.8,0.25,False,joint,False,"[371.17919921874994, 347.80419921874994, 112.54871826171872, 113.68308105468748, 143.83266601562497, 93.04347534179685, 121.63925781249998, 124.16228027343747, 122.09458007812498, 107.58461914062498, 183.3797729492187, 140.49196777343747, 120.60192871093747, 140.83012695312496, 140.70306396484372, 188.69597167968746, 190.4671752929687]","[455.77888107299805, 90.10985374450684, 47.291446685791016, 253.4788055419922, 65.03054809570312, 312.6178283691406, 236.18194580078125]","[1484.7169189453125, 1391.2169189453125, 450.19488525390625, 455.7789306640625, 90.10985565185547, 114.30060577392578, 239.4032745361328, 47.29145050048828, 177.23719787597656, 319.37139892578125, 253.47882080078125, 273.4050598144531, 268.95697021484375, 237.4985809326172, 65.0305404663086, 467.62298583984375, 332.1256408691406, 336.0022888183594, 312.61785888671875, 311.92205810546875, 292.7187194824219, 881.6009521484375, 800.7332153320312, 236.18197631835938]",2689.453572390406, Eight,0.9999929666519165,1.7603339301786036e-06,0.9999929666519165,4.7850840019236784e-06,-13.25000000048241,"[{""token"": "" Eight"", ""token_id"": 38923, ""probability"": 0.9999929666519165}, {""token"": "" Four"", ""token_id"": 13038, ""probability"": 4.7850840019236784e-06}, {""token"": "" Six"", ""token_id"": 19759, ""probability"": 1.7603339301786036e-06}, {""token"": ""Eight"", ""token_id"": 80357, ""probability"": 5.043441433372209e-07}, {""token"": "" Many"", ""token_id"": 8732, ""probability"": 9.237385079075011e-09}, {""token"": "" Two"", ""token_id"": 8512, ""probability"": 4.363431838072529e-09}, {""token"": "" None"", ""token_id"": 5450, ""probability"": 7.582506844627801e-10}, {""token"": "" Legs"", ""token_id"": 156403, ""probability"": 7.582506844627801e-10}, {""token"": "" Typically"", ""token_id"": 50338, ""probability"": 3.5817226962109316e-10}, {""token"": "" Usually"", ""token_id"": 34645, ""probability"": 3.5817226962109316e-10}, {""token"": ""\n\n"", ""token_id"": 108, ""probability"": 3.5817226962109316e-10}, {""token"": "" Zero"", ""token_id"": 31234, ""probability"": 3.5817226962109316e-10}]"
L22-L27-ant-coverage,"[22, 23, 24, 25, 26, 27]","[23422, 23422, 60476, 56900, 56900, 184534, 184534, 109731, 109731, 169121, 145491, 145491, 233390, 129426, 129426, 144881, 144881]","[16, 21, 16, 16, 21, 16, 21, 16, 21, 16, 16, 21, 21, 16, 21, 16, 21]","[1703, 197021, 82603, 209073, 236757, 73903, 248182]","[16, 16, 16, 16, 16, 16, 16]",0.8,0.5,False,joint,False,"[371.17919921874994, 347.80419921874994, 112.54871826171872, 113.68308105468748, 143.83266601562497, 93.04347534179685, 121.63925781249998, 124.16228027343747, 122.09458007812498, 107.58461914062498, 183.3797729492187, 140.49196777343747, 120.60192871093747, 140.83012695312496, 140.70306396484372, 188.69597167968746, 190.4671752929687]","[911.5577621459961, 180.21970748901367, 94.58289337158203, 506.9576110839844, 130.06109619140625, 625.2356567382812, 472.3638916015625]","[1484.7169189453125, 1391.2169189453125, 450.19488525390625, 911.557861328125, 180.21971130371094, 107.40985870361328, 241.8919677734375, 94.58290100097656, 185.94166564941406, 322.84747314453125, 506.9576416015625, 274.5428161621094, 270.8731689453125, 244.19602966308594, 130.0610809326172, 482.72784423828125, 329.7110900878906, 330.5396728515625, 625.2357177734375, 326.8986511230469, 290.9872741699219, 895.7174682617188, 792.1558227539062, 472.36395263671875]",2931.2892310033076, Eight,0.9999922513961792,2.260311930513126e-06,0.9999922513961792,4.785080363944871e-06,-12.999999983219507,"[{""token"": "" Eight"", ""token_id"": 38923, ""probability"": 0.9999922513961792}, {""token"": "" Four"", ""token_id"": 13038, ""probability"": 4.785080363944871e-06}, {""token"": "" Six"", ""token_id"": 19759, ""probability"": 2.260311930513126e-06}, {""token"": ""Eight"", ""token_id"": 80357, ""probability"": 6.475902409874834e-07}, {""token"": "" Many"", ""token_id"": 8732, ""probability"": 7.194077333849691e-09}, {""token"": "" Two"", ""token_id"": 8512, ""probability"": 3.3982414660016502e-09}, {""token"": "" Legs"", ""token_id"": 156403, ""probability"": 7.582501293512678e-10}, {""token"": "" None"", ""token_id"": 5450, ""probability"": 5.905258504412814e-10}, {""token"": ""\n\n"", ""token_id"": 108, ""probability"": 3.581720198209126e-10}, {""token"": "" Typically"", ""token_id"": 50338, ""probability"": 3.581720198209126e-10}, {""token"": "" Zero"", ""token_id"": 31234, ""probability"": 3.581720198209126e-10}, {""token"": "" Some"", ""token_id"": 4943, ""probability"": 2.789446451600952e-10}]"
L22-L27-ant-coverage,"[22, 23, 24, 25, 26, 27]","[23422, 23422, 60476, 56900, 56900, 184534, 184534, 109731, 109731, 169121, 145491, 145491, 233390, 129426, 129426, 144881, 144881]","[16, 21, 16, 16, 21, 16, 21, 16, 21, 16, 16, 21, 21, 16, 21, 16, 21]","[1703, 197021, 82603, 209073, 236757, 73903, 248182]","[16, 16, 16, 16, 16, 16, 16]",0.8,0.75,False,joint,False,"[371.17919921874994, 347.80419921874994, 112.54871826171872, 113.68308105468748, 143.83266601562497, 93.04347534179685, 121.63925781249998, 124.16228027343747, 122.09458007812498, 107.58461914062498, 183.3797729492187, 140.49196777343747, 120.60192871093747, 140.83012695312496, 140.70306396484372, 188.69597167968746, 190.4671752929687]","[1367.3366432189941, 270.3295612335205, 141.87434005737305, 760.4364166259766, 195.09164428710938, 937.8534851074219, 708.5458374023438]","[1484.7169189453125, 1391.2169189453125, 450.19488525390625, 1367.3369140625, 270.3295593261719, 99.99121856689453, 242.3602294921875, 141.87435913085938, 188.07887268066406, 321.16961669921875, 760.4364624023438, 272.4051208496094, 267.86724853515625, 245.20925903320312, 195.0916290283203, 492.6341552734375, 330.8246765136719, 328.4092712402344, 937.8535766601562, 348.8408203125, 292.8083190917969, 916.79150390625, 787.34326171875, 708.5458984375]",3293.093671956377, Eight,0.9999910593032837,2.2603092020290205e-06,0.9999910593032837,6.144157396192895e-06,-12.999999998244633,"[{""token"": "" Eight"", ""token_id"": 38923, ""probability"": 0.9999910593032837}, {""token"": "" Four"", ""token_id"": 13038, ""probability"": 6.144157396192895e-06}, {""token"": "" Six"", ""token_id"": 19759, ""probability"": 2.2603092020290205e-06}, {""token"": ""Eight"", ""token_id"": 80357, ""probability"": 5.043431769991003e-07}, {""token"": "" Many"", ""token_id"": 8732, ""probability"": 9.237367315506617e-09}, {""token"": "" Two"", ""token_id"": 8512, ""probability"": 4.363423400377542e-09}, {""token"": "" Legs"", ""token_id"": 156403, ""probability"": 9.736114137126606e-10}, {""token"": "" None"", ""token_id"": 5450, ""probability"": 7.582492411728481e-10}, {""token"": "" Typically"", ""token_id"": 50338, ""probability"": 5.905251287963154e-10}, {""token"": ""\n\n"", ""token_id"": 108, ""probability"": 4.5990145025598395e-10}, {""token"": "" Usually"", ""token_id"": 34645, ""probability"": 4.5990145025598395e-10}, {""token"": "" Some"", ""token_id"": 4943, ""probability"": 3.581716034872784e-10}]"
L22-L27-ant-coverage,"[22, 23, 24, 25, 26, 27]","[23422, 23422, 60476, 56900, 56900, 184534, 184534, 109731, 109731, 169121, 145491, 145491, 233390, 129426, 129426, 144881, 144881]","[16, 21, 16, 16, 21, 16, 21, 16, 21, 16, 16, 21, 21, 16, 21, 16, 21]","[1703, 197021, 82603, 209073, 236757, 73903, 248182]","[16, 16, 16, 16, 16, 16, 16]",0.8,1.0,False,joint,False,"[371.17919921874994, 347.80419921874994, 112.54871826171872, 113.68308105468748, 143.83266601562497, 93.04347534179685, 121.63925781249998, 124.16228027343747, 122.09458007812498, 107.58461914062498, 183.3797729492187, 140.49196777343747, 120.60192871093747, 140.83012695312496, 140.70306396484372, 188.69597167968746, 190.4671752929687]","[1823.1155242919922, 360.43941497802734, 189.16578674316406, 1013.9152221679688, 260.1221923828125, 1250.4713134765625, 944.727783203125]","[1484.7169189453125, 1391.2169189453125, 450.19488525390625, 1823.11572265625, 360.4394226074219, 92.92005157470703, 240.05079650878906, 189.16580200195312, 191.2226104736328, 319.90057373046875, 1013.915283203125, 267.7775573730469, 267.54730224609375, 244.75486755371094, 260.1221618652344, 493.20709228515625, 328.3155212402344, 325.1003112792969, 1250.471435546875, 357.83685302734375, 286.2718200683594, 918.7201538085938, 768.3469848632812, 944.7279052734375]",3727.380082573657, Eight,0.9999924898147583,2.2603123852604767e-06,0.9999924898147583,4.785081728186924e-06,-13.00000002045205,"[{""token"": "" Eight"", ""token_id"": 38923, ""probability"": 0.9999924898147583}, {""token"": "" Four"", ""token_id"": 13038, ""probability"": 4.785081728186924e-06}, {""token"": "" Six"", ""token_id"": 19759, ""probability"": 2.2603123852604767e-06}, {""token"": ""Eight"", ""token_id"": 80357, ""probability"": 5.043438591201266e-07}, {""token"": "" Many"", ""token_id"": 8732, ""probability"": 7.1940791102065305e-09}, {""token"": "" Two"", ""token_id"": 8512, ""probability"": 3.39824235418007e-09}, {""token"": "" Legs"", ""token_id"": 156403, ""probability"": 7.582502958847215e-10}, {""token"": "" None"", ""token_id"": 5450, ""probability"": 5.905259614635838e-10}, {""token"": "" Typically"", ""token_id"": 50338, ""probability"": 3.5817210308763947e-10}, {""token"": ""\n\n"", ""token_id"": 108, ""probability"": 2.7894472842682205e-10}, {""token"": "" Several"", ""token_id"": 22624, ""probability"": 2.7894472842682205e-10}, {""token"": "" Zero"", ""token_id"": 31234, ""probability"": 2.7894472842682205e-10}]"
L22-L27-ant-coverage,"[22, 23, 24, 25, 26, 27]","[23422, 23422, 60476, 56900, 56900, 184534, 184534, 109731, 109731, 169121, 145491, 145491, 233390, 129426, 129426, 144881, 144881]","[16, 21, 16, 16, 21, 16, 21, 16, 21, 16, 16, 21, 21, 16, 21, 16, 21]","[1703, 197021, 82603, 209073, 236757, 73903, 248182]","[16, 16, 16, 16, 16, 16, 16]",0.8,1.25,False,joint,False,"[371.17919921874994, 347.80419921874994, 112.54871826171872, 113.68308105468748, 143.83266601562497, 93.04347534179685, 121.63925781249998, 124.16228027343747, 122.09458007812498, 107.58461914062498, 183.3797729492187, 140.49196777343747, 120.60192871093747, 140.83012695312496, 140.70306396484372, 188.69597167968746, 190.4671752929687]","[2278.8944053649902, 450.5492687225342, 236.45723342895508, 1267.394027709961, 325.1527404785156, 1563.0891418457031, 1180.9097290039062]","[1484.7169189453125, 1391.2169189453125, 450.19488525390625, 2278.894775390625, 450.54925537109375, 86.05786895751953, 242.19732666015625, 236.45724487304688, 188.6885528564453, 320.833251953125, 1267.3941650390625, 258.88446044921875, 265.80419921875, 242.9376678466797, 325.1527099609375, 493.96978759765625, 321.0281677246094, 315.1653137207031, 1563.0892333984375, 369.2025146484375, 280.5135498046875, 920.0455932617188, 756.5369873046875, 1180.9097900390625]",4222.101364855162, Eight,0.9999904632568359,2.9022928629274247e-06,0.9999904632568359,6.144153758214088e-06,-12.749999954187484,"[{""token"": "" Eight"", ""token_id"": 38923, ""probability"": 0.9999904632568359}, {""token"": "" Four"", ""token_id"": 13038, ""probability"": 6.144153758214088e-06}, {""token"": "" Six"", ""token_id"": 19759, ""probability"": 2.9022928629274247e-06}, {""token"": ""Eight"", ""token_id"": 80357, ""probability"": 5.043428359385871e-07}, {""token"": "" Many"", ""token_id"": 8732, ""probability"": 7.194064899351815e-09}, {""token"": "" Two"", ""token_id"": 8512, ""probability"": 4.363420735842283e-09}, {""token"": "" Legs"", ""token_id"": 156403, ""probability"": 7.582487970836382e-10}, {""token"": "" None"", ""token_id"": 5450, ""probability"": 5.90524795729408e-10}, {""token"": "" Typically"", ""token_id"": 50338, ""probability"": 4.599011727002278e-10}, {""token"": ""\n\n"", ""token_id"": 108, ""probability"": 3.5817138144267346e-10}, {""token"": "" Zero"", ""token_id"": 31234, ""probability"": 3.5817138144267346e-10}, {""token"": "" Usually"", ""token_id"": 34645, ""probability"": 3.5817138144267346e-10}]"
L22-L27-ant-coverage,"[22, 23, 24, 25, 26, 27]","[23422, 23422, 60476, 56900, 56900, 184534, 184534, 109731, 109731, 169121, 145491, 145491, 233390, 129426, 129426, 144881, 144881]","[16, 21, 16, 16, 21, 16, 21, 16, 21, 16, 16, 21, 21, 16, 21, 16, 21]","[1703, 197021, 82603, 209073, 236757, 73903, 248182]","[16, 16, 16, 16, 16, 16, 16]",0.8,1.5,False,joint,False,"[371.17919921874994, 347.80419921874994, 112.54871826171872, 113.68308105468748, 143.83266601562497, 93.04347534179685, 121.63925781249998, 124.16228027343747, 122.09458007812498, 107.58461914062498, 183.3797729492187, 140.49196777343747, 120.60192871093747, 140.83012695312496, 140.70306396484372, 188.69597167968746, 190.4671752929687]","[2734.6732864379883, 540.659122467041, 283.7486801147461, 1707.7899475097656, 390.18328857421875, 1875.7069702148438, 1417.0916748046875]","[1484.7169189453125, 1391.2169189453125, 450.19488525390625, 2734.673828125, 540.6591186523438, 81.19684600830078, 242.35707092285156, 283.74871826171875, 193.314453125, 318.4864501953125, 1520.8729248046875, 254.54405212402344, 264.26617431640625, 246.11891174316406, 390.1832580566406, 497.96697998046875, 314.2993469238281, 300.7916259765625, 1875.7071533203125, 379.91015625, 273.1268615722656, 933.8745727539062, 740.9513549804688, 1417.091796875]",4760.479384307035, Eight,0.9999896287918091,3.7266145227476954e-06,0.9999896287918091,6.144148755993228e-06,-12.499999999848407,"[{""token"": "" Eight"", ""token_id"": 38923, ""probability"": 0.9999896287918091}, {""token"": "" Four"", ""token_id"": 13038, ""probability"": 6.144148755993228e-06}, {""token"": "" Six"", ""token_id"": 19759, ""probability"": 3.7266145227476954e-06}, {""token"": ""Eight"", ""token_id"": 80357, ""probability"": 5.043424380346551e-07}, {""token"": "" Many"", ""token_id"": 8732, ""probability"": 9.237353992830322e-09}, {""token"": "" Two"", ""token_id"": 8512, ""probability"": 5.602738273324803e-09}, {""token"": "" None"", ""token_id"": 5450, ""probability"": 7.582481309498235e-10}, {""token"": "" Legs"", ""token_id"": 156403, ""probability"": 7.582481309498235e-10}, {""token"": "" Typically"", ""token_id"": 50338, ""probability"": 4.5990078412216917e-10}, {""token"": ""\n\n"", ""token_id"": 108, ""probability"": 3.581710761313417e-10}, {""token"": "" Some"", ""token_id"": 4943, ""probability"": 3.581710761313417e-10}, {""token"": "" Zero"", ""token_id"": 31234, ""probability"": 3.581710761313417e-10}]"
L22-L27-ant-coverage,"[22, 23, 24, 25, 26, 27]","[23422, 23422, 60476, 56900, 56900, 184534, 184534, 109731, 109731, 169121, 145491, 145491, 233390, 129426, 129426, 144881, 144881]","[16, 21, 16, 16, 21, 16, 21, 16, 21, 16, 16, 21, 21, 16, 21, 16, 21]","[1703, 197021, 82603, 209073, 236757, 73903, 248182]","[16, 16, 16, 16, 16, 16, 16]",0.8,2.0,True,joint,False,"[371.17919921874994, 347.80419921874994, 112.54871826171872, 113.68308105468748, 143.83266601562497, 93.04347534179685, 121.63925781249998, 124.16228027343747, 122.09458007812498, 107.58461914062498, 183.3797729492187, 140.49196777343747, 120.60192871093747, 140.83012695312496, 140.70306396484372, 188.69597167968746, 190.4671752929687]","[3646.2310485839844, 720.8788299560547, 378.3315734863281, 2328.725341796875, 520.244384765625, 2851.3826904296875, 2044.8832397460938]","[1484.7169189453125, 1391.2169189453125, 450.19488525390625, 3646.2314453125, 720.8788452148438, 66.04505157470703, 242.13111877441406, 378.33160400390625, 183.02796936035156, 314.442138671875, 2027.83056640625, 220.70726013183594, 263.416259765625, 230.29087829589844, 520.2443237304688, 460.1357421875, 309.5559387207031, 294.9563903808594, 2500.94287109375, 373.08502197265625, 265.19354248046875, 891.9225463867188, 718.1372680664062, 1889.455810546875]",5898.276944167198, Eight,0.9999868869781494,4.785054898093222e-06,0.9999868869781494,7.889220796641894e-06,-12.249999947061603,"[{""token"": "" Eight"", ""token_id"": 38923, ""probability"": 0.9999868869781494}, {""token"": "" Four"", ""token_id"": 13038, ""probability"": 7.889220796641894e-06}, {""token"": "" Six"", ""token_id"": 19759, ""probability"": 4.785054898093222e-06}, {""token"": ""Eight"", ""token_id"": 80357, ""probability"": 5.043410737926024e-07}, {""token"": "" Many"", ""token_id"": 8732, ""probability"": 9.23732912383457e-09}, {""token"": "" Two"", ""token_id"": 8512, ""probability"": 7.194039142177644e-09}, {""token"": "" Legs"", ""token_id"": 156403, ""probability"": 1.2501364388128877e-09}, {""token"": "" None"", ""token_id"": 5450, ""probability"": 9.736073058874695e-10}, {""token"": "" Typically"", ""token_id"": 50338, ""probability"": 7.582460770372279e-10}, {""token"": "" Zero"", ""token_id"": 31234, ""probability"": 5.905226863056612e-10}, {""token"": "" Usually"", ""token_id"": 34645, ""probability"": 5.905226863056612e-10}, {""token"": ""\n\n"", ""token_id"": 108, ""probability"": 4.5989953512126647e-10}]"
L22-L27-ant-coverage,"[22, 23, 24, 25, 26, 27]","[23422, 23422, 60476, 56900, 56900, 184534, 184534, 109731, 109731, 169121, 145491, 145491, 233390, 129426, 129426, 144881, 144881]","[16, 21, 16, 16, 21, 16, 21, 16, 21, 16, 16, 21, 21, 16, 21, 16, 21]","[1703, 197021, 82603, 209073, 236757, 73903, 248182]","[16, 16, 16, 16, 16, 16, 16]",0.8,3.0,True,joint,False,"[371.17919921874994, 347.80419921874994, 112.54871826171872, 113.68308105468748, 143.83266601562497, 93.04347534179685, 121.63925781249998, 124.16228027343747, 122.09458007812498, 107.58461914062498, 183.3797729492187, 140.49196777343747, 120.60192871093747, 140.83012695312496, 140.70306396484372, 188.69597167968746, 190.4671752929687]","[5469.346572875977, 1081.318244934082, 928.6129760742188, 3532.573486328125, 780.3665771484375, 4444.6837158203125, 3369.72802734375]","[1484.7169189453125, 1391.2169189453125, 450.19488525390625, 5469.34765625, 1081.3182373046875, 38.76819610595703, 241.8386993408203, 567.4974365234375, 147.37196350097656, 303.1591796875, 3041.745849609375, 111.87010192871094, 258.69110107421875, 175.4315643310547, 780.3665161132812, 319.81158447265625, 286.6098937988281, 275.234375, 3751.414306640625, 297.98651123046875, 236.57470703125, 740.2886352539062, 684.9487915039062, 2834.18359375]",8331.893881319489, Eight,0.9999855756759644,6.14412374488893e-06,0.9999855756759644,7.889210792200174e-06,-11.999999997123975,"[{""token"": "" Eight"", ""token_id"": 38923, ""probability"": 0.9999855756759644}, {""token"": "" Four"", ""token_id"": 13038, ""probability"": 7.889210792200174e-06}, {""token"": "" Six"", ""token_id"": 19759, ""probability"": 6.14412374488893e-06}, {""token"": ""Eight"", ""token_id"": 80357, ""probability"": 3.9278069152715034e-07}, {""token"": "" Many"", ""token_id"": 8732, ""probability"": 7.194029372215027e-09}, {""token"": "" Two"", ""token_id"": 8512, ""probability"": 7.194029372215027e-09}, {""token"": "" Legs"", ""token_id"": 156403, ""probability"": 9.736060846421424e-10}, {""token"": "" None"", ""token_id"": 5450, ""probability"": 7.582450778365057e-10}, {""token"": "" Typically"", ""token_id"": 50338, ""probability"": 5.905219091495439e-10}, {""token"": ""\n\n"", ""token_id"": 108, ""probability"": 4.598989244986029e-10}, {""token"": "" Zero"", ""token_id"": 31234, ""probability"": 4.598989244986029e-10}, {""token"": "" Usually"", ""token_id"": 34645, ""probability"": 4.598989244986029e-10}]"
L22-L27-ant-coverage,"[22, 23, 24, 25, 26, 27]","[23422, 23422, 60476, 56900, 56900, 184534, 184534, 109731, 109731, 169121, 145491, 145491, 233390, 129426, 129426, 144881, 144881]","[16, 21, 16, 16, 21, 16, 21, 16, 21, 16, 16, 21, 21, 16, 21, 16, 21]","[1703, 197021, 82603, 209073, 236757, 73903, 248182]","[16, 16, 16, 16, 16, 16, 16]",0.8,4.0,True,joint,False,"[371.17919921874994, 347.80419921874994, 112.54871826171872, 113.68308105468748, 143.83266601562497, 93.04347534179685, 121.63925781249998, 124.16228027343747, 122.09458007812498, 107.58461914062498, 183.3797729492187, 140.49196777343747, 120.60192871093747, 140.83012695312496, 140.70306396484372, 188.69597167968746, 190.4671752929687]","[7292.462097167969, 1441.7576599121094, 1411.5972442626953, 4657.293762207031, 1040.48876953125, 5821.04541015625, 4535.5931396484375]","[1484.7169189453125, 1391.2169189453125, 450.19488525390625, 7292.462890625, 1441.7576904296875, 113.6830825805664, 242.1571807861328, 756.6632080078125, 91.11921691894531, 299.6385498046875, 4055.6611328125, 124.16227722167969, 260.9561767578125, 104.87364959716797, 1040.4886474609375, 161.4352569580078, 284.9096984863281, 290.6722412109375, 5001.8857421875, 185.52357482910156, 228.48910522460938, 536.605224609375, 691.40380859375, 3778.91162109375]",10877.145778833368, Eight,0.9999831914901733,6.144109192973701e-06,0.9999831914901733,1.0129922884516418e-05,-11.99999998133184,"[{""token"": "" Eight"", ""token_id"": 38923, ""probability"": 0.9999831914901733}, {""token"": "" Four"", ""token_id"": 13038, ""probability"": 1.0129922884516418e-05}, {""token"": "" Six"", ""token_id"": 19759, ""probability"": 6.144109192973701e-06}, {""token"": ""Eight"", ""token_id"": 80357, ""probability"": 5.0433919795978e-07}, {""token"": "" Many"", ""token_id"": 8732, ""probability"": 9.237294484876202e-09}, {""token"": "" Two"", ""token_id"": 8512, ""probability"": 9.237294484876202e-09}, {""token"": "" None"", ""token_id"": 5450, ""probability"": 1.2501318868984868e-09}, {""token"": "" Legs"", ""token_id"": 156403, ""probability"": 9.736037531737907e-10}, {""token"": "" Typically"", ""token_id"": 50338, ""probability"": 7.582432459685151e-10}, {""token"": ""\n\n"", ""token_id"": 108, ""probability"": 5.905204658596119e-10}, {""token"": "" Zero"", ""token_id"": 31234, ""probability"": 5.905204658596119e-10}, {""token"": "" Usually"", ""token_id"": 34645, ""probability"": 5.905204658596119e-10}]"
L22-L27-ant-coverage,"[22, 23, 24, 25, 26, 27]","[23422, 23422, 60476, 56900, 56900, 184534, 184534, 109731, 109731, 169121, 145491, 145491, 233390, 129426, 129426, 144881, 144881]","[16, 21, 16, 16, 21, 16, 21, 16, 21, 16, 16, 21, 21, 16, 21, 16, 21]","[1703, 197021, 82603, 209073, 236757, 73903, 248182]","[16, 16, 16, 16, 16, 16, 16]",0.8,5.0,True,joint,False,"[371.17919921874994, 347.80419921874994, 112.54871826171872, 113.68308105468748, 143.83266601562497, 93.04347534179685, 121.63925781249998, 124.16228027343747, 122.09458007812498, 107.58461914062498, 183.3797729492187, 140.49196777343747, 120.60192871093747, 140.83012695312496, 140.70306396484372, 188.69597167968746, 190.4671752929687]","[9115.577621459961, 1802.1970748901367, 1899.8798522949219, 5746.4849853515625, 1300.6109619140625, 7444.7783203125, 5836.368896484375]","[1484.7169189453125, 1391.2169189453125, 450.19488525390625, 9115.5791015625, 1802.197021484375, 113.6830825805664, 241.5618438720703, 945.8289794921875, 93.04347229003906, 290.24658203125, 5069.57666015625, 124.16227722167969, 261.42559814453125, 55.375205993652344, 1300.61083984375, 91.19486999511719, 292.9348449707031, 308.9847106933594, 6252.35693359375, 95.52166748046875, 229.16766357421875, 351.4248352050781, 709.723388671875, 4723.63916015625]",13472.387069877414, Eight,0.9999815225601196,4.785029432241572e-06,0.9999815225601196,1.3007057532377075e-05,-12.249999904529005,"[{""token"": "" Eight"", ""token_id"": 38923, ""probability"": 0.9999815225601196}, {""token"": "" Four"", ""token_id"": 13038, ""probability"": 1.3007057532377075e-05}, {""token"": "" Six"", ""token_id"": 19759, ""probability"": 4.785029432241572e-06}, {""token"": ""Eight"", ""token_id"": 80357, ""probability"": 6.475832492469635e-07}, {""token"": "" Two"", ""token_id"": 8512, ""probability"": 1.1860900706039956e-08}, {""token"": "" Many"", ""token_id"": 8732, ""probability"": 9.237279385843067e-09}, {""token"": "" None"", ""token_id"": 5450, ""probability"": 1.25012977747474e-09}, {""token"": "" Legs"", ""token_id"": 156403, ""probability"": 9.736020878392537e-10}, {""token"": "" Typically"", ""token_id"": 50338, ""probability"": 9.736020878392537e-10}, {""token"": "" Zero"", ""token_id"": 31234, ""probability"": 7.58242024723188e-10}, {""token"": "" Usually"", ""token_id"": 34645, ""probability"": 5.905194666588898e-10}, {""token"": ""\n\n"", ""token_id"": 108, ""probability"": 5.905194666588898e-10}]"
L22-L27-ant-coverage,"[22, 23, 24, 25, 26, 27]","[23422, 23422, 60476, 56900, 56900, 184534, 184534, 109731, 109731, 169121, 145491, 145491, 233390, 129426, 129426, 144881, 144881]","[16, 21, 16, 16, 21, 16, 21, 16, 21, 16, 16, 21, 21, 16, 21, 16, 21]","[1703, 197021, 82603, 209073, 236757, 73903, 248182]","[16, 16, 16, 16, 16, 16, 16]",1.0,0.0,False,spider_only,False,"[0.0, 0.0, 0.0, 0.0, 0.0, 0.0, 0.0, 0.0, 0.0, 0.0, 0.0, 0.0, 0.0, 0.0, 0.0, 0.0, 0.0]","[0.0, 0.0, 0.0, 0.0, 0.0, 0.0, 0.0]","[1855.8961181640625, 1739.021240234375, 562.7435302734375, 0.0, 0.0, 150.6357879638672, 303.9625244140625, 0.0, 198.16281127929688, 384.2519836425781, 0.0, 317.9283752441406, 322.638427734375, 279.62396240234375, 0.0, 536.6539306640625, 381.92962646484375, 398.8506774902344, 0.0, 336.4251403808594, 332.4264831542969, 1027.0635986328125, 970.18505859375, 0.0]",3191.136010289314, Eight,0.9999725818634033,1.6701242202543654e-05,0.9999725818634033,1.0129815564141609e-05,-11.000000039409542,"[{""token"": "" Eight"", ""token_id"": 38923, ""probability"": 0.9999725818634033}, {""token"": "" Six"", ""token_id"": 19759, ""probability"": 1.6701242202543654e-05}, {""token"": "" Four"", ""token_id"": 13038, ""probability"": 1.0129815564141609e-05}, {""token"": ""Eight"", ""token_id"": 80357, ""probability"": 6.475775080616586e-07}, {""token"": "" Many"", ""token_id"": 8732, ""probability"": 1.5229563388174938e-08}, {""token"": "" Two"", ""token_id"": 8512, ""probability"": 9.237196785250035e-09}, {""token"": "" Legs"", ""token_id"": 156403, ""probability"": 1.6051839857311734e-09}, {""token"": "" None"", ""token_id"": 5450, ""probability"": 1.2501185642221913e-09}, {""token"": "" Typically"", ""token_id"": 50338, ""probability"": 7.582351968515866e-10}, {""token"": ""\n\n"", ""token_id"": 108, ""probability"": 5.905141930995228e-10}, {""token"": "" Several"", ""token_id"": 22624, ""probability"": 5.905141930995228e-10}, {""token"": "" Zero"", ""token_id"": 31234, ""probability"": 5.905141930995228e-10}]"
L22-L27-ant-coverage,"[22, 23, 24, 25, 26, 27]","[23422, 23422, 60476, 56900, 56900, 184534, 184534, 109731, 109731, 169121, 145491, 145491, 233390, 129426, 129426, 144881, 144881]","[16, 21, 16, 16, 21, 16, 21, 16, 21, 16, 16, 21, 21, 16, 21, 16, 21]","[1703, 197021, 82603, 209073, 236757, 73903, 248182]","[16, 16, 16, 16, 16, 16, 16]",1.0,0.25,False,joint,False,"[0.0, 0.0, 0.0, 0.0, 0.0, 0.0, 0.0, 0.0, 0.0, 0.0, 0.0, 0.0, 0.0, 0.0, 0.0, 0.0, 0.0]","[455.77888107299805, 90.10985374450684, 47.291446685791016, 253.4788055419922, 65.03054809570312, 312.6178283691406, 236.18194580078125]","[1855.8961181640625, 1739.021240234375, 562.7435302734375, 455.7789306640625, 90.10985565185547, 143.7262725830078, 304.0544128417969, 47.29145050048828, 208.58030700683594, 385.7691345214844, 253.47882080078125, 323.8669738769531, 322.3155212402344, 287.7884521484375, 65.0305404663086, 551.7633666992188, 384.26898193359375, 402.4151306152344, 312.61785888671875, 360.6367492675781, 340.3041687011719, 1058.02783203125, 982.8992919921875, 236.18197631835938]",3281.426656086675, Eight,0.9999803304672241,1.3007042070967145e-05,0.9999803304672241,6.144091457827017e-06,-11.249999979675083,"[{""token"": "" Eight"", ""token_id"": 38923, ""probability"": 0.9999803304672241}, {""token"": "" Six"", ""token_id"": 19759, ""probability"": 1.3007042070967145e-05}, {""token"": "" Four"", ""token_id"": 13038, ""probability"": 6.144091457827017e-06}, {""token"": ""Eight"", ""token_id"": 80357, ""probability"": 5.043377200308896e-07}, {""token"": "" Many"", ""token_id"": 8732, ""probability"": 1.1860886495185241e-08}, {""token"": "" Two"", ""token_id"": 8512, ""probability"": 7.19399162463219e-09}, {""token"": "" None"", ""token_id"": 5450, ""probability"": 7.582410810336171e-10}, {""token"": "" Legs"", ""token_id"": 156403, ""probability"": 7.582410810336171e-10}, {""token"": "" Typically"", ""token_id"": 50338, ""probability"": 4.5989650976352436e-10}, {""token"": ""\n\n"", ""token_id"": 108, ""probability"": 3.581677454622678e-10}, {""token"": "" Some"", ""token_id"": 4943, ""probability"": 3.581677454622678e-10}, {""token"": "" Several"", ""token_id"": 22624, ""probability"": 3.581677454622678e-10}]"
L22-L27-ant-coverage,"[22, 23, 24, 25, 26, 27]","[23422, 23422, 60476, 56900, 56900, 184534, 184534, 109731, 109731, 169121, 145491, 145491, 233390, 129426, 129426, 144881, 144881]","[16, 21, 16, 16, 21, 16, 21, 16, 21, 16, 16, 21, 21, 16, 21, 16, 21]","[1703, 197021, 82603, 209073, 236757, 73903, 248182]","[16, 16, 16, 16, 16, 16, 16]",1.0,0.5,False,joint,False,"[0.0, 0.0, 0.0, 0.0, 0.0, 0.0, 0.0, 0.0, 0.0, 0.0, 0.0, 0.0, 0.0, 0.0, 0.0, 0.0, 0.0]","[911.5577621459961, 180.21970748901367, 94.58289337158203, 506.9576110839844, 130.06109619140625, 625.2356567382812, 472.3638916015625]","[1855.8961181640625, 1739.021240234375, 562.7435302734375, 911.557861328125, 180.21971130371094, 137.23934936523438, 304.14776611328125, 94.58290100097656, 212.61337280273438, 387.7392272949219, 506.9576416015625, 324.4341735839844, 322.0696716308594, 290.075439453125, 130.0610809326172, 563.8890991210938, 388.85858154296875, 406.6786193847656, 625.2357177734375, 377.8786315917969, 341.1495666503906, 1076.7890625, 983.6953735351562, 472.36395263671875]",3488.0439358412686, Eight,0.9999786615371704,1.3007020243094303e-05,0.9999786615371704,7.889156222518068e-06,-11.249999988870304,"[{""token"": "" Eight"", ""token_id"": 38923, ""probability"": 0.9999786615371704}, {""token"": "" Six"", ""token_id"": 19759, ""probability"": 1.3007020243094303e-05}, {""token"": "" Four"", ""token_id"": 13038, ""probability"": 7.889156222518068e-06}, {""token"": ""Eight"", ""token_id"": 80357, ""probability"": 5.043369242230256e-07}, {""token"": "" Many"", ""token_id"": 8732, ""probability"": 1.5229655758730587e-08}, {""token"": "" Two"", ""token_id"": 8512, ""probability"": 9.237252740490476e-09}, {""token"": "" None"", ""token_id"": 5450, ""probability"": 1.2501262247610612e-09}, {""token"": "" Legs"", ""token_id"": 156403, ""probability"": 9.735993122816922e-10}, {""token"": "" Typically"", ""token_id"": 50338, ""probability"": 7.5823985978829e-10}, {""token"": ""\n\n"", ""token_id"": 108, ""probability"": 5.905178013243528e-10}, {""token"": "" Several"", ""token_id"": 22624, ""probability"": 5.905178013243528e-10}, {""token"": "" Zero"", ""token_id"": 31234, ""probability"": 5.905178013243528e-10}]"
L22-L27-ant-coverage,"[22, 23, 24, 25, 26, 27]","[23422, 23422, 60476, 56900, 56900, 184534, 184534, 109731, 109731, 169121, 145491, 145491, 233390, 129426, 129426, 144881, 144881]","[16, 21, 16, 16, 21, 16, 21, 16, 21, 16, 16, 21, 21, 16, 21, 16, 21]","[1703, 197021, 82603, 209073, 236757, 73903, 248182]","[16, 16, 16, 16, 16, 16, 16]",1.0,0.75,False,joint,False,"[0.0, 0.0, 0.0, 0.0, 0.0, 0.0, 0.0, 0.0, 0.0, 0.0, 0.0, 0.0, 0.0, 0.0, 0.0, 0.0, 0.0]","[1367.3366432189941, 270.3295612335205, 141.87434005737305, 760.4364166259766, 195.09164428710938, 937.8534851074219, 708.5458374023438]","[1855.8961181640625, 1739.021240234375, 562.7435302734375, 1367.3369140625, 270.3295593261719, 129.4043731689453, 304.3182373046875, 141.87435913085938, 219.39883422851562, 386.3348083496094, 760.4364624023438, 324.6467590332031, 320.6219787597656, 293.02349853515625, 195.0916290283203, 573.9973754882812, 379.42901611328125, 387.9587707519531, 937.8535766601562, 393.73980712890625, 331.5607604980469, 1093.1043701171875, 961.5652465820312, 708.5458984375]",3788.8224115139874, Eight,0.9999762773513794,1.3006989320274442e-05,0.9999762773513794,1.0129852853424381e-05,-11.249999982028232,"[{""token"": "" Eight"", ""token_id"": 38923, ""probability"": 0.9999762773513794}, {""token"": "" Six"", ""token_id"": 19759, ""probability"": 1.3006989320274442e-05}, {""token"": "" Four"", ""token_id"": 13038, ""probability"": 1.0129852853424381e-05}, {""token"": ""Eight"", ""token_id"": 80357, ""probability"": 6.475798954852507e-07}, {""token"": "" Many"", ""token_id"": 8732, ""probability"": 1.1860838533550577e-08}, {""token"": "" Two"", ""token_id"": 8512, ""probability"": 9.237230536029983e-09}, {""token"": "" Legs"", ""token_id"": 156403, ""probability"": 1.2501232271588947e-09}, {""token"": "" None"", ""token_id"": 5450, ""probability"": 9.735969808133405e-10}, {""token"": "" Typically"", ""token_id"": 50338, ""probability"": 7.582380279202994e-10}, {""token"": "" Zero"", ""token_id"": 31234, ""probability"": 5.90516413545572e-10}, {""token"": "" Usually"", ""token_id"": 34645, ""probability"": 5.90516413545572e-10}, {""token"": ""\n\n"", ""token_id"": 108, ""probability"": 4.598946501399581e-10}]"
L22-L27-ant-coverage,"[22, 23, 24, 25, 26, 27]","[23422, 23422, 60476, 56900, 56900, 184534, 184534, 109731, 109731, 169121, 145491, 145491, 233390, 129426, 129426, 144881, 144881]","[16, 21, 16, 16, 21, 16, 21, 16, 21, 16, 16, 21, 21, 16, 21, 16, 21]","[1703, 197021, 82603, 209073, 236757, 73903, 248182]","[16, 16, 16, 16, 16, 16, 16]",1.0,1.0,False,joint,False,"[0.0, 0.0, 0.0, 0.0, 0.0, 0.0, 0.0, 0.0, 0.0, 0.0, 0.0, 0.0, 0.0, 0.0, 0.0, 0.0, 0.0]","[1823.1155242919922, 360.43941497802734, 189.16578674316406, 1013.9152221679688, 260.1221923828125, 1250.4713134765625, 944.727783203125]","[1855.8961181640625, 1739.021240234375, 562.7435302734375, 1823.11572265625, 360.4394226074219, 0.0, 304.0857849121094, 189.16580200195312, 212.98361206054688, 388.6999816894531, 1013.915283203125, 312.5251770019531, 325.8583679199219, 292.2890625, 260.1221618652344, 576.2604370117188, 379.35711669921875, 387.8067626953125, 1250.471435546875, 408.9448547363281, 327.8665771484375, 1088.9134521484375, 952.0033569335938, 944.7279052734375]",4171.081135602882, Eight,0.9999701976776123,2.1444770027301274e-05,0.9999701976776123,7.889088919910137e-06,-10.74999996112411,"[{""token"": "" Eight"", ""token_id"": 38923, ""probability"": 0.9999701976776123}, {""token"": "" Six"", ""token_id"": 19759, ""probability"": 2.1444770027301274e-05}, {""token"": "" Four"", ""token_id"": 13038, ""probability"": 7.889088919910137e-06}, {""token"": ""Eight"", ""token_id"": 80357, ""probability"": 5.04332660966611e-07}, {""token"": "" Many"", ""token_id"": 8732, ""probability"": 1.522952608468131e-08}, {""token"": "" Two"", ""token_id"": 8512, ""probability"": 1.1860766591098582e-08}, {""token"": "" None"", ""token_id"": 5450, ""probability"": 1.2501155666200248e-09}, {""token"": "" Legs"", ""token_id"": 156403, ""probability"": 1.2501155666200248e-09}, {""token"": "" Typically"", ""token_id"": 50338, ""probability"": 9.7359109663131e-10}, {""token"": ""\n\n"", ""token_id"": 108, ""probability"": 5.90512805320742e-10}, {""token"": "" Some"", ""token_id"": 4943, ""probability"": 5.90512805320742e-10}, {""token"": "" Several"", ""token_id"": 22624, ""probability"": 5.90512805320742e-10}]"
L22-L27-ant-coverage,"[22, 23, 24, 25, 26, 27]","[23422, 23422, 60476, 56900, 56900, 184534, 184534, 109731, 109731, 169121, 145491, 145491, 233390, 129426, 129426, 144881, 144881]","[16, 21, 16, 16, 21, 16, 21, 16, 21, 16, 16, 21, 21, 16, 21, 16, 21]","[1703, 197021, 82603, 209073, 236757, 73903, 248182]","[16, 16, 16, 16, 16, 16, 16]",1.0,1.25,False,joint,False,"[0.0, 0.0, 0.0, 0.0, 0.0, 0.0, 0.0, 0.0, 0.0, 0.0, 0.0, 0.0, 0.0, 0.0, 0.0, 0.0, 0.0]","[2278.8944053649902, 450.5492687225342, 236.45723342895508, 1267.394027709961, 325.1527404785156, 1563.0891418457031, 1180.9097290039062]","[1855.8961181640625, 1739.021240234375, 562.7435302734375, 2278.894775390625, 450.54925537109375, 0.0, 304.16412353515625, 236.45724487304688, 215.47305297851562, 386.0380554199219, 1267.3941650390625, 307.8440246582031, 323.9829406738281, 292.93902587890625, 325.1527099609375, 580.7120971679688, 381.84173583984375, 389.0061340332031, 1563.0892333984375, 419.5118103027344, 330.3741149902344, 1093.1240234375, 947.0338134765625, 1180.9097900390625]",4622.9972482834355, Eight,0.9999703168869019,2.1444771846290678e-05,0.9999703168869019,7.88909073889954e-06,-10.749999995514896,"[{""token"": "" Eight"", ""token_id"": 38923, ""probability"": 0.9999703168869019}, {""token"": "" Six"", ""token_id"": 19759, ""probability"": 2.1444771846290678e-05}, {""token"": "" Four"", ""token_id"": 13038, ""probability"": 7.88909073889954e-06}, {""token"": ""Eight"", ""token_id"": 80357, ""probability"": 3.927746945464605e-07}, {""token"": "" Many"", ""token_id"": 8732, ""probability"": 1.522952963739499e-08}, {""token"": "" Two"", ""token_id"": 8512, ""probability"": 1.1860768367455421e-08}, {""token"": "" None"", ""token_id"": 5450, ""probability"": 1.2501157886646297e-09}, {""token"": "" Legs"", ""token_id"": 156403, ""probability"": 1.2501157886646297e-09}, {""token"": "" Typically"", ""token_id"": 50338, ""probability"": 7.582335315170496e-10}, {""token"": ""\n\n"", ""token_id"": 108, ""probability"": 5.905128608318932e-10}, {""token"": "" Several"", ""token_id"": 22624, ""probability"": 5.905128608318932e-10}, {""token"": "" Zero"", ""token_id"": 31234, ""probability"": 5.905128608318932e-10}]"
L22-L27-ant-coverage,"[22, 23, 24, 25, 26, 27]","[23422, 23422, 60476, 56900, 56900, 184534, 184534, 109731, 109731, 169121, 145491, 145491, 233390, 129426, 129426, 144881, 144881]","[16, 21, 16, 16, 21, 16, 21, 16, 21, 16, 16, 21, 21, 16, 21, 16, 21]","[1703, 197021, 82603, 209073, 236757, 73903, 248182]","[16, 16, 16, 16, 16, 16, 16]",1.0,1.5,False,joint,False,"[0.0, 0.0, 0.0, 0.0, 0.0, 0.0, 0.0, 0.0, 0.0, 0.0, 0.0, 0.0, 0.0, 0.0, 0.0, 0.0, 0.0]","[2734.6732864379883, 540.659122467041, 283.7486801147461, 1698.2217102050781, 390.18328857421875, 2025.513427734375, 1417.0916748046875]","[1855.8961181640625, 1739.021240234375, 562.7435302734375, 2734.673828125, 540.6591186523438, 0.0, 304.23248291015625, 283.74871826171875, 218.22695922851562, 387.1358337402344, 1520.8729248046875, 302.6791076660156, 322.7325744628906, 291.46649169921875, 390.1832580566406, 579.4999389648438, 376.7413330078125, 378.5061340332031, 1875.7071533203125, 428.3807678222656, 324.8465270996094, 1101.3125, 930.7393798828125, 1417.091796875]",5117.442304425169, Eight,0.9999538660049438,3.535587165970355e-05,0.9999538660049438,1.0129625479748938e-05,-10.249999943656798,"[{""token"": "" Eight"", ""token_id"": 38923, ""probability"": 0.9999538660049438}, {""token"": "" Six"", ""token_id"": 19759, ""probability"": 3.535587165970355e-05}, {""token"": "" Four"", ""token_id"": 13038, ""probability"": 1.0129625479748938e-05}, {""token"": ""Eight"", ""token_id"": 80357, ""probability"": 6.475653435700224e-07}, {""token"": "" Two"", ""token_id"": 8512, ""probability"": 1.5229277394723795e-08}, {""token"": "" Many"", ""token_id"": 8732, ""probability"": 1.5229277394723795e-08}, {""token"": "" Legs"", ""token_id"": 156403, ""probability"": 1.605153898687206e-09}, {""token"": "" None"", ""token_id"": 5450, ""probability"": 1.2500952495386741e-09}, {""token"": "" Typically"", ""token_id"": 50338, ""probability"": 9.735751094197553e-10}, {""token"": "" Zero"", ""token_id"": 31234, ""probability"": 7.582210415080226e-10}, {""token"": "" Usually"", ""token_id"": 34645, ""probability"": 7.582210415080226e-10}, {""token"": ""\n\n"", ""token_id"": 108, ""probability"": 5.905031463804278e-10}]"
L22-L27-ant-coverage,"[22, 23, 24, 25, 26, 27]","[23422, 23422, 60476, 56900, 56900, 184534, 184534, 109731, 109731, 169121, 145491, 145491, 233390, 129426, 129426, 144881, 144881]","[16, 21, 16, 16, 21, 16, 21, 16, 21, 16, 16, 21, 21, 16, 21, 16, 21]","[1703, 197021, 82603, 209073, 236757, 73903, 248182]","[16, 16, 16, 16, 16, 16, 16]",1.0,2.0,True,joint,False,"[0.0, 0.0, 0.0, 0.0, 0.0, 0.0, 0.0, 0.0, 0.0, 0.0, 0.0, 0.0, 0.0, 0.0, 0.0, 0.0, 0.0]","[3646.2310485839844, 720.8788299560547, 378.3315734863281, 2320.3980102539062, 520.244384765625, 2863.1734619140625, 2056.4092407226562]","[1855.8961181640625, 1739.021240234375, 562.7435302734375, 3646.2314453125, 720.8788452148438, 0.0, 303.9489440917969, 378.33160400390625, 210.79525756835938, 384.5650939941406, 2027.83056640625, 269.02191162109375, 320.4474182128906, 275.57806396484375, 520.2443237304688, 544.7019653320312, 368.0238037109375, 365.2350769042969, 2500.94287109375, 419.7732238769531, 312.886474609375, 1056.5445556640625, 907.43701171875, 1889.455810546875]",6185.921649458485, Eight,0.9999279975891113,5.829046494909562e-05,0.9999279975891113,1.3006360859435517e-05,-9.75000002445413,"[{""token"": "" Eight"", ""token_id"": 38923, ""probability"": 0.9999279975891113}, {""token"": "" Six"", ""token_id"": 19759, ""probability"": 5.829046494909562e-05}, {""token"": "" Four"", ""token_id"": 13038, ""probability"": 1.3006360859435517e-05}, {""token"": ""Eight"", ""token_id"": 80357, ""probability"": 6.475486316048773e-07}, {""token"": "" Many"", ""token_id"": 8732, ""probability"": 1.955427286759459e-08}, {""token"": "" Two"", ""token_id"": 8512, ""probability"": 1.955427286759459e-08}, {""token"": "" None"", ""token_id"": 5450, ""probability"": 2.061005144327055e-09}, {""token"": "" Legs"", ""token_id"": 156403, ""probability"": 2.061005144327055e-09}, {""token"": "" Typically"", ""token_id"": 50338, ""probability"": 1.250062831026355e-09}, {""token"": "" Several"", ""token_id"": 22624, ""probability"": 9.735500183793988e-10}, {""token"": "" Zero"", ""token_id"": 31234, ""probability"": 9.735500183793988e-10}, {""token"": "" Usually"", ""token_id"": 34645, ""probability"": 9.735500183793988e-10}]"
L22-L27-ant-coverage,"[22, 23, 24, 25, 26, 27]","[23422, 23422, 60476, 56900, 56900, 184534, 184534, 109731, 109731, 169121, 145491, 145491, 233390, 129426, 129426, 144881, 144881]","[16, 21, 16, 16, 21, 16, 21, 16, 21, 16, 16, 21, 21, 16, 21, 16, 21]","[1703, 197021, 82603, 209073, 236757, 73903, 248182]","[16, 16, 16, 16, 16, 16, 16]",1.0,3.0,True,joint,False,"[0.0, 0.0, 0.0, 0.0, 0.0, 0.0, 0.0, 0.0, 0.0, 0.0, 0.0, 0.0, 0.0, 0.0, 0.0, 0.0, 0.0]","[5469.346572875977, 1081.318244934082, 929.4224853515625, 3523.720947265625, 780.3665771484375, 4450.503662109375, 3369.230712890625]","[1855.8961181640625, 1739.021240234375, 562.7435302734375, 5469.34765625, 1081.3182373046875, 0.0, 304.0630187988281, 567.4974365234375, 181.31326293945312, 375.3461608886719, 3041.745849609375, 167.37026977539062, 316.9300842285156, 222.60731506347656, 780.3665161132812, 418.0457458496094, 355.79327392578125, 354.9569396972656, 3751.414306640625, 359.1387634277344, 293.5211486816406, 914.3088989257812, 866.0028076171875, 2834.18359375]",8534.038610157218, Eight,0.9999079704284668,7.484494562959298e-05,0.9999079704284668,1.670016354182735e-05,-9.499999942230895,"[{""token"": "" Eight"", ""token_id"": 38923, ""probability"": 0.9999079704284668}, {""token"": "" Six"", ""token_id"": 19759, ""probability"": 7.484494562959298e-05}, {""token"": "" Four"", ""token_id"": 13038, ""probability"": 1.670016354182735e-05}, {""token"": ""Eight"", ""token_id"": 80357, ""probability"": 5.043012833993998e-07}, {""token"": "" Two"", ""token_id"": 8512, ""probability"": 1.9553882069089923e-08}, {""token"": "" Many"", ""token_id"": 8732, ""probability"": 1.9553882069089923e-08}, {""token"": "" None"", ""token_id"": 5450, ""probability"": 2.060963844030539e-09}, {""token"": "" Legs"", ""token_id"": 156403, ""probability"": 1.6050802909006734e-09}, {""token"": "" Typically"", ""token_id"": 50338, ""probability"": 1.6050802909006734e-09}, {""token"": "" Zero"", ""token_id"": 31234, ""probability"": 1.250037851008301e-09}, {""token"": "" Usually"", ""token_id"": 34645, ""probability"": 9.735304784541654e-10}, {""token"": ""\n\n"", ""token_id"": 108, ""probability"": 7.581862360162006e-10}]"
L22-L27-ant-coverage,"[22, 23, 24, 25, 26, 27]","[23422, 23422, 60476, 56900, 56900, 184534, 184534, 109731, 109731, 169121, 145491, 145491, 233390, 129426, 129426, 144881, 144881]","[16, 21, 16, 16, 21, 16, 21, 16, 21, 16, 16, 21, 21, 16, 21, 16, 21]","[1703, 197021, 82603, 209073, 236757, 73903, 248182]","[16, 16, 16, 16, 16, 16, 16]",1.0,4.0,True,joint,False,"[0.0, 0.0, 0.0, 0.0, 0.0, 0.0, 0.0, 0.0, 0.0, 0.0, 0.0, 0.0, 0.0, 0.0, 0.0, 0.0, 0.0]","[7292.462097167969, 1441.7576599121094, 1414.3900909423828, 4659.408142089844, 1040.48876953125, 5839.7513427734375, 4542.109619140625]","[1855.8961181640625, 1739.021240234375, 562.7435302734375, 7292.462890625, 1441.7576904296875, 0.0, 303.727783203125, 756.6632080078125, 0.0, 367.7398376464844, 4055.6611328125, 0.0, 315.8999328613281, 156.27964782714844, 1040.4886474609375, 275.104248046875, 350.324951171875, 358.4283752441406, 5001.8857421875, 258.40863037109375, 281.62445068359375, 715.6196899414062, 868.8888549804688, 3778.91162109375]",11024.437839953693, Eight,0.9999032020568848,7.484458910766989e-05,0.9999032020568848,2.1443333025672473e-05,-9.499999936894023,"[{""token"": "" Eight"", ""token_id"": 38923, ""probability"": 0.9999032020568848}, {""token"": "" Six"", ""token_id"": 19759, ""probability"": 7.484458910766989e-05}, {""token"": "" Four"", ""token_id"": 13038, ""probability"": 2.1443333025672473e-05}, {""token"": ""Eight"", ""token_id"": 80357, ""probability"": 5.042988391323888e-07}, {""token"": "" Two"", ""token_id"": 8512, ""probability"": 2.510756047513496e-08}, {""token"": "" Many"", ""token_id"": 8732, ""probability"": 1.9553787922177435e-08}, {""token"": "" None"", ""token_id"": 5450, ""probability"": 2.060954074067922e-09}, {""token"": "" Legs"", ""token_id"": 156403, ""probability"": 1.6050726303618035e-09}, {""token"": "" Typically"", ""token_id"": 50338, ""probability"": 1.6050726303618035e-09}, {""token"": "" Zero"", ""token_id"": 31234, ""probability"": 1.250031855803968e-09}, {""token"": "" Usually"", ""token_id"": 34645, ""probability"": 9.73525815517462e-10}, {""token"": ""\n\n"", ""token_id"": 108, ""probability"": 9.73525815517462e-10}]"
L22-L27-ant-coverage,"[22, 23, 24, 25, 26, 27]","[23422, 23422, 60476, 56900, 56900, 184534, 184534, 109731, 109731, 169121, 145491, 145491, 233390, 129426, 129426, 144881, 144881]","[16, 21, 16, 16, 21, 16, 21, 16, 21, 16, 16, 21, 21, 16, 21, 16, 21]","[1703, 197021, 82603, 209073, 236757, 73903, 248182]","[16, 16, 16, 16, 16, 16, 16]",1.0,5.0,True,joint,False,"[0.0, 0.0, 0.0, 0.0, 0.0, 0.0, 0.0, 0.0, 0.0, 0.0, 0.0, 0.0, 0.0, 0.0, 0.0, 0.0, 0.0]","[9115.577621459961, 1802.1970748901367, 1901.2516784667969, 5749.8447265625, 1300.6109619140625, 7475.326416015625, 5845.4737548828125]","[1855.8961181640625, 1739.021240234375, 562.7435302734375, 9115.5791015625, 1802.197021484375, 0.0, 303.764404296875, 945.8289794921875, 0.0, 365.01495361328125, 5069.57666015625, 0.0, 315.3204040527344, 0.0, 1300.61083984375, 215.78817749023438, 355.6300354003906, 376.5975036621094, 6252.35693359375, 166.7244873046875, 282.3584289550781, 516.4899291992188, 883.6678466796875, 4723.63916015625]",13587.251280509685, Eight,0.9999374151229858,4.5397089706966653e-05,0.9999374151229858,1.6700654668966308e-05,-9.99999997150693,"[{""token"": "" Eight"", ""token_id"": 38923, ""probability"": 0.9999374151229858}, {""token"": "" Six"", ""token_id"": 19759, ""probability"": 4.5397089706966653e-05}, {""token"": "" Four"", ""token_id"": 13038, ""probability"": 1.6700654668966308e-05}, {""token"": ""Eight"", ""token_id"": 80357, ""probability"": 5.043161195317225e-07}, {""token"": "" Two"", ""token_id"": 8512, ""probability"": 1.955445760870589e-08}, {""token"": "" Many"", ""token_id"": 8732, ""probability"": 1.522902692840944e-08}, {""token"": "" None"", ""token_id"": 5450, ""probability"": 2.0610244622076834e-09}, {""token"": "" Legs"", ""token_id"": 156403, ""probability"": 1.250074599390416e-09}, {""token"": "" Zero"", ""token_id"": 31234, ""probability"": 1.250074599390416e-09}, {""token"": "" Typically"", ""token_id"": 50338, ""probability"": 1.250074599390416e-09}, {""token"": "" Usually"", ""token_id"": 34645, ""probability"": 7.582085514989956e-10}, {""token"": ""\n\n"", ""token_id"": 108, ""probability"": 7.582085514989956e-10}]"
