stages,scope,tested_layers,spider_suppression,ant_factor_L7,ant_factor_L22,ant_factor_L27,factor_l1,factor_l2,maximum_ant_factor,success,total_delta_norm,spider_feature_ids,spider_positions,spider_targets,ant_feature_ids,ant_positions,ant_targets,operation_delta_norms,top_token,top_probability,p_six,p_eight,p_four,log_p_six_minus_log_p_eight,top_tokens
"[""triple_coarse""]",L7+L22+L27,"[7, 22, 27]",1.0,0.0,0.0,0.0,0.0,0.0,0.0,False,3101.801060975566,"[14209, 137239, 23422, 23422, 60476, 129426, 129426, 144881, 144881]","[16, 16, 16, 21, 16, 16, 21, 16, 21]","[0.0, 0.0, 0.0, 0.0, 0.0, 0.0, 0.0, 0.0, 0.0]","[42685, 1703, 197021, 248182]","[16, 16, 16, 16]","[0.0, 0.0, 0.0, 0.0]","[84.8398208618164, 133.32498168945312, 0.0, 1904.2620849609375, 1805.5799560546875, 551.9099731445312, 0.0, 0.0, 399.2951965332031, 432.93865966796875, 990.9597778320312, 1037.48974609375, 0.0]", Eight,0.9999935626983643,2.2603148863709066e-06,0.9999935626983643,3.726629074662924e-06,-12.99999998681067,"[{""token"": "" Eight"", ""token_id"": 38923, ""probability"": 0.9999935626983643}, {""token"": "" Four"", ""token_id"": 13038, ""probability"": 3.726629074662924e-06}, {""token"": "" Six"", ""token_id"": 19759, ""probability"": 2.2603148863709066e-06}, {""token"": ""Eight"", ""token_id"": 80357, ""probability"": 3.927838179151877e-07}, {""token"": "" Many"", ""token_id"": 8732, ""probability"": 9.23739040814553e-09}, {""token"": "" Two"", ""token_id"": 8512, ""probability"": 3.3982459068937487e-09}, {""token"": "" Legs"", ""token_id"": 156403, ""probability"": 5.905266275973986e-10}, {""token"": "" None"", ""token_id"": 5450, ""probability"": 3.581724916656981e-10}, {""token"": "" Several"", ""token_id"": 22624, ""probability"": 3.581724916656981e-10}, {""token"": "" Typically"", ""token_id"": 50338, ""probability"": 3.581724916656981e-10}, {""token"": "" Multiple"", ""token_id"": 34489, ""probability"": 2.789450059825782e-10}, {""token"": "" Some"", ""token_id"": 4943, ""probability"": 2.789450059825782e-10}]"
"[""triple_coarse""]",L7+L22+L27,"[7, 22, 27]",1.0,0.0,0.0,1.0,1.0,1.0,1.0,False,3242.4806301459203,"[14209, 137239, 23422, 23422, 60476, 129426, 129426, 144881, 144881]","[16, 16, 16, 21, 16, 16, 21, 16, 21]","[0.0, 0.0, 0.0, 0.0, 0.0, 0.0, 0.0, 0.0, 0.0]","[42685, 1703, 197021, 248182]","[16, 16, 16, 16]","[0.0, 0.0, 0.0, 944.727783203125]","[84.8398208618164, 133.32498168945312, 0.0, 1904.2620849609375, 1805.5799560546875, 551.9099731445312, 0.0, 0.0, 399.2951965332031, 432.93865966796875, 990.9597778320312, 1037.48974609375, 944.7279052734375]", Eight,0.999994158744812,1.7603360902285203e-06,0.999994158744812,3.7266313483996782e-06,-13.24999996551546,"[{""token"": "" Eight"", ""token_id"": 38923, ""probability"": 0.999994158744812}, {""token"": "" Four"", ""token_id"": 13038, ""probability"": 3.7266313483996782e-06}, {""token"": "" Six"", ""token_id"": 19759, ""probability"": 1.7603360902285203e-06}, {""token"": ""Eight"", ""token_id"": 80357, ""probability"": 3.0590052801926504e-07}, {""token"": "" Many"", ""token_id"": 8732, ""probability"": 9.237395737216048e-09}, {""token"": "" Two"", ""token_id"": 8512, ""probability"": 3.398248127339798e-09}, {""token"": "" Legs"", ""token_id"": 156403, ""probability"": 5.90526960664306e-10}, {""token"": "" None"", ""token_id"": 5450, ""probability"": 3.58172713710303e-10}, {""token"": "" Typically"", ""token_id"": 50338, ""probability"": 2.789451725160319e-10}, {""token"": "" Multiple"", ""token_id"": 34489, ""probability"": 2.789451725160319e-10}, {""token"": "" Some"", ""token_id"": 4943, ""probability"": 2.789451725160319e-10}, {""token"": "" Several"", ""token_id"": 22624, ""probability"": 2.789451725160319e-10}]"
"[""triple_coarse""]",L7+L22+L27,"[7, 22, 27]",1.0,0.0,0.0,2.0,2.0,2.0,2.0,False,3631.9709637989254,"[14209, 137239, 23422, 23422, 60476, 129426, 129426, 144881, 144881]","[16, 16, 16, 21, 16, 16, 21, 16, 21]","[0.0, 0.0, 0.0, 0.0, 0.0, 0.0, 0.0, 0.0, 0.0]","[42685, 1703, 197021, 248182]","[16, 16, 16, 16]","[0.0, 0.0, 0.0, 1889.45556640625]","[84.8398208618164, 133.32498168945312, 0.0, 1904.2620849609375, 1805.5799560546875, 551.9099731445312, 0.0, 0.0, 399.2951965332031, 432.93865966796875, 990.9597778320312, 1037.48974609375, 1889.455810546875]", Eight,0.9999943971633911,2.26031670536031e-06,0.9999943971633911,2.902304231611197e-06,-13.0000000165306,"[{""token"": "" Eight"", ""token_id"": 38923, ""probability"": 0.9999943971633911}, {""token"": "" Four"", ""token_id"": 13038, ""probability"": 2.902304231611197e-06}, {""token"": "" Six"", ""token_id"": 19759, ""probability"": 2.26031670536031e-06}, {""token"": ""Eight"", ""token_id"": 80357, ""probability"": 3.9278415897570085e-07}, {""token"": "" Many"", ""token_id"": 8732, ""probability"": 1.1861053472728145e-08}, {""token"": "" Two"", ""token_id"": 8512, ""probability"": 3.3982487934736127e-09}, {""token"": "" Legs"", ""token_id"": 156403, ""probability"": 5.905270716866085e-10}, {""token"": "" None"", ""token_id"": 5450, ""probability"": 4.599029768126428e-10}, {""token"": "" Several"", ""token_id"": 22624, ""probability"": 3.5817279697702986e-10}, {""token"": "" Typically"", ""token_id"": 50338, ""probability"": 3.5817279697702986e-10}, {""token"": "" Multiple"", ""token_id"": 34489, ""probability"": 3.5817279697702986e-10}, {""token"": "" Some"", ""token_id"": 4943, ""probability"": 2.7894525578275875e-10}]"
"[""triple_coarse""]",L7+L22+L27,"[7, 22, 27]",1.0,0.0,0.0,3.0,3.0,3.0,3.0,False,4201.638545252413,"[14209, 137239, 23422, 23422, 60476, 129426, 129426, 144881, 144881]","[16, 16, 16, 21, 16, 16, 21, 16, 21]","[0.0, 0.0, 0.0, 0.0, 0.0, 0.0, 0.0, 0.0, 0.0]","[42685, 1703, 197021, 248182]","[16, 16, 16, 16]","[0.0, 0.0, 0.0, 2834.183349609375]","[84.8398208618164, 133.32498168945312, 0.0, 1904.2620849609375, 1805.5799560546875, 551.9099731445312, 0.0, 0.0, 399.2951965332031, 432.93865966796875, 990.9597778320312, 1037.48974609375, 2834.18359375]", Eight,0.9999934434890747,2.260314658997231e-06,0.9999934434890747,3.7266288472892484e-06,-12.999999968194416,"[{""token"": "" Eight"", ""token_id"": 38923, ""probability"": 0.9999934434890747}, {""token"": "" Four"", ""token_id"": 13038, ""probability"": 3.7266288472892484e-06}, {""token"": "" Six"", ""token_id"": 19759, ""probability"": 2.260314658997231e-06}, {""token"": ""Eight"", ""token_id"": 80357, ""probability"": 5.043443707108963e-07}, {""token"": "" Many"", ""token_id"": 8732, ""probability"": 1.522988135604919e-08}, {""token"": "" Two"", ""token_id"": 8512, ""probability"": 4.363434058518578e-09}, {""token"": "" Legs"", ""token_id"": 156403, ""probability"": 7.582510175296875e-10}, {""token"": "" None"", ""token_id"": 5450, ""probability"": 5.905265165750961e-10}, {""token"": "" Several"", ""token_id"": 22624, ""probability"": 4.5990253272343296e-10}, {""token"": "" Typically"", ""token_id"": 50338, ""probability"": 4.5990253272343296e-10}, {""token"": "" Multiple"", ""token_id"": 34489, ""probability"": 3.5817243615454686e-10}, {""token"": "" Some"", ""token_id"": 4943, ""probability"": 3.5817243615454686e-10}]"
"[""triple_coarse""]",L7+L22+L27,"[7, 22, 27]",1.0,0.0,1.0,0.0,1.0,1.0,1.0,False,3629.220265469353,"[14209, 137239, 23422, 23422, 60476, 129426, 129426, 144881, 144881]","[16, 16, 16, 21, 16, 16, 21, 16, 21]","[0.0, 0.0, 0.0, 0.0, 0.0, 0.0, 0.0, 0.0, 0.0]","[42685, 1703, 197021, 248182]","[16, 16, 16, 16]","[0.0, 1823.1155242919922, 360.43941497802734, 0.0]","[84.8398208618164, 133.32498168945312, 0.0, 1904.2620849609375, 1805.5799560546875, 551.9099731445312, 1823.11572265625, 360.4394226074219, 417.4990539550781, 434.1742858886719, 1043.3043212890625, 1024.8729248046875, 0.0]", Eight,0.9999920129776001,2.9022974104009336e-06,0.9999920129776001,4.78507945445017e-06,-12.749999937067562,"[{""token"": "" Eight"", ""token_id"": 38923, ""probability"": 0.9999920129776001}, {""token"": "" Four"", ""token_id"": 13038, ""probability"": 4.78507945445017e-06}, {""token"": "" Six"", ""token_id"": 19759, ""probability"": 2.9022974104009336e-06}, {""token"": ""Eight"", ""token_id"": 80357, ""probability"": 3.9278322105928964e-07}, {""token"": "" Many"", ""token_id"": 8732, ""probability"": 1.1861025051018714e-08}, {""token"": "" Two"", ""token_id"": 8512, ""probability"": 4.36342784126964e-09}, {""token"": "" Legs"", ""token_id"": 156403, ""probability"": 7.582499628178141e-10}, {""token"": "" None"", ""token_id"": 5450, ""probability"": 4.599018943451938e-10}, {""token"": "" Several"", ""token_id"": 22624, ""probability"": 4.599018943451938e-10}, {""token"": "" Typically"", ""token_id"": 50338, ""probability"": 4.599018943451938e-10}, {""token"": "" Multiple"", ""token_id"": 34489, ""probability"": 3.581719365541858e-10}, {""token"": "" Some"", ""token_id"": 4943, ""probability"": 3.581719365541858e-10}]"
"[""triple_coarse""]",L7+L22+L27,"[7, 22, 27]",1.0,0.0,1.0,1.0,2.0,1.4142135623730951,1.0,False,3750.1667363326364,"[14209, 137239, 23422, 23422, 60476, 129426, 129426, 144881, 144881]","[16, 16, 16, 21, 16, 16, 21, 16, 21]","[0.0, 0.0, 0.0, 0.0, 0.0, 0.0, 0.0, 0.0, 0.0]","[42685, 1703, 197021, 248182]","[16, 16, 16, 16]","[0.0, 1823.1155242919922, 360.43941497802734, 944.727783203125]","[84.8398208618164, 133.32498168945312, 0.0, 1904.2620849609375, 1805.5799560546875, 551.9099731445312, 1823.11572265625, 360.4394226074219, 417.4990539550781, 434.1742858886719, 1043.3043212890625, 1024.8729248046875, 944.7279052734375]", Eight,0.9999929666519165,2.902300138885039e-06,0.9999929666519165,3.726627028299845e-06,-12.749999950637662,"[{""token"": "" Eight"", ""token_id"": 38923, ""probability"": 0.9999929666519165}, {""token"": "" Four"", ""token_id"": 13038, ""probability"": 3.726627028299845e-06}, {""token"": "" Six"", ""token_id"": 19759, ""probability"": 2.902300138885039e-06}, {""token"": ""Eight"", ""token_id"": 80357, ""probability"": 3.9278359054151224e-07}, {""token"": "" Many"", ""token_id"": 8732, ""probability"": 1.186103659733817e-08}, {""token"": "" Two"", ""token_id"": 8512, ""probability"": 3.3982439084923044e-09}, {""token"": "" Legs"", ""token_id"": 156403, ""probability"": 5.9052623901934e-10}, {""token"": "" None"", ""token_id"": 5450, ""probability"": 4.5990231067882803e-10}, {""token"": "" Some"", ""token_id"": 4943, ""probability"": 3.5817226962109316e-10}, {""token"": "" Typically"", ""token_id"": 50338, ""probability"": 3.5817226962109316e-10}, {""token"": "" Several"", ""token_id"": 22624, ""probability"": 3.5817226962109316e-10}, {""token"": "" Multiple"", ""token_id"": 34489, ""probability"": 2.789448394491245e-10}]"
"[""triple_coarse""]",L7+L22+L27,"[7, 22, 27]",1.0,0.0,1.0,2.0,3.0,2.23606797749979,2.0,False,4091.6112957248015,"[14209, 137239, 23422, 23422, 60476, 129426, 129426, 144881, 144881]","[16, 16, 16, 21, 16, 16, 21, 16, 21]","[0.0, 0.0, 0.0, 0.0, 0.0, 0.0, 0.0, 0.0, 0.0]","[42685, 1703, 197021, 248182]","[16, 16, 16, 16]","[0.0, 1823.1155242919922, 360.43941497802734, 1889.45556640625]","[84.8398208618164, 133.32498168945312, 0.0, 1904.2620849609375, 1805.5799560546875, 551.9099731445312, 1823.11572265625, 360.4394226074219, 417.4990539550781, 434.1742858886719, 1043.3043212890625, 1024.8729248046875, 1889.455810546875]", Eight,0.9999911785125732,3.7266202070895815e-06,0.9999911785125732,4.785075361724012e-06,-12.50000002424851,"[{""token"": "" Eight"", ""token_id"": 38923, ""probability"": 0.9999911785125732}, {""token"": "" Four"", ""token_id"": 13038, ""probability"": 4.785075361724012e-06}, {""token"": "" Six"", ""token_id"": 19759, ""probability"": 3.7266202070895815e-06}, {""token"": ""Eight"", ""token_id"": 80357, ""probability"": 3.927828799987765e-07}, {""token"": "" Many"", ""token_id"": 8732, ""probability"": 1.1861015281056098e-08}, {""token"": "" Two"", ""token_id"": 8512, ""probability"": 4.363423844466752e-09}, {""token"": "" Legs"", ""token_id"": 156403, ""probability"": 7.582493521951505e-10}, {""token"": "" None"", ""token_id"": 5450, ""probability"": 5.905251843074666e-10}, {""token"": "" Typically"", ""token_id"": 50338, ""probability"": 5.905251843074666e-10}, {""token"": "" Several"", ""token_id"": 22624, ""probability"": 4.599015057671352e-10}, {""token"": "" Multiple"", ""token_id"": 34489, ""probability"": 3.58171631242854e-10}, {""token"": "" Some"", ""token_id"": 4943, ""probability"": 3.58171631242854e-10}]"
"[""triple_coarse""]",L7+L22+L27,"[7, 22, 27]",1.0,0.0,1.0,3.0,4.0,3.1622776601683795,3.0,False,4604.762358512663,"[14209, 137239, 23422, 23422, 60476, 129426, 129426, 144881, 144881]","[16, 16, 16, 21, 16, 16, 21, 16, 21]","[0.0, 0.0, 0.0, 0.0, 0.0, 0.0, 0.0, 0.0, 0.0]","[42685, 1703, 197021, 248182]","[16, 16, 16, 16]","[0.0, 1823.1155242919922, 360.43941497802734, 2834.183349609375]","[84.8398208618164, 133.32498168945312, 0.0, 1904.2620849609375, 1805.5799560546875, 551.9099731445312, 1823.11572265625, 360.4394226074219, 417.4990539550781, 434.1742858886719, 1043.3043212890625, 1024.8729248046875, 2834.18359375]", Eight,0.9999897480010986,3.7266149774950463e-06,0.9999897480010986,6.144149210740579e-06,-12.499999997031999,"[{""token"": "" Eight"", ""token_id"": 38923, ""probability"": 0.9999897480010986}, {""token"": "" Four"", ""token_id"": 13038, ""probability"": 6.144149210740579e-06}, {""token"": "" Six"", ""token_id"": 19759, ""probability"": 3.7266149774950463e-06}, {""token"": ""Eight"", ""token_id"": 80357, ""probability"": 3.9278231156458787e-07}, {""token"": "" Many"", ""token_id"": 8732, ""probability"": 1.1860998405666123e-08}, {""token"": "" Two"", ""token_id"": 8512, ""probability"": 4.363417627217814e-09}, {""token"": "" Legs"", ""token_id"": 156403, ""probability"": 7.582482419721259e-10}, {""token"": "" Typically"", ""token_id"": 50338, ""probability"": 5.905243516401981e-10}, {""token"": "" None"", ""token_id"": 5450, ""probability"": 5.905243516401981e-10}, {""token"": "" Several"", ""token_id"": 22624, ""probability"": 4.599008396333204e-10}, {""token"": "" Multiple"", ""token_id"": 34489, ""probability"": 4.599008396333204e-10}, {""token"": "" Some"", ""token_id"": 4943, ""probability"": 3.581711316424929e-10}]"
"[""triple_coarse""]",L7+L22+L27,"[7, 22, 27]",1.0,0.0,2.0,0.0,2.0,2.0,2.0,False,4831.429302573285,"[14209, 137239, 23422, 23422, 60476, 129426, 129426, 144881, 144881]","[16, 16, 16, 21, 16, 16, 21, 16, 21]","[0.0, 0.0, 0.0, 0.0, 0.0, 0.0, 0.0, 0.0, 0.0]","[42685, 1703, 197021, 248182]","[16, 16, 16, 16]","[0.0, 3646.2310485839844, 720.8788299560547, 0.0]","[84.8398208618164, 133.32498168945312, 0.0, 1904.2620849609375, 1805.5799560546875, 551.9099731445312, 3646.2314453125, 720.8788452148438, 390.2601623535156, 409.0282287597656, 1018.3231811523438, 977.5166625976562, 0.0]", Eight,0.9999873638153076,6.144134658825351e-06,0.9999873638153076,6.144134658825351e-06,-12.000000008968028,"[{""token"": "" Eight"", ""token_id"": 38923, ""probability"": 0.9999873638153076}, {""token"": "" Six"", ""token_id"": 19759, ""probability"": 6.144134658825351e-06}, {""token"": "" Four"", ""token_id"": 13038, ""probability"": 6.144134658825351e-06}, {""token"": ""Eight"", ""token_id"": 80357, ""probability"": 3.058984532344766e-07}, {""token"": "" Many"", ""token_id"": 8732, ""probability"": 1.1860969983956693e-08}, {""token"": "" Two"", ""token_id"": 8512, ""probability"": 5.6027258388269274e-09}, {""token"": "" Legs"", ""token_id"": 156403, ""probability"": 9.736077499766793e-10}, {""token"": "" None"", ""token_id"": 5450, ""probability"": 5.905229638614173e-10}, {""token"": "" Typically"", ""token_id"": 50338, ""probability"": 5.905229638614173e-10}, {""token"": "" Several"", ""token_id"": 22624, ""probability"": 4.598997571658714e-10}, {""token"": "" Multiple"", ""token_id"": 34489, ""probability"": 3.5817027121964884e-10}, {""token"": "" Some"", ""token_id"": 4943, ""probability"": 3.5817027121964884e-10}]"
"[""triple_coarse""]",L7+L22+L27,"[7, 22, 27]",1.0,0.0,2.0,1.0,3.0,2.23606797749979,2.0,False,4922.927982488279,"[14209, 137239, 23422, 23422, 60476, 129426, 129426, 144881, 144881]","[16, 16, 16, 21, 16, 16, 21, 16, 21]","[0.0, 0.0, 0.0, 0.0, 0.0, 0.0, 0.0, 0.0, 0.0]","[42685, 1703, 197021, 248182]","[16, 16, 16, 16]","[0.0, 3646.2310485839844, 720.8788299560547, 944.727783203125]","[84.8398208618164, 133.32498168945312, 0.0, 1904.2620849609375, 1805.5799560546875, 551.9099731445312, 3646.2314453125, 720.8788452148438, 390.2601623535156, 409.0282287597656, 1018.3231811523438, 977.5166625976562, 944.7279052734375]", Eight,0.9999855756759644,7.889210792200174e-06,0.9999855756759644,6.14412374488893e-06,-11.750000030018505,"[{""token"": "" Eight"", ""token_id"": 38923, ""probability"": 0.9999855756759644}, {""token"": "" Six"", ""token_id"": 19759, ""probability"": 7.889210792200174e-06}, {""token"": "" Four"", ""token_id"": 13038, ""probability"": 6.14412374488893e-06}, {""token"": ""Eight"", ""token_id"": 80357, ""probability"": 3.9278069152715034e-07}, {""token"": "" Many"", ""token_id"": 8732, ""probability"": 1.522976056378411e-08}, {""token"": "" Two"", ""token_id"": 8512, ""probability"": 7.194029372215027e-09}, {""token"": "" Legs"", ""token_id"": 156403, ""probability"": 1.2501348845006532e-09}, {""token"": "" None"", ""token_id"": 5450, ""probability"": 7.582450778365057e-10}, {""token"": "" Several"", ""token_id"": 22624, ""probability"": 5.905219091495439e-10}, {""token"": "" Typically"", ""token_id"": 50338, ""probability"": 5.905219091495439e-10}, {""token"": "" Multiple"", ""token_id"": 34489, ""probability"": 4.598989244986029e-10}, {""token"": "" Some"", ""token_id"": 4943, ""probability"": 4.598989244986029e-10}]"
"[""triple_coarse""]",L7+L22+L27,"[7, 22, 27]",1.0,0.0,2.0,2.0,4.0,2.8284271247461903,2.0,False,5187.750221991526,"[14209, 137239, 23422, 23422, 60476, 129426, 129426, 144881, 144881]","[16, 16, 16, 21, 16, 16, 21, 16, 21]","[0.0, 0.0, 0.0, 0.0, 0.0, 0.0, 0.0, 0.0, 0.0]","[42685, 1703, 197021, 248182]","[16, 16, 16, 16]","[0.0, 3646.2310485839844, 720.8788299560547, 1889.45556640625]","[84.8398208618164, 133.32498168945312, 0.0, 1904.2620849609375, 1805.5799560546875, 551.9099731445312, 3646.2314453125, 720.8788452148438, 390.2601623535156, 409.0282287597656, 1018.3231811523438, 977.5166625976562, 1889.455810546875]", Eight,0.9999873638153076,6.144134658825351e-06,0.9999873638153076,6.144134658825351e-06,-12.000000008968028,"[{""token"": "" Eight"", ""token_id"": 38923, ""probability"": 0.9999873638153076}, {""token"": "" Six"", ""token_id"": 19759, ""probability"": 6.144134658825351e-06}, {""token"": "" Four"", ""token_id"": 13038, ""probability"": 6.144134658825351e-06}, {""token"": ""Eight"", ""token_id"": 80357, ""probability"": 3.058984532344766e-07}, {""token"": "" Many"", ""token_id"": 8732, ""probability"": 9.237333564726669e-09}, {""token"": "" Two"", ""token_id"": 8512, ""probability"": 5.6027258388269274e-09}, {""token"": "" Legs"", ""token_id"": 156403, ""probability"": 9.736077499766793e-10}, {""token"": "" Typically"", ""token_id"": 50338, ""probability"": 4.598997571658714e-10}, {""token"": "" None"", ""token_id"": 5450, ""probability"": 4.598997571658714e-10}, {""token"": "" Some"", ""token_id"": 4943, ""probability"": 3.5817027121964884e-10}, {""token"": "" Several"", ""token_id"": 22624, ""probability"": 3.5817027121964884e-10}, {""token"": "" Multiple"", ""token_id"": 34489, ""probability"": 2.7894328513689004e-10}]"
"[""triple_coarse""]",L7+L22+L27,"[7, 22, 27]",1.0,0.0,2.0,3.0,5.0,3.605551275463989,3.0,False,5601.366418013148,"[14209, 137239, 23422, 23422, 60476, 129426, 129426, 144881, 144881]","[16, 16, 16, 21, 16, 16, 21, 16, 21]","[0.0, 0.0, 0.0, 0.0, 0.0, 0.0, 0.0, 0.0, 0.0]","[42685, 1703, 197021, 248182]","[16, 16, 16, 16]","[0.0, 3646.2310485839844, 720.8788299560547, 2834.183349609375]","[84.8398208618164, 133.32498168945312, 0.0, 1904.2620849609375, 1805.5799560546875, 551.9099731445312, 3646.2314453125, 720.8788452148438, 390.2601623535156, 409.0282287597656, 1018.3231811523438, 977.5166625976562, 2834.18359375]", Eight,0.9999873638153076,6.144134658825351e-06,0.9999873638153076,6.144134658825351e-06,-12.000000008968028,"[{""token"": "" Eight"", ""token_id"": 38923, ""probability"": 0.9999873638153076}, {""token"": "" Six"", ""token_id"": 19759, ""probability"": 6.144134658825351e-06}, {""token"": "" Four"", ""token_id"": 13038, ""probability"": 6.144134658825351e-06}, {""token"": ""Eight"", ""token_id"": 80357, ""probability"": 3.058984532344766e-07}, {""token"": "" Many"", ""token_id"": 8732, ""probability"": 1.1860969983956693e-08}, {""token"": "" Two"", ""token_id"": 8512, ""probability"": 5.6027258388269274e-09}, {""token"": "" Legs"", ""token_id"": 156403, ""probability"": 9.736077499766793e-10}, {""token"": "" None"", ""token_id"": 5450, ""probability"": 5.905229638614173e-10}, {""token"": "" Typically"", ""token_id"": 50338, ""probability"": 5.905229638614173e-10}, {""token"": "" Some"", ""token_id"": 4943, ""probability"": 3.5817027121964884e-10}, {""token"": "" Several"", ""token_id"": 22624, ""probability"": 3.5817027121964884e-10}, {""token"": "" Multiple"", ""token_id"": 34489, ""probability"": 3.5817027121964884e-10}]"
"[""triple_coarse""]",L7+L22+L27,"[7, 22, 27]",1.0,0.0,3.0,0.0,3.0,3.0,3.0,False,6338.484608882181,"[14209, 137239, 23422, 23422, 60476, 129426, 129426, 144881, 144881]","[16, 16, 16, 21, 16, 16, 21, 16, 21]","[0.0, 0.0, 0.0, 0.0, 0.0, 0.0, 0.0, 0.0, 0.0]","[42685, 1703, 197021, 248182]","[16, 16, 16, 16]","[0.0, 5469.346572875977, 1081.318244934082, 0.0]","[84.8398208618164, 133.32498168945312, 0.0, 1904.2620849609375, 1805.5799560546875, 551.9099731445312, 5469.34765625, 1081.3182373046875, 283.5103759765625, 380.84429931640625, 874.9600830078125, 941.53466796875, 0.0]", Eight,0.9999816417694092,1.0129907423106488e-05,0.9999816417694092,7.889179869380314e-06,-11.500000020230198,"[{""token"": "" Eight"", ""token_id"": 38923, ""probability"": 0.9999816417694092}, {""token"": "" Six"", ""token_id"": 19759, ""probability"": 1.0129907423106488e-05}, {""token"": "" Four"", ""token_id"": 13038, ""probability"": 7.889179869380314e-06}, {""token"": ""Eight"", ""token_id"": 80357, ""probability"": 3.0589669108849193e-07}, {""token"": "" Many"", ""token_id"": 8732, ""probability"": 1.1860902482396796e-08}, {""token"": "" Two"", ""token_id"": 8512, ""probability"": 7.194001394594807e-09}, {""token"": "" Legs"", ""token_id"": 156403, ""probability"": 9.736021988615562e-10}, {""token"": "" None"", ""token_id"": 5450, ""probability"": 7.582420802343393e-10}, {""token"": "" Typically"", ""token_id"": 50338, ""probability"": 5.905195776811922e-10}, {""token"": "" Several"", ""token_id"": 22624, ""probability"": 4.598971203861879e-10}, {""token"": "" Multiple"", ""token_id"": 34489, ""probability"": 3.581682173070533e-10}, {""token"": "" Some"", ""token_id"": 4943, ""probability"": 3.581682173070533e-10}]"
"[""triple_coarse""]",L7+L22+L27,"[7, 22, 27]",1.0,0.0,3.0,1.0,4.0,3.1622776601683795,3.0,False,6408.502005308154,"[14209, 137239, 23422, 23422, 60476, 129426, 129426, 144881, 144881]","[16, 16, 16, 21, 16, 16, 21, 16, 21]","[0.0, 0.0, 0.0, 0.0, 0.0, 0.0, 0.0, 0.0, 0.0]","[42685, 1703, 197021, 248182]","[16, 16, 16, 16]","[0.0, 5469.346572875977, 1081.318244934082, 944.727783203125]","[84.8398208618164, 133.32498168945312, 0.0, 1904.2620849609375, 1805.5799560546875, 551.9099731445312, 5469.34765625, 1081.3182373046875, 283.5103759765625, 380.84429931640625, 874.9600830078125, 941.53466796875, 944.7279052734375]", Eight,0.9999765157699585,1.3006992048758548e-05,0.9999765157699585,1.0129854672413785e-05,-11.250000010681852,"[{""token"": "" Eight"", ""token_id"": 38923, ""probability"": 0.9999765157699585}, {""token"": "" Six"", ""token_id"": 19759, ""probability"": 1.3006992048758548e-05}, {""token"": "" Four"", ""token_id"": 13038, ""probability"": 1.0129854672413785e-05}, {""token"": ""Eight"", ""token_id"": 80357, ""probability"": 3.0589512789447326e-07}, {""token"": "" Many"", ""token_id"": 8732, ""probability"": 1.955522144214683e-08}, {""token"": "" Two"", ""token_id"": 8512, ""probability"": 9.237233200565242e-09}, {""token"": "" Legs"", ""token_id"": 156403, ""probability"": 1.250123560225802e-09}, {""token"": "" None"", ""token_id"": 5450, ""probability"": 9.735972028579454e-10}, {""token"": "" Typically"", ""token_id"": 50338, ""probability"": 7.582381944537531e-10}, {""token"": "" Several"", ""token_id"": 22624, ""probability"": 5.905165245678745e-10}, {""token"": "" Zero"", ""token_id"": 31234, ""probability"": 4.598947611622606e-10}, {""token"": "" Some"", ""token_id"": 4943, ""probability"": 4.598947611622606e-10}]"
"[""triple_coarse""]",L7+L22+L27,"[7, 22, 27]",1.0,0.0,3.0,2.0,5.0,3.605551275463989,3.0,False,6614.108435537299,"[14209, 137239, 23422, 23422, 60476, 129426, 129426, 144881, 144881]","[16, 16, 16, 21, 16, 16, 21, 16, 21]","[0.0, 0.0, 0.0, 0.0, 0.0, 0.0, 0.0, 0.0, 0.0]","[42685, 1703, 197021, 248182]","[16, 16, 16, 16]","[0.0, 5469.346572875977, 1081.318244934082, 1889.45556640625]","[84.8398208618164, 133.32498168945312, 0.0, 1904.2620849609375, 1805.5799560546875, 551.9099731445312, 5469.34765625, 1081.3182373046875, 283.5103759765625, 380.84429931640625, 874.9600830078125, 941.53466796875, 1889.455810546875]", Eight,0.99997878074646,1.3007022062083706e-05,0.99997878074646,7.88915713201277e-06,-11.249999968235397,"[{""token"": "" Eight"", ""token_id"": 38923, ""probability"": 0.99997878074646}, {""token"": "" Six"", ""token_id"": 19759, ""probability"": 1.3007022062083706e-05}, {""token"": "" Four"", ""token_id"": 13038, ""probability"": 7.88915713201277e-06}, {""token"": ""Eight"", ""token_id"": 80357, ""probability"": 3.05895838437209e-07}, {""token"": "" Many"", ""token_id"": 8732, ""probability"": 1.5229657535087426e-08}, {""token"": "" Two"", ""token_id"": 8512, ""probability"": 7.193980522401944e-09}, {""token"": "" Legs"", ""token_id"": 156403, ""probability"": 9.735994233039946e-10}, {""token"": "" None"", ""token_id"": 5450, ""probability"": 5.905178568355041e-10}, {""token"": "" Typically"", ""token_id"": 50338, ""probability"": 5.905178568355041e-10}, {""token"": "" Several"", ""token_id"": 22624, ""probability"": 4.5989578811855836e-10}, {""token"": "" Zero"", ""token_id"": 31234, ""probability"": 3.581671903507555e-10}, {""token"": "" Some"", ""token_id"": 4943, ""probability"": 3.581671903507555e-10}]"
"[""triple_coarse""]",L7+L22+L27,"[7, 22, 27]",1.0,0.0,3.0,3.0,6.0,4.242640687119285,3.0,False,6943.268954902868,"[14209, 137239, 23422, 23422, 60476, 129426, 129426, 144881, 144881]","[16, 16, 16, 21, 16, 16, 21, 16, 21]","[0.0, 0.0, 0.0, 0.0, 0.0, 0.0, 0.0, 0.0, 0.0]","[42685, 1703, 197021, 248182]","[16, 16, 16, 16]","[0.0, 5469.346572875977, 1081.318244934082, 2834.183349609375]","[84.8398208618164, 133.32498168945312, 0.0, 1904.2620849609375, 1805.5799560546875, 551.9099731445312, 5469.34765625, 1081.3182373046875, 283.5103759765625, 380.84429931640625, 874.9600830078125, 941.53466796875, 2834.18359375]", Eight,0.9999816417694092,1.0129907423106488e-05,0.9999816417694092,7.889179869380314e-06,-11.500000020230198,"[{""token"": "" Eight"", ""token_id"": 38923, ""probability"": 0.9999816417694092}, {""token"": "" Six"", ""token_id"": 19759, ""probability"": 1.0129907423106488e-05}, {""token"": "" Four"", ""token_id"": 13038, ""probability"": 7.889179869380314e-06}, {""token"": ""Eight"", ""token_id"": 80357, ""probability"": 3.0589669108849193e-07}, {""token"": "" Many"", ""token_id"": 8732, ""probability"": 1.1860902482396796e-08}, {""token"": "" Two"", ""token_id"": 8512, ""probability"": 7.194001394594807e-09}, {""token"": "" Legs"", ""token_id"": 156403, ""probability"": 9.736021988615562e-10}, {""token"": "" None"", ""token_id"": 5450, ""probability"": 7.582420802343393e-10}, {""token"": "" Typically"", ""token_id"": 50338, ""probability"": 5.905195776811922e-10}, {""token"": "" Several"", ""token_id"": 22624, ""probability"": 4.598971203861879e-10}, {""token"": "" Multiple"", ""token_id"": 34489, ""probability"": 3.581682173070533e-10}, {""token"": "" Some"", ""token_id"": 4943, ""probability"": 3.581682173070533e-10}]"
"[""triple_coarse""]",L7+L22+L27,"[7, 22, 27]",1.0,1.0,0.0,0.0,1.0,1.0,1.0,False,2826.447285623914,"[14209, 137239, 23422, 23422, 60476, 129426, 129426, 144881, 144881]","[16, 16, 16, 21, 16, 16, 21, 16, 21]","[0.0, 0.0, 0.0, 0.0, 0.0, 0.0, 0.0, 0.0, 0.0]","[42685, 1703, 197021, 248182]","[16, 16, 16, 16]","[126.26797485351562, 0.0, 0.0, 0.0]","[84.8398208618164, 133.32498168945312, 126.26799011230469, 1784.64599609375, 1673.0087890625, 462.1224670410156, 0.0, 0.0, 421.7515563964844, 323.7467041015625, 915.7947998046875, 793.1229248046875, 0.0]", Eight,0.9999750852584839,7.889128028182313e-06,0.9999750852584839,1.6701284039299935e-05,-11.750000030235167,"[{""token"": "" Eight"", ""token_id"": 38923, ""probability"": 0.9999750852584839}, {""token"": "" Four"", ""token_id"": 13038, ""probability"": 1.6701284039299935e-05}, {""token"": "" Six"", ""token_id"": 19759, ""probability"": 7.889128028182313e-06}, {""token"": ""Eight"", ""token_id"": 80357, ""probability"": 3.9277657037928293e-07}, {""token"": "" Many"", ""token_id"": 8732, ""probability"": 1.5229600691668566e-08}, {""token"": "" Two"", ""token_id"": 8512, ""probability"": 4.363353678371595e-09}, {""token"": "" Legs"", ""token_id"": 156403, ""probability"": 2.6465079017157223e-09}, {""token"": "" Typically"", ""token_id"": 50338, ""probability"": 1.2501216728466602e-09}, {""token"": "" Usually"", ""token_id"": 34645, ""probability"": 7.582371397418797e-10}, {""token"": "" Some"", ""token_id"": 4943, ""probability"": 5.90515691900606e-10}, {""token"": "" Several"", ""token_id"": 22624, ""probability"": 3.5816585808312595e-10}, {""token"": ""\n\n"", ""token_id"": 108, ""probability"": 3.5816585808312595e-10}]"
"[""triple_coarse""]",L7+L22+L27,"[7, 22, 27]",1.0,1.0,0.0,1.0,2.0,1.4142135623730951,1.0,False,2980.1535318525334,"[14209, 137239, 23422, 23422, 60476, 129426, 129426, 144881, 144881]","[16, 16, 16, 21, 16, 16, 21, 16, 21]","[0.0, 0.0, 0.0, 0.0, 0.0, 0.0, 0.0, 0.0, 0.0]","[42685, 1703, 197021, 248182]","[16, 16, 16, 16]","[126.26797485351562, 0.0, 0.0, 944.727783203125]","[84.8398208618164, 133.32498168945312, 126.26799011230469, 1784.64599609375, 1673.0087890625, 462.1224670410156, 0.0, 0.0, 421.7515563964844, 323.7467041015625, 915.7947998046875, 793.1229248046875, 944.7279052734375]", Eight,0.9999750852584839,7.889128028182313e-06,0.9999750852584839,1.6701284039299935e-05,-11.750000030235167,"[{""token"": "" Eight"", ""token_id"": 38923, ""probability"": 0.9999750852584839}, {""token"": "" Four"", ""token_id"": 13038, ""probability"": 1.6701284039299935e-05}, {""token"": "" Six"", ""token_id"": 19759, ""probability"": 7.889128028182313e-06}, {""token"": ""Eight"", ""token_id"": 80357, ""probability"": 3.9277657037928293e-07}, {""token"": "" Many"", ""token_id"": 8732, ""probability"": 1.5229600691668566e-08}, {""token"": "" Two"", ""token_id"": 8512, ""probability"": 4.363353678371595e-09}, {""token"": "" Legs"", ""token_id"": 156403, ""probability"": 2.6465079017157223e-09}, {""token"": "" Typically"", ""token_id"": 50338, ""probability"": 1.2501216728466602e-09}, {""token"": "" Usually"", ""token_id"": 34645, ""probability"": 7.582371397418797e-10}, {""token"": "" Some"", ""token_id"": 4943, ""probability"": 5.90515691900606e-10}, {""token"": "" Several"", ""token_id"": 22624, ""probability"": 2.789398712010893e-10}, {""token"": ""\n\n"", ""token_id"": 108, ""probability"": 2.789398712010893e-10}]"
"[""triple_coarse""]",L7+L22+L27,"[7, 22, 27]",1.0,1.0,0.0,2.0,3.0,2.23606797749979,2.0,False,3399.830513190347,"[14209, 137239, 23422, 23422, 60476, 129426, 129426, 144881, 144881]","[16, 16, 16, 21, 16, 16, 21, 16, 21]","[0.0, 0.0, 0.0, 0.0, 0.0, 0.0, 0.0, 0.0, 0.0]","[42685, 1703, 197021, 248182]","[16, 16, 16, 16]","[126.26797485351562, 0.0, 0.0, 1889.45556640625]","[84.8398208618164, 133.32498168945312, 126.26799011230469, 1784.64599609375, 1673.0087890625, 462.1224670410156, 0.0, 0.0, 421.7515563964844, 323.7467041015625, 915.7947998046875, 793.1229248046875, 1889.455810546875]", Eight,0.9999701976776123,7.889088919910137e-06,0.9999701976776123,2.1444770027301274e-05,-11.750000099769204,"[{""token"": "" Eight"", ""token_id"": 38923, ""probability"": 0.9999701976776123}, {""token"": "" Four"", ""token_id"": 13038, ""probability"": 2.1444770027301274e-05}, {""token"": "" Six"", ""token_id"": 19759, ""probability"": 7.889088919910137e-06}, {""token"": ""Eight"", ""token_id"": 80357, ""probability"": 5.04332660966611e-07}, {""token"": "" Many"", ""token_id"": 8732, ""probability"": 1.9555098873524912e-08}, {""token"": "" Two"", ""token_id"": 8512, ""probability"": 5.60262947146839e-09}, {""token"": "" Legs"", ""token_id"": 156403, ""probability"": 3.3981666369697905e-09}, {""token"": "" Typically"", ""token_id"": 50338, ""probability"": 1.6051800999505872e-09}, {""token"": "" Usually"", ""token_id"": 34645, ""probability"": 9.7359109663131e-10}, {""token"": "" Some"", ""token_id"": 4943, ""probability"": 7.582334204947472e-10}, {""token"": "" Several"", ""token_id"": 22624, ""probability"": 3.5816410948186217e-10}, {""token"": ""\n\n"", ""token_id"": 108, ""probability"": 3.5816410948186217e-10}]"
"[""triple_coarse""]",L7+L22+L27,"[7, 22, 27]",1.0,1.0,0.0,3.0,4.0,3.1622776601683795,3.0,False,4002.674218755813,"[14209, 137239, 23422, 23422, 60476, 129426, 129426, 144881, 144881]","[16, 16, 16, 21, 16, 16, 21, 16, 21]","[0.0, 0.0, 0.0, 0.0, 0.0, 0.0, 0.0, 0.0, 0.0]","[42685, 1703, 197021, 248182]","[16, 16, 16, 16]","[126.26797485351562, 0.0, 0.0, 2834.183349609375]","[84.8398208618164, 133.32498168945312, 126.26799011230469, 1784.64599609375, 1673.0087890625, 462.1224670410156, 0.0, 0.0, 421.7515563964844, 323.7467041015625, 915.7947998046875, 793.1229248046875, 2834.18359375]", Eight,0.9999749660491943,7.889127118687611e-06,0.9999749660491943,1.670128222031053e-05,-11.750000026307472,"[{""token"": "" Eight"", ""token_id"": 38923, ""probability"": 0.9999749660491943}, {""token"": "" Four"", ""token_id"": 13038, ""probability"": 1.670128222031053e-05}, {""token"": "" Six"", ""token_id"": 19759, ""probability"": 7.889127118687611e-06}, {""token"": ""Eight"", ""token_id"": 80357, ""probability"": 5.043350483902032e-07}, {""token"": "" Many"", ""token_id"": 8732, ""probability"": 1.955519124408056e-08}, {""token"": "" Two"", ""token_id"": 8512, ""probability"": 4.3633532342823855e-09}, {""token"": "" Legs"", ""token_id"": 156403, ""probability"": 2.6465076796711173e-09}, {""token"": "" Typically"", ""token_id"": 50338, ""probability"": 1.6051877604894571e-09}, {""token"": "" Usually"", ""token_id"": 34645, ""probability"": 7.582370287195772e-10}, {""token"": "" Some"", ""token_id"": 4943, ""probability"": 5.905156363894548e-10}, {""token"": "" Several"", ""token_id"": 22624, ""probability"": 3.5816583032755034e-10}, {""token"": ""\n\n"", ""token_id"": 108, ""probability"": 3.5816583032755034e-10}]"
"[""triple_coarse""]",L7+L22+L27,"[7, 22, 27]",1.0,1.0,1.0,0.0,2.0,1.4142135623730951,1.0,False,3396.8206461365257,"[14209, 137239, 23422, 23422, 60476, 129426, 129426, 144881, 144881]","[16, 16, 16, 21, 16, 16, 21, 16, 21]","[0.0, 0.0, 0.0, 0.0, 0.0, 0.0, 0.0, 0.0, 0.0]","[42685, 1703, 197021, 248182]","[16, 16, 16, 16]","[126.26797485351562, 1823.1155242919922, 360.43941497802734, 0.0]","[84.8398208618164, 133.32498168945312, 126.26799011230469, 1784.64599609375, 1673.0087890625, 462.1224670410156, 1823.11572265625, 360.4394226074219, 439.2459411621094, 316.8162536621094, 972.3892822265625, 779.4091796875, 0.0]", Eight,0.9999474287033081,1.6700822015991434e-05,0.9999474287033081,3.5355642467038706e-05,-11.000000044559885,"[{""token"": "" Eight"", ""token_id"": 38923, ""probability"": 0.9999474287033081}, {""token"": "" Four"", ""token_id"": 13038, ""probability"": 3.5355642467038706e-05}, {""token"": "" Six"", ""token_id"": 19759, ""probability"": 1.6700822015991434e-05}, {""token"": ""Eight"", ""token_id"": 80357, ""probability"": 5.043211785960011e-07}, {""token"": "" Many"", ""token_id"": 8732, ""probability"": 2.5108670698159585e-08}, {""token"": "" Two"", ""token_id"": 8512, ""probability"": 9.236964082504073e-09}, {""token"": "" Legs"", ""token_id"": 156403, ""probability"": 5.602502017865163e-09}, {""token"": "" Typically"", ""token_id"": 50338, ""probability"": 2.0610451123559415e-09}, {""token"": "" Usually"", ""token_id"": 34645, ""probability"": 1.2500871449105944e-09}, {""token"": "" Some"", ""token_id"": 4943, ""probability"": 9.735688921708174e-10}, {""token"": "" Several"", ""token_id"": 22624, ""probability"": 5.904993716221441e-10}, {""token"": ""\n\n"", ""token_id"": 108, ""probability"": 4.5988138297481385e-10}]"
"[""triple_coarse""]",L7+L22+L27,"[7, 22, 27]",1.0,1.0,1.0,1.0,3.0,1.7320508075688772,1.0,False,3525.748334328714,"[14209, 137239, 23422, 23422, 60476, 129426, 129426, 144881, 144881]","[16, 16, 16, 21, 16, 16, 21, 16, 21]","[0.0, 0.0, 0.0, 0.0, 0.0, 0.0, 0.0, 0.0, 0.0]","[42685, 1703, 197021, 248182]","[16, 16, 16, 16]","[126.26797485351562, 1823.1155242919922, 360.43941497802734, 944.727783203125]","[84.8398208618164, 133.32498168945312, 126.26799011230469, 1784.64599609375, 1673.0087890625, 462.1224670410156, 1823.11572265625, 360.4394226074219, 439.2459411621094, 316.8162536621094, 972.3892822265625, 779.4091796875, 944.7279052734375]", Eight,0.9999474287033081,1.6700822015991434e-05,0.9999474287033081,3.5355642467038706e-05,-11.000000044559885,"[{""token"": "" Eight"", ""token_id"": 38923, ""probability"": 0.9999474287033081}, {""token"": "" Four"", ""token_id"": 13038, ""probability"": 3.5355642467038706e-05}, {""token"": "" Six"", ""token_id"": 19759, ""probability"": 1.6700822015991434e-05}, {""token"": ""Eight"", ""token_id"": 80357, ""probability"": 5.043211785960011e-07}, {""token"": "" Many"", ""token_id"": 8732, ""probability"": 2.5108670698159585e-08}, {""token"": "" Two"", ""token_id"": 8512, ""probability"": 9.236964082504073e-09}, {""token"": "" Legs"", ""token_id"": 156403, ""probability"": 5.602502017865163e-09}, {""token"": "" Typically"", ""token_id"": 50338, ""probability"": 2.0610451123559415e-09}, {""token"": "" Usually"", ""token_id"": 34645, ""probability"": 1.2500871449105944e-09}, {""token"": "" Some"", ""token_id"": 4943, ""probability"": 9.735688921708174e-10}, {""token"": "" Several"", ""token_id"": 22624, ""probability"": 5.904993716221441e-10}, {""token"": ""\n\n"", ""token_id"": 108, ""probability"": 4.5988138297481385e-10}]"
"[""triple_coarse""]",L7+L22+L27,"[7, 22, 27]",1.0,1.0,1.0,2.0,4.0,2.449489742783178,2.0,False,3886.9568767904684,"[14209, 137239, 23422, 23422, 60476, 129426, 129426, 144881, 144881]","[16, 16, 16, 21, 16, 16, 21, 16, 21]","[0.0, 0.0, 0.0, 0.0, 0.0, 0.0, 0.0, 0.0, 0.0]","[42685, 1703, 197021, 248182]","[16, 16, 16, 16]","[126.26797485351562, 1823.1155242919922, 360.43941497802734, 1889.45556640625]","[84.8398208618164, 133.32498168945312, 126.26799011230469, 1784.64599609375, 1673.0087890625, 462.1224670410156, 1823.11572265625, 360.4394226074219, 439.2459411621094, 316.8162536621094, 972.3892822265625, 779.4091796875, 1889.455810546875]", Eight,0.9999552965164185,1.6700954802217893e-05,0.9999552965164185,2.7535219487617724e-05,-10.999999961907609,"[{""token"": "" Eight"", ""token_id"": 38923, ""probability"": 0.9999552965164185}, {""token"": "" Four"", ""token_id"": 13038, ""probability"": 2.7535219487617724e-05}, {""token"": "" Six"", ""token_id"": 19759, ""probability"": 1.6700954802217893e-05}, {""token"": ""Eight"", ""token_id"": 80357, ""probability"": 5.043251007919025e-07}, {""token"": "" Many"", ""token_id"": 8732, ""probability"": 1.955480755100325e-08}, {""token"": "" Two"", ""token_id"": 8512, ""probability"": 7.193811768502201e-09}, {""token"": "" Legs"", ""token_id"": 156403, ""probability"": 4.3632675250648845e-09}, {""token"": "" Typically"", ""token_id"": 50338, ""probability"": 2.061061321612101e-09}, {""token"": "" Some"", ""token_id"": 4943, ""probability"": 9.735765527096873e-10}, {""token"": "" Usually"", ""token_id"": 34645, ""probability"": 9.735765527096873e-10}, {""token"": "" Several"", ""token_id"": 22624, ""probability"": 4.598849911996439e-10}, {""token"": ""\n\n"", ""token_id"": 108, ""probability"": 4.598849911996439e-10}]"
"[""triple_coarse""]",L7+L22+L27,"[7, 22, 27]",1.0,1.0,1.0,3.0,5.0,3.3166247903554,3.0,False,4423.910842806513,"[14209, 137239, 23422, 23422, 60476, 129426, 129426, 144881, 144881]","[16, 16, 16, 21, 16, 16, 21, 16, 21]","[0.0, 0.0, 0.0, 0.0, 0.0, 0.0, 0.0, 0.0, 0.0]","[42685, 1703, 197021, 248182]","[16, 16, 16, 16]","[126.26797485351562, 1823.1155242919922, 360.43941497802734, 2834.183349609375]","[84.8398208618164, 133.32498168945312, 126.26799011230469, 1784.64599609375, 1673.0087890625, 462.1224670410156, 1823.11572265625, 360.4394226074219, 439.2459411621094, 316.8162536621094, 972.3892822265625, 779.4091796875, 2834.18359375]", Eight,0.9999552965164185,1.6700954802217893e-05,0.9999552965164185,2.7535219487617724e-05,-10.999999961907609,"[{""token"": "" Eight"", ""token_id"": 38923, ""probability"": 0.9999552965164185}, {""token"": "" Four"", ""token_id"": 13038, ""probability"": 2.7535219487617724e-05}, {""token"": "" Six"", ""token_id"": 19759, ""probability"": 1.6700954802217893e-05}, {""token"": ""Eight"", ""token_id"": 80357, ""probability"": 5.043251007919025e-07}, {""token"": "" Many"", ""token_id"": 8732, ""probability"": 2.510886787376876e-08}, {""token"": "" Two"", ""token_id"": 8512, ""probability"": 9.237036913134489e-09}, {""token"": "" Legs"", ""token_id"": 156403, ""probability"": 4.3632675250648845e-09}, {""token"": "" Typically"", ""token_id"": 50338, ""probability"": 2.061061321612101e-09}, {""token"": "" Usually"", ""token_id"": 34645, ""probability"": 1.2500970258955135e-09}, {""token"": "" Some"", ""token_id"": 4943, ""probability"": 9.735765527096873e-10}, {""token"": "" Multiple"", ""token_id"": 34489, ""probability"": 5.905039790476962e-10}, {""token"": ""\n\n"", ""token_id"": 108, ""probability"": 4.598849911996439e-10}]"
"[""triple_coarse""]",L7+L22+L27,"[7, 22, 27]",1.0,1.0,2.0,0.0,3.0,2.23606797749979,2.0,False,4668.246392645681,"[14209, 137239, 23422, 23422, 60476, 129426, 129426, 144881, 144881]","[16, 16, 16, 21, 16, 16, 21, 16, 21]","[0.0, 0.0, 0.0, 0.0, 0.0, 0.0, 0.0, 0.0, 0.0]","[42685, 1703, 197021, 248182]","[16, 16, 16, 16]","[126.26797485351562, 3646.2310485839844, 720.8788299560547, 0.0]","[84.8398208618164, 133.32498168945312, 126.26799011230469, 1784.64599609375, 1673.0087890625, 462.1224670410156, 3646.2314453125, 720.8788452148438, 407.16033935546875, 297.6098937988281, 961.333984375, 748.9634399414062, 0.0]", Eight,0.9999186992645264,3.535462747095153e-05,0.9999186992645264,4.5396238419925794e-05,-10.249999965736729,"[{""token"": "" Eight"", ""token_id"": 38923, ""probability"": 0.9999186992645264}, {""token"": "" Four"", ""token_id"": 13038, ""probability"": 4.5396238419925794e-05}, {""token"": "" Six"", ""token_id"": 19759, ""probability"": 3.535462747095153e-05}, {""token"": ""Eight"", ""token_id"": 80357, ""probability"": 5.043066835241916e-07}, {""token"": "" Many"", ""token_id"": 8732, ""probability"": 3.2239245939535977e-08}, {""token"": "" Two"", ""token_id"": 8512, ""probability"": 1.1860155524345828e-08}, {""token"": "" Legs"", ""token_id"": 156403, ""probability"": 4.3631076529493384e-09}, {""token"": "" Typically"", ""token_id"": 50338, ""probability"": 2.0609858264464265e-09}, {""token"": "" Usually"", ""token_id"": 34645, ""probability"": 1.250051284706899e-09}, {""token"": "" Some"", ""token_id"": 4943, ""probability"": 9.735409145505969e-10}, {""token"": "" Multiple"", ""token_id"": 34489, ""probability"": 5.904823852098673e-10}, {""token"": "" Several"", ""token_id"": 22624, ""probability"": 5.904823852098673e-10}]"
"[""triple_coarse""]",L7+L22+L27,"[7, 22, 27]",1.0,1.0,2.0,1.0,4.0,2.449489742783178,2.0,False,4762.880976620322,"[14209, 137239, 23422, 23422, 60476, 129426, 129426, 144881, 144881]","[16, 16, 16, 21, 16, 16, 21, 16, 21]","[0.0, 0.0, 0.0, 0.0, 0.0, 0.0, 0.0, 0.0, 0.0]","[42685, 1703, 197021, 248182]","[16, 16, 16, 16]","[126.26797485351562, 3646.2310485839844, 720.8788299560547, 944.727783203125]","[84.8398208618164, 133.32498168945312, 126.26799011230469, 1784.64599609375, 1673.0087890625, 462.1224670410156, 3646.2314453125, 720.8788452148438, 407.16033935546875, 297.6098937988281, 961.333984375, 748.9634399414062, 944.7279052734375]", Eight,0.9999085664749146,4.53957800345961e-05,0.9999085664749146,4.53957800345961e-05,-9.9999999703116,"[{""token"": "" Eight"", ""token_id"": 38923, ""probability"": 0.9999085664749146}, {""token"": "" Six"", ""token_id"": 19759, ""probability"": 4.53957800345961e-05}, {""token"": "" Four"", ""token_id"": 13038, ""probability"": 4.53957800345961e-05}, {""token"": ""Eight"", ""token_id"": 80357, ""probability"": 6.475360123658902e-07}, {""token"": "" Many"", ""token_id"": 8732, ""probability"": 4.139559450777597e-08}, {""token"": "" Two"", ""token_id"": 8512, ""probability"": 1.1860035620259168e-08}, {""token"": "" Legs"", ""token_id"": 156403, ""probability"": 7.193475592970344e-09}, {""token"": "" Typically"", ""token_id"": 50338, ""probability"": 3.397957248907346e-09}, {""token"": "" Some"", ""token_id"": 4943, ""probability"": 1.605081179079093e-09}, {""token"": "" Usually"", ""token_id"": 34645, ""probability"": 1.605081179079093e-09}, {""token"": "" Several"", ""token_id"": 22624, ""probability"": 7.581866801054105e-10}, {""token"": ""\n\n"", ""token_id"": 108, ""probability"": 7.581866801054105e-10}]"
"[""triple_coarse""]",L7+L22+L27,"[7, 22, 27]",1.0,1.0,2.0,2.0,5.0,3.0,2.0,False,5036.126253625773,"[14209, 137239, 23422, 23422, 60476, 129426, 129426, 144881, 144881]","[16, 16, 16, 21, 16, 16, 21, 16, 21]","[0.0, 0.0, 0.0, 0.0, 0.0, 0.0, 0.0, 0.0, 0.0]","[42685, 1703, 197021, 248182]","[16, 16, 16, 16]","[126.26797485351562, 3646.2310485839844, 720.8788299560547, 1889.45556640625]","[84.8398208618164, 133.32498168945312, 126.26799011230469, 1784.64599609375, 1673.0087890625, 462.1224670410156, 3646.2314453125, 720.8788452148438, 407.16033935546875, 297.6098937988281, 961.333984375, 748.9634399414062, 1889.455810546875]", Eight,0.9999288320541382,3.535498399287462e-05,0.9999288320541382,3.535498399287462e-05,-10.25000001518397,"[{""token"": "" Eight"", ""token_id"": 38923, ""probability"": 0.9999288320541382}, {""token"": "" Six"", ""token_id"": 19759, ""probability"": 3.535498399287462e-05}, {""token"": "" Four"", ""token_id"": 13038, ""probability"": 3.535498399287462e-05}, {""token"": ""Eight"", ""token_id"": 80357, ""probability"": 3.927584089069569e-07}, {""token"": "" Many"", ""token_id"": 8732, ""probability"": 2.5108203516310823e-08}, {""token"": "" Two"", ""token_id"": 8512, ""probability"": 9.236792664069071e-09}, {""token"": "" Legs"", ""token_id"": 156403, ""probability"": 4.3631520618703235e-09}, {""token"": "" Typically"", ""token_id"": 50338, ""probability"": 2.0610066986392894e-09}, {""token"": "" Usually"", ""token_id"": 34645, ""probability"": 1.2500639412493797e-09}, {""token"": "" Some"", ""token_id"": 4943, ""probability"": 9.73550795535516e-10}, {""token"": ""\n\n"", ""token_id"": 108, ""probability"": 5.904883804142003e-10}, {""token"": "" Several"", ""token_id"": 22624, ""probability"": 4.5987283425752423e-10}]"
"[""triple_coarse""]",L7+L22+L27,"[7, 22, 27]",1.0,1.0,2.0,3.0,6.0,3.7416573867739413,3.0,False,5461.238048788121,"[14209, 137239, 23422, 23422, 60476, 129426, 129426, 144881, 144881]","[16, 16, 16, 21, 16, 16, 21, 16, 21]","[0.0, 0.0, 0.0, 0.0, 0.0, 0.0, 0.0, 0.0, 0.0]","[42685, 1703, 197021, 248182]","[16, 16, 16, 16]","[126.26797485351562, 3646.2310485839844, 720.8788299560547, 2834.183349609375]","[84.8398208618164, 133.32498168945312, 126.26799011230469, 1784.64599609375, 1673.0087890625, 462.1224670410156, 3646.2314453125, 720.8788452148438, 407.16033935546875, 297.6098937988281, 961.333984375, 748.9634399414062, 2834.18359375]", Eight,0.9999186992645264,3.535462747095153e-05,0.9999186992645264,4.5396238419925794e-05,-10.249999965736729,"[{""token"": "" Eight"", ""token_id"": 38923, ""probability"": 0.9999186992645264}, {""token"": "" Four"", ""token_id"": 13038, ""probability"": 4.5396238419925794e-05}, {""token"": "" Six"", ""token_id"": 19759, ""probability"": 3.535462747095153e-05}, {""token"": ""Eight"", ""token_id"": 80357, ""probability"": 5.043066835241916e-07}, {""token"": "" Many"", ""token_id"": 8732, ""probability"": 3.2239245939535977e-08}, {""token"": "" Two"", ""token_id"": 8512, ""probability"": 9.236699405335003e-09}, {""token"": "" Legs"", ""token_id"": 156403, ""probability"": 5.6023408134819874e-09}, {""token"": "" Typically"", ""token_id"": 50338, ""probability"": 2.6463586877412126e-09}, {""token"": "" Some"", ""token_id"": 4943, ""probability"": 1.250051284706899e-09}, {""token"": "" Usually"", ""token_id"": 34645, ""probability"": 1.250051284706899e-09}, {""token"": "" Several"", ""token_id"": 22624, ""probability"": 5.904823852098673e-10}, {""token"": ""\n\n"", ""token_id"": 108, ""probability"": 5.904823852098673e-10}]"
"[""triple_coarse""]",L7+L22+L27,"[7, 22, 27]",1.0,1.0,3.0,0.0,4.0,3.1622776601683795,3.0,False,6220.223440359713,"[14209, 137239, 23422, 23422, 60476, 129426, 129426, 144881, 144881]","[16, 16, 16, 21, 16, 16, 21, 16, 21]","[0.0, 0.0, 0.0, 0.0, 0.0, 0.0, 0.0, 0.0, 0.0]","[42685, 1703, 197021, 248182]","[16, 16, 16, 16]","[126.26797485351562, 5469.346572875977, 1081.318244934082, 0.0]","[84.8398208618164, 133.32498168945312, 126.26799011230469, 1784.64599609375, 1673.0087890625, 462.1224670410156, 5469.34765625, 1081.3182373046875, 283.81182861328125, 286.6432800292969, 809.8477783203125, 742.4324340820312, 0.0]", Eight,0.9998958110809326,5.828859139000997e-05,0.9998958110809326,4.539520159596577e-05,-9.74999997740308,"[{""token"": "" Eight"", ""token_id"": 38923, ""probability"": 0.9998958110809326}, {""token"": "" Six"", ""token_id"": 19759, ""probability"": 5.828859139000997e-05}, {""token"": "" Four"", ""token_id"": 13038, ""probability"": 4.539520159596577e-05}, {""token"": ""Eight"", ""token_id"": 80357, ""probability"": 5.042951443101629e-07}, {""token"": "" Many"", ""token_id"": 8732, ""probability"": 3.2238510527804465e-08}, {""token"": "" Two"", ""token_id"": 8512, ""probability"": 1.5228394545374613e-08}, {""token"": "" Legs"", ""token_id"": 156403, ""probability"": 5.602212915789551e-09}, {""token"": "" Typically"", ""token_id"": 50338, ""probability"": 2.646298069564068e-09}, {""token"": "" Usually"", ""token_id"": 34645, ""probability"": 1.60506075097544e-09}, {""token"": "" Some"", ""token_id"": 4943, ""probability"": 1.2500226409528636e-09}, {""token"": "" Several"", ""token_id"": 22624, ""probability"": 5.904688960001181e-10}, {""token"": ""\n\n"", ""token_id"": 108, ""probability"": 5.904688960001181e-10}]"
"[""triple_coarse""]",L7+L22+L27,"[7, 22, 27]",1.0,1.0,3.0,1.0,5.0,3.3166247903554,3.0,False,6291.557077783112,"[14209, 137239, 23422, 23422, 60476, 129426, 129426, 144881, 144881]","[16, 16, 16, 21, 16, 16, 21, 16, 21]","[0.0, 0.0, 0.0, 0.0, 0.0, 0.0, 0.0, 0.0, 0.0]","[42685, 1703, 197021, 248182]","[16, 16, 16, 16]","[126.26797485351562, 5469.346572875977, 1081.318244934082, 944.727783203125]","[84.8398208618164, 133.32498168945312, 126.26799011230469, 1784.64599609375, 1673.0087890625, 462.1224670410156, 5469.34765625, 1081.3182373046875, 283.81182861328125, 286.6432800292969, 809.8477783203125, 742.4324340820312, 944.7279052734375]", Eight,0.9998958110809326,5.828859139000997e-05,0.9998958110809326,4.539520159596577e-05,-9.74999997740308,"[{""token"": "" Eight"", ""token_id"": 38923, ""probability"": 0.9998958110809326}, {""token"": "" Six"", ""token_id"": 19759, ""probability"": 5.828859139000997e-05}, {""token"": "" Four"", ""token_id"": 13038, ""probability"": 4.539520159596577e-05}, {""token"": ""Eight"", ""token_id"": 80357, ""probability"": 5.042951443101629e-07}, {""token"": "" Many"", ""token_id"": 8732, ""probability"": 3.2238510527804465e-08}, {""token"": "" Two"", ""token_id"": 8512, ""probability"": 1.5228394545374613e-08}, {""token"": "" Legs"", ""token_id"": 156403, ""probability"": 7.193383666503905e-09}, {""token"": "" Typically"", ""token_id"": 50338, ""probability"": 2.646298069564068e-09}, {""token"": "" Some"", ""token_id"": 4943, ""probability"": 1.2500226409528636e-09}, {""token"": "" Usually"", ""token_id"": 34645, ""probability"": 1.2500226409528636e-09}, {""token"": "" Several"", ""token_id"": 22624, ""probability"": 5.904688960001181e-10}, {""token"": ""\n\n"", ""token_id"": 108, ""probability"": 5.904688960001181e-10}]"
"[""triple_coarse""]",L7+L22+L27,"[7, 22, 27]",1.0,1.0,3.0,2.0,6.0,3.7416573867739413,3.0,False,6500.863243293907,"[14209, 137239, 23422, 23422, 60476, 129426, 129426, 144881, 144881]","[16, 16, 16, 21, 16, 16, 21, 16, 21]","[0.0, 0.0, 0.0, 0.0, 0.0, 0.0, 0.0, 0.0, 0.0]","[42685, 1703, 197021, 248182]","[16, 16, 16, 16]","[126.26797485351562, 5469.346572875977, 1081.318244934082, 1889.45556640625]","[84.8398208618164, 133.32498168945312, 126.26799011230469, 1784.64599609375, 1673.0087890625, 462.1224670410156, 5469.34765625, 1081.3182373046875, 283.81182861328125, 286.6432800292969, 809.8477783203125, 742.4324340820312, 1889.455810546875]", Eight,0.9998829364776611,5.82878383283969e-05,0.9998829364776611,5.82878383283969e-05,-9.750000020995838,"[{""token"": "" Eight"", ""token_id"": 38923, ""probability"": 0.9998829364776611}, {""token"": "" Six"", ""token_id"": 19759, ""probability"": 5.82878383283969e-05}, {""token"": "" Four"", ""token_id"": 13038, ""probability"": 5.82878383283969e-05}, {""token"": ""Eight"", ""token_id"": 80357, ""probability"": 5.042886073169939e-07}, {""token"": "" Many"", ""token_id"": 8732, ""probability"": 3.2238094860304045e-08}, {""token"": "" Two"", ""token_id"": 8512, ""probability"": 1.522819736976544e-08}, {""token"": "" Legs"", ""token_id"": 156403, ""probability"": 7.1932912959482564e-09}, {""token"": "" Typically"", ""token_id"": 50338, ""probability"": 3.3978702074222156e-09}, {""token"": "" Some"", ""token_id"": 4943, ""probability"": 1.605040100827182e-09}, {""token"": "" Usually"", ""token_id"": 34645, ""probability"": 1.605040100827182e-09}, {""token"": "" Several"", ""token_id"": 22624, ""probability"": 7.581672512024795e-10}, {""token"": ""\n\n"", ""token_id"": 108, ""probability"": 7.581672512024795e-10}]"
"[""triple_coarse""]",L7+L22+L27,"[7, 22, 27]",1.0,1.0,3.0,3.0,7.0,4.358898943540674,3.0,False,6835.479229072537,"[14209, 137239, 23422, 23422, 60476, 129426, 129426, 144881, 144881]","[16, 16, 16, 21, 16, 16, 21, 16, 21]","[0.0, 0.0, 0.0, 0.0, 0.0, 0.0, 0.0, 0.0, 0.0]","[42685, 1703, 197021, 248182]","[16, 16, 16, 16]","[126.26797485351562, 5469.346572875977, 1081.318244934082, 2834.183349609375]","[84.8398208618164, 133.32498168945312, 126.26799011230469, 1784.64599609375, 1673.0087890625, 462.1224670410156, 5469.34765625, 1081.3182373046875, 283.81182861328125, 286.6432800292969, 809.8477783203125, 742.4324340820312, 2834.18359375]", Eight,0.9998663663864136,7.484183151973411e-05,0.9998663663864136,5.828687426401302e-05,-9.499999941843418,"[{""token"": "" Eight"", ""token_id"": 38923, ""probability"": 0.9998663663864136}, {""token"": "" Six"", ""token_id"": 19759, ""probability"": 7.484183151973411e-05}, {""token"": "" Four"", ""token_id"": 13038, ""probability"": 5.828687426401302e-05}, {""token"": ""Eight"", ""token_id"": 80357, ""probability"": 5.042802513344213e-07}, {""token"": "" Many"", ""token_id"": 8732, ""probability"": 4.1393846572646e-08}, {""token"": "" Two"", ""token_id"": 8512, ""probability"": 1.9553068497657478e-08}, {""token"": "" Legs"", ""token_id"": 156403, ""probability"": 9.236215348096266e-09}, {""token"": "" Typically"", ""token_id"": 50338, ""probability"": 3.3978138080925646e-09}, {""token"": "" Some"", ""token_id"": 4943, ""probability"": 1.605013455474591e-09}, {""token"": "" Usually"", ""token_id"": 34645, ""probability"": 1.605013455474591e-09}, {""token"": "" Several"", ""token_id"": 22624, ""probability"": 7.581547056823013e-10}, {""token"": ""\n\n"", ""token_id"": 108, ""probability"": 7.581547056823013e-10}]"
"[""triple_coarse""]",L7+L22+L27,"[7, 22, 27]",1.0,2.0,0.0,0.0,2.0,2.0,2.0,False,2498.493009602669,"[14209, 137239, 23422, 23422, 60476, 129426, 129426, 144881, 144881]","[16, 16, 16, 21, 16, 16, 21, 16, 21]","[0.0, 0.0, 0.0, 0.0, 0.0, 0.0, 0.0, 0.0, 0.0]","[42685, 1703, 197021, 248182]","[16, 16, 16, 16]","[252.53594970703125, 0.0, 0.0, 0.0]","[84.8398208618164, 133.32498168945312, 252.53598022460938, 1682.3150634765625, 1379.188232421875, 380.06414794921875, 0.0, 0.0, 440.9356384277344, 166.37515258789062, 880.0021362304688, 529.5450439453125, 0.0]", Eight,0.9993231296539307,0.0005527099710889161,0.9993231296539307,0.00012332627375144511,-7.500000059072372,"[{""token"": "" Eight"", ""token_id"": 38923, ""probability"": 0.9993231296539307}, {""token"": "" Six"", ""token_id"": 19759, ""probability"": 0.0005527099710889161}, {""token"": "" Four"", ""token_id"": 13038, ""probability"": 0.00012332627375144511}, {""token"": ""Eight"", ""token_id"": 80357, ""probability"": 6.471568667620886e-07}, {""token"": "" Many"", ""token_id"": 8732, ""probability"": 1.124589985579405e-07}, {""token"": "" Two"", ""token_id"": 8512, ""probability"": 3.222004352210206e-08}, {""token"": "" Legs"", ""token_id"": 156403, ""probability"": 1.9542444107401025e-08}, {""token"": "" Typically"", ""token_id"": 50338, ""probability"": 1.1853091841373953e-08}, {""token"": "" Usually"", ""token_id"": 34645, ""probability"": 5.599003927159174e-09}, {""token"": "" Some"", ""token_id"": 4943, ""probability"": 4.360508842893296e-09}, {""token"": ""\n\n"", ""token_id"": 108, ""probability"": 1.6041413752887479e-09}, {""token"": "" Several"", ""token_id"": 22624, ""probability"": 1.2493066581242829e-09}]"
"[""triple_coarse""]",L7+L22+L27,"[7, 22, 27]",1.0,2.0,0.0,1.0,3.0,2.23606797749979,2.0,False,2671.137984836377,"[14209, 137239, 23422, 23422, 60476, 129426, 129426, 144881, 144881]","[16, 16, 16, 21, 16, 16, 21, 16, 21]","[0.0, 0.0, 0.0, 0.0, 0.0, 0.0, 0.0, 0.0, 0.0]","[42685, 1703, 197021, 248182]","[16, 16, 16, 16]","[252.53594970703125, 0.0, 0.0, 944.727783203125]","[84.8398208618164, 133.32498168945312, 252.53598022460938, 1682.3150634765625, 1379.188232421875, 380.06414794921875, 0.0, 0.0, 440.9356384277344, 166.37515258789062, 880.0021362304688, 529.5450439453125, 944.7279052734375]", Eight,0.9992881417274475,0.0005526906461454928,0.9992881417274475,0.0001583485136507079,-7.500000011431406,"[{""token"": "" Eight"", ""token_id"": 38923, ""probability"": 0.9992881417274475}, {""token"": "" Six"", ""token_id"": 19759, ""probability"": 0.0005526906461454928}, {""token"": "" Four"", ""token_id"": 13038, ""probability"": 0.0001583485136507079}, {""token"": ""Eight"", ""token_id"": 80357, ""probability"": 6.47134243081382e-07}, {""token"": "" Many"", ""token_id"": 8732, ""probability"": 1.4439515894082433e-07}, {""token"": "" Two"", ""token_id"": 8512, ""probability"": 4.136990483516456e-08}, {""token"": "" Legs"", ""token_id"": 156403, ""probability"": 3.22189137591522e-08}, {""token"": "" Typically"", ""token_id"": 50338, ""probability"": 1.5219137949884498e-08}, {""token"": "" Usually"", ""token_id"": 34645, ""probability"": 7.189012052322141e-09}, {""token"": "" Some"", ""token_id"": 4943, ""probability"": 5.59880808381763e-09}, {""token"": ""\n\n"", ""token_id"": 108, ""probability"": 2.644689800490596e-09}, {""token"": "" Several"", ""token_id"": 22624, ""probability"": 1.6040851980037019e-09}]"
"[""triple_coarse""]",L7+L22+L27,"[7, 22, 27]",1.0,2.0,0.0,2.0,4.0,2.8284271247461903,2.0,False,3132.492710134016,"[14209, 137239, 23422, 23422, 60476, 129426, 129426, 144881, 144881]","[16, 16, 16, 21, 16, 16, 21, 16, 21]","[0.0, 0.0, 0.0, 0.0, 0.0, 0.0, 0.0, 0.0, 0.0]","[42685, 1703, 197021, 248182]","[16, 16, 16, 16]","[252.53594970703125, 0.0, 0.0, 1889.45556640625]","[84.8398208618164, 133.32498168945312, 252.53598022460938, 1682.3150634765625, 1379.188232421875, 380.06414794921875, 0.0, 0.0, 440.9356384277344, 166.37515258789062, 880.0021362304688, 529.5450439453125, 1889.455810546875]", Eight,0.9992881417274475,0.0005526906461454928,0.9992881417274475,0.0001583485136507079,-7.500000011431406,"[{""token"": "" Eight"", ""token_id"": 38923, ""probability"": 0.9992881417274475}, {""token"": "" Six"", ""token_id"": 19759, ""probability"": 0.0005526906461454928}, {""token"": "" Four"", ""token_id"": 13038, ""probability"": 0.0001583485136507079}, {""token"": ""Eight"", ""token_id"": 80357, ""probability"": 6.47134243081382e-07}, {""token"": "" Many"", ""token_id"": 8732, ""probability"": 1.1245506215118439e-07}, {""token"": "" Two"", ""token_id"": 8512, ""probability"": 4.136990483516456e-08}, {""token"": "" Legs"", ""token_id"": 156403, ""probability"": 2.5092115052416375e-08}, {""token"": "" Typically"", ""token_id"": 50338, ""probability"": 1.5219137949884498e-08}, {""token"": "" Usually"", ""token_id"": 34645, ""probability"": 7.189012052322141e-09}, {""token"": "" Some"", ""token_id"": 4943, ""probability"": 4.3603560762051075e-09}, {""token"": ""\n\n"", ""token_id"": 108, ""probability"": 2.644689800490596e-09}, {""token"": "" Several"", ""token_id"": 22624, ""probability"": 1.6040851980037019e-09}]"
"[""triple_coarse""]",L7+L22+L27,"[7, 22, 27]",1.0,2.0,0.0,3.0,5.0,3.605551275463989,3.0,False,3778.2355620203284,"[14209, 137239, 23422, 23422, 60476, 129426, 129426, 144881, 144881]","[16, 16, 16, 21, 16, 16, 21, 16, 21]","[0.0, 0.0, 0.0, 0.0, 0.0, 0.0, 0.0, 0.0, 0.0]","[42685, 1703, 197021, 248182]","[16, 16, 16, 16]","[252.53594970703125, 0.0, 0.0, 2834.183349609375]","[84.8398208618164, 133.32498168945312, 252.53598022460938, 1682.3150634765625, 1379.188232421875, 380.06414794921875, 0.0, 0.0, 440.9356384277344, 166.37515258789062, 880.0021362304688, 529.5450439453125, 2834.18359375]", Eight,0.9992881417274475,0.0005526906461454928,0.9992881417274475,0.0001583485136507079,-7.500000011431406,"[{""token"": "" Eight"", ""token_id"": 38923, ""probability"": 0.9992881417274475}, {""token"": "" Six"", ""token_id"": 19759, ""probability"": 0.0005526906461454928}, {""token"": "" Four"", ""token_id"": 13038, ""probability"": 0.0001583485136507079}, {""token"": ""Eight"", ""token_id"": 80357, ""probability"": 6.47134243081382e-07}, {""token"": "" Many"", ""token_id"": 8732, ""probability"": 1.4439515894082433e-07}, {""token"": "" Two"", ""token_id"": 8512, ""probability"": 4.136990483516456e-08}, {""token"": "" Legs"", ""token_id"": 156403, ""probability"": 2.5092115052416375e-08}, {""token"": "" Typically"", ""token_id"": 50338, ""probability"": 1.5219137949884498e-08}, {""token"": "" Usually"", ""token_id"": 34645, ""probability"": 7.189012052322141e-09}, {""token"": "" Some"", ""token_id"": 4943, ""probability"": 4.3603560762051075e-09}, {""token"": ""\n\n"", ""token_id"": 108, ""probability"": 2.0596861993738003e-09}, {""token"": "" Several"", ""token_id"": 22624, ""probability"": 1.6040851980037019e-09}]"
"[""triple_coarse""]",L7+L22+L27,"[7, 22, 27]",1.0,2.0,1.0,0.0,3.0,2.23606797749979,2.0,False,3133.5739837627084,"[14209, 137239, 23422, 23422, 60476, 129426, 129426, 144881, 144881]","[16, 16, 16, 21, 16, 16, 21, 16, 21]","[0.0, 0.0, 0.0, 0.0, 0.0, 0.0, 0.0, 0.0, 0.0]","[42685, 1703, 197021, 248182]","[16, 16, 16, 16]","[252.53594970703125, 1823.1155242919922, 360.43941497802734, 0.0]","[84.8398208618164, 133.32498168945312, 252.53598022460938, 1682.3150634765625, 1379.188232421875, 380.06414794921875, 1823.11572265625, 360.4394226074219, 455.4801330566406, 158.4329833984375, 949.7635498046875, 515.2317504882812, 0.0]", Eight,0.9988848567008972,0.000910865084733814,0.9988848567008972,0.00020324147772043943,-7.0000000019292,"[{""token"": "" Eight"", ""token_id"": 38923, ""probability"": 0.9988848567008972}, {""token"": "" Six"", ""token_id"": 19759, ""probability"": 0.000910865084733814}, {""token"": "" Four"", ""token_id"": 13038, ""probability"": 0.00020324147772043943}, {""token"": ""Eight"", ""token_id"": 80357, ""probability"": 8.306014365189185e-07}, {""token"": "" Many"", ""token_id"": 8732, ""probability"": 1.44336894436492e-07}, {""token"": "" Two"", ""token_id"": 8512, ""probability"": 5.309857442625798e-08}, {""token"": "" Legs"", ""token_id"": 156403, ""probability"": 4.135321063358788e-08}, {""token"": "" Typically"", ""token_id"": 50338, ""probability"": 1.521299708429069e-08}, {""token"": "" Usually"", ""token_id"": 34645, ""probability"": 7.186110817514191e-09}, {""token"": "" Some"", ""token_id"": 4943, ""probability"": 5.596548557917913e-09}, {""token"": ""\n\n"", ""token_id"": 108, ""probability"": 2.6436224320747215e-09}, {""token"": "" Several"", ""token_id"": 22624, ""probability"": 1.603437826958043e-09}]"
"[""triple_coarse""]",L7+L22+L27,"[7, 22, 27]",1.0,2.0,1.0,1.0,4.0,2.449489742783178,2.0,False,3272.8881323254586,"[14209, 137239, 23422, 23422, 60476, 129426, 129426, 144881, 144881]","[16, 16, 16, 21, 16, 16, 21, 16, 21]","[0.0, 0.0, 0.0, 0.0, 0.0, 0.0, 0.0, 0.0, 0.0]","[42685, 1703, 197021, 248182]","[16, 16, 16, 16]","[252.53594970703125, 1823.1155242919922, 360.43941497802734, 944.727783203125]","[84.8398208618164, 133.32498168945312, 252.53598022460938, 1682.3150634765625, 1379.188232421875, 380.06414794921875, 1823.11572265625, 360.4394226074219, 455.4801330566406, 158.4329833984375, 949.7635498046875, 515.2317504882812, 944.7279052734375]", Eight,0.9988271594047546,0.0009108124650083482,0.9988271594047546,0.0002609521325211972,-7.000000009177404,"[{""token"": "" Eight"", ""token_id"": 38923, ""probability"": 0.9988271594047546}, {""token"": "" Six"", ""token_id"": 19759, ""probability"": 0.0009108124650083482}, {""token"": "" Four"", ""token_id"": 13038, ""probability"": 0.0002609521325211972}, {""token"": ""Eight"", ""token_id"": 80357, ""probability"": 8.305534606734e-07}, {""token"": "" Many"", ""token_id"": 8732, ""probability"": 1.4432855266477418e-07}, {""token"": "" Two"", ""token_id"": 8512, ""probability"": 5.309550843435318e-08}, {""token"": "" Legs"", ""token_id"": 156403, ""probability"": 4.1350823209995724e-08}, {""token"": "" Typically"", ""token_id"": 50338, ""probability"": 1.5212117787655188e-08}, {""token"": "" Usually"", ""token_id"": 34645, ""probability"": 7.185695594102981e-09}, {""token"": "" Some"", ""token_id"": 4943, ""probability"": 5.596225260973142e-09}, {""token"": ""\n\n"", ""token_id"": 108, ""probability"": 2.643469887431138e-09}, {""token"": "" Several"", ""token_id"": 22624, ""probability"": 1.6033452343577892e-09}]"
"[""triple_coarse""]",L7+L22+L27,"[7, 22, 27]",1.0,2.0,1.0,2.0,5.0,3.0,2.0,False,3659.1432291895653,"[14209, 137239, 23422, 23422, 60476, 129426, 129426, 144881, 144881]","[16, 16, 16, 21, 16, 16, 21, 16, 21]","[0.0, 0.0, 0.0, 0.0, 0.0, 0.0, 0.0, 0.0, 0.0]","[42685, 1703, 197021, 248182]","[16, 16, 16, 16]","[252.53594970703125, 1823.1155242919922, 360.43941497802734, 1889.45556640625]","[84.8398208618164, 133.32498168945312, 252.53598022460938, 1682.3150634765625, 1379.188232421875, 380.06414794921875, 1823.11572265625, 360.4394226074219, 455.4801330566406, 158.4329833984375, 949.7635498046875, 515.2317504882812, 1889.455810546875]", Eight,0.9985687732696533,0.0011692037805914879,0.9985687732696533,0.0002608846116345376,-6.750000039333084,"[{""token"": "" Eight"", ""token_id"": 38923, ""probability"": 0.9985687732696533}, {""token"": "" Six"", ""token_id"": 19759, ""probability"": 0.0011692037805914879}, {""token"": "" Four"", ""token_id"": 13038, ""probability"": 0.0002608846116345376}, {""token"": ""Eight"", ""token_id"": 80357, ""probability"": 8.30338649393525e-07}, {""token"": "" Many"", ""token_id"": 8732, ""probability"": 1.4429122074943734e-07}, {""token"": "" Two"", ""token_id"": 8512, ""probability"": 5.3081773643270935e-08}, {""token"": "" Legs"", ""token_id"": 156403, ""probability"": 4.1340125989108856e-08}, {""token"": "" Typically"", ""token_id"": 50338, ""probability"": 1.9527693240206645e-08}, {""token"": "" Usually"", ""token_id"": 34645, ""probability"": 9.224229380322413e-09}, {""token"": "" Some"", ""token_id"": 4943, ""probability"": 5.594777530149031e-09}, {""token"": ""\n\n"", ""token_id"": 108, ""probability"": 2.642785990047969e-09}, {""token"": "" Several"", ""token_id"": 22624, ""probability"": 2.058203607546716e-09}]"
"[""triple_coarse""]",L7+L22+L27,"[7, 22, 27]",1.0,2.0,1.0,3.0,6.0,3.7416573867739413,3.0,False,4225.148820431791,"[14209, 137239, 23422, 23422, 60476, 129426, 129426, 144881, 144881]","[16, 16, 16, 21, 16, 16, 21, 16, 21]","[0.0, 0.0, 0.0, 0.0, 0.0, 0.0, 0.0, 0.0, 0.0]","[42685, 1703, 197021, 248182]","[16, 16, 16, 16]","[252.53594970703125, 1823.1155242919922, 360.43941497802734, 2834.183349609375]","[84.8398208618164, 133.32498168945312, 252.53598022460938, 1682.3150634765625, 1379.188232421875, 380.06414794921875, 1823.11572265625, 360.4394226074219, 455.4801330566406, 158.4329833984375, 949.7635498046875, 515.2317504882812, 2834.18359375]", Eight,0.9988849759101868,0.0009108652011491358,0.9988849759101868,0.00020324149227235466,-6.99999999346415,"[{""token"": "" Eight"", ""token_id"": 38923, ""probability"": 0.9988849759101868}, {""token"": "" Six"", ""token_id"": 19759, ""probability"": 0.0009108652011491358}, {""token"": "" Four"", ""token_id"": 13038, ""probability"": 0.00020324149227235466}, {""token"": ""Eight"", ""token_id"": 80357, ""probability"": 6.468731612585543e-07}, {""token"": "" Many"", ""token_id"": 8732, ""probability"": 1.1240969399750611e-07}, {""token"": "" Two"", ""token_id"": 8512, ""probability"": 4.1353217739015236e-08}, {""token"": "" Legs"", ""token_id"": 156403, ""probability"": 3.220591793251515e-08}, {""token"": "" Typically"", ""token_id"": 50338, ""probability"": 1.521299886064753e-08}, {""token"": "" Usually"", ""token_id"": 34645, ""probability"": 7.1861117056926105e-09}, {""token"": "" Some"", ""token_id"": 4943, ""probability"": 4.358597038844891e-09}, {""token"": ""\n\n"", ""token_id"": 108, ""probability"": 2.058855308462171e-09}, {""token"": "" Several"", ""token_id"": 22624, ""probability"": 1.6034380490026479e-09}]"
"[""triple_coarse""]",L7+L22+L27,"[7, 22, 27]",1.0,2.0,2.0,0.0,4.0,2.8284271247461903,2.0,False,4478.15099962101,"[14209, 137239, 23422, 23422, 60476, 129426, 129426, 144881, 144881]","[16, 16, 16, 21, 16, 16, 21, 16, 21]","[0.0, 0.0, 0.0, 0.0, 0.0, 0.0, 0.0, 0.0, 0.0]","[42685, 1703, 197021, 248182]","[16, 16, 16, 16]","[252.53594970703125, 3646.2310485839844, 720.8788299560547, 0.0]","[84.8398208618164, 133.32498168945312, 252.53598022460938, 1682.3150634765625, 1379.188232421875, 380.06414794921875, 3646.2314453125, 720.8788452148438, 407.5691223144531, 0.0, 923.3330688476562, 504.94464111328125, 0.0]", Eight,0.9962764382362366,0.0031709298491477966,0.9962764382362366,0.0005510249175131321,-5.749999894821239,"[{""token"": "" Eight"", ""token_id"": 38923, ""probability"": 0.9962764382362366}, {""token"": "" Six"", ""token_id"": 19759, ""probability"": 0.0031709298491477966}, {""token"": "" Four"", ""token_id"": 13038, ""probability"": 0.0005510249175131321}, {""token"": ""Eight"", ""token_id"": 80357, ""probability"": 8.284325190288655e-07}, {""token"": "" Many"", ""token_id"": 8732, ""probability"": 3.047632901598263e-07}, {""token"": "" Two"", ""token_id"": 8512, ""probability"": 1.4395999414773542e-07}, {""token"": "" Legs"", ""token_id"": 156403, ""probability"": 8.731614542512034e-08}, {""token"": "" Typically"", ""token_id"": 50338, ""probability"": 3.2121814541596905e-08}, {""token"": "" Usually"", ""token_id"": 34645, ""probability"": 1.5173270639934344e-08}, {""token"": "" Some"", ""token_id"": 4943, ""probability"": 1.1816954526011614e-08}, {""token"": ""\n\n"", ""token_id"": 108, ""probability"": 4.347215032396434e-09}, {""token"": "" Several"", ""token_id"": 22624, ""probability"": 3.3856142334087735e-09}]"
"[""triple_coarse""]",L7+L22+L27,"[7, 22, 27]",1.0,2.0,2.0,1.0,5.0,3.0,2.0,False,4576.717949623833,"[14209, 137239, 23422, 23422, 60476, 129426, 129426, 144881, 144881]","[16, 16, 16, 21, 16, 16, 21, 16, 21]","[0.0, 0.0, 0.0, 0.0, 0.0, 0.0, 0.0, 0.0, 0.0]","[42685, 1703, 197021, 248182]","[16, 16, 16, 16]","[252.53594970703125, 3646.2310485839844, 720.8788299560547, 944.727783203125]","[84.8398208618164, 133.32498168945312, 252.53598022460938, 1682.3150634765625, 1379.188232421875, 380.06414794921875, 3646.2314453125, 720.8788452148438, 407.5691223144531, 0.0, 923.3330688476562, 504.94464111328125, 944.7279052734375]", Eight,0.9970978498458862,0.002471558516845107,0.9970978498458862,0.00042949244379997253,-5.999999979288263,"[{""token"": "" Eight"", ""token_id"": 38923, ""probability"": 0.9970978498458862}, {""token"": "" Six"", ""token_id"": 19759, ""probability"": 0.002471558516845107}, {""token"": "" Four"", ""token_id"": 13038, ""probability"": 0.00042949244379997253}, {""token"": ""Eight"", ""token_id"": 80357, ""probability"": 6.457158292505483e-07}, {""token"": "" Many"", ""token_id"": 8732, ""probability"": 2.375455636638435e-07}, {""token"": "" Two"", ""token_id"": 8512, ""probability"": 1.1220858198157657e-07}, {""token"": "" Legs"", ""token_id"": 156403, ""probability"": 6.80579432810191e-08}, {""token"": "" Typically"", ""token_id"": 50338, ""probability"": 3.2148296469358684e-08}, {""token"": "" Usually"", ""token_id"": 34645, ""probability"": 1.518578152115424e-08}, {""token"": "" Some"", ""token_id"": 4943, ""probability"": 1.1826696955097304e-08}, {""token"": ""\n\n"", ""token_id"": 108, ""probability"": 4.350798832319924e-09}, {""token"": "" Several"", ""token_id"": 22624, ""probability"": 3.388405556137286e-09}]"
"[""triple_coarse""]",L7+L22+L27,"[7, 22, 27]",1.0,2.0,2.0,2.0,6.0,3.4641016151377544,2.0,False,4860.440271767157,"[14209, 137239, 23422, 23422, 60476, 129426, 129426, 144881, 144881]","[16, 16, 16, 21, 16, 16, 21, 16, 21]","[0.0, 0.0, 0.0, 0.0, 0.0, 0.0, 0.0, 0.0, 0.0]","[42685, 1703, 197021, 248182]","[16, 16, 16, 16]","[252.53594970703125, 3646.2310485839844, 720.8788299560547, 1889.45556640625]","[84.8398208618164, 133.32498168945312, 252.53598022460938, 1682.3150634765625, 1379.188232421875, 380.06414794921875, 3646.2314453125, 720.8788452148438, 407.5691223144531, 0.0, 923.3330688476562, 504.94464111328125, 1889.455810546875]", Eight,0.9963982105255127,0.0031713172793388367,0.9963982105255127,0.0004291911027394235,-5.74999994033973,"[{""token"": "" Eight"", ""token_id"": 38923, ""probability"": 0.9963982105255127}, {""token"": "" Six"", ""token_id"": 19759, ""probability"": 0.0031713172793388367}, {""token"": "" Four"", ""token_id"": 13038, ""probability"": 0.0004291911027394235}, {""token"": ""Eight"", ""token_id"": 80357, ""probability"": 8.285337571578566e-07}, {""token"": "" Many"", ""token_id"": 8732, ""probability"": 2.373788845488889e-07}, {""token"": "" Two"", ""token_id"": 8512, ""probability"": 1.1212985384645435e-07}, {""token"": "" Legs"", ""token_id"": 156403, ""probability"": 8.732681777701146e-08}, {""token"": "" Typically"", ""token_id"": 50338, ""probability"": 3.212574029021198e-08}, {""token"": "" Usually"", ""token_id"": 34645, ""probability"": 1.5175125156474678e-08}, {""token"": "" Some"", ""token_id"": 4943, ""probability"": 9.204178752497683e-09}, {""token"": ""\n\n"", ""token_id"": 108, ""probability"": 4.347746163091415e-09}, {""token"": "" Several"", ""token_id"": 22624, ""probability"": 3.386028124552354e-09}]"
"[""triple_coarse""]",L7+L22+L27,"[7, 22, 27]",1.0,2.0,2.0,3.0,7.0,4.123105625617661,3.0,False,5299.663481626764,"[14209, 137239, 23422, 23422, 60476, 129426, 129426, 144881, 144881]","[16, 16, 16, 21, 16, 16, 21, 16, 21]","[0.0, 0.0, 0.0, 0.0, 0.0, 0.0, 0.0, 0.0, 0.0]","[42685, 1703, 197021, 248182]","[16, 16, 16, 16]","[252.53594970703125, 3646.2310485839844, 720.8788299560547, 2834.183349609375]","[84.8398208618164, 133.32498168945312, 252.53598022460938, 1682.3150634765625, 1379.188232421875, 380.06414794921875, 3646.2314453125, 720.8788452148438, 407.5691223144531, 0.0, 923.3330688476562, 504.94464111328125, 2834.18359375]", Eight,0.9969762563705444,0.002471257233992219,0.9969762563705444,0.0005514119984582067,-5.999999931844788,"[{""token"": "" Eight"", ""token_id"": 38923, ""probability"": 0.9969762563705444}, {""token"": "" Six"", ""token_id"": 19759, ""probability"": 0.002471257233992219}, {""token"": "" Four"", ""token_id"": 13038, ""probability"": 0.0005514119984582067}, {""token"": ""Eight"", ""token_id"": 80357, ""probability"": 6.45637101115426e-07}, {""token"": "" Many"", ""token_id"": 8732, ""probability"": 2.3751660194193391e-07}, {""token"": "" Two"", ""token_id"": 8512, ""probability"": 1.1219489692848583e-07}, {""token"": "" Legs"", ""token_id"": 156403, ""probability"": 6.804964414186543e-08}, {""token"": "" Typically"", ""token_id"": 50338, ""probability"": 3.214437782617097e-08}, {""token"": "" Usually"", ""token_id"": 34645, ""probability"": 1.5183928780970746e-08}, {""token"": "" Some"", ""token_id"": 4943, ""probability"": 1.1825255441522131e-08}, {""token"": ""\n\n"", ""token_id"": 108, ""probability"": 4.350268589803363e-09}, {""token"": "" Several"", ""token_id"": 22624, ""probability"": 3.3879923311275206e-09}]"
"[""triple_coarse""]",L7+L22+L27,"[7, 22, 27]",1.0,2.0,3.0,0.0,5.0,3.605551275463989,3.0,False,6077.578108801645,"[14209, 137239, 23422, 23422, 60476, 129426, 129426, 144881, 144881]","[16, 16, 16, 21, 16, 16, 21, 16, 21]","[0.0, 0.0, 0.0, 0.0, 0.0, 0.0, 0.0, 0.0, 0.0]","[42685, 1703, 197021, 248182]","[16, 16, 16, 16]","[252.53594970703125, 5469.346572875977, 1081.318244934082, 0.0]","[84.8398208618164, 133.32498168945312, 252.53598022460938, 1682.3150634765625, 1379.188232421875, 380.06414794921875, 5469.34765625, 1081.3182373046875, 272.57958984375, 0.0, 757.3670654296875, 490.405517578125, 0.0]", Eight,0.9952245950698853,0.004067255649715662,0.9952245950698853,0.0007067830301821232,-5.499999950893892,"[{""token"": "" Eight"", ""token_id"": 38923, ""probability"": 0.9952245950698853}, {""token"": "" Six"", ""token_id"": 19759, ""probability"": 0.004067255649715662}, {""token"": "" Four"", ""token_id"": 13038, ""probability"": 0.0007067830301821232}, {""token"": ""Eight"", ""token_id"": 80357, ""probability"": 6.445027338486398e-07}, {""token"": "" Many"", ""token_id"": 8732, ""probability"": 3.044415279873647e-07}, {""token"": "" Two"", ""token_id"": 8512, ""probability"": 1.8465313189608423e-07}, {""token"": "" Legs"", ""token_id"": 156403, ""probability"": 8.722395961058282e-08}, {""token"": "" Typically"", ""token_id"": 50338, ""probability"": 4.120168028975968e-08}, {""token"": "" Usually"", ""token_id"": 34645, ""probability"": 1.9462294886807285e-08}, {""token"": "" Some"", ""token_id"": 4943, ""probability"": 1.1804479171928506e-08}, {""token"": ""\n\n"", ""token_id"": 108, ""probability"": 7.159778547816131e-09}, {""token"": "" Several"", ""token_id"": 22624, ""probability"": 3.3820399814032953e-09}]"
"[""triple_coarse""]",L7+L22+L27,"[7, 22, 27]",1.0,2.0,3.0,1.0,6.0,3.7416573867739413,3.0,False,6150.566354701598,"[14209, 137239, 23422, 23422, 60476, 129426, 129426, 144881, 144881]","[16, 16, 16, 21, 16, 16, 21, 16, 21]","[0.0, 0.0, 0.0, 0.0, 0.0, 0.0, 0.0, 0.0, 0.0]","[42685, 1703, 197021, 248182]","[16, 16, 16, 16]","[252.53594970703125, 5469.346572875977, 1081.318244934082, 944.727783203125]","[84.8398208618164, 133.32498168945312, 252.53598022460938, 1682.3150634765625, 1379.188232421875, 380.06414794921875, 5469.34765625, 1081.3182373046875, 272.57958984375, 0.0, 757.3670654296875, 490.405517578125, 944.7279052734375]", Eight,0.9938767552375793,0.0052153863944113255,0.9938767552375793,0.0009062982862815261,-5.250000031678681,"[{""token"": "" Eight"", ""token_id"": 38923, ""probability"": 0.9938767552375793}, {""token"": "" Six"", ""token_id"": 19759, ""probability"": 0.0052153863944113255}, {""token"": "" Four"", ""token_id"": 13038, ""probability"": 0.0009062982862815261}, {""token"": ""Eight"", ""token_id"": 80357, ""probability"": 8.264370876531757e-07}, {""token"": "" Many"", ""token_id"": 8732, ""probability"": 3.903812171301979e-07}, {""token"": "" Two"", ""token_id"": 8512, ""probability"": 1.844030492748061e-07}, {""token"": "" Legs"", ""token_id"": 156403, ""probability"": 1.118460914995012e-07}, {""token"": "" Typically"", ""token_id"": 50338, ""probability"": 4.114587781600676e-08}, {""token"": "" Usually"", ""token_id"": 34645, ""probability"": 1.9435937304024264e-08}, {""token"": "" Some"", ""token_id"": 4943, ""probability"": 1.5136723874320523e-08}, {""token"": ""\n\n"", ""token_id"": 108, ""probability"": 7.150081859919055e-09}, {""token"": "" Several"", ""token_id"": 22624, ""probability"": 4.33674385291738e-09}]"
"[""triple_coarse""]",L7+L22+L27,"[7, 22, 27]",1.0,2.0,3.0,2.0,7.0,4.123105625617661,3.0,False,6364.510894687377,"[14209, 137239, 23422, 23422, 60476, 129426, 129426, 144881, 144881]","[16, 16, 16, 21, 16, 16, 21, 16, 21]","[0.0, 0.0, 0.0, 0.0, 0.0, 0.0, 0.0, 0.0, 0.0]","[42685, 1703, 197021, 248182]","[16, 16, 16, 16]","[252.53594970703125, 5469.346572875977, 1081.318244934082, 1889.45556640625]","[84.8398208618164, 133.32498168945312, 252.53598022460938, 1682.3150634765625, 1379.188232421875, 380.06414794921875, 5469.34765625, 1081.3182373046875, 272.57958984375, 0.0, 757.3670654296875, 490.405517578125, 1889.455810546875]", Eight,0.9950248599052429,0.0040664393454790115,0.9950248599052429,0.0009073452674783766,-5.499999958819855,"[{""token"": "" Eight"", ""token_id"": 38923, ""probability"": 0.9950248599052429}, {""token"": "" Six"", ""token_id"": 19759, ""probability"": 0.0040664393454790115}, {""token"": "" Four"", ""token_id"": 13038, ""probability"": 0.0009073452674783766}, {""token"": ""Eight"", ""token_id"": 80357, ""probability"": 6.443733582273126e-07}, {""token"": "" Many"", ""token_id"": 8732, ""probability"": 3.043804213120893e-07}, {""token"": "" Two"", ""token_id"": 8512, ""probability"": 1.8461606998698699e-07}, {""token"": "" Legs"", ""token_id"": 156403, ""probability"": 8.72064518375737e-08}, {""token"": "" Typically"", ""token_id"": 50338, ""probability"": 4.119340957231543e-08}, {""token"": "" Usually"", ""token_id"": 34645, ""probability"": 1.9458390454474284e-08}, {""token"": "" Some"", ""token_id"": 4943, ""probability"": 1.1802109511904746e-08}, {""token"": ""\n\n"", ""token_id"": 108, ""probability"": 5.574921857487425e-09}, {""token"": "" Several"", ""token_id"": 22624, ""probability"": 3.3813611910460395e-09}]"
"[""triple_coarse""]",L7+L22+L27,"[7, 22, 27]",1.0,2.0,3.0,3.0,8.0,4.69041575982343,3.0,False,6705.934111789844,"[14209, 137239, 23422, 23422, 60476, 129426, 129426, 144881, 144881]","[16, 16, 16, 21, 16, 16, 21, 16, 21]","[0.0, 0.0, 0.0, 0.0, 0.0, 0.0, 0.0, 0.0, 0.0]","[42685, 1703, 197021, 248182]","[16, 16, 16, 16]","[252.53594970703125, 5469.346572875977, 1081.318244934082, 2834.183349609375]","[84.8398208618164, 133.32498168945312, 252.53598022460938, 1682.3150634765625, 1379.188232421875, 380.06414794921875, 5469.34765625, 1081.3182373046875, 272.57958984375, 0.0, 757.3670654296875, 490.405517578125, 2834.18359375]", Eight,0.9938767552375793,0.0052153863944113255,0.9938767552375793,0.0009062982862815261,-5.250000031678681,"[{""token"": "" Eight"", ""token_id"": 38923, ""probability"": 0.9938767552375793}, {""token"": "" Six"", ""token_id"": 19759, ""probability"": 0.0052153863944113255}, {""token"": "" Four"", ""token_id"": 13038, ""probability"": 0.0009062982862815261}, {""token"": ""Eight"", ""token_id"": 80357, ""probability"": 8.264370876531757e-07}, {""token"": "" Many"", ""token_id"": 8732, ""probability"": 3.903812171301979e-07}, {""token"": "" Two"", ""token_id"": 8512, ""probability"": 1.844030492748061e-07}, {""token"": "" Legs"", ""token_id"": 156403, ""probability"": 1.118460914995012e-07}, {""token"": "" Typically"", ""token_id"": 50338, ""probability"": 4.114587781600676e-08}, {""token"": "" Usually"", ""token_id"": 34645, ""probability"": 1.9435937304024264e-08}, {""token"": "" Some"", ""token_id"": 4943, ""probability"": 1.5136723874320523e-08}, {""token"": ""\n\n"", ""token_id"": 108, ""probability"": 7.150081859919055e-09}, {""token"": "" Several"", ""token_id"": 22624, ""probability"": 4.33674385291738e-09}]"
"[""triple_coarse""]",L7+L22+L27,"[7, 22, 27]",1.0,3.0,0.0,0.0,3.0,3.0,3.0,False,2237.8136197384097,"[14209, 137239, 23422, 23422, 60476, 129426, 129426, 144881, 144881]","[16, 16, 16, 21, 16, 16, 21, 16, 21]","[0.0, 0.0, 0.0, 0.0, 0.0, 0.0, 0.0, 0.0, 0.0]","[42685, 1703, 197021, 248182]","[16, 16, 16, 16]","[378.8039245605469, 0.0, 0.0, 0.0]","[84.8398208618164, 133.32498168945312, 378.8039855957031, 1591.051513671875, 1060.6297607421875, 313.93743896484375, 0.0, 0.0, 442.6078186035156, 0.0, 873.7015380859375, 353.7666015625, 0.0]", Eight,0.9041953086853027,0.09530148655176163,0.9041953086853027,0.0005000962992198765,-2.2499999772946335,"[{""token"": "" Eight"", ""token_id"": 38923, ""probability"": 0.9041953086853027}, {""token"": "" Six"", ""token_id"": 19759, ""probability"": 0.09530148655176163}, {""token"": "" Four"", ""token_id"": 13038, ""probability"": 0.0005000962992198765}, {""token"": "" Many"", ""token_id"": 8732, ""probability"": 1.239614789483312e-06}, {""token"": ""Eight"", ""token_id"": 80357, ""probability"": 7.518643769799382e-07}, {""token"": "" Two"", ""token_id"": 8512, ""probability"": 4.5602880049955274e-07}, {""token"": "" Legs"", ""token_id"": 156403, ""probability"": 3.5515557783583063e-07}, {""token"": "" Some"", ""token_id"": 4943, ""probability"": 1.017537840652949e-07}, {""token"": "" Typically"", ""token_id"": 50338, ""probability"": 7.92459218246222e-08}, {""token"": "" Usually"", ""token_id"": 34645, ""probability"": 4.8065086133419754e-08}, {""token"": ""Six"", ""token_id"": 44955, ""probability"": 1.0724769516912147e-08}, {""token"": "" Several"", ""token_id"": 22624, ""probability"": 1.0724769516912147e-08}]"
"[""triple_coarse""]",L7+L22+L27,"[7, 22, 27]",1.0,3.0,0.0,1.0,4.0,3.1622776601683795,3.0,False,2429.057556273433,"[14209, 137239, 23422, 23422, 60476, 129426, 129426, 144881, 144881]","[16, 16, 16, 21, 16, 16, 21, 16, 21]","[0.0, 0.0, 0.0, 0.0, 0.0, 0.0, 0.0, 0.0, 0.0]","[42685, 1703, 197021, 248182]","[16, 16, 16, 16]","[378.8039245605469, 0.0, 0.0, 944.727783203125]","[84.8398208618164, 133.32498168945312, 378.8039855957031, 1591.051513671875, 1060.6297607421875, 313.93743896484375, 0.0, 0.0, 442.6078186035156, 0.0, 873.7015380859375, 353.7666015625, 944.7279052734375]", Eight,0.9235319495201111,0.07580812275409698,0.9235319495201111,0.0006558687309734523,-2.4999999479130723,"[{""token"": "" Eight"", ""token_id"": 38923, ""probability"": 0.9235319495201111}, {""token"": "" Six"", ""token_id"": 19759, ""probability"": 0.07580812275409698}, {""token"": "" Four"", ""token_id"": 13038, ""probability"": 0.0006558687309734523}, {""token"": "" Many"", ""token_id"": 8732, ""probability"": 1.6257361039606621e-06}, {""token"": ""Eight"", ""token_id"": 80357, ""probability"": 9.860588079391164e-07}, {""token"": "" Two"", ""token_id"": 8512, ""probability"": 5.980749051559542e-07}, {""token"": "" Legs"", ""token_id"": 156403, ""probability"": 4.6578119849982613e-07}, {""token"": "" Some"", ""token_id"": 4943, ""probability"": 1.0392983540441492e-07}, {""token"": "" Typically"", ""token_id"": 50338, ""probability"": 8.094063730368362e-08}, {""token"": "" Usually"", ""token_id"": 34645, ""probability"": 6.303663013795813e-08}, {""token"": "" Several"", ""token_id"": 22624, ""probability"": 1.4065373754590382e-08}, {""token"": ""Six"", ""token_id"": 44955, ""probability"": 1.095412383023131e-08}]"
"[""triple_coarse""]",L7+L22+L27,"[7, 22, 27]",1.0,3.0,0.0,2.0,5.0,3.605551275463989,3.0,False,2928.7972030675105,"[14209, 137239, 23422, 23422, 60476, 129426, 129426, 144881, 144881]","[16, 16, 16, 21, 16, 16, 21, 16, 21]","[0.0, 0.0, 0.0, 0.0, 0.0, 0.0, 0.0, 0.0, 0.0]","[42685, 1703, 197021, 248182]","[16, 16, 16, 16]","[378.8039245605469, 0.0, 0.0, 1889.45556640625]","[84.8398208618164, 133.32498168945312, 378.8039855957031, 1591.051513671875, 1060.6297607421875, 313.93743896484375, 0.0, 0.0, 442.6078186035156, 0.0, 873.7015380859375, 353.7666015625, 1889.455810546875]", Eight,0.9041945338249207,0.09530140459537506,0.9041945338249207,0.0005000958917662501,-2.2499999803029973,"[{""token"": "" Eight"", ""token_id"": 38923, ""probability"": 0.9041945338249207}, {""token"": "" Six"", ""token_id"": 19759, ""probability"": 0.09530140459537506}, {""token"": "" Four"", ""token_id"": 13038, ""probability"": 0.0005000958917662501}, {""token"": "" Many"", ""token_id"": 8732, ""probability"": 1.591695536262705e-06}, {""token"": ""Eight"", ""token_id"": 80357, ""probability"": 9.654121413404937e-07}, {""token"": "" Two"", ""token_id"": 8512, ""probability"": 5.855520726072427e-07}, {""token"": "" Legs"", ""token_id"": 156403, ""probability"": 4.560284025956207e-07}, {""token"": "" Some"", ""token_id"": 4943, ""probability"": 1.0175369169473925e-07}, {""token"": "" Typically"", ""token_id"": 50338, ""probability"": 7.924585787577598e-08}, {""token"": "" Usually"", ""token_id"": 34645, ""probability"": 6.171673305743752e-08}, {""token"": ""Six"", ""token_id"": 44955, ""probability"": 1.3770865336937277e-08}, {""token"": "" Several"", ""token_id"": 22624, ""probability"": 1.3770865336937277e-08}]"
"[""triple_coarse""]",L7+L22+L27,"[7, 22, 27]",1.0,3.0,0.0,3.0,6.0,4.242640687119285,3.0,False,3611.1502931570694,"[14209, 137239, 23422, 23422, 60476, 129426, 129426, 144881, 144881]","[16, 16, 16, 21, 16, 16, 21, 16, 21]","[0.0, 0.0, 0.0, 0.0, 0.0, 0.0, 0.0, 0.0, 0.0]","[42685, 1703, 197021, 248182]","[16, 16, 16, 16]","[378.8039245605469, 0.0, 0.0, 2834.183349609375]","[84.8398208618164, 133.32498168945312, 378.8039855957031, 1591.051513671875, 1060.6297607421875, 313.93743896484375, 0.0, 0.0, 442.6078186035156, 0.0, 873.7015380859375, 353.7666015625, 2834.18359375]", Eight,0.9235319495201111,0.07580812275409698,0.9235319495201111,0.0006558687309734523,-2.4999999479130723,"[{""token"": "" Eight"", ""token_id"": 38923, ""probability"": 0.9235319495201111}, {""token"": "" Six"", ""token_id"": 19759, ""probability"": 0.07580812275409698}, {""token"": "" Four"", ""token_id"": 13038, ""probability"": 0.0006558687309734523}, {""token"": "" Many"", ""token_id"": 8732, ""probability"": 1.6257361039606621e-06}, {""token"": ""Eight"", ""token_id"": 80357, ""probability"": 9.860588079391164e-07}, {""token"": "" Two"", ""token_id"": 8512, ""probability"": 5.980749051559542e-07}, {""token"": "" Legs"", ""token_id"": 156403, ""probability"": 4.6578119849982613e-07}, {""token"": "" Some"", ""token_id"": 4943, ""probability"": 1.0392983540441492e-07}, {""token"": "" Typically"", ""token_id"": 50338, ""probability"": 8.094063730368362e-08}, {""token"": "" Usually"", ""token_id"": 34645, ""probability"": 6.303663013795813e-08}, {""token"": "" Several"", ""token_id"": 22624, ""probability"": 1.4065373754590382e-08}, {""token"": ""Six"", ""token_id"": 44955, ""probability"": 8.5310798425553e-09}]"
"[""triple_coarse""]",L7+L22+L27,"[7, 22, 27]",1.0,3.0,1.0,0.0,4.0,3.1622776601683795,3.0,False,2930.8648676414255,"[14209, 137239, 23422, 23422, 60476, 129426, 129426, 144881, 144881]","[16, 16, 16, 21, 16, 16, 21, 16, 21]","[0.0, 0.0, 0.0, 0.0, 0.0, 0.0, 0.0, 0.0, 0.0]","[42685, 1703, 197021, 248182]","[16, 16, 16, 16]","[378.8039245605469, 1823.1155242919922, 360.43941497802734, 0.0]","[84.8398208618164, 133.32498168945312, 378.8039855957031, 1591.051513671875, 1060.6297607421875, 313.93743896484375, 1823.11572265625, 360.4394226074219, 455.5621032714844, 0.0, 943.1577758789062, 340.3160400390625, 0.0]", Eight,0.8510997891426086,0.14789895713329315,0.8510997891426086,0.00099653541110456,-1.7500000642050504,"[{""token"": "" Eight"", ""token_id"": 38923, ""probability"": 0.8510997891426086}, {""token"": "" Six"", ""token_id"": 19759, ""probability"": 0.14789895713329315}, {""token"": "" Four"", ""token_id"": 13038, ""probability"": 0.00099653541110456}, {""token"": "" Many"", ""token_id"": 8732, ""probability"": 1.923765921674203e-06}, {""token"": "" Two"", ""token_id"": 8512, ""probability"": 9.087226544579607e-07}, {""token"": ""Eight"", ""token_id"": 80357, ""probability"": 9.087226544579607e-07}, {""token"": "" Legs"", ""token_id"": 156403, ""probability"": 7.077139230204921e-07}, {""token"": "" Some"", ""token_id"": 4943, ""probability"": 1.2298224305595795e-07}, {""token"": "" Typically"", ""token_id"": 50338, ""probability"": 9.577866677545899e-08}, {""token"": "" Usually"", ""token_id"": 34645, ""probability"": 7.459249928842837e-08}, {""token"": ""Six"", ""token_id"": 44955, ""probability"": 2.1371107550294255e-08}, {""token"": "" Several"", ""token_id"": 22624, ""probability"": 1.664383653121604e-08}]"
"[""triple_coarse""]",L7+L22+L27,"[7, 22, 27]",1.0,3.0,1.0,1.0,5.0,3.3166247903554,3.0,False,3079.3635198490497,"[14209, 137239, 23422, 23422, 60476, 129426, 129426, 144881, 144881]","[16, 16, 16, 21, 16, 16, 21, 16, 21]","[0.0, 0.0, 0.0, 0.0, 0.0, 0.0, 0.0, 0.0, 0.0]","[42685, 1703, 197021, 248182]","[16, 16, 16, 16]","[378.8039245605469, 1823.1155242919922, 360.43941497802734, 944.727783203125]","[84.8398208618164, 133.32498168945312, 378.8039855957031, 1591.051513671875, 1060.6297607421875, 313.93743896484375, 1823.11572265625, 360.4394226074219, 455.5621032714844, 0.0, 943.1577758789062, 340.3160400390625, 944.7279052734375]", Eight,0.8512879014015198,0.14793165028095245,0.8512879014015198,0.0007762740715406835,-1.7500000362143142,"[{""token"": "" Eight"", ""token_id"": 38923, ""probability"": 0.8512879014015198}, {""token"": "" Six"", ""token_id"": 19759, ""probability"": 0.14793165028095245}, {""token"": "" Four"", ""token_id"": 13038, ""probability"": 0.0007762740715406835}, {""token"": "" Many"", ""token_id"": 8732, ""probability"": 1.924191110447282e-06}, {""token"": "" Two"", ""token_id"": 8512, ""probability"": 7.07870356109197e-07}, {""token"": ""Eight"", ""token_id"": 80357, ""probability"": 7.07870356109197e-07}, {""token"": "" Legs"", ""token_id"": 156403, ""probability"": 5.51289986105985e-07}, {""token"": "" Some"", ""token_id"": 4943, ""probability"": 1.2300942842102813e-07}, {""token"": "" Typically"", ""token_id"": 50338, ""probability"": 9.579983384355728e-08}, {""token"": "" Usually"", ""token_id"": 34645, ""probability"": 5.810553815877029e-08}, {""token"": ""Six"", ""token_id"": 44955, ""probability"": 1.6647515366230436e-08}, {""token"": "" Several"", ""token_id"": 22624, ""probability"": 1.6647515366230436e-08}]"
"[""triple_coarse""]",L7+L22+L27,"[7, 22, 27]",1.0,3.0,1.0,2.0,6.0,3.7416573867739413,3.0,False,3487.120894431987,"[14209, 137239, 23422, 23422, 60476, 129426, 129426, 144881, 144881]","[16, 16, 16, 21, 16, 16, 21, 16, 21]","[0.0, 0.0, 0.0, 0.0, 0.0, 0.0, 0.0, 0.0, 0.0]","[42685, 1703, 197021, 248182]","[16, 16, 16, 16]","[378.8039245605469, 1823.1155242919922, 360.43941497802734, 1889.45556640625]","[84.8398208618164, 133.32498168945312, 378.8039855957031, 1591.051513671875, 1060.6297607421875, 313.93743896484375, 1823.11572265625, 360.4394226074219, 455.5621032714844, 0.0, 943.1577758789062, 340.3160400390625, 1889.455810546875]", Eight,0.8510996103286743,0.14789892733097076,0.8510996103286743,0.0009965351782739162,-1.7500000556121678,"[{""token"": "" Eight"", ""token_id"": 38923, ""probability"": 0.8510996103286743}, {""token"": "" Six"", ""token_id"": 19759, ""probability"": 0.14789892733097076}, {""token"": "" Four"", ""token_id"": 13038, ""probability"": 0.0009965351782739162}, {""token"": "" Many"", ""token_id"": 8732, ""probability"": 1.9237654669268522e-06}, {""token"": "" Two"", ""token_id"": 8512, ""probability"": 9.087224839277042e-07}, {""token"": ""Eight"", ""token_id"": 80357, ""probability"": 9.087224839277042e-07}, {""token"": "" Legs"", ""token_id"": 156403, ""probability"": 7.077137524902355e-07}, {""token"": "" Some"", ""token_id"": 4943, ""probability"": 1.5791229657224903e-07}, {""token"": "" Typically"", ""token_id"": 50338, ""probability"": 1.2298221463424852e-07}, {""token"": "" Usually"", ""token_id"": 34645, ""probability"": 7.459248507757366e-08}, {""token"": ""Six"", ""token_id"": 44955, ""probability"": 2.1371103997580576e-08}, {""token"": "" Several"", ""token_id"": 22624, ""probability"": 2.1371103997580576e-08}]"
"[""triple_coarse""]",L7+L22+L27,"[7, 22, 27]",1.0,3.0,1.0,3.0,7.0,4.358898943540674,3.0,False,4077.0780609961907,"[14209, 137239, 23422, 23422, 60476, 129426, 129426, 144881, 144881]","[16, 16, 16, 21, 16, 16, 21, 16, 21]","[0.0, 0.0, 0.0, 0.0, 0.0, 0.0, 0.0, 0.0, 0.0]","[42685, 1703, 197021, 248182]","[16, 16, 16, 16]","[378.8039245605469, 1823.1155242919922, 360.43941497802734, 2834.183349609375]","[84.8398208618164, 133.32498168945312, 378.8039855957031, 1591.051513671875, 1060.6297607421875, 313.93743896484375, 1823.11572265625, 360.4394226074219, 455.5621032714844, 0.0, 943.1577758789062, 340.3160400390625, 2834.18359375]", Eight,0.8510991930961609,0.1478988528251648,0.8510991930961609,0.0009965345961973071,-1.7500000691462199,"[{""token"": "" Eight"", ""token_id"": 38923, ""probability"": 0.8510991930961609}, {""token"": "" Six"", ""token_id"": 19759, ""probability"": 0.1478988528251648}, {""token"": "" Four"", ""token_id"": 13038, ""probability"": 0.0009965345961973071}, {""token"": "" Many"", ""token_id"": 8732, ""probability"": 2.4701625989109743e-06}, {""token"": "" Two"", ""token_id"": 8512, ""probability"": 9.087220291803533e-07}, {""token"": ""Eight"", ""token_id"": 80357, ""probability"": 9.087220291803533e-07}, {""token"": "" Legs"", ""token_id"": 156403, ""probability"": 7.077134114297223e-07}, {""token"": "" Some"", ""token_id"": 4943, ""probability"": 1.5791222551797546e-07}, {""token"": "" Typically"", ""token_id"": 50338, ""probability"": 1.2298215779082966e-07}, {""token"": "" Usually"", ""token_id"": 34645, ""probability"": 9.577859572118541e-08}, {""token"": ""Six"", ""token_id"": 44955, ""probability"": 2.13710915630827e-08}, {""token"": "" Several"", ""token_id"": 22624, ""probability"": 2.13710915630827e-08}]"
"[""triple_coarse""]",L7+L22+L27,"[7, 22, 27]",1.0,3.0,2.0,0.0,5.0,3.605551275463989,3.0,False,4340.985836044377,"[14209, 137239, 23422, 23422, 60476, 129426, 129426, 144881, 144881]","[16, 16, 16, 21, 16, 16, 21, 16, 21]","[0.0, 0.0, 0.0, 0.0, 0.0, 0.0, 0.0, 0.0, 0.0]","[42685, 1703, 197021, 248182]","[16, 16, 16, 16]","[378.8039245605469, 3646.2310485839844, 720.8788299560547, 0.0]","[84.8398208618164, 133.32498168945312, 378.8039855957031, 1591.051513671875, 1060.6297607421875, 313.93743896484375, 3646.2314453125, 720.8788452148438, 396.0848693847656, 0.0, 916.738525390625, 329.8367614746094, 0.0]", Eight,0.6214960813522339,0.37695643305778503,0.6214960813522339,0.0015405348967760801,-0.4999999871964032,"[{""token"": "" Eight"", ""token_id"": 38923, ""probability"": 0.6214960813522339}, {""token"": "" Six"", ""token_id"": 19759, ""probability"": 0.37695643305778503}, {""token"": "" Four"", ""token_id"": 13038, ""probability"": 0.0015405348967760801}, {""token"": "" Many"", ""token_id"": 8732, ""probability"": 2.9739319415966747e-06}, {""token"": "" Two"", ""token_id"": 8512, ""probability"": 1.8037809468296473e-06}, {""token"": "" Legs"", ""token_id"": 156403, ""probability"": 8.52045729970996e-07}, {""token"": ""Eight"", ""token_id"": 80357, ""probability"": 6.635738714066974e-07}, {""token"": "" Some"", ""token_id"": 4943, ""probability"": 2.441151707444078e-07}, {""token"": "" Typically"", ""token_id"": 50338, ""probability"": 1.9011709184724168e-07}, {""token"": "" Usually"", ""token_id"": 34645, ""probability"": 1.1531185606372674e-07}, {""token"": ""Six"", ""token_id"": 44955, ""probability"": 4.242085793748629e-08}, {""token"": "" Several"", ""token_id"": 22624, ""probability"": 2.5729551822450958e-08}]"
"[""triple_coarse""]",L7+L22+L27,"[7, 22, 27]",1.0,3.0,2.0,1.0,6.0,3.7416573867739413,3.0,False,4442.597083209352,"[14209, 137239, 23422, 23422, 60476, 129426, 129426, 144881, 144881]","[16, 16, 16, 21, 16, 16, 21, 16, 21]","[0.0, 0.0, 0.0, 0.0, 0.0, 0.0, 0.0, 0.0, 0.0]","[42685, 1703, 197021, 248182]","[16, 16, 16, 16]","[378.8039245605469, 3646.2310485839844, 720.8788299560547, 944.727783203125]","[84.8398208618164, 133.32498168945312, 378.8039855957031, 1591.051513671875, 1060.6297607421875, 313.93743896484375, 3646.2314453125, 720.8788452148438, 396.0848693847656, 0.0, 916.738525390625, 329.8367614746094, 944.7279052734375]", Eight,0.6214960813522339,0.37695643305778503,0.6214960813522339,0.0015405348967760801,-0.4999999871964032,"[{""token"": "" Eight"", ""token_id"": 38923, ""probability"": 0.6214960813522339}, {""token"": "" Six"", ""token_id"": 19759, ""probability"": 0.37695643305778503}, {""token"": "" Four"", ""token_id"": 13038, ""probability"": 0.0015405348967760801}, {""token"": "" Many"", ""token_id"": 8732, ""probability"": 2.9739319415966747e-06}, {""token"": "" Two"", ""token_id"": 8512, ""probability"": 1.8037809468296473e-06}, {""token"": "" Legs"", ""token_id"": 156403, ""probability"": 8.52045729970996e-07}, {""token"": ""Eight"", ""token_id"": 80357, ""probability"": 6.635738714066974e-07}, {""token"": "" Some"", ""token_id"": 4943, ""probability"": 2.441151707444078e-07}, {""token"": "" Typically"", ""token_id"": 50338, ""probability"": 1.9011709184724168e-07}, {""token"": "" Usually"", ""token_id"": 34645, ""probability"": 1.1531185606372674e-07}, {""token"": ""Six"", ""token_id"": 44955, ""probability"": 4.242085793748629e-08}, {""token"": "" Several"", ""token_id"": 22624, ""probability"": 3.30373985946153e-08}]"
"[""triple_coarse""]",L7+L22+L27,"[7, 22, 27]",1.0,3.0,2.0,2.0,7.0,4.123105625617661,3.0,False,4734.363873716008,"[14209, 137239, 23422, 23422, 60476, 129426, 129426, 144881, 144881]","[16, 16, 16, 21, 16, 16, 21, 16, 21]","[0.0, 0.0, 0.0, 0.0, 0.0, 0.0, 0.0, 0.0, 0.0]","[42685, 1703, 197021, 248182]","[16, 16, 16, 16]","[378.8039245605469, 3646.2310485839844, 720.8788299560547, 1889.45556640625]","[84.8398208618164, 133.32498168945312, 378.8039855957031, 1591.051513671875, 1060.6297607421875, 313.93743896484375, 3646.2314453125, 720.8788452148438, 396.0848693847656, 0.0, 916.738525390625, 329.8367614746094, 1889.455810546875]", Eight,0.6214963793754578,0.37695661187171936,0.6214963793754578,0.0015405354788526893,-0.49999999235957193,"[{""token"": "" Eight"", ""token_id"": 38923, ""probability"": 0.6214963793754578}, {""token"": "" Six"", ""token_id"": 19759, ""probability"": 0.37695661187171936}, {""token"": "" Four"", ""token_id"": 13038, ""probability"": 0.0015405354788526893}, {""token"": "" Many"", ""token_id"": 8732, ""probability"": 2.3161014723882545e-06}, {""token"": "" Two"", ""token_id"": 8512, ""probability"": 1.8037817426375113e-06}, {""token"": "" Legs"", ""token_id"": 156403, ""probability"": 1.0940487982225022e-06}, {""token"": ""Eight"", ""token_id"": 80357, ""probability"": 6.635741556237917e-07}, {""token"": "" Typically"", ""token_id"": 50338, ""probability"": 1.9011717711236997e-07}, {""token"": "" Some"", ""token_id"": 4943, ""probability"": 1.9011717711236997e-07}, {""token"": "" Usually"", ""token_id"": 34645, ""probability"": 1.1531190580171824e-07}, {""token"": ""Six"", ""token_id"": 44955, ""probability"": 4.242087925376836e-08}, {""token"": "" Several"", ""token_id"": 22624, ""probability"": 2.5729562480591994e-08}]"
"[""triple_coarse""]",L7+L22+L27,"[7, 22, 27]",1.0,3.0,2.0,3.0,8.0,4.69041575982343,3.0,False,5184.279571147717,"[14209, 137239, 23422, 23422, 60476, 129426, 129426, 144881, 144881]","[16, 16, 16, 21, 16, 16, 21, 16, 21]","[0.0, 0.0, 0.0, 0.0, 0.0, 0.0, 0.0, 0.0, 0.0]","[42685, 1703, 197021, 248182]","[16, 16, 16, 16]","[378.8039245605469, 3646.2310485839844, 720.8788299560547, 2834.183349609375]","[84.8398208618164, 133.32498168945312, 378.8039855957031, 1591.051513671875, 1060.6297607421875, 313.93743896484375, 3646.2314453125, 720.8788452148438, 396.0848693847656, 0.0, 916.738525390625, 329.8367614746094, 2834.18359375]", Eight,0.6214964985847473,0.3769567012786865,0.6214964985847473,0.0015405358280986547,-0.499999946988637,"[{""token"": "" Eight"", ""token_id"": 38923, ""probability"": 0.6214964985847473}, {""token"": "" Six"", ""token_id"": 19759, ""probability"": 0.3769567012786865}, {""token"": "" Four"", ""token_id"": 13038, ""probability"": 0.0015405358280986547}, {""token"": "" Many"", ""token_id"": 8732, ""probability"": 2.9739339879597537e-06}, {""token"": "" Two"", ""token_id"": 8512, ""probability"": 1.4047868717170786e-06}, {""token"": "" Legs"", ""token_id"": 156403, ""probability"": 8.520462984051846e-07}, {""token"": ""Eight"", ""token_id"": 80357, ""probability"": 5.167921699467115e-07}, {""token"": "" Typically"", ""token_id"": 50338, ""probability"": 1.9011721974493412e-07}, {""token"": "" Some"", ""token_id"": 4943, ""probability"": 1.9011721974493412e-07}, {""token"": "" Usually"", ""token_id"": 34645, ""probability"": 1.1531193422342767e-07}, {""token"": ""Six"", ""token_id"": 44955, ""probability"": 3.303741991089737e-08}, {""token"": "" Several"", ""token_id"": 22624, ""probability"": 2.5729567809662512e-08}]"
"[""triple_coarse""]",L7+L22+L27,"[7, 22, 27]",1.0,3.0,3.0,0.0,6.0,4.242640687119285,3.0,False,5974.719164678567,"[14209, 137239, 23422, 23422, 60476, 129426, 129426, 144881, 144881]","[16, 16, 16, 21, 16, 16, 21, 16, 21]","[0.0, 0.0, 0.0, 0.0, 0.0, 0.0, 0.0, 0.0, 0.0]","[42685, 1703, 197021, 248182]","[16, 16, 16, 16]","[378.8039245605469, 5469.346572875977, 1081.318244934082, 0.0]","[84.8398208618164, 133.32498168945312, 378.8039855957031, 1591.051513671875, 1060.6297607421875, 313.93743896484375, 5469.34765625, 1081.3182373046875, 249.66561889648438, 0.0, 728.334716796875, 313.1275634765625, 0.0]", Eight,0.49831584095954895,0.49831584095954895,0.49831584095954895,0.003357625799253583,0.0,"[{""token"": "" Eight"", ""token_id"": 38923, ""probability"": 0.49831584095954895}, {""token"": "" Six"", ""token_id"": 19759, ""probability"": 0.49831584095954895}, {""token"": "" Four"", ""token_id"": 13038, ""probability"": 0.003357625799253583}, {""token"": "" Many"", ""token_id"": 8732, ""probability"": 3.931375431420747e-06}, {""token"": "" Two"", ""token_id"": 8512, ""probability"": 3.0617584343417548e-06}, {""token"": "" Legs"", ""token_id"": 156403, ""probability"": 1.8570502788861631e-06}, {""token"": ""Eight"", ""token_id"": 80357, ""probability"": 6.83170640058961e-07}, {""token"": "" Some"", ""token_id"": 4943, ""probability"": 4.1436393871663313e-07}, {""token"": "" Typically"", ""token_id"": 50338, ""probability"": 3.2270696692648926e-07}, {""token"": "" Usually"", ""token_id"": 34645, ""probability"": 1.9573165843667084e-07}, {""token"": ""Six"", ""token_id"": 44955, ""probability"": 7.2005654772056e-08}, {""token"": "" Several"", ""token_id"": 22624, ""probability"": 4.3673637151186995e-08}]"
"[""triple_coarse""]",L7+L22+L27,"[7, 22, 27]",1.0,3.0,3.0,1.0,7.0,4.358898943540674,3.0,False,6048.948661691525,"[14209, 137239, 23422, 23422, 60476, 129426, 129426, 144881, 144881]","[16, 16, 16, 21, 16, 16, 21, 16, 21]","[0.0, 0.0, 0.0, 0.0, 0.0, 0.0, 0.0, 0.0, 0.0]","[42685, 1703, 197021, 248182]","[16, 16, 16, 16]","[378.8039245605469, 5469.346572875977, 1081.318244934082, 944.727783203125]","[84.8398208618164, 133.32498168945312, 378.8039855957031, 1591.051513671875, 1060.6297607421875, 313.93743896484375, 5469.34765625, 1081.3182373046875, 249.66561889648438, 0.0, 728.334716796875, 313.1275634765625, 944.7279052734375]", Eight,0.49831631779670715,0.49831631779670715,0.49831631779670715,0.0033576288260519505,0.0,"[{""token"": "" Eight"", ""token_id"": 38923, ""probability"": 0.49831631779670715}, {""token"": "" Six"", ""token_id"": 19759, ""probability"": 0.49831631779670715}, {""token"": "" Four"", ""token_id"": 13038, ""probability"": 0.0033576288260519505}, {""token"": "" Many"", ""token_id"": 8732, ""probability"": 3.0617613901995355e-06}, {""token"": "" Two"", ""token_id"": 8512, ""probability"": 3.0617613901995355e-06}, {""token"": "" Legs"", ""token_id"": 156403, ""probability"": 1.8570520978755667e-06}, {""token"": ""Eight"", ""token_id"": 80357, ""probability"": 6.831713221799873e-07}, {""token"": "" Typically"", ""token_id"": 50338, ""probability"": 3.22707279565293e-07}, {""token"": "" Some"", ""token_id"": 4943, ""probability"": 3.22707279565293e-07}, {""token"": "" Usually"", ""token_id"": 34645, ""probability"": 1.9573184317778214e-07}, {""token"": ""Six"", ""token_id"": 44955, ""probability"": 5.6078114596402884e-08}, {""token"": "" Several"", ""token_id"": 22624, ""probability"": 4.367367978375114e-08}]"
"[""triple_coarse""]",L7+L22+L27,"[7, 22, 27]",1.0,3.0,3.0,2.0,8.0,4.69041575982343,3.0,False,6266.36356723632,"[14209, 137239, 23422, 23422, 60476, 129426, 129426, 144881, 144881]","[16, 16, 16, 21, 16, 16, 21, 16, 21]","[0.0, 0.0, 0.0, 0.0, 0.0, 0.0, 0.0, 0.0, 0.0]","[42685, 1703, 197021, 248182]","[16, 16, 16, 16]","[378.8039245605469, 5469.346572875977, 1081.318244934082, 1889.45556640625]","[84.8398208618164, 133.32498168945312, 378.8039855957031, 1591.051513671875, 1060.6297607421875, 313.93743896484375, 5469.34765625, 1081.3182373046875, 249.66561889648438, 0.0, 728.334716796875, 313.1275634765625, 1889.455810546875]", Eight,0.4983159005641937,0.4983159005641937,0.4983159005641937,0.0033576260320842266,0.0,"[{""token"": "" Eight"", ""token_id"": 38923, ""probability"": 0.4983159005641937}, {""token"": "" Six"", ""token_id"": 19759, ""probability"": 0.4983159005641937}, {""token"": "" Four"", ""token_id"": 13038, ""probability"": 0.0033576260320842266}, {""token"": "" Many"", ""token_id"": 8732, ""probability"": 3.931375886168098e-06}, {""token"": "" Two"", ""token_id"": 8512, ""probability"": 3.06175866171543e-06}, {""token"": "" Legs"", ""token_id"": 156403, ""probability"": 1.8570505062598386e-06}, {""token"": ""Eight"", ""token_id"": 80357, ""probability"": 6.831707537457987e-07}, {""token"": "" Typically"", ""token_id"": 50338, ""probability"": 3.227069953481987e-07}, {""token"": "" Some"", ""token_id"": 4943, ""probability"": 3.227069953481987e-07}, {""token"": "" Usually"", ""token_id"": 34645, ""probability"": 1.9573168685838027e-07}, {""token"": ""Six"", ""token_id"": 44955, ""probability"": 7.200566898291072e-08}, {""token"": "" Several"", ""token_id"": 22624, ""probability"": 4.367364425661435e-08}]"
"[""triple_coarse"", ""triple_refined""]",L7+L22+L27,"[7, 22, 27]",1.0,3.0,3.0,3.0,9.0,5.196152422706632,3.0,True,6612.856095505104,"[14209, 137239, 23422, 23422, 60476, 129426, 129426, 144881, 144881]","[16, 16, 16, 21, 16, 16, 21, 16, 21]","[0.0, 0.0, 0.0, 0.0, 0.0, 0.0, 0.0, 0.0, 0.0]","[42685, 1703, 197021, 248182]","[16, 16, 16, 16]","[378.8039245605469, 5469.346572875977, 1081.318244934082, 2834.183349609375]","[84.8398208618164, 133.32498168945312, 378.8039855957031, 1591.051513671875, 1060.6297607421875, 313.93743896484375, 5469.34765625, 1081.3182373046875, 249.66561889648438, 0.0, 728.334716796875, 313.1275634765625, 2834.18359375]", Six,0.5605177283287048,0.5605177283287048,0.4365316331386566,0.0029413271695375443,0.2500000288848334,"[{""token"": "" Six"", ""token_id"": 19759, ""probability"": 0.5605177283287048}, {""token"": "" Eight"", ""token_id"": 38923, ""probability"": 0.4365316331386566}, {""token"": "" Four"", ""token_id"": 13038, ""probability"": 0.0029413271695375443}, {""token"": "" Many"", ""token_id"": 8732, ""probability"": 3.4439399314578623e-06}, {""token"": "" Two"", ""token_id"": 8512, ""probability"": 2.682143303900375e-06}, {""token"": "" Legs"", ""token_id"": 156403, ""probability"": 1.6268021454379777e-06}, {""token"": ""Eight"", ""token_id"": 80357, ""probability"": 5.984670679026749e-07}, {""token"": "" Typically"", ""token_id"": 50338, ""probability"": 2.826958223067777e-07}, {""token"": "" Some"", ""token_id"": 4943, ""probability"": 2.826958223067777e-07}, {""token"": "" Usually"", ""token_id"": 34645, ""probability"": 1.7146366815268266e-07}, {""token"": ""Six"", ""token_id"": 44955, ""probability"": 8.099370774061754e-08}, {""token"": "" Several"", ""token_id"": 22624, ""probability"": 3.825871885965171e-08}]"
"[""triple_refined""]",L7+L22+L27,"[7, 22, 27]",1.0,2.5,2.5,2.5,7.5,4.330127018922194,2.5,False,5717.229598645412,"[14209, 137239, 23422, 23422, 60476, 129426, 129426, 144881, 144881]","[16, 16, 16, 21, 16, 16, 21, 16, 21]","[0.0, 0.0, 0.0, 0.0, 0.0, 0.0, 0.0, 0.0, 0.0]","[42685, 1703, 197021, 248182]","[16, 16, 16, 16]","[315.66993713378906, 4557.7888107299805, 901.0985374450684, 2361.8194580078125]","[84.8398208618164, 133.32498168945312, 315.66998291015625, 1640.0933837890625, 1259.3336181640625, 346.31292724609375, 4557.78955078125, 901.0985107421875, 345.9495544433594, 0.0, 847.7107543945312, 405.4908447265625, 2361.819580078125]", Eight,0.9751810431480408,0.02293406054377556,0.9751810431480408,0.0018825423903763294,-3.749999973514411,"[{""token"": "" Eight"", ""token_id"": 38923, ""probability"": 0.9751810431480408}, {""token"": "" Six"", ""token_id"": 19759, ""probability"": 0.02293406054377556}, {""token"": "" Four"", ""token_id"": 13038, ""probability"": 0.0018825423903763294}, {""token"": ""Eight"", ""token_id"": 80357, ""probability"": 1.041204768625903e-06}, {""token"": "" Many"", ""token_id"": 8732, ""probability"": 6.315225959951931e-07}, {""token"": "" Legs"", ""token_id"": 156403, ""probability"": 2.9831014103365305e-07}, {""token"": "" Two"", ""token_id"": 8512, ""probability"": 2.9831014103365305e-07}, {""token"": "" Typically"", ""token_id"": 50338, ""probability"": 8.546729191039049e-08}, {""token"": "" Usually"", ""token_id"": 34645, ""probability"": 4.037189071937064e-08}, {""token"": "" Some"", ""token_id"": 4943, ""probability"": 4.037189071937064e-08}, {""token"": "" Several"", ""token_id"": 22624, ""probability"": 9.008186196979295e-09}, {""token"": ""\n\n"", ""token_id"": 108, ""probability"": 7.015582781377816e-09}]"
"[""triple_refined""]",L7+L22+L27,"[7, 22, 27]",1.0,2.5,2.5,2.75,7.75,4.479118216792229,2.75,False,5818.774392831578,"[14209, 137239, 23422, 23422, 60476, 129426, 129426, 144881, 144881]","[16, 16, 16, 21, 16, 16, 21, 16, 21]","[0.0, 0.0, 0.0, 0.0, 0.0, 0.0, 0.0, 0.0, 0.0]","[42685, 1703, 197021, 248182]","[16, 16, 16, 16]","[315.66993713378906, 4557.7888107299805, 901.0985374450684, 2598.0014038085938]","[84.8398208618164, 133.32498168945312, 315.66998291015625, 1640.0933837890625, 1259.3336181640625, 346.31292724609375, 4557.78955078125, 901.0985107421875, 345.9495544433594, 0.0, 847.7107543945312, 405.4908447265625, 2598.001708984375]", Eight,0.9751803874969482,0.022934045642614365,0.9751803874969482,0.0018825409933924675,-3.7499999509159134,"[{""token"": "" Eight"", ""token_id"": 38923, ""probability"": 0.9751803874969482}, {""token"": "" Six"", ""token_id"": 19759, ""probability"": 0.022934045642614365}, {""token"": "" Four"", ""token_id"": 13038, ""probability"": 0.0018825409933924675}, {""token"": ""Eight"", ""token_id"": 80357, ""probability"": 1.3369324278755812e-06}, {""token"": "" Many"", ""token_id"": 8732, ""probability"": 8.108905262815824e-07}, {""token"": "" Two"", ""token_id"": 8512, ""probability"": 3.8303753058244183e-07}, {""token"": "" Legs"", ""token_id"": 156403, ""probability"": 2.9830994208168704e-07}, {""token"": "" Typically"", ""token_id"": 50338, ""probability"": 8.546722796154427e-08}, {""token"": "" Usually"", ""token_id"": 34645, ""probability"": 5.183849793866102e-08}, {""token"": "" Some"", ""token_id"": 4943, ""probability"": 4.037186229766121e-08}, {""token"": "" Several"", ""token_id"": 22624, ""probability"": 9.008179979730357e-09}, {""token"": ""\n\n"", ""token_id"": 108, ""probability"": 9.008179979730357e-09}]"
"[""triple_refined""]",L7+L22+L27,"[7, 22, 27]",1.0,2.5,2.5,3.0,8.0,4.636809247747852,3.0,False,5927.994534230647,"[14209, 137239, 23422, 23422, 60476, 129426, 129426, 144881, 144881]","[16, 16, 16, 21, 16, 16, 21, 16, 21]","[0.0, 0.0, 0.0, 0.0, 0.0, 0.0, 0.0, 0.0, 0.0]","[42685, 1703, 197021, 248182]","[16, 16, 16, 16]","[315.66993713378906, 4557.7888107299805, 901.0985374450684, 2834.183349609375]","[84.8398208618164, 133.32498168945312, 315.66998291015625, 1640.0933837890625, 1259.3336181640625, 346.31292724609375, 4557.78955078125, 901.0985107421875, 345.9495544433594, 0.0, 847.7107543945312, 405.4908447265625, 2834.18359375]", Eight,0.9755874276161194,0.022943617776036263,0.9755874276161194,0.0014667363138869405,-3.7499999741521717,"[{""token"": "" Eight"", ""token_id"": 38923, ""probability"": 0.9755874276161194}, {""token"": "" Six"", ""token_id"": 19759, ""probability"": 0.022943617776036263}, {""token"": "" Four"", ""token_id"": 13038, ""probability"": 0.0014667363138869405}, {""token"": ""Eight"", ""token_id"": 80357, ""probability"": 1.0416385975986486e-06}, {""token"": "" Many"", ""token_id"": 8732, ""probability"": 6.317857810245187e-07}, {""token"": "" Two"", ""token_id"": 8512, ""probability"": 2.324209873449945e-07}, {""token"": "" Legs"", ""token_id"": 156403, ""probability"": 1.8100966769907245e-07}, {""token"": "" Typically"", ""token_id"": 50338, ""probability"": 6.658972750983594e-08}, {""token"": "" Usually"", ""token_id"": 34645, ""probability"": 3.1454760573979e-08}, {""token"": "" Some"", ""token_id"": 4943, ""probability"": 3.1454760573979e-08}, {""token"": "" Several"", ""token_id"": 22624, ""probability"": 7.018505776557049e-09}, {""token"": ""\n\n"", ""token_id"": 108, ""probability"": 4.256939245550484e-09}]"
"[""triple_refined""]",L7+L22+L27,"[7, 22, 27]",1.0,2.5,2.5,3.25,8.25,4.802343178074636,3.25,False,6044.474065330022,"[14209, 137239, 23422, 23422, 60476, 129426, 129426, 144881, 144881]","[16, 16, 16, 21, 16, 16, 21, 16, 21]","[0.0, 0.0, 0.0, 0.0, 0.0, 0.0, 0.0, 0.0, 0.0]","[42685, 1703, 197021, 248182]","[16, 16, 16, 16]","[315.66993713378906, 4557.7888107299805, 901.0985374450684, 3070.3652954101562]","[84.8398208618164, 133.32498168945312, 315.66998291015625, 1640.0933837890625, 1259.3336181640625, 346.31292724609375, 4557.78955078125, 901.0985107421875, 345.9495544433594, 0.0, 847.7107543945312, 405.4908447265625, 3070.365478515625]", Eight,0.9688693284988403,0.029257318004965782,0.9688693284988403,0.0018703577807173133,-3.5000000202970742,"[{""token"": "" Eight"", ""token_id"": 38923, ""probability"": 0.9688693284988403}, {""token"": "" Six"", ""token_id"": 19759, ""probability"": 0.029257318004965782}, {""token"": "" Four"", ""token_id"": 13038, ""probability"": 0.0018703577807173133}, {""token"": ""Eight"", ""token_id"": 80357, ""probability"": 1.3282801774039399e-06}, {""token"": "" Many"", ""token_id"": 8732, ""probability"": 8.056426281655149e-07}, {""token"": "" Two"", ""token_id"": 8512, ""probability"": 3.8055864592934086e-07}, {""token"": "" Legs"", ""token_id"": 156403, ""probability"": 2.963793690469174e-07}, {""token"": "" Typically"", ""token_id"": 50338, ""probability"": 8.491411307431918e-08}, {""token"": "" Usually"", ""token_id"": 34645, ""probability"": 5.150301518597189e-08}, {""token"": "" Some"", ""token_id"": 4943, ""probability"": 4.0110585075581184e-08}, {""token"": "" Several"", ""token_id"": 22624, ""probability"": 1.149187500715243e-08}, {""token"": ""\n\n"", ""token_id"": 108, ""probability"": 6.970175103759857e-09}]"
"[""triple_refined""]",L7+L22+L27,"[7, 22, 27]",1.0,2.5,2.5,3.5,8.5,4.9749371855331,3.5,False,6167.801978781367,"[14209, 137239, 23422, 23422, 60476, 129426, 129426, 144881, 144881]","[16, 16, 16, 21, 16, 16, 21, 16, 21]","[0.0, 0.0, 0.0, 0.0, 0.0, 0.0, 0.0, 0.0, 0.0]","[42685, 1703, 197021, 248182]","[16, 16, 16, 16]","[315.66993713378906, 4557.7888107299805, 901.0985374450684, 3306.5472412109375]","[84.8398208618164, 133.32498168945312, 315.66998291015625, 1640.0933837890625, 1259.3336181640625, 346.31292724609375, 4557.78955078125, 901.0985107421875, 345.9495544433594, 0.0, 847.7107543945312, 405.4908447265625, 3306.5478515625]", Eight,0.9751811623573303,0.022934064269065857,0.9751811623573303,0.001882542623206973,-3.7499999333228233,"[{""token"": "" Eight"", ""token_id"": 38923, ""probability"": 0.9751811623573303}, {""token"": "" Six"", ""token_id"": 19759, ""probability"": 0.022934064269065857}, {""token"": "" Four"", ""token_id"": 13038, ""probability"": 0.001882542623206973}, {""token"": ""Eight"", ""token_id"": 80357, ""probability"": 1.0412048823127407e-06}, {""token"": "" Many"", ""token_id"": 8732, ""probability"": 6.315227096820308e-07}, {""token"": "" Two"", ""token_id"": 8512, ""probability"": 2.983101978770719e-07}, {""token"": "" Legs"", ""token_id"": 156403, ""probability"": 2.3232421142438398e-07}, {""token"": "" Typically"", ""token_id"": 50338, ""probability"": 6.656200213228658e-08}, {""token"": "" Usually"", ""token_id"": 34645, ""probability"": 4.037189427208432e-08}, {""token"": "" Some"", ""token_id"": 4943, ""probability"": 3.1441661718645264e-08}, {""token"": "" Several"", ""token_id"": 22624, ""probability"": 7.015583225467026e-09}, {""token"": ""\n\n"", ""token_id"": 108, ""probability"": 5.4637414592662026e-09}]"
"[""triple_refined""]",L7+L22+L27,"[7, 22, 27]",1.0,2.5,2.75,2.5,7.75,4.479118216792229,2.75,False,6092.7163611902315,"[14209, 137239, 23422, 23422, 60476, 129426, 129426, 144881, 144881]","[16, 16, 16, 21, 16, 16, 21, 16, 21]","[0.0, 0.0, 0.0, 0.0, 0.0, 0.0, 0.0, 0.0, 0.0]","[42685, 1703, 197021, 248182]","[16, 16, 16, 16]","[315.66993713378906, 5013.5676918029785, 991.2083911895752, 2361.8194580078125]","[84.8398208618164, 133.32498168945312, 315.66998291015625, 1640.0933837890625, 1259.3336181640625, 346.31292724609375, 5013.568359375, 991.2084350585938, 308.2480163574219, 0.0, 801.3717651367188, 408.7108154296875, 2361.819580078125]", Eight,0.9746597409248352,0.02292180061340332,0.9746597409248352,0.0024159401655197144,-3.749999976867028,"[{""token"": "" Eight"", ""token_id"": 38923, ""probability"": 0.9746597409248352}, {""token"": "" Six"", ""token_id"": 19759, ""probability"": 0.02292180061340332}, {""token"": "" Four"", ""token_id"": 13038, ""probability"": 0.0024159401655197144}, {""token"": ""Eight"", ""token_id"": 80357, ""probability"": 8.104576068035385e-07}, {""token"": "" Many"", ""token_id"": 8732, ""probability"": 8.104576068035385e-07}, {""token"": "" Two"", ""token_id"": 8512, ""probability"": 3.828330363830901e-07}, {""token"": "" Legs"", ""token_id"": 156403, ""probability"": 2.9815066682203906e-07}, {""token"": "" Typically"", ""token_id"": 50338, ""probability"": 8.542160401248111e-08}, {""token"": "" Usually"", ""token_id"": 34645, ""probability"": 4.035030798377193e-08}, {""token"": "" Some"", ""token_id"": 4943, ""probability"": 4.035030798377193e-08}, {""token"": "" Several"", ""token_id"": 22624, ""probability"": 9.003370493587681e-09}, {""token"": ""\n\n"", ""token_id"": 108, ""probability"": 7.011832003911422e-09}]"
"[""triple_refined""]",L7+L22+L27,"[7, 22, 27]",1.0,2.5,2.75,2.75,8.0,4.623310502226732,2.75,False,6188.102601683367,"[14209, 137239, 23422, 23422, 60476, 129426, 129426, 144881, 144881]","[16, 16, 16, 21, 16, 16, 21, 16, 21]","[0.0, 0.0, 0.0, 0.0, 0.0, 0.0, 0.0, 0.0, 0.0]","[42685, 1703, 197021, 248182]","[16, 16, 16, 16]","[315.66993713378906, 5013.5676918029785, 991.2083911895752, 2598.0014038085938]","[84.8398208618164, 133.32498168945312, 315.66998291015625, 1640.0933837890625, 1259.3336181640625, 346.31292724609375, 5013.568359375, 991.2084350585938, 308.2480163574219, 0.0, 801.3717651367188, 408.7108154296875, 2598.001708984375]", Eight,0.9683553576469421,0.02924179844558239,0.9683553576469421,0.002400313038378954,-3.4999999855801853,"[{""token"": "" Eight"", ""token_id"": 38923, ""probability"": 0.9683553576469421}, {""token"": "" Six"", ""token_id"": 19759, ""probability"": 0.02924179844558239}, {""token"": "" Four"", ""token_id"": 13038, ""probability"": 0.002400313038378954}, {""token"": ""Eight"", ""token_id"": 80357, ""probability"": 1.0339169875805965e-06}, {""token"": "" Many"", ""token_id"": 8732, ""probability"": 6.27102338057739e-07}, {""token"": "" Two"", ""token_id"": 8512, ""probability"": 3.803567665272567e-07}, {""token"": "" Legs"", ""token_id"": 156403, ""probability"": 2.9622216857205785e-07}, {""token"": "" Typically"", ""token_id"": 50338, ""probability"": 8.486907177029934e-08}, {""token"": "" Usually"", ""token_id"": 34645, ""probability"": 4.008931142607253e-08}, {""token"": "" Some"", ""token_id"": 4943, ""probability"": 3.122158531709829e-08}, {""token"": "" Several"", ""token_id"": 22624, ""probability"": 6.966477616998645e-09}, {""token"": ""\n\n"", ""token_id"": 108, ""probability"": 6.966477616998645e-09}]"
"[""triple_refined""]",L7+L22+L27,"[7, 22, 27]",1.0,2.5,2.75,3.0,8.25,4.7762432936357,3.0,False,6290.91389006052,"[14209, 137239, 23422, 23422, 60476, 129426, 129426, 144881, 144881]","[16, 16, 16, 21, 16, 16, 21, 16, 21]","[0.0, 0.0, 0.0, 0.0, 0.0, 0.0, 0.0, 0.0, 0.0]","[42685, 1703, 197021, 248182]","[16, 16, 16, 16]","[315.66993713378906, 5013.5676918029785, 991.2083911895752, 2834.183349609375]","[84.8398208618164, 133.32498168945312, 315.66998291015625, 1640.0933837890625, 1259.3336181640625, 346.31292724609375, 5013.568359375, 991.2084350585938, 308.2480163574219, 0.0, 801.3717651367188, 408.7108154296875, 2834.18359375]", Eight,0.9683550596237183,0.029241789132356644,0.9683550596237183,0.002400312339887023,-3.499999996308121,"[{""token"": "" Eight"", ""token_id"": 38923, ""probability"": 0.9683550596237183}, {""token"": "" Six"", ""token_id"": 19759, ""probability"": 0.029241789132356644}, {""token"": "" Four"", ""token_id"": 13038, ""probability"": 0.002400312339887023}, {""token"": ""Eight"", ""token_id"": 80357, ""probability"": 1.0339166465200833e-06}, {""token"": "" Many"", ""token_id"": 8732, ""probability"": 8.052150519688439e-07}, {""token"": "" Legs"", ""token_id"": 156403, ""probability"": 3.80356652840419e-07}, {""token"": "" Two"", ""token_id"": 8512, ""probability"": 3.80356652840419e-07}, {""token"": "" Typically"", ""token_id"": 50338, ""probability"": 1.089740067072853e-07}, {""token"": "" Usually"", ""token_id"": 34645, ""probability"": 5.147567705421352e-08}, {""token"": "" Some"", ""token_id"": 4943, ""probability"": 4.008929721521781e-08}, {""token"": "" Several"", ""token_id"": 22624, ""probability"": 8.945130858251105e-09}, {""token"": ""\n\n"", ""token_id"": 108, ""probability"": 8.945130858251105e-09}]"
"[""triple_refined""]",L7+L22+L27,"[7, 22, 27]",1.0,2.5,2.75,3.25,8.5,4.937104414532874,3.25,False,6400.792536923471,"[14209, 137239, 23422, 23422, 60476, 129426, 129426, 144881, 144881]","[16, 16, 16, 21, 16, 16, 21, 16, 21]","[0.0, 0.0, 0.0, 0.0, 0.0, 0.0, 0.0, 0.0, 0.0]","[42685, 1703, 197021, 248182]","[16, 16, 16, 16]","[315.66993713378906, 5013.5676918029785, 991.2083911895752, 3070.3652954101562]","[84.8398208618164, 133.32498168945312, 315.66998291015625, 1640.0933837890625, 1259.3336181640625, 346.31292724609375, 5013.568359375, 991.2084350585938, 308.2480163574219, 0.0, 801.3717651367188, 408.7108154296875, 3070.365478515625]", Eight,0.9746595025062561,0.022921795025467873,0.9746595025062561,0.0024159394670277834,-3.7499999760323535,"[{""token"": "" Eight"", ""token_id"": 38923, ""probability"": 0.9746595025062561}, {""token"": "" Six"", ""token_id"": 19759, ""probability"": 0.022921795025467873}, {""token"": "" Four"", ""token_id"": 13038, ""probability"": 0.0024159394670277834}, {""token"": ""Eight"", ""token_id"": 80357, ""probability"": 1.0406479304947425e-06}, {""token"": "" Many"", ""token_id"": 8732, ""probability"": 8.104573794298631e-07}, {""token"": "" Two"", ""token_id"": 8512, ""probability"": 3.828329511179618e-07}, {""token"": "" Legs"", ""token_id"": 156403, ""probability"": 2.981506099786202e-07}, {""token"": "" Typically"", ""token_id"": 50338, ""probability"": 1.0968348362894176e-07}, {""token"": "" Usually"", ""token_id"": 34645, ""probability"": 5.181080808824845e-08}, {""token"": "" Some"", ""token_id"": 4943, ""probability"": 4.035029732563089e-08}, {""token"": "" Several"", ""token_id"": 22624, ""probability"": 9.003368717230842e-09}, {""token"": ""\n\n"", ""token_id"": 108, ""probability"": 9.003368717230842e-09}]"
"[""triple_refined""]",L7+L22+L27,"[7, 22, 27]",1.0,2.5,2.75,3.5,8.75,5.105144464165535,3.5,False,6517.3813471169005,"[14209, 137239, 23422, 23422, 60476, 129426, 129426, 144881, 144881]","[16, 16, 16, 21, 16, 16, 21, 16, 21]","[0.0, 0.0, 0.0, 0.0, 0.0, 0.0, 0.0, 0.0, 0.0]","[42685, 1703, 197021, 248182]","[16, 16, 16, 16]","[315.66993713378906, 5013.5676918029785, 991.2083911895752, 3306.5472412109375]","[84.8398208618164, 133.32498168945312, 315.66998291015625, 1640.0933837890625, 1259.3336181640625, 346.31292724609375, 5013.568359375, 991.2084350585938, 308.2480163574219, 0.0, 801.3717651367188, 408.7108154296875, 3306.5478515625]", Eight,0.9751810431480408,0.02293406054377556,0.9751810431480408,0.0018825423903763294,-3.749999973514411,"[{""token"": "" Eight"", ""token_id"": 38923, ""probability"": 0.9751810431480408}, {""token"": "" Six"", ""token_id"": 19759, ""probability"": 0.02293406054377556}, {""token"": "" Four"", ""token_id"": 13038, ""probability"": 0.0018825423903763294}, {""token"": ""Eight"", ""token_id"": 80357, ""probability"": 1.041204768625903e-06}, {""token"": "" Many"", ""token_id"": 8732, ""probability"": 6.315225959951931e-07}, {""token"": "" Two"", ""token_id"": 8512, ""probability"": 2.9831014103365305e-07}, {""token"": "" Legs"", ""token_id"": 156403, ""probability"": 2.3232418300267454e-07}, {""token"": "" Typically"", ""token_id"": 50338, ""probability"": 8.546729191039049e-08}, {""token"": "" Usually"", ""token_id"": 34645, ""probability"": 4.037189071937064e-08}, {""token"": "" Some"", ""token_id"": 4943, ""probability"": 3.1441658165931585e-08}, {""token"": ""\n\n"", ""token_id"": 108, ""probability"": 9.008186196979295e-09}, {""token"": "" Several"", ""token_id"": 22624, ""probability"": 7.015582781377816e-09}]"
"[""triple_refined""]",L7+L22+L27,"[7, 22, 27]",1.0,2.5,3.0,2.5,8.0,4.636809247747852,3.0,False,6478.491866695547,"[14209, 137239, 23422, 23422, 60476, 129426, 129426, 144881, 144881]","[16, 16, 16, 21, 16, 16, 21, 16, 21]","[0.0, 0.0, 0.0, 0.0, 0.0, 0.0, 0.0, 0.0, 0.0]","[42685, 1703, 197021, 248182]","[16, 16, 16, 16]","[315.66993713378906, 5469.346572875977, 1081.318244934082, 2361.8194580078125]","[84.8398208618164, 133.32498168945312, 315.66998291015625, 1640.0933837890625, 1259.3336181640625, 346.31292724609375, 5469.34765625, 1081.3182373046875, 264.0375671386719, 0.0, 745.1312866210938, 405.3822326660156, 2361.819580078125]", Eight,0.9683552980422974,0.02924179658293724,0.9683552980422974,0.0024003128055483103,-3.4999999877257717,"[{""token"": "" Eight"", ""token_id"": 38923, ""probability"": 0.9683552980422974}, {""token"": "" Six"", ""token_id"": 19759, ""probability"": 0.02924179658293724}, {""token"": "" Four"", ""token_id"": 13038, ""probability"": 0.0024003128055483103}, {""token"": ""Eight"", ""token_id"": 80357, ""probability"": 8.052152224991005e-07}, {""token"": "" Many"", ""token_id"": 8732, ""probability"": 8.052152224991005e-07}, {""token"": "" Legs"", ""token_id"": 156403, ""probability"": 3.8035673810554727e-07}, {""token"": "" Two"", ""token_id"": 8512, ""probability"": 3.8035673810554727e-07}, {""token"": "" Typically"", ""token_id"": 50338, ""probability"": 1.0897402802356737e-07}, {""token"": "" Usually"", ""token_id"": 34645, ""probability"": 5.1475687712354556e-08}, {""token"": "" Some"", ""token_id"": 4943, ""probability"": 4.008930432064517e-08}, {""token"": "" Several"", ""token_id"": 22624, ""probability"": 8.945133522786364e-09}, {""token"": ""\n\n"", ""token_id"": 108, ""probability"": 8.945133522786364e-09}]"
"[""triple_refined""]",L7+L22+L27,"[7, 22, 27]",1.0,2.5,3.0,2.75,8.25,4.7762432936357,3.0,False,6568.278162341001,"[14209, 137239, 23422, 23422, 60476, 129426, 129426, 144881, 144881]","[16, 16, 16, 21, 16, 16, 21, 16, 21]","[0.0, 0.0, 0.0, 0.0, 0.0, 0.0, 0.0, 0.0, 0.0]","[42685, 1703, 197021, 248182]","[16, 16, 16, 16]","[315.66993713378906, 5469.346572875977, 1081.318244934082, 2598.0014038085938]","[84.8398208618164, 133.32498168945312, 315.66998291015625, 1640.0933837890625, 1259.3336181640625, 346.31292724609375, 5469.34765625, 1081.3182373046875, 264.0375671386719, 0.0, 745.1312866210938, 405.3822326660156, 2598.001708984375]", Eight,0.9503269195556641,0.04731399193406105,0.9503269195556641,0.0023556251544505358,-2.999999986931526,"[{""token"": "" Eight"", ""token_id"": 38923, ""probability"": 0.9503269195556641}, {""token"": "" Six"", ""token_id"": 19759, ""probability"": 0.04731399193406105}, {""token"": "" Four"", ""token_id"": 13038, ""probability"": 0.0023556251544505358}, {""token"": ""Eight"", ""token_id"": 80357, ""probability"": 1.3028593457420357e-06}, {""token"": "" Many"", ""token_id"": 8732, ""probability"": 1.0146678732780856e-06}, {""token"": "" Two"", ""token_id"": 8512, ""probability"": 4.792951813215041e-07}, {""token"": "" Legs"", ""token_id"": 156403, ""probability"": 3.732754407792527e-07}, {""token"": "" Typically"", ""token_id"": 50338, ""probability"": 1.373203701859893e-07}, {""token"": "" Usually"", ""token_id"": 34645, ""probability"": 6.486554582352255e-08}, {""token"": "" Some"", ""token_id"": 4943, ""probability"": 5.051733964478444e-08}, {""token"": "" Several"", ""token_id"": 22624, ""probability"": 1.1271941602331026e-08}, {""token"": ""\n\n"", ""token_id"": 108, ""probability"": 1.1271941602331026e-08}]"
"[""triple_refined""]",L7+L22+L27,"[7, 22, 27]",1.0,2.5,3.0,3.0,8.5,4.924428900898052,3.0,False,6665.22781164167,"[14209, 137239, 23422, 23422, 60476, 129426, 129426, 144881, 144881]","[16, 16, 16, 21, 16, 16, 21, 16, 21]","[0.0, 0.0, 0.0, 0.0, 0.0, 0.0, 0.0, 0.0, 0.0]","[42685, 1703, 197021, 248182]","[16, 16, 16, 16]","[315.66993713378906, 5469.346572875977, 1081.318244934082, 2834.183349609375]","[84.8398208618164, 133.32498168945312, 315.66998291015625, 1640.0933837890625, 1259.3336181640625, 346.31292724609375, 5469.34765625, 1081.3182373046875, 264.0375671386719, 0.0, 745.1312866210938, 405.3822326660156, 2834.18359375]", Eight,0.9603783488273621,0.03723790869116783,0.9603783488273621,0.002380539895966649,-3.250000026944325,"[{""token"": "" Eight"", ""token_id"": 38923, ""probability"": 0.9603783488273621}, {""token"": "" Six"", ""token_id"": 19759, ""probability"": 0.03723790869116783}, {""token"": "" Four"", ""token_id"": 13038, ""probability"": 0.002380539895966649}, {""token"": ""Eight"", ""token_id"": 80357, ""probability"": 1.0253997970721684e-06}, {""token"": "" Many"", ""token_id"": 8732, ""probability"": 1.0253997970721684e-06}, {""token"": "" Two"", ""token_id"": 8512, ""probability"": 4.843645911023486e-07}, {""token"": "" Legs"", ""token_id"": 156403, ""probability"": 3.772235004362301e-07}, {""token"": "" Typically"", ""token_id"": 50338, ""probability"": 1.387727763813018e-07}, {""token"": "" Usually"", ""token_id"": 34645, ""probability"": 6.555161746746307e-08}, {""token"": "" Some"", ""token_id"": 4943, ""probability"": 5.105165357122132e-08}, {""token"": "" Several"", ""token_id"": 22624, ""probability"": 1.1391162679785793e-08}, {""token"": ""\n\n"", ""token_id"": 108, ""probability"": 8.871446688374363e-09}]"
"[""triple_refined""]",L7+L22+L27,"[7, 22, 27]",1.0,2.5,3.0,3.25,8.75,5.080600358225394,3.25,False,6769.033114829653,"[14209, 137239, 23422, 23422, 60476, 129426, 129426, 144881, 144881]","[16, 16, 16, 21, 16, 16, 21, 16, 21]","[0.0, 0.0, 0.0, 0.0, 0.0, 0.0, 0.0, 0.0, 0.0]","[42685, 1703, 197021, 248182]","[16, 16, 16, 16]","[315.66993713378906, 5469.346572875977, 1081.318244934082, 3070.3652954101562]","[84.8398208618164, 133.32498168945312, 315.66998291015625, 1640.0933837890625, 1259.3336181640625, 346.31292724609375, 5469.34765625, 1081.3182373046875, 264.0375671386719, 0.0, 745.1312866210938, 405.3822326660156, 3070.365478515625]", Eight,0.9496912956237793,0.047282345592975616,0.9496912956237793,0.0030226593371480703,-2.999999997263477,"[{""token"": "" Eight"", ""token_id"": 38923, ""probability"": 0.9496912956237793}, {""token"": "" Six"", ""token_id"": 19759, ""probability"": 0.047282345592975616}, {""token"": "" Four"", ""token_id"": 13038, ""probability"": 0.0030226593371480703}, {""token"": ""Eight"", ""token_id"": 80357, ""probability"": 1.3019879361308995e-06}, {""token"": "" Many"", ""token_id"": 8732, ""probability"": 1.0139892765437253e-06}, {""token"": "" Two"", ""token_id"": 8512, ""probability"": 6.150155513751088e-07}, {""token"": "" Legs"", ""token_id"": 156403, ""probability"": 4.789745844391291e-07}, {""token"": "" Typically"", ""token_id"": 50338, ""probability"": 1.3722852543196495e-07}, {""token"": "" Some"", ""token_id"": 4943, ""probability"": 6.482216008407704e-08}, {""token"": "" Usually"", ""token_id"": 34645, ""probability"": 6.482216008407704e-08}, {""token"": "" Several"", ""token_id"": 22624, ""probability"": 1.1264402743904611e-08}, {""token"": ""\n\n"", ""token_id"": 108, ""probability"": 1.1264402743904611e-08}]"
"[""triple_refined""]",L7+L22+L27,"[7, 22, 27]",1.0,2.5,3.0,3.5,9.0,5.244044240850758,3.5,False,6879.383971888219,"[14209, 137239, 23422, 23422, 60476, 129426, 129426, 144881, 144881]","[16, 16, 16, 21, 16, 16, 21, 16, 21]","[0.0, 0.0, 0.0, 0.0, 0.0, 0.0, 0.0, 0.0, 0.0]","[42685, 1703, 197021, 248182]","[16, 16, 16, 16]","[315.66993713378906, 5469.346572875977, 1081.318244934082, 3306.5472412109375]","[84.8398208618164, 133.32498168945312, 315.66998291015625, 1640.0933837890625, 1259.3336181640625, 346.31292724609375, 5469.34765625, 1081.3182373046875, 264.0375671386719, 0.0, 745.1312866210938, 405.3822326660156, 3306.5478515625]", Eight,0.9603786468505859,0.03723791986703873,0.9603786468505859,0.0023805408272892237,-3.250000037142081,"[{""token"": "" Eight"", ""token_id"": 38923, ""probability"": 0.9603786468505859}, {""token"": "" Six"", ""token_id"": 19759, ""probability"": 0.03723791986703873}, {""token"": "" Four"", ""token_id"": 13038, ""probability"": 0.0023805408272892237}, {""token"": ""Eight"", ""token_id"": 80357, ""probability"": 1.0254001381326816e-06}, {""token"": "" Many"", ""token_id"": 8732, ""probability"": 7.985824481693271e-07}, {""token"": "" Two"", ""token_id"": 8512, ""probability"": 4.843647616326052e-07}, {""token"": "" Legs"", ""token_id"": 156403, ""probability"": 2.9378205113061995e-07}, {""token"": "" Typically"", ""token_id"": 50338, ""probability"": 1.0807638517462692e-07}, {""token"": "" Usually"", ""token_id"": 34645, ""probability"": 5.1051671334789717e-08}, {""token"": "" Some"", ""token_id"": 4943, ""probability"": 3.975907958420066e-08}, {""token"": "" Several"", ""token_id"": 22624, ""probability"": 8.871450241088041e-09}, {""token"": ""\n\n"", ""token_id"": 108, ""probability"": 8.871450241088041e-09}]"
"[""triple_refined""]",L7+L22+L27,"[7, 22, 27]",1.0,2.5,3.25,2.5,8.25,4.802343178074636,3.25,False,6874.301026978369,"[14209, 137239, 23422, 23422, 60476, 129426, 129426, 144881, 144881]","[16, 16, 16, 21, 16, 16, 21, 16, 21]","[0.0, 0.0, 0.0, 0.0, 0.0, 0.0, 0.0, 0.0, 0.0]","[42685, 1703, 197021, 248182]","[16, 16, 16, 16]","[315.66993713378906, 5925.125453948975, 1171.4280986785889, 2361.8194580078125]","[84.8398208618164, 133.32498168945312, 315.66998291015625, 1640.0933837890625, 1259.3336181640625, 346.31292724609375, 5925.12646484375, 1171.4281005859375, 220.39263916015625, 0.0, 682.9691772460938, 403.8002624511719, 2361.819580078125]", Eight,0.967694878578186,0.029221853241324425,0.967694878578186,0.003079960821196437,-3.500000001468593,"[{""token"": "" Eight"", ""token_id"": 38923, ""probability"": 0.967694878578186}, {""token"": "" Six"", ""token_id"": 19759, ""probability"": 0.029221853241324425}, {""token"": "" Four"", ""token_id"": 13038, ""probability"": 0.003079960821196437}, {""token"": ""Eight"", ""token_id"": 80357, ""probability"": 1.0332116744393716e-06}, {""token"": "" Many"", ""token_id"": 8732, ""probability"": 1.0332116744393716e-06}, {""token"": "" Legs"", ""token_id"": 156403, ""probability"": 4.880546384811169e-07}, {""token"": "" Two"", ""token_id"": 8512, ""probability"": 4.880546384811169e-07}, {""token"": "" Typically"", ""token_id"": 50338, ""probability"": 1.3983000712869398e-07}, {""token"": "" Usually"", ""token_id"": 34645, ""probability"": 6.60510153238647e-08}, {""token"": "" Some"", ""token_id"": 4943, ""probability"": 5.144058334849433e-08}, {""token"": "" Several"", ""token_id"": 22624, ""probability"": 1.1477944816817853e-08}, {""token"": ""\n\n"", ""token_id"": 108, ""probability"": 8.939032625221444e-09}]"
"[""triple_refined""]",L7+L22+L27,"[7, 22, 27]",1.0,2.5,3.25,2.75,8.5,4.937104414532874,3.25,False,6958.982379670262,"[14209, 137239, 23422, 23422, 60476, 129426, 129426, 144881, 144881]","[16, 16, 16, 21, 16, 16, 21, 16, 21]","[0.0, 0.0, 0.0, 0.0, 0.0, 0.0, 0.0, 0.0, 0.0]","[42685, 1703, 197021, 248182]","[16, 16, 16, 16]","[315.66993713378906, 5925.125453948975, 1171.4280986785889, 2598.0014038085938]","[84.8398208618164, 133.32498168945312, 315.66998291015625, 1640.0933837890625, 1259.3336181640625, 346.31292724609375, 5925.12646484375, 1171.4281005859375, 220.39263916015625, 0.0, 682.9691772460938, 403.8002624511719, 2598.001708984375]", Eight,0.9746594429016113,0.022921793162822723,0.9746594429016113,0.0024159392341971397,-3.7499999961389054,"[{""token"": "" Eight"", ""token_id"": 38923, ""probability"": 0.9746594429016113}, {""token"": "" Six"", ""token_id"": 19759, ""probability"": 0.022921793162822723}, {""token"": "" Four"", ""token_id"": 13038, ""probability"": 0.0024159392341971397}, {""token"": ""Eight"", ""token_id"": 80357, ""probability"": 1.0406478168079047e-06}, {""token"": "" Many"", ""token_id"": 8732, ""probability"": 8.104573225864442e-07}, {""token"": "" Two"", ""token_id"": 8512, ""probability"": 4.915672207062016e-07}, {""token"": "" Legs"", ""token_id"": 156403, ""probability"": 2.9815058155691077e-07}, {""token"": "" Typically"", ""token_id"": 50338, ""probability"": 1.0968346941808704e-07}, {""token"": "" Some"", ""token_id"": 4943, ""probability"": 5.181080453553477e-08}, {""token"": "" Usually"", ""token_id"": 34645, ""probability"": 5.181080453553477e-08}, {""token"": "" Several"", ""token_id"": 22624, ""probability"": 9.003367829052422e-09}, {""token"": ""\n\n"", ""token_id"": 108, ""probability"": 9.003367829052422e-09}]"
"[""triple_refined""]",L7+L22+L27,"[7, 22, 27]",1.0,2.5,3.25,3.0,8.75,5.080600358225394,3.25,False,7050.561645979497,"[14209, 137239, 23422, 23422, 60476, 129426, 129426, 144881, 144881]","[16, 16, 16, 21, 16, 16, 21, 16, 21]","[0.0, 0.0, 0.0, 0.0, 0.0, 0.0, 0.0, 0.0, 0.0]","[42685, 1703, 197021, 248182]","[16, 16, 16, 16]","[315.66993713378906, 5925.125453948975, 1171.4280986785889, 2834.183349609375]","[84.8398208618164, 133.32498168945312, 315.66998291015625, 1640.0933837890625, 1259.3336181640625, 346.31292724609375, 5925.12646484375, 1171.4281005859375, 220.39263916015625, 0.0, 682.9691772460938, 403.8002624511719, 2834.18359375]", Eight,0.9676944017410278,0.02922184020280838,0.9676944017410278,0.0030799591913819313,-3.499999954903474,"[{""token"": "" Eight"", ""token_id"": 38923, ""probability"": 0.9676944017410278}, {""token"": "" Six"", ""token_id"": 19759, ""probability"": 0.02922184020280838}, {""token"": "" Four"", ""token_id"": 13038, ""probability"": 0.0030799591913819313}, {""token"": ""Eight"", ""token_id"": 80357, ""probability"": 1.3266694622871e-06}, {""token"": "" Many"", ""token_id"": 8732, ""probability"": 1.0332112196920207e-06}, {""token"": "" Two"", ""token_id"": 8512, ""probability"": 6.266743071137171e-07}, {""token"": "" Legs"", ""token_id"": 156403, ""probability"": 4.880544111074414e-07}, {""token"": "" Typically"", ""token_id"": 50338, ""probability"": 1.398299360744204e-07}, {""token"": "" Usually"", ""token_id"": 34645, ""probability"": 6.605098690215527e-08}, {""token"": "" Some"", ""token_id"": 4943, ""probability"": 6.605098690215527e-08}, {""token"": "" Several"", ""token_id"": 22624, ""probability"": 1.1477939487747335e-08}, {""token"": ""\n\n"", ""token_id"": 108, ""probability"": 8.939028184329345e-09}]"
"[""triple_refined""]",L7+L22+L27,"[7, 22, 27]",1.0,2.5,3.25,3.25,9.0,5.232112384114087,3.25,False,7148.773814601769,"[14209, 137239, 23422, 23422, 60476, 129426, 129426, 144881, 144881]","[16, 16, 16, 21, 16, 16, 21, 16, 21]","[0.0, 0.0, 0.0, 0.0, 0.0, 0.0, 0.0, 0.0, 0.0]","[42685, 1703, 197021, 248182]","[16, 16, 16, 16]","[315.66993713378906, 5925.125453948975, 1171.4280986785889, 3070.3652954101562]","[84.8398208618164, 133.32498168945312, 315.66998291015625, 1640.0933837890625, 1259.3336181640625, 346.31292724609375, 5925.12646484375, 1171.4281005859375, 220.39263916015625, 0.0, 682.9691772460938, 403.8002624511719, 3070.365478515625]", Eight,0.9668490886688232,0.02919631265103817,0.9668490886688232,0.003951291553676128,-3.4999999996922044,"[{""token"": "" Eight"", ""token_id"": 38923, ""probability"": 0.9668490886688232}, {""token"": "" Six"", ""token_id"": 19759, ""probability"": 0.02919631265103817}, {""token"": "" Four"", ""token_id"": 13038, ""probability"": 0.003951291553676128}, {""token"": ""Eight"", ""token_id"": 80357, ""probability"": 1.0323086598873488e-06}, {""token"": "" Many"", ""token_id"": 8732, ""probability"": 1.0323086598873488e-06}, {""token"": "" Legs"", ""token_id"": 156403, ""probability"": 4.876280854659854e-07}, {""token"": "" Two"", ""token_id"": 8512, ""probability"": 4.876280854659854e-07}, {""token"": "" Typically"", ""token_id"": 50338, ""probability"": 1.3970779377814324e-07}, {""token"": "" Usually"", ""token_id"": 34645, ""probability"": 6.59932837265842e-08}, {""token"": "" Some"", ""token_id"": 4943, ""probability"": 5.139562375688911e-08}, {""token"": "" Several"", ""token_id"": 22624, ""probability"": 1.146791284156734e-08}, {""token"": ""\n\n"", ""token_id"": 108, ""probability"": 8.931220207841761e-09}]"
"[""triple_refined""]",L7+L22+L27,"[7, 22, 27]",1.0,2.5,3.25,3.5,9.25,5.390964663211956,3.5,False,7253.349679654775,"[14209, 137239, 23422, 23422, 60476, 129426, 129426, 144881, 144881]","[16, 16, 16, 21, 16, 16, 21, 16, 21]","[0.0, 0.0, 0.0, 0.0, 0.0, 0.0, 0.0, 0.0, 0.0]","[42685, 1703, 197021, 248182]","[16, 16, 16, 16]","[315.66993713378906, 5925.125453948975, 1171.4280986785889, 3306.5472412109375]","[84.8398208618164, 133.32498168945312, 315.66998291015625, 1640.0933837890625, 1259.3336181640625, 346.31292724609375, 5925.12646484375, 1171.4281005859375, 220.39263916015625, 0.0, 682.9691772460938, 403.8002624511719, 3306.5478515625]", Eight,0.9746594429016113,0.022921793162822723,0.9746594429016113,0.0024159392341971397,-3.7499999961389054,"[{""token"": "" Eight"", ""token_id"": 38923, ""probability"": 0.9746594429016113}, {""token"": "" Six"", ""token_id"": 19759, ""probability"": 0.022921793162822723}, {""token"": "" Four"", ""token_id"": 13038, ""probability"": 0.0024159392341971397}, {""token"": ""Eight"", ""token_id"": 80357, ""probability"": 1.0406478168079047e-06}, {""token"": "" Many"", ""token_id"": 8732, ""probability"": 8.104573225864442e-07}, {""token"": "" Legs"", ""token_id"": 156403, ""probability"": 3.8283292269625235e-07}, {""token"": "" Two"", ""token_id"": 8512, ""probability"": 3.8283292269625235e-07}, {""token"": "" Typically"", ""token_id"": 50338, ""probability"": 1.0968346941808704e-07}, {""token"": "" Usually"", ""token_id"": 34645, ""probability"": 5.181080453553477e-08}, {""token"": "" Some"", ""token_id"": 4943, ""probability"": 4.035029377291721e-08}, {""token"": "" Several"", ""token_id"": 22624, ""probability"": 9.003367829052422e-09}, {""token"": ""\n\n"", ""token_id"": 108, ""probability"": 7.011829783465373e-09}]"
"[""triple_refined""]",L7+L22+L27,"[7, 22, 27]",1.0,2.5,3.5,2.5,8.5,4.9749371855331,3.5,False,7278.803918856057,"[14209, 137239, 23422, 23422, 60476, 129426, 129426, 144881, 144881]","[16, 16, 16, 21, 16, 16, 21, 16, 21]","[0.0, 0.0, 0.0, 0.0, 0.0, 0.0, 0.0, 0.0, 0.0]","[42685, 1703, 197021, 248182]","[16, 16, 16, 16]","[315.66993713378906, 6380.904335021973, 1261.5379524230957, 2361.8194580078125]","[84.8398208618164, 133.32498168945312, 315.66998291015625, 1640.0933837890625, 1259.3336181640625, 346.31292724609375, 6380.9052734375, 1261.5379638671875, 170.9384307861328, 0.0, 620.3285522460938, 401.19342041015625, 2361.819580078125]", Eight,0.9603783488273621,0.03723790869116783,0.9603783488273621,0.002380539895966649,-3.250000026944325,"[{""token"": "" Eight"", ""token_id"": 38923, ""probability"": 0.9603783488273621}, {""token"": "" Six"", ""token_id"": 19759, ""probability"": 0.03723790869116783}, {""token"": "" Four"", ""token_id"": 13038, ""probability"": 0.002380539895966649}, {""token"": ""Eight"", ""token_id"": 80357, ""probability"": 1.3166394410291105e-06}, {""token"": "" Many"", ""token_id"": 8732, ""probability"": 7.985821639522328e-07}, {""token"": "" Two"", ""token_id"": 8512, ""probability"": 4.843645911023486e-07}, {""token"": "" Legs"", ""token_id"": 156403, ""probability"": 3.772235004362301e-07}, {""token"": "" Typically"", ""token_id"": 50338, ""probability"": 1.387727763813018e-07}, {""token"": "" Usually"", ""token_id"": 34645, ""probability"": 6.555161746746307e-08}, {""token"": "" Some"", ""token_id"": 4943, ""probability"": 3.975906537334595e-08}, {""token"": "" Several"", ""token_id"": 22624, ""probability"": 8.871446688374363e-09}, {""token"": ""\n\n"", ""token_id"": 108, ""probability"": 8.871446688374363e-09}]"
"[""triple_refined""]",L7+L22+L27,"[7, 22, 27]",1.0,2.5,3.5,2.75,8.75,5.105144464165535,3.5,False,7358.831948087931,"[14209, 137239, 23422, 23422, 60476, 129426, 129426, 144881, 144881]","[16, 16, 16, 21, 16, 16, 21, 16, 21]","[0.0, 0.0, 0.0, 0.0, 0.0, 0.0, 0.0, 0.0, 0.0]","[42685, 1703, 197021, 248182]","[16, 16, 16, 16]","[315.66993713378906, 6380.904335021973, 1261.5379524230957, 2598.0014038085938]","[84.8398208618164, 133.32498168945312, 315.66998291015625, 1640.0933837890625, 1259.3336181640625, 346.31292724609375, 6380.9052734375, 1261.5379638671875, 170.9384307861328, 0.0, 620.3285522460938, 401.19342041015625, 2598.001708984375]", Eight,0.9683549404144287,0.029241785407066345,0.9683549404144287,0.0024003121070563793,-3.500000000599298,"[{""token"": "" Eight"", ""token_id"": 38923, ""probability"": 0.9683549404144287}, {""token"": "" Six"", ""token_id"": 19759, ""probability"": 0.029241785407066345}, {""token"": "" Four"", ""token_id"": 13038, ""probability"": 0.0024003121070563793}, {""token"": ""Eight"", ""token_id"": 80357, ""probability"": 1.0339164191464079e-06}, {""token"": "" Many"", ""token_id"": 8732, ""probability"": 8.052149382820062e-07}, {""token"": "" Two"", ""token_id"": 8512, ""probability"": 4.883875703853846e-07}, {""token"": "" Legs"", ""token_id"": 156403, ""probability"": 3.803565959970001e-07}, {""token"": "" Typically"", ""token_id"": 50338, ""probability"": 1.0897399249643058e-07}, {""token"": "" Usually"", ""token_id"": 34645, ""probability"": 5.147566994878616e-08}, {""token"": "" Some"", ""token_id"": 4943, ""probability"": 4.008929366250413e-08}, {""token"": "" Several"", ""token_id"": 22624, ""probability"": 8.945129970072685e-09}, {""token"": ""\n\n"", ""token_id"": 108, ""probability"": 8.945129970072685e-09}]"
"[""triple_refined""]",L7+L22+L27,"[7, 22, 27]",1.0,2.5,3.5,3.0,9.0,5.244044240850758,3.5,False,7445.494705081426,"[14209, 137239, 23422, 23422, 60476, 129426, 129426, 144881, 144881]","[16, 16, 16, 21, 16, 16, 21, 16, 21]","[0.0, 0.0, 0.0, 0.0, 0.0, 0.0, 0.0, 0.0, 0.0]","[42685, 1703, 197021, 248182]","[16, 16, 16, 16]","[315.66993713378906, 6380.904335021973, 1261.5379524230957, 2834.183349609375]","[84.8398208618164, 133.32498168945312, 315.66998291015625, 1640.0933837890625, 1259.3336181640625, 346.31292724609375, 6380.9052734375, 1261.5379638671875, 170.9384307861328, 0.0, 620.3285522460938, 401.19342041015625, 2834.18359375]", Eight,0.9676949381828308,0.029221856966614723,0.9676949381828308,0.0030799610540270805,-3.4999999355800337,"[{""token"": "" Eight"", ""token_id"": 38923, ""probability"": 0.9676949381828308}, {""token"": "" Six"", ""token_id"": 19759, ""probability"": 0.029221856966614723}, {""token"": "" Four"", ""token_id"": 13038, ""probability"": 0.0030799610540270805}, {""token"": ""Eight"", ""token_id"": 80357, ""probability"": 1.0332117881262093e-06}, {""token"": "" Many"", ""token_id"": 8732, ""probability"": 1.0332117881262093e-06}, {""token"": "" Two"", ""token_id"": 8512, ""probability"": 4.880546953245357e-07}, {""token"": "" Legs"", ""token_id"": 156403, ""probability"": 3.800973615852854e-07}, {""token"": "" Typically"", ""token_id"": 50338, ""probability"": 1.398300213395487e-07}, {""token"": "" Usually"", ""token_id"": 34645, ""probability"": 6.605102242929206e-08}, {""token"": "" Some"", ""token_id"": 4943, ""probability"": 5.1440590453921686e-08}, {""token"": "" Several"", ""token_id"": 22624, ""probability"": 1.1477946593174693e-08}, {""token"": ""\n\n"", ""token_id"": 108, ""probability"": 8.939033513399863e-09}]"
"[""triple_refined""]",L7+L22+L27,"[7, 22, 27]",1.0,2.5,3.5,3.25,9.25,5.390964663211956,3.5,False,7538.5634528054725,"[14209, 137239, 23422, 23422, 60476, 129426, 129426, 144881, 144881]","[16, 16, 16, 21, 16, 16, 21, 16, 21]","[0.0, 0.0, 0.0, 0.0, 0.0, 0.0, 0.0, 0.0, 0.0]","[42685, 1703, 197021, 248182]","[16, 16, 16, 16]","[315.66993713378906, 6380.904335021973, 1261.5379524230957, 3070.3652954101562]","[84.8398208618164, 133.32498168945312, 315.66998291015625, 1640.0933837890625, 1259.3336181640625, 346.31292724609375, 6380.9052734375, 1261.5379638671875, 170.9384307861328, 0.0, 620.3285522460938, 401.19342041015625, 3070.365478515625]", Eight,0.9597286581993103,0.03721271827816963,0.9597286581993103,0.003054606029763818,-3.2500000047540234,"[{""token"": "" Eight"", ""token_id"": 38923, ""probability"": 0.9597286581993103}, {""token"": "" Six"", ""token_id"": 19759, ""probability"": 0.03721271827816963}, {""token"": "" Four"", ""token_id"": 13038, ""probability"": 0.003054606029763818}, {""token"": ""Eight"", ""token_id"": 80357, ""probability"": 1.3157487046555616e-06}, {""token"": "" Many"", ""token_id"": 8732, ""probability"": 1.3157487046555616e-06}, {""token"": "" Two"", ""token_id"": 8512, ""probability"": 6.215157100086799e-07}, {""token"": "" Legs"", ""token_id"": 156403, ""probability"": 4.840368887926161e-07}, {""token"": "" Typically"", ""token_id"": 50338, ""probability"": 1.3867889947505319e-07}, {""token"": "" Some"", ""token_id"": 4943, ""probability"": 6.550727249532429e-08}, {""token"": "" Usually"", ""token_id"": 34645, ""probability"": 6.550727249532429e-08}, {""token"": "" Several"", ""token_id"": 22624, ""probability"": 1.1383456843816475e-08}, {""token"": ""\n\n"", ""token_id"": 108, ""probability"": 1.1383456843816475e-08}]"
"[""triple_refined""]",L7+L22+L27,"[7, 22, 27]",1.0,2.5,3.5,3.5,9.5,5.545268253204709,3.5,False,7637.804229946358,"[14209, 137239, 23422, 23422, 60476, 129426, 129426, 144881, 144881]","[16, 16, 16, 21, 16, 16, 21, 16, 21]","[0.0, 0.0, 0.0, 0.0, 0.0, 0.0, 0.0, 0.0, 0.0]","[42685, 1703, 197021, 248182]","[16, 16, 16, 16]","[315.66993713378906, 6380.904335021973, 1261.5379524230957, 3306.5472412109375]","[84.8398208618164, 133.32498168945312, 315.66998291015625, 1640.0933837890625, 1259.3336181640625, 346.31292724609375, 6380.9052734375, 1261.5379638671875, 170.9384307861328, 0.0, 620.3285522460938, 401.19342041015625, 3306.5478515625]", Eight,0.9597290754318237,0.037212733179330826,0.9597290754318237,0.0030546074267476797,-3.250000039062143,"[{""token"": "" Eight"", ""token_id"": 38923, ""probability"": 0.9597290754318237}, {""token"": "" Six"", ""token_id"": 19759, ""probability"": 0.037212733179330826}, {""token"": "" Four"", ""token_id"": 13038, ""probability"": 0.0030546074267476797}, {""token"": ""Eight"", ""token_id"": 80357, ""probability"": 1.315749386776588e-06}, {""token"": "" Many"", ""token_id"": 8732, ""probability"": 1.0247066484225797e-06}, {""token"": "" Two"", ""token_id"": 8512, ""probability"": 6.215159942257742e-07}, {""token"": "" Legs"", ""token_id"": 156403, ""probability"": 3.769684724375111e-07}, {""token"": "" Typically"", ""token_id"": 50338, ""probability"": 1.3867895631847205e-07}, {""token"": "" Usually"", ""token_id"": 34645, ""probability"": 6.550730091703372e-08}, {""token"": "" Some"", ""token_id"": 4943, ""probability"": 5.1017138957831776e-08}, {""token"": "" Several"", ""token_id"": 22624, ""probability"": 8.865449707684547e-09}, {""token"": ""\n\n"", ""token_id"": 108, ""probability"": 8.865449707684547e-09}]"
"[""triple_refined""]",L7+L22+L27,"[7, 22, 27]",1.0,2.75,2.5,2.5,7.75,4.479118216792229,2.75,False,5673.928080506106,"[14209, 137239, 23422, 23422, 60476, 129426, 129426, 144881, 144881]","[16, 16, 16, 21, 16, 16, 21, 16, 21]","[0.0, 0.0, 0.0, 0.0, 0.0, 0.0, 0.0, 0.0, 0.0]","[42685, 1703, 197021, 248182]","[16, 16, 16, 16]","[347.23693084716797, 4557.7888107299805, 901.0985374450684, 2361.8194580078125]","[84.8398208618164, 133.32498168945312, 347.2369689941406, 1605.308349609375, 1127.953369140625, 326.01776123046875, 4557.78955078125, 901.0985107421875, 336.8586120605469, 0.0, 837.2627563476562, 337.98406982421875, 2361.819580078125]", Eight,0.814846932888031,0.1818169355392456,0.814846932888031,0.0033300933428108692,-1.4999999510085098,"[{""token"": "" Eight"", ""token_id"": 38923, ""probability"": 0.814846932888031}, {""token"": "" Six"", ""token_id"": 19759, ""probability"": 0.1818169355392456}, {""token"": "" Four"", ""token_id"": 13038, ""probability"": 0.0033300933428108692}, {""token"": "" Many"", ""token_id"": 8732, ""probability"": 2.364947022215347e-06}, {""token"": "" Two"", ""token_id"": 8512, ""probability"": 1.1171218829986174e-06}, {""token"": "" Legs"", ""token_id"": 156403, ""probability"": 1.1171218829986174e-06}, {""token"": ""Eight"", ""token_id"": 80357, ""probability"": 8.70015355758369e-07}, {""token"": "" Typically"", ""token_id"": 50338, ""probability"": 2.492635644557595e-07}, {""token"": "" Usually"", ""token_id"": 34645, ""probability"": 1.5118601481844962e-07}, {""token"": "" Some"", ""token_id"": 4943, ""probability"": 1.5118601481844962e-07}, {""token"": "" Several"", ""token_id"": 22624, ""probability"": 2.6272187980680428e-08}, {""token"": ""\n\n"", ""token_id"": 108, ""probability"": 2.046079927708888e-08}]"
"[""triple_refined""]",L7+L22+L27,"[7, 22, 27]",1.0,2.75,2.5,2.75,8.0,4.623310502226732,2.75,False,5776.234155035704,"[14209, 137239, 23422, 23422, 60476, 129426, 129426, 144881, 144881]","[16, 16, 16, 21, 16, 16, 21, 16, 21]","[0.0, 0.0, 0.0, 0.0, 0.0, 0.0, 0.0, 0.0, 0.0]","[42685, 1703, 197021, 248182]","[16, 16, 16, 16]","[347.23693084716797, 4557.7888107299805, 901.0985374450684, 2598.0014038085938]","[84.8398208618164, 133.32498168945312, 347.2369689941406, 1605.308349609375, 1127.953369140625, 326.01776123046875, 4557.78955078125, 901.0985107421875, 336.8586120605469, 0.0, 837.2627563476562, 337.98406982421875, 2598.001708984375]", Eight,0.814846932888031,0.1818169355392456,0.814846932888031,0.0033300933428108692,-1.4999999510085098,"[{""token"": "" Eight"", ""token_id"": 38923, ""probability"": 0.814846932888031}, {""token"": "" Six"", ""token_id"": 19759, ""probability"": 0.1818169355392456}, {""token"": "" Four"", ""token_id"": 13038, ""probability"": 0.0033300933428108692}, {""token"": "" Many"", ""token_id"": 8732, ""probability"": 2.364947022215347e-06}, {""token"": "" Two"", ""token_id"": 8512, ""probability"": 1.1171218829986174e-06}, {""token"": "" Legs"", ""token_id"": 156403, ""probability"": 1.1171218829986174e-06}, {""token"": ""Eight"", ""token_id"": 80357, ""probability"": 8.70015355758369e-07}, {""token"": "" Typically"", ""token_id"": 50338, ""probability"": 2.492635644557595e-07}, {""token"": "" Some"", ""token_id"": 4943, ""probability"": 1.5118601481844962e-07}, {""token"": "" Usually"", ""token_id"": 34645, ""probability"": 1.1774378094742133e-07}, {""token"": "" Several"", ""token_id"": 22624, ""probability"": 2.6272187980680428e-08}, {""token"": ""\n\n"", ""token_id"": 108, ""probability"": 2.046079927708888e-08}]"
"[""triple_refined""]",L7+L22+L27,"[7, 22, 27]",1.0,2.75,2.5,3.0,8.25,4.7762432936357,3.0,False,5886.243689909293,"[14209, 137239, 23422, 23422, 60476, 129426, 129426, 144881, 144881]","[16, 16, 16, 21, 16, 16, 21, 16, 21]","[0.0, 0.0, 0.0, 0.0, 0.0, 0.0, 0.0, 0.0, 0.0]","[42685, 1703, 197021, 248182]","[16, 16, 16, 16]","[347.23693084716797, 4557.7888107299805, 901.0985374450684, 2834.183349609375]","[84.8398208618164, 133.32498168945312, 347.2369689941406, 1605.308349609375, 1127.953369140625, 326.01776123046875, 4557.78955078125, 901.0985107421875, 336.8586120605469, 0.0, 837.2627563476562, 337.98406982421875, 2834.18359375]", Eight,0.8140762448310852,0.1816449761390686,0.8140762448310852,0.004271880257874727,-1.499999927017653,"[{""token"": "" Eight"", ""token_id"": 38923, ""probability"": 0.8140762448310852}, {""token"": "" Six"", ""token_id"": 19759, ""probability"": 0.1816449761390686}, {""token"": "" Four"", ""token_id"": 13038, ""probability"": 0.004271880257874727}, {""token"": "" Many"", ""token_id"": 8732, ""probability"": 2.3627103473700117e-06}, {""token"": "" Two"", ""token_id"": 8512, ""probability"": 1.433056127098098e-06}, {""token"": "" Legs"", ""token_id"": 156403, ""probability"": 1.433056127098098e-06}, {""token"": ""Eight"", ""token_id"": 80357, ""probability"": 8.691924904269399e-07}, {""token"": "" Typically"", ""token_id"": 50338, ""probability"": 3.1975804404282826e-07}, {""token"": "" Some"", ""token_id"": 4943, ""probability"": 1.9394305184050609e-07}, {""token"": "" Usually"", ""token_id"": 34645, ""probability"": 1.5104301098745054e-07}, {""token"": "" Several"", ""token_id"": 22624, ""probability"": 2.6247338524854058e-08}, {""token"": ""\n\n"", ""token_id"": 108, ""probability"": 2.0441447645680455e-08}]"
"[""triple_refined""]",L7+L22+L27,"[7, 22, 27]",1.0,2.75,2.5,3.25,8.5,4.937104414532874,3.25,False,6003.5333184363835,"[14209, 137239, 23422, 23422, 60476, 129426, 129426, 144881, 144881]","[16, 16, 16, 21, 16, 16, 21, 16, 21]","[0.0, 0.0, 0.0, 0.0, 0.0, 0.0, 0.0, 0.0, 0.0]","[42685, 1703, 197021, 248182]","[16, 16, 16, 16]","[347.23693084716797, 4557.7888107299805, 901.0985374450684, 3070.3652954101562]","[84.8398208618164, 133.32498168945312, 347.2369689941406, 1605.308349609375, 1127.953369140625, 326.01776123046875, 4557.78955078125, 901.0985107421875, 336.8586120605469, 0.0, 837.2627563476562, 337.98406982421875, 3070.365478515625]", Eight,0.8148468732833862,0.1818169206380844,0.8148468732833862,0.003330092877149582,-1.4999999598171871,"[{""token"": "" Eight"", ""token_id"": 38923, ""probability"": 0.8148468732833862}, {""token"": "" Six"", ""token_id"": 19759, ""probability"": 0.1818169206380844}, {""token"": "" Four"", ""token_id"": 13038, ""probability"": 0.003330092877149582}, {""token"": "" Many"", ""token_id"": 8732, ""probability"": 2.3649467948416714e-06}, {""token"": "" Legs"", ""token_id"": 156403, ""probability"": 1.4344126384457923e-06}, {""token"": "" Two"", ""token_id"": 8512, ""probability"": 1.1171217693117796e-06}, {""token"": ""Eight"", ""token_id"": 80357, ""probability"": 6.775685505999718e-07}, {""token"": "" Typically"", ""token_id"": 50338, ""probability"": 2.4926353603405005e-07}, {""token"": "" Usually"", ""token_id"": 34645, ""probability"": 1.511859863967402e-07}, {""token"": "" Some"", ""token_id"": 4943, ""probability"": 1.511859863967402e-07}, {""token"": "" Several"", ""token_id"": 22624, ""probability"": 2.627218442796675e-08}, {""token"": ""\n\n"", ""token_id"": 108, ""probability"": 2.0460797500732042e-08}]"
"[""triple_refined""]",L7+L22+L27,"[7, 22, 27]",1.0,2.75,2.5,3.5,8.75,5.105144464165535,3.5,False,6127.685274929505,"[14209, 137239, 23422, 23422, 60476, 129426, 129426, 144881, 144881]","[16, 16, 16, 21, 16, 16, 21, 16, 21]","[0.0, 0.0, 0.0, 0.0, 0.0, 0.0, 0.0, 0.0, 0.0]","[42685, 1703, 197021, 248182]","[16, 16, 16, 16]","[347.23693084716797, 4557.7888107299805, 901.0985374450684, 3306.5472412109375]","[84.8398208618164, 133.32498168945312, 347.2369689941406, 1605.308349609375, 1127.953369140625, 326.01776123046875, 4557.78955078125, 901.0985107421875, 336.8586120605469, 0.0, 837.2627563476562, 337.98406982421875, 3306.5478515625]", Eight,0.8140758275985718,0.18164488673210144,0.8140758275985718,0.004271877929568291,-1.4999999067022054,"[{""token"": "" Eight"", ""token_id"": 38923, ""probability"": 0.8140758275985718}, {""token"": "" Six"", ""token_id"": 19759, ""probability"": 0.18164488673210144}, {""token"": "" Four"", ""token_id"": 13038, ""probability"": 0.004271877929568291}, {""token"": "" Many"", ""token_id"": 8732, ""probability"": 3.0337782845890615e-06}, {""token"": "" Two"", ""token_id"": 8512, ""probability"": 1.4330554449770716e-06}, {""token"": "" Legs"", ""token_id"": 156403, ""probability"": 1.4330554449770716e-06}, {""token"": ""Eight"", ""token_id"": 80357, ""probability"": 8.691920925230079e-07}, {""token"": "" Typically"", ""token_id"": 50338, ""probability"": 2.4902769268919656e-07}, {""token"": "" Some"", ""token_id"": 4943, ""probability"": 1.939429665753778e-07}, {""token"": "" Usually"", ""token_id"": 34645, ""probability"": 1.5104293993317697e-07}, {""token"": "" Several"", ""token_id"": 22624, ""probability"": 2.6247326090356182e-08}, {""token"": ""\n\n"", ""token_id"": 108, ""probability"": 2.044143698753942e-08}]"
"[""triple_refined""]",L7+L22+L27,"[7, 22, 27]",1.0,2.75,2.75,2.5,8.0,4.623310502226732,2.75,False,6052.072953813984,"[14209, 137239, 23422, 23422, 60476, 129426, 129426, 144881, 144881]","[16, 16, 16, 21, 16, 16, 21, 16, 21]","[0.0, 0.0, 0.0, 0.0, 0.0, 0.0, 0.0, 0.0, 0.0]","[42685, 1703, 197021, 248182]","[16, 16, 16, 16]","[347.23693084716797, 5013.5676918029785, 991.2083911895752, 2361.8194580078125]","[84.8398208618164, 133.32498168945312, 347.2369689941406, 1605.308349609375, 1127.953369140625, 326.01776123046875, 5013.568359375, 991.2084350585938, 297.5764465332031, 0.0, 790.7689819335938, 340.64349365234375, 2361.819580078125]", Eight,0.7741366028785706,0.22179386019706726,0.7741366028785706,0.004062296357005835,-1.2499999546998057,"[{""token"": "" Eight"", ""token_id"": 38923, ""probability"": 0.7741366028785706}, {""token"": "" Six"", ""token_id"": 19759, ""probability"": 0.22179386019706726}, {""token"": "" Four"", ""token_id"": 13038, ""probability"": 0.004062296357005835}, {""token"": "" Many"", ""token_id"": 8732, ""probability"": 2.8849387945228955e-06}, {""token"": "" Two"", ""token_id"": 8512, ""probability"": 1.3627485486722435e-06}, {""token"": "" Legs"", ""token_id"": 156403, ""probability"": 1.3627485486722435e-06}, {""token"": ""Eight"", ""token_id"": 80357, ""probability"": 8.265487849712372e-07}, {""token"": "" Typically"", ""token_id"": 50338, ""probability"": 3.9043399624461017e-07}, {""token"": "" Some"", ""token_id"": 4943, ""probability"": 1.8442796090312186e-07}, {""token"": "" Usually"", ""token_id"": 34645, ""probability"": 1.8442796090312186e-07}, {""token"": ""Six"", ""token_id"": 44955, ""probability"": 3.2048774301074445e-08}, {""token"": "" Several"", ""token_id"": 22624, ""probability"": 3.2048774301074445e-08}]"
"[""triple_refined""]",L7+L22+L27,"[7, 22, 27]",1.0,2.75,2.75,2.75,8.25,4.763139720814412,2.75,False,6148.089800038061,"[14209, 137239, 23422, 23422, 60476, 129426, 129426, 144881, 144881]","[16, 16, 16, 21, 16, 16, 21, 16, 21]","[0.0, 0.0, 0.0, 0.0, 0.0, 0.0, 0.0, 0.0, 0.0]","[42685, 1703, 197021, 248182]","[16, 16, 16, 16]","[347.23693084716797, 5013.5676918029785, 991.2083911895752, 2598.0014038085938]","[84.8398208618164, 133.32498168945312, 347.2369689941406, 1605.308349609375, 1127.953369140625, 326.01776123046875, 5013.568359375, 991.2084350585938, 297.5764465332031, 0.0, 790.7689819335938, 340.64349365234375, 2598.001708984375]", Eight,0.7741371989250183,0.2217940241098404,0.7741371989250183,0.004062299150973558,-1.249999985617685,"[{""token"": "" Eight"", ""token_id"": 38923, ""probability"": 0.7741371989250183}, {""token"": "" Six"", ""token_id"": 19759, ""probability"": 0.2217940241098404}, {""token"": "" Four"", ""token_id"": 13038, ""probability"": 0.004062299150973558}, {""token"": "" Many"", ""token_id"": 8732, ""probability"": 2.8849408408859745e-06}, {""token"": "" Two"", ""token_id"": 8512, ""probability"": 1.0613105132506462e-06}, {""token"": "" Legs"", ""token_id"": 156403, ""probability"": 1.0613105132506462e-06}, {""token"": ""Eight"", ""token_id"": 80357, ""probability"": 8.265494102488447e-07}, {""token"": "" Typically"", ""token_id"": 50338, ""probability"": 3.040705109924602e-07}, {""token"": "" Usually"", ""token_id"": 34645, ""probability"": 1.84428103011669e-07}, {""token"": "" Some"", ""token_id"": 4943, ""probability"": 1.4363276079620846e-07}, {""token"": "" Several"", ""token_id"": 22624, ""probability"": 3.20487991700702e-08}, {""token"": ""Six"", ""token_id"": 44955, ""probability"": 2.4959629030263386e-08}]"
"[""triple_refined""]",L7+L22+L27,"[7, 22, 27]",1.0,2.75,2.75,3.0,8.5,4.911720676097125,3.0,False,6251.559161723416,"[14209, 137239, 23422, 23422, 60476, 129426, 129426, 144881, 144881]","[16, 16, 16, 21, 16, 16, 21, 16, 21]","[0.0, 0.0, 0.0, 0.0, 0.0, 0.0, 0.0, 0.0, 0.0]","[42685, 1703, 197021, 248182]","[16, 16, 16, 16]","[347.23693084716797, 5013.5676918029785, 991.2083911895752, 2834.183349609375]","[84.8398208618164, 133.32498168945312, 347.2369689941406, 1605.308349609375, 1127.953369140625, 326.01776123046875, 5013.568359375, 991.2084350585938, 297.5764465332031, 0.0, 790.7689819335938, 340.64349365234375, 2834.18359375]", Eight,0.727468729019165,0.26762083172798157,0.727468729019165,0.004901645705103874,-0.9999998422143942,"[{""token"": "" Eight"", ""token_id"": 38923, ""probability"": 0.727468729019165}, {""token"": "" Six"", ""token_id"": 19759, ""probability"": 0.26762083172798157}, {""token"": "" Four"", ""token_id"": 13038, ""probability"": 0.004901645705103874}, {""token"": "" Many"", ""token_id"": 8732, ""probability"": 3.481023441054276e-06}, {""token"": "" Two"", ""token_id"": 8512, ""probability"": 1.6443190133941243e-06}, {""token"": "" Legs"", ""token_id"": 156403, ""probability"": 1.6443190133941243e-06}, {""token"": ""Eight"", ""token_id"": 80357, ""probability"": 9.973299484045128e-07}, {""token"": "" Typically"", ""token_id"": 50338, ""probability"": 4.7110529521887656e-07}, {""token"": "" Some"", ""token_id"": 4943, ""probability"": 2.2253438203279075e-07}, {""token"": "" Usually"", ""token_id"": 34645, ""probability"": 2.2253438203279075e-07}, {""token"": ""Six"", ""token_id"": 44955, ""probability"": 3.86706773269907e-08}, {""token"": "" Several"", ""token_id"": 22624, ""probability"": 3.86706773269907e-08}]"
"[""triple_refined""]",L7+L22+L27,"[7, 22, 27]",1.0,2.75,2.75,3.25,8.75,5.0682837331783235,3.25,False,6362.117531223924,"[14209, 137239, 23422, 23422, 60476, 129426, 129426, 144881, 144881]","[16, 16, 16, 21, 16, 16, 21, 16, 21]","[0.0, 0.0, 0.0, 0.0, 0.0, 0.0, 0.0, 0.0, 0.0]","[42685, 1703, 197021, 248182]","[16, 16, 16, 16]","[347.23693084716797, 5013.5676918029785, 991.2083911895752, 3070.3652954101562]","[84.8398208618164, 133.32498168945312, 347.2369689941406, 1605.308349609375, 1127.953369140625, 326.01776123046875, 5013.568359375, 991.2084350585938, 297.5764465332031, 0.0, 790.7689819335938, 340.64349365234375, 3070.365478515625]", Eight,0.7282590270042419,0.26791155338287354,0.7282590270042419,0.003821552498266101,-0.9999998898871812,"[{""token"": "" Eight"", ""token_id"": 38923, ""probability"": 0.7282590270042419}, {""token"": "" Six"", ""token_id"": 19759, ""probability"": 0.26791155338287354}, {""token"": "" Four"", ""token_id"": 13038, ""probability"": 0.003821552498266101}, {""token"": "" Many"", ""token_id"": 8732, ""probability"": 3.484805120024248e-06}, {""token"": "" Two"", ""token_id"": 8512, ""probability"": 1.281988033952075e-06}, {""token"": "" Legs"", ""token_id"": 156403, ""probability"": 1.281988033952075e-06}, {""token"": ""Eight"", ""token_id"": 80357, ""probability"": 9.984133839679998e-07}, {""token"": "" Typically"", ""token_id"": 50338, ""probability"": 3.672957404887711e-07}, {""token"": "" Usually"", ""token_id"": 34645, ""probability"": 2.2277612288235105e-07}, {""token"": "" Some"", ""token_id"": 4943, ""probability"": 1.7349822201140341e-07}, {""token"": ""Six"", ""token_id"": 44955, ""probability"": 3.8712688166242515e-08}, {""token"": "" Several"", ""token_id"": 22624, ""probability"": 3.8712688166242515e-08}]"
"[""triple_refined""]",L7+L22+L27,"[7, 22, 27]",1.0,2.75,2.75,3.5,9.0,5.232112384114087,3.5,False,6479.402287566261,"[14209, 137239, 23422, 23422, 60476, 129426, 129426, 144881, 144881]","[16, 16, 16, 21, 16, 16, 21, 16, 21]","[0.0, 0.0, 0.0, 0.0, 0.0, 0.0, 0.0, 0.0, 0.0]","[42685, 1703, 197021, 248182]","[16, 16, 16, 16]","[347.23693084716797, 5013.5676918029785, 991.2083911895752, 3306.5472412109375]","[84.8398208618164, 133.32498168945312, 347.2369689941406, 1605.308349609375, 1127.953369140625, 326.01776123046875, 5013.568359375, 991.2084350585938, 297.5764465332031, 0.0, 790.7689819335938, 340.64349365234375, 3306.5478515625]", Eight,0.7741367220878601,0.22179388999938965,0.7741367220878601,0.004062296822667122,-1.24999997432033,"[{""token"": "" Eight"", ""token_id"": 38923, ""probability"": 0.7741367220878601}, {""token"": "" Six"", ""token_id"": 19759, ""probability"": 0.22179388999938965}, {""token"": "" Four"", ""token_id"": 13038, ""probability"": 0.004062296822667122}, {""token"": "" Many"", ""token_id"": 8732, ""probability"": 2.884939021896571e-06}, {""token"": "" Two"", ""token_id"": 8512, ""probability"": 1.3627486623590812e-06}, {""token"": "" Legs"", ""token_id"": 156403, ""probability"": 1.3627486623590812e-06}, {""token"": ""Eight"", ""token_id"": 80357, ""probability"": 8.265488986580749e-07}, {""token"": "" Typically"", ""token_id"": 50338, ""probability"": 3.040703404622036e-07}, {""token"": "" Some"", ""token_id"": 4943, ""probability"": 1.8442797511397657e-07}, {""token"": "" Usually"", ""token_id"": 34645, ""probability"": 1.4363266132022545e-07}, {""token"": ""Six"", ""token_id"": 44955, ""probability"": 3.2048777853788124e-08}, {""token"": "" Several"", ""token_id"": 22624, ""probability"": 3.2048777853788124e-08}]"
"[""triple_refined""]",L7+L22+L27,"[7, 22, 27]",1.0,2.75,3.0,2.5,8.25,4.7762432936357,3.0,False,6440.86097982963,"[14209, 137239, 23422, 23422, 60476, 129426, 129426, 144881, 144881]","[16, 16, 16, 21, 16, 16, 21, 16, 21]","[0.0, 0.0, 0.0, 0.0, 0.0, 0.0, 0.0, 0.0, 0.0]","[42685, 1703, 197021, 248182]","[16, 16, 16, 16]","[347.23693084716797, 5469.346572875977, 1081.318244934082, 2361.8194580078125]","[84.8398208618164, 133.32498168945312, 347.2369689941406, 1605.308349609375, 1127.953369140625, 326.01776123046875, 5469.34765625, 1081.3182373046875, 259.09283447265625, 0.0, 735.7466430664062, 337.4983825683594, 2361.819580078125]", Eight,0.7741367220878601,0.22179388999938965,0.7741367220878601,0.004062296822667122,-1.24999997432033,"[{""token"": "" Eight"", ""token_id"": 38923, ""probability"": 0.7741367220878601}, {""token"": "" Six"", ""token_id"": 19759, ""probability"": 0.22179388999938965}, {""token"": "" Four"", ""token_id"": 13038, ""probability"": 0.004062296822667122}, {""token"": "" Many"", ""token_id"": 8732, ""probability"": 2.884939021896571e-06}, {""token"": "" Two"", ""token_id"": 8512, ""probability"": 1.3627486623590812e-06}, {""token"": "" Legs"", ""token_id"": 156403, ""probability"": 1.3627486623590812e-06}, {""token"": ""Eight"", ""token_id"": 80357, ""probability"": 8.265488986580749e-07}, {""token"": "" Typically"", ""token_id"": 50338, ""probability"": 3.040703404622036e-07}, {""token"": "" Some"", ""token_id"": 4943, ""probability"": 1.4363266132022545e-07}, {""token"": "" Usually"", ""token_id"": 34645, ""probability"": 1.4363266132022545e-07}, {""token"": ""Six"", ""token_id"": 44955, ""probability"": 2.495961304305183e-08}, {""token"": "" Several"", ""token_id"": 22624, ""probability"": 2.495961304305183e-08}]"
"[""triple_refined""]",L7+L22+L27,"[7, 22, 27]",1.0,2.75,3.0,2.75,8.5,4.911720676097125,3.0,False,6531.164621454372,"[14209, 137239, 23422, 23422, 60476, 129426, 129426, 144881, 144881]","[16, 16, 16, 21, 16, 16, 21, 16, 21]","[0.0, 0.0, 0.0, 0.0, 0.0, 0.0, 0.0, 0.0, 0.0]","[42685, 1703, 197021, 248182]","[16, 16, 16, 16]","[347.23693084716797, 5469.346572875977, 1081.318244934082, 2598.0014038085938]","[84.8398208618164, 133.32498168945312, 347.2369689941406, 1605.308349609375, 1127.953369140625, 326.01776123046875, 5469.34765625, 1081.3182373046875, 259.09283447265625, 0.0, 735.7466430664062, 337.4983825683594, 2598.001708984375]", Eight,0.7274687886238098,0.26762086153030396,0.7274687886238098,0.0049016461707651615,-0.9999998127884533,"[{""token"": "" Eight"", ""token_id"": 38923, ""probability"": 0.7274687886238098}, {""token"": "" Six"", ""token_id"": 19759, ""probability"": 0.26762086153030396}, {""token"": "" Four"", ""token_id"": 13038, ""probability"": 0.0049016461707651615}, {""token"": "" Many"", ""token_id"": 8732, ""probability"": 3.481023895801627e-06}, {""token"": "" Two"", ""token_id"": 8512, ""probability"": 1.644319127080962e-06}, {""token"": "" Legs"", ""token_id"": 156403, ""probability"": 1.644319127080962e-06}, {""token"": ""Eight"", ""token_id"": 80357, ""probability"": 9.973300620913506e-07}, {""token"": "" Typically"", ""token_id"": 50338, ""probability"": 3.66897211279138e-07}, {""token"": "" Some"", ""token_id"": 4943, ""probability"": 2.2253439624364546e-07}, {""token"": "" Usually"", ""token_id"": 34645, ""probability"": 2.2253439624364546e-07}, {""token"": ""Six"", ""token_id"": 44955, ""probability"": 3.867068087970438e-08}, {""token"": "" Several"", ""token_id"": 22624, ""probability"": 3.867068087970438e-08}]"
"[""triple_refined""]",L7+L22+L27,"[7, 22, 27]",1.0,2.75,3.0,3.0,8.75,5.055937104039171,3.0,False,6628.657109530795,"[14209, 137239, 23422, 23422, 60476, 129426, 129426, 144881, 144881]","[16, 16, 16, 21, 16, 16, 21, 16, 21]","[0.0, 0.0, 0.0, 0.0, 0.0, 0.0, 0.0, 0.0, 0.0]","[42685, 1703, 197021, 248182]","[16, 16, 16, 16]","[347.23693084716797, 5469.346572875977, 1081.318244934082, 2834.183349609375]","[84.8398208618164, 133.32498168945312, 347.2369689941406, 1605.308349609375, 1127.953369140625, 326.01776123046875, 5469.34765625, 1081.3182373046875, 259.09283447265625, 0.0, 735.7466430664062, 337.4983825683594, 2834.18359375]", Eight,0.7741367220878601,0.22179388999938965,0.7741367220878601,0.004062296822667122,-1.24999997432033,"[{""token"": "" Eight"", ""token_id"": 38923, ""probability"": 0.7741367220878601}, {""token"": "" Six"", ""token_id"": 19759, ""probability"": 0.22179388999938965}, {""token"": "" Four"", ""token_id"": 13038, ""probability"": 0.004062296822667122}, {""token"": "" Many"", ""token_id"": 8732, ""probability"": 2.884939021896571e-06}, {""token"": "" Two"", ""token_id"": 8512, ""probability"": 1.3627486623590812e-06}, {""token"": "" Legs"", ""token_id"": 156403, ""probability"": 1.3627486623590812e-06}, {""token"": ""Eight"", ""token_id"": 80357, ""probability"": 8.265488986580749e-07}, {""token"": "" Typically"", ""token_id"": 50338, ""probability"": 3.040703404622036e-07}, {""token"": "" Some"", ""token_id"": 4943, ""probability"": 1.8442797511397657e-07}, {""token"": "" Usually"", ""token_id"": 34645, ""probability"": 1.8442797511397657e-07}, {""token"": ""Six"", ""token_id"": 44955, ""probability"": 3.2048777853788124e-08}, {""token"": "" Several"", ""token_id"": 22624, ""probability"": 3.2048777853788124e-08}]"
"[""triple_refined""]",L7+L22+L27,"[7, 22, 27]",1.0,2.75,3.0,3.25,9.0,5.208166663999915,3.25,False,6733.026258994686,"[14209, 137239, 23422, 23422, 60476, 129426, 129426, 144881, 144881]","[16, 16, 16, 21, 16, 16, 21, 16, 21]","[0.0, 0.0, 0.0, 0.0, 0.0, 0.0, 0.0, 0.0, 0.0]","[42685, 1703, 197021, 248182]","[16, 16, 16, 16]","[347.23693084716797, 5469.346572875977, 1081.318244934082, 3070.3652954101562]","[84.8398208618164, 133.32498168945312, 347.2369689941406, 1605.308349609375, 1127.953369140625, 326.01776123046875, 5469.34765625, 1081.3182373046875, 259.09283447265625, 0.0, 735.7466430664062, 337.4983825683594, 3070.365478515625]", Eight,0.7282599210739136,0.2679118812084198,0.7282599210739136,0.003821557154878974,-0.9999998939345609,"[{""token"": "" Eight"", ""token_id"": 38923, ""probability"": 0.7282599210739136}, {""token"": "" Six"", ""token_id"": 19759, ""probability"": 0.2679118812084198}, {""token"": "" Four"", ""token_id"": 13038, ""probability"": 0.003821557154878974}, {""token"": "" Many"", ""token_id"": 8732, ""probability"": 2.7139719804836204e-06}, {""token"": "" Two"", ""token_id"": 8512, ""probability"": 1.2819896255678032e-06}, {""token"": "" Legs"", ""token_id"": 156403, ""probability"": 1.2819896255678032e-06}, {""token"": ""Eight"", ""token_id"": 80357, ""probability"": 7.775660151310149e-07}, {""token"": "" Typically"", ""token_id"": 50338, ""probability"": 2.86050550357686e-07}, {""token"": "" Some"", ""token_id"": 4943, ""probability"": 1.7349842096336943e-07}, {""token"": "" Usually"", ""token_id"": 34645, ""probability"": 1.7349842096336943e-07}, {""token"": ""Six"", ""token_id"": 44955, ""probability"": 3.014950777924241e-08}, {""token"": "" Several"", ""token_id"": 22624, ""probability"": 3.014950777924241e-08}]"
"[""triple_refined""]",L7+L22+L27,"[7, 22, 27]",1.0,2.75,3.0,3.5,9.25,5.367727638395972,3.5,False,6843.95770934655,"[14209, 137239, 23422, 23422, 60476, 129426, 129426, 144881, 144881]","[16, 16, 16, 21, 16, 16, 21, 16, 21]","[0.0, 0.0, 0.0, 0.0, 0.0, 0.0, 0.0, 0.0, 0.0]","[42685, 1703, 197021, 248182]","[16, 16, 16, 16]","[347.23693084716797, 5469.346572875977, 1081.318244934082, 3306.5472412109375]","[84.8398208618164, 133.32498168945312, 347.2369689941406, 1605.308349609375, 1127.953369140625, 326.01776123046875, 5469.34765625, 1081.3182373046875, 259.09283447265625, 0.0, 735.7466430664062, 337.4983825683594, 3306.5478515625]", Eight,0.7282599210739136,0.2679118812084198,0.7282599210739136,0.003821557154878974,-0.9999998939345609,"[{""token"": "" Eight"", ""token_id"": 38923, ""probability"": 0.7282599210739136}, {""token"": "" Six"", ""token_id"": 19759, ""probability"": 0.2679118812084198}, {""token"": "" Four"", ""token_id"": 13038, ""probability"": 0.003821557154878974}, {""token"": "" Many"", ""token_id"": 8732, ""probability"": 2.7139719804836204e-06}, {""token"": "" Two"", ""token_id"": 8512, ""probability"": 1.2819896255678032e-06}, {""token"": "" Legs"", ""token_id"": 156403, ""probability"": 1.2819896255678032e-06}, {""token"": ""Eight"", ""token_id"": 80357, ""probability"": 7.775660151310149e-07}, {""token"": "" Typically"", ""token_id"": 50338, ""probability"": 2.86050550357686e-07}, {""token"": "" Some"", ""token_id"": 4943, ""probability"": 1.7349842096336943e-07}, {""token"": "" Usually"", ""token_id"": 34645, ""probability"": 1.7349842096336943e-07}, {""token"": ""Six"", ""token_id"": 44955, ""probability"": 3.014950777924241e-08}, {""token"": "" Several"", ""token_id"": 22624, ""probability"": 3.014950777924241e-08}]"
"[""triple_refined""]",L7+L22+L27,"[7, 22, 27]",1.0,2.75,3.25,2.5,8.5,4.937104414532874,3.25,False,6838.993757693699,"[14209, 137239, 23422, 23422, 60476, 129426, 129426, 144881, 144881]","[16, 16, 16, 21, 16, 16, 21, 16, 21]","[0.0, 0.0, 0.0, 0.0, 0.0, 0.0, 0.0, 0.0, 0.0]","[42685, 1703, 197021, 248182]","[16, 16, 16, 16]","[347.23693084716797, 5925.125453948975, 1171.4280986785889, 2361.8194580078125]","[84.8398208618164, 133.32498168945312, 347.2369689941406, 1605.308349609375, 1127.953369140625, 326.01776123046875, 5925.12646484375, 1171.4281005859375, 211.54522705078125, 0.0, 674.8695068359375, 336.0775146484375, 2361.819580078125]", Eight,0.7274684906005859,0.2676207423210144,0.7274684906005859,0.004901644308120012,-0.9999998485579221,"[{""token"": "" Eight"", ""token_id"": 38923, ""probability"": 0.7274684906005859}, {""token"": "" Six"", ""token_id"": 19759, ""probability"": 0.2676207423210144}, {""token"": "" Four"", ""token_id"": 13038, ""probability"": 0.004901644308120012}, {""token"": "" Many"", ""token_id"": 8732, ""probability"": 3.481022304185899e-06}, {""token"": "" Legs"", ""token_id"": 156403, ""probability"": 2.1113467028044397e-06}, {""token"": "" Two"", ""token_id"": 8512, ""probability"": 1.6443184449599357e-06}, {""token"": ""Eight"", ""token_id"": 80357, ""probability"": 9.973296073439997e-07}, {""token"": "" Typically"", ""token_id"": 50338, ""probability"": 3.668970407488814e-07}, {""token"": "" Usually"", ""token_id"": 34645, ""probability"": 2.2253429676766245e-07}, {""token"": "" Some"", ""token_id"": 4943, ""probability"": 2.2253429676766245e-07}, {""token"": ""Six"", ""token_id"": 44955, ""probability"": 3.8670663116135984e-08}, {""token"": "" Several"", ""token_id"": 22624, ""probability"": 3.0116744653696514e-08}]"
"[""triple_refined""]",L7+L22+L27,"[7, 22, 27]",1.0,2.75,3.25,2.75,8.75,5.0682837331783235,3.25,False,6924.10692933166,"[14209, 137239, 23422, 23422, 60476, 129426, 129426, 144881, 144881]","[16, 16, 16, 21, 16, 16, 21, 16, 21]","[0.0, 0.0, 0.0, 0.0, 0.0, 0.0, 0.0, 0.0, 0.0]","[42685, 1703, 197021, 248182]","[16, 16, 16, 16]","[347.23693084716797, 5925.125453948975, 1171.4280986785889, 2598.0014038085938]","[84.8398208618164, 133.32498168945312, 347.2369689941406, 1605.308349609375, 1127.953369140625, 326.01776123046875, 5925.12646484375, 1171.4281005859375, 211.54522705078125, 0.0, 674.8695068359375, 336.0775146484375, 2598.001708984375]", Eight,0.7282589077949524,0.26791149377822876,0.7282589077949524,0.00382155179977417,-0.9999999486752253,"[{""token"": "" Eight"", ""token_id"": 38923, ""probability"": 0.7282589077949524}, {""token"": "" Six"", ""token_id"": 19759, ""probability"": 0.26791149377822876}, {""token"": "" Four"", ""token_id"": 13038, ""probability"": 0.00382155179977417}, {""token"": "" Many"", ""token_id"": 8732, ""probability"": 2.7139683425048133e-06}, {""token"": "" Legs"", ""token_id"": 156403, ""probability"": 2.1136406758159865e-06}, {""token"": "" Two"", ""token_id"": 8512, ""probability"": 1.646105033614731e-06}, {""token"": ""Eight"", ""token_id"": 80357, ""probability"": 7.775649351060565e-07}, {""token"": "" Typically"", ""token_id"": 50338, ""probability"": 3.6729568364535226e-07}, {""token"": "" Usually"", ""token_id"": 34645, ""probability"": 1.7349817937883927e-07}, {""token"": "" Some"", ""token_id"": 4943, ""probability"": 1.7349817937883927e-07}, {""token"": ""Six"", ""token_id"": 44955, ""probability"": 3.871268106081516e-08}, {""token"": "" Several"", ""token_id"": 22624, ""probability"": 3.014946514667827e-08}]"
"[""triple_refined""]",L7+L22+L27,"[7, 22, 27]",1.0,2.75,3.25,3.0,9.0,5.208166663999915,3.25,False,7016.141427594988,"[14209, 137239, 23422, 23422, 60476, 129426, 129426, 144881, 144881]","[16, 16, 16, 21, 16, 16, 21, 16, 21]","[0.0, 0.0, 0.0, 0.0, 0.0, 0.0, 0.0, 0.0, 0.0]","[42685, 1703, 197021, 248182]","[16, 16, 16, 16]","[347.23693084716797, 5925.125453948975, 1171.4280986785889, 2834.183349609375]","[84.8398208618164, 133.32498168945312, 347.2369689941406, 1605.308349609375, 1127.953369140625, 326.01776123046875, 5925.12646484375, 1171.4281005859375, 211.54522705078125, 0.0, 674.8695068359375, 336.0775146484375, 2834.18359375]", Eight,0.728259265422821,0.2679116427898407,0.728259265422821,0.003821553895249963,-0.9999998835505255,"[{""token"": "" Eight"", ""token_id"": 38923, ""probability"": 0.728259265422821}, {""token"": "" Six"", ""token_id"": 19759, ""probability"": 0.2679116427898407}, {""token"": "" Four"", ""token_id"": 13038, ""probability"": 0.003821553895249963}, {""token"": "" Many"", ""token_id"": 8732, ""probability"": 2.713969706746866e-06}, {""token"": "" Two"", ""token_id"": 8512, ""probability"": 1.646105829422595e-06}, {""token"": "" Legs"", ""token_id"": 156403, ""probability"": 1.646105829422595e-06}, {""token"": ""Eight"", ""token_id"": 80357, ""probability"": 7.775653330099885e-07}, {""token"": "" Typically"", ""token_id"": 50338, ""probability"": 3.6729585417560884e-07}, {""token"": "" Some"", ""token_id"": 4943, ""probability"": 1.7349827885482227e-07}, {""token"": "" Usually"", ""token_id"": 34645, ""probability"": 1.7349827885482227e-07}, {""token"": ""Six"", ""token_id"": 44955, ""probability"": 3.014947935753298e-08}, {""token"": "" Several"", ""token_id"": 22624, ""probability"": 3.014947935753298e-08}]"
"[""triple_refined""]",L7+L22+L27,"[7, 22, 27]",1.0,2.75,3.25,3.25,9.25,5.356071321407137,3.25,False,7114.8287442912815,"[14209, 137239, 23422, 23422, 60476, 129426, 129426, 144881, 144881]","[16, 16, 16, 21, 16, 16, 21, 16, 21]","[0.0, 0.0, 0.0, 0.0, 0.0, 0.0, 0.0, 0.0, 0.0]","[42685, 1703, 197021, 248182]","[16, 16, 16, 16]","[347.23693084716797, 5925.125453948975, 1171.4280986785889, 3070.3652954101562]","[84.8398208618164, 133.32498168945312, 347.2369689941406, 1605.308349609375, 1127.953369140625, 326.01776123046875, 5925.12646484375, 1171.4281005859375, 211.54522705078125, 0.0, 674.8695068359375, 336.0775146484375, 3070.365478515625]", Eight,0.7282596230506897,0.26791179180145264,0.7282596230506897,0.0038215559907257557,-0.999999818425894,"[{""token"": "" Eight"", ""token_id"": 38923, ""probability"": 0.7282596230506897}, {""token"": "" Six"", ""token_id"": 19759, ""probability"": 0.26791179180145264}, {""token"": "" Four"", ""token_id"": 13038, ""probability"": 0.0038215559907257557}, {""token"": "" Many"", ""token_id"": 8732, ""probability"": 2.7139710709889187e-06}, {""token"": "" Legs"", ""token_id"": 156403, ""probability"": 1.6461067389172968e-06}, {""token"": "" Two"", ""token_id"": 8512, ""probability"": 1.2819891708204523e-06}, {""token"": ""Eight"", ""token_id"": 80357, ""probability"": 7.775657309139206e-07}, {""token"": "" Typically"", ""token_id"": 50338, ""probability"": 2.860504366708483e-07}, {""token"": "" Some"", ""token_id"": 4943, ""probability"": 1.7349836411995057e-07}, {""token"": "" Usually"", ""token_id"": 34645, ""probability"": 1.7349836411995057e-07}, {""token"": ""Six"", ""token_id"": 44955, ""probability"": 3.0149497121101376e-08}, {""token"": "" Several"", ""token_id"": 22624, ""probability"": 3.0149497121101376e-08}]"
"[""triple_refined""]",L7+L22+L27,"[7, 22, 27]",1.0,2.75,3.25,3.5,9.5,5.5113519212621505,3.5,False,7219.896300058995,"[14209, 137239, 23422, 23422, 60476, 129426, 129426, 144881, 144881]","[16, 16, 16, 21, 16, 16, 21, 16, 21]","[0.0, 0.0, 0.0, 0.0, 0.0, 0.0, 0.0, 0.0, 0.0]","[42685, 1703, 197021, 248182]","[16, 16, 16, 16]","[347.23693084716797, 5925.125453948975, 1171.4280986785889, 3306.5472412109375]","[84.8398208618164, 133.32498168945312, 347.2369689941406, 1605.308349609375, 1127.953369140625, 326.01776123046875, 5925.12646484375, 1171.4281005859375, 211.54522705078125, 0.0, 674.8695068359375, 336.0775146484375, 3306.5478515625]", Eight,0.7282596230506897,0.26791179180145264,0.7282596230506897,0.0038215559907257557,-0.999999818425894,"[{""token"": "" Eight"", ""token_id"": 38923, ""probability"": 0.7282596230506897}, {""token"": "" Six"", ""token_id"": 19759, ""probability"": 0.26791179180145264}, {""token"": "" Four"", ""token_id"": 13038, ""probability"": 0.0038215559907257557}, {""token"": "" Many"", ""token_id"": 8732, ""probability"": 2.7139710709889187e-06}, {""token"": "" Legs"", ""token_id"": 156403, ""probability"": 1.6461067389172968e-06}, {""token"": "" Two"", ""token_id"": 8512, ""probability"": 1.2819891708204523e-06}, {""token"": ""Eight"", ""token_id"": 80357, ""probability"": 7.775657309139206e-07}, {""token"": "" Typically"", ""token_id"": 50338, ""probability"": 2.860504366708483e-07}, {""token"": "" Usually"", ""token_id"": 34645, ""probability"": 1.7349836411995057e-07}, {""token"": "" Some"", ""token_id"": 4943, ""probability"": 1.7349836411995057e-07}, {""token"": ""Six"", ""token_id"": 44955, ""probability"": 3.0149497121101376e-08}, {""token"": "" Several"", ""token_id"": 22624, ""probability"": 2.348045136102428e-08}]"
"[""triple_refined""]",L7+L22+L27,"[7, 22, 27]",1.0,2.75,3.5,2.5,8.75,5.105144464165535,3.5,False,7245.214953043991,"[14209, 137239, 23422, 23422, 60476, 129426, 129426, 144881, 144881]","[16, 16, 16, 21, 16, 16, 21, 16, 21]","[0.0, 0.0, 0.0, 0.0, 0.0, 0.0, 0.0, 0.0, 0.0]","[42685, 1703, 197021, 248182]","[16, 16, 16, 16]","[347.23693084716797, 6380.904335021973, 1261.5379524230957, 2361.8194580078125]","[84.8398208618164, 133.32498168945312, 347.2369689941406, 1605.308349609375, 1127.953369140625, 326.01776123046875, 6380.9052734375, 1261.5379638671875, 165.8581085205078, 0.0, 607.2640380859375, 331.8300476074219, 2361.819580078125]", Eight,0.7282592058181763,0.2679116129875183,0.7282592058181763,0.003821553662419319,-0.9999999129445343,"[{""token"": "" Eight"", ""token_id"": 38923, ""probability"": 0.7282592058181763}, {""token"": "" Six"", ""token_id"": 19759, ""probability"": 0.2679116129875183}, {""token"": "" Four"", ""token_id"": 13038, ""probability"": 0.003821553662419319}, {""token"": "" Many"", ""token_id"": 8732, ""probability"": 2.7139694793731906e-06}, {""token"": "" Two"", ""token_id"": 8512, ""probability"": 1.6461057157357573e-06}, {""token"": "" Legs"", ""token_id"": 156403, ""probability"": 1.6461057157357573e-06}, {""token"": ""Eight"", ""token_id"": 80357, ""probability"": 7.775652761665697e-07}, {""token"": "" Typically"", ""token_id"": 50338, ""probability"": 3.672958257538994e-07}, {""token"": "" Usually"", ""token_id"": 34645, ""probability"": 1.7349826464396756e-07}, {""token"": "" Some"", ""token_id"": 4943, ""probability"": 1.7349826464396756e-07}, {""token"": ""Six"", ""token_id"": 44955, ""probability"": 3.871269527166987e-08}, {""token"": "" Several"", ""token_id"": 22624, ""probability"": 3.014947935753298e-08}]"
"[""triple_refined""]",L7+L22+L27,"[7, 22, 27]",1.0,2.75,3.5,2.75,9.0,5.232112384114087,3.5,False,7325.609931388482,"[14209, 137239, 23422, 23422, 60476, 129426, 129426, 144881, 144881]","[16, 16, 16, 21, 16, 16, 21, 16, 21]","[0.0, 0.0, 0.0, 0.0, 0.0, 0.0, 0.0, 0.0, 0.0]","[42685, 1703, 197021, 248182]","[16, 16, 16, 16]","[347.23693084716797, 6380.904335021973, 1261.5379524230957, 2598.0014038085938]","[84.8398208618164, 133.32498168945312, 347.2369689941406, 1605.308349609375, 1127.953369140625, 326.01776123046875, 6380.9052734375, 1261.5379638671875, 165.8581085205078, 0.0, 607.2640380859375, 331.8300476074219, 2598.001708984375]", Eight,0.7288764715194702,0.26813870668411255,0.7288764715194702,0.0029787516687065363,-0.9999998595558237,"[{""token"": "" Eight"", ""token_id"": 38923, ""probability"": 0.7288764715194702}, {""token"": "" Six"", ""token_id"": 19759, ""probability"": 0.26813870668411255}, {""token"": "" Four"", ""token_id"": 13038, ""probability"": 0.0029787516687065363}, {""token"": "" Many"", ""token_id"": 8732, ""probability"": 2.115433289873181e-06}, {""token"": "" Two"", ""token_id"": 8512, ""probability"": 1.2830749938075314e-06}, {""token"": "" Legs"", ""token_id"": 156403, ""probability"": 1.2830749938075314e-06}, {""token"": ""Eight"", ""token_id"": 80357, ""probability"": 7.782243756082607e-07}, {""token"": "" Typically"", ""token_id"": 50338, ""probability"": 2.862927317437425e-07}, {""token"": "" Usually"", ""token_id"": 34645, ""probability"": 1.3523512620849942e-07}, {""token"": "" Some"", ""token_id"": 4943, ""probability"": 1.3523512620849942e-07}, {""token"": ""Six"", ""token_id"": 44955, ""probability"": 3.0175034027024594e-08}, {""token"": ""\n\n"", ""token_id"": 108, ""probability"": 2.3500339452198205e-08}]"
"[""triple_refined""]",L7+L22+L27,"[7, 22, 27]",1.0,2.75,3.5,3.0,9.25,5.367727638395972,3.5,False,7412.66110314329,"[14209, 137239, 23422, 23422, 60476, 129426, 129426, 144881, 144881]","[16, 16, 16, 21, 16, 16, 21, 16, 21]","[0.0, 0.0, 0.0, 0.0, 0.0, 0.0, 0.0, 0.0, 0.0]","[42685, 1703, 197021, 248182]","[16, 16, 16, 16]","[347.23693084716797, 6380.904335021973, 1261.5379524230957, 2834.183349609375]","[84.8398208618164, 133.32498168945312, 347.2369689941406, 1605.308349609375, 1127.953369140625, 326.01776123046875, 6380.9052734375, 1261.5379638671875, 165.8581085205078, 0.0, 607.2640380859375, 331.8300476074219, 2834.18359375]", Eight,0.676761269569397,0.3196793794631958,0.676761269569397,0.00355131714604795,-0.7500000265013425,"[{""token"": "" Eight"", ""token_id"": 38923, ""probability"": 0.676761269569397}, {""token"": "" Six"", ""token_id"": 19759, ""probability"": 0.3196793794631958}, {""token"": "" Four"", ""token_id"": 13038, ""probability"": 0.00355131714604795}, {""token"": "" Many"", ""token_id"": 8732, ""probability"": 3.2383823054260574e-06}, {""token"": "" Two"", ""token_id"": 8512, ""probability"": 1.5297033542083227e-06}, {""token"": "" Legs"", ""token_id"": 156403, ""probability"": 1.5297033542083227e-06}, {""token"": ""Eight"", ""token_id"": 80357, ""probability"": 9.278120387534727e-07}, {""token"": "" Typically"", ""token_id"": 50338, ""probability"": 3.4132295922972844e-07}, {""token"": "" Usually"", ""token_id"": 34645, ""probability"": 2.0702283620721573e-07}, {""token"": "" Some"", ""token_id"": 4943, ""probability"": 2.0702283620721573e-07}, {""token"": ""Six"", ""token_id"": 44955, ""probability"": 4.619304050379469e-08}, {""token"": ""\n\n"", ""token_id"": 108, ""probability"": 2.80174958788848e-08}]"
"[""triple_refined""]",L7+L22+L27,"[7, 22, 27]",1.0,2.75,3.5,3.25,9.5,5.5113519212621505,3.5,False,7506.136966418367,"[14209, 137239, 23422, 23422, 60476, 129426, 129426, 144881, 144881]","[16, 16, 16, 21, 16, 16, 21, 16, 21]","[0.0, 0.0, 0.0, 0.0, 0.0, 0.0, 0.0, 0.0, 0.0]","[42685, 1703, 197021, 248182]","[16, 16, 16, 16]","[347.23693084716797, 6380.904335021973, 1261.5379524230957, 3070.3652954101562]","[84.8398208618164, 133.32498168945312, 347.2369689941406, 1605.308349609375, 1127.953369140625, 326.01776123046875, 6380.9052734375, 1261.5379638671875, 165.8581085205078, 0.0, 607.2640380859375, 331.8300476074219, 3070.365478515625]", Eight,0.6772933006286621,0.31993070244789124,0.6772933006286621,0.0027679428458213806,-0.749999997388977,"[{""token"": "" Eight"", ""token_id"": 38923, ""probability"": 0.6772933006286621}, {""token"": "" Six"", ""token_id"": 19759, ""probability"": 0.31993070244789124}, {""token"": "" Four"", ""token_id"": 13038, ""probability"": 0.0027679428458213806}, {""token"": "" Many"", ""token_id"": 8732, ""probability"": 3.2409282084699953e-06}, {""token"": "" Two"", ""token_id"": 8512, ""probability"": 1.530905933577742e-06}, {""token"": "" Legs"", ""token_id"": 156403, ""probability"": 1.530905933577742e-06}, {""token"": ""Eight"", ""token_id"": 80357, ""probability"": 9.285414535042946e-07}, {""token"": "" Typically"", ""token_id"": 50338, ""probability"": 3.415912885884609e-07}, {""token"": "" Usually"", ""token_id"": 34645, ""probability"": 2.0718559312626894e-07}, {""token"": "" Some"", ""token_id"": 4943, ""probability"": 2.0718559312626894e-07}, {""token"": ""Six"", ""token_id"": 44955, ""probability"": 4.622935634301939e-08}, {""token"": "" Several"", ""token_id"": 22624, ""probability"": 3.600345976906283e-08}]"
"[""triple_refined""]",L7+L22+L27,"[7, 22, 27]",1.0,2.75,3.5,3.5,9.75,5.662375826453062,3.5,False,7605.800857348581,"[14209, 137239, 23422, 23422, 60476, 129426, 129426, 144881, 144881]","[16, 16, 16, 21, 16, 16, 21, 16, 21]","[0.0, 0.0, 0.0, 0.0, 0.0, 0.0, 0.0, 0.0, 0.0]","[42685, 1703, 197021, 248182]","[16, 16, 16, 16]","[347.23693084716797, 6380.904335021973, 1261.5379524230957, 3306.5472412109375]","[84.8398208618164, 133.32498168945312, 347.2369689941406, 1605.308349609375, 1127.953369140625, 326.01776123046875, 6380.9052734375, 1261.5379638671875, 165.8581085205078, 0.0, 607.2640380859375, 331.8300476074219, 3306.5478515625]", Eight,0.6760789752006531,0.31935709714889526,0.6760789752006531,0.004555384162813425,-0.7499999929461882,"[{""token"": "" Eight"", ""token_id"": 38923, ""probability"": 0.6760789752006531}, {""token"": "" Six"", ""token_id"": 19759, ""probability"": 0.31935709714889526}, {""token"": "" Four"", ""token_id"": 13038, ""probability"": 0.004555384162813425}, {""token"": "" Many"", ""token_id"": 8732, ""probability"": 3.235117446820368e-06}, {""token"": "" Two"", ""token_id"": 8512, ""probability"": 1.962197984539671e-06}, {""token"": "" Legs"", ""token_id"": 156403, ""probability"": 1.528161192254629e-06}, {""token"": ""Eight"", ""token_id"": 80357, ""probability"": 9.268766234526993e-07}, {""token"": "" Typically"", ""token_id"": 50338, ""probability"": 3.4097885759365454e-07}, {""token"": "" Some"", ""token_id"": 4943, ""probability"": 2.0681412138401356e-07}, {""token"": "" Usually"", ""token_id"": 34645, ""probability"": 2.0681412138401356e-07}, {""token"": ""Six"", ""token_id"": 44955, ""probability"": 3.5938906961519024e-08}, {""token"": "" Several"", ""token_id"": 22624, ""probability"": 3.5938906961519024e-08}]"
"[""triple_refined""]",L7+L22+L27,"[7, 22, 27]",1.0,3.0,2.5,2.5,8.0,4.636809247747852,3.0,False,5656.934093508867,"[14209, 137239, 23422, 23422, 60476, 129426, 129426, 144881, 144881]","[16, 16, 16, 21, 16, 16, 21, 16, 21]","[0.0, 0.0, 0.0, 0.0, 0.0, 0.0, 0.0, 0.0, 0.0]","[42685, 1703, 197021, 248182]","[16, 16, 16, 16]","[378.8039245605469, 4557.7888107299805, 901.0985374450684, 2361.8194580078125]","[84.8398208618164, 133.32498168945312, 378.8039855957031, 1591.051513671875, 1060.6297607421875, 313.93743896484375, 4557.78955078125, 901.0985107421875, 332.6148681640625, 0.0, 839.1011352539062, 314.8987121582031, 2361.819580078125]", Eight,0.4986873269081116,0.4986873269081116,0.4986873269081116,0.002616870915517211,0.0,"[{""token"": "" Eight"", ""token_id"": 38923, ""probability"": 0.4986873269081116}, {""token"": "" Six"", ""token_id"": 19759, ""probability"": 0.4986873269081116}, {""token"": "" Four"", ""token_id"": 13038, ""probability"": 0.002616870915517211}, {""token"": "" Many"", ""token_id"": 8732, ""probability"": 3.064040811295854e-06}, {""token"": "" Two"", ""token_id"": 8512, ""probability"": 2.3862776288297027e-06}, {""token"": "" Legs"", ""token_id"": 156403, ""probability"": 1.4473505416390253e-06}, {""token"": ""Eight"", ""token_id"": 80357, ""probability"": 6.836799570919538e-07}, {""token"": "" Typically"", ""token_id"": 50338, ""probability"": 2.515117785151233e-07}, {""token"": "" Some"", ""token_id"": 4943, ""probability"": 2.515117785151233e-07}, {""token"": "" Usually"", ""token_id"": 34645, ""probability"": 1.5254960317179211e-07}, {""token"": ""Six"", ""token_id"": 44955, ""probability"": 5.611986608755615e-08}, {""token"": "" Several"", ""token_id"": 22624, ""probability"": 3.4038418306181484e-08}]"
"[""triple_refined""]",L7+L22+L27,"[7, 22, 27]",1.0,3.0,2.5,2.75,8.25,4.7762432936357,3.0,False,5759.542038161394,"[14209, 137239, 23422, 23422, 60476, 129426, 129426, 144881, 144881]","[16, 16, 16, 21, 16, 16, 21, 16, 21]","[0.0, 0.0, 0.0, 0.0, 0.0, 0.0, 0.0, 0.0, 0.0]","[42685, 1703, 197021, 248182]","[16, 16, 16, 16]","[378.8039245605469, 4557.7888107299805, 901.0985374450684, 2598.0014038085938]","[84.8398208618164, 133.32498168945312, 378.8039855957031, 1591.051513671875, 1060.6297607421875, 313.93743896484375, 4557.78955078125, 901.0985107421875, 332.6148681640625, 0.0, 839.1011352539062, 314.8987121582031, 2598.001708984375]", Eight,0.4986873269081116,0.4986873269081116,0.4986873269081116,0.002616870915517211,0.0,"[{""token"": "" Eight"", ""token_id"": 38923, ""probability"": 0.4986873269081116}, {""token"": "" Six"", ""token_id"": 19759, ""probability"": 0.4986873269081116}, {""token"": "" Four"", ""token_id"": 13038, ""probability"": 0.002616870915517211}, {""token"": "" Many"", ""token_id"": 8732, ""probability"": 3.064040811295854e-06}, {""token"": "" Two"", ""token_id"": 8512, ""probability"": 2.3862776288297027e-06}, {""token"": "" Legs"", ""token_id"": 156403, ""probability"": 1.4473505416390253e-06}, {""token"": ""Eight"", ""token_id"": 80357, ""probability"": 6.836799570919538e-07}, {""token"": "" Typically"", ""token_id"": 50338, ""probability"": 2.515117785151233e-07}, {""token"": "" Some"", ""token_id"": 4943, ""probability"": 2.515117785151233e-07}, {""token"": "" Usually"", ""token_id"": 34645, ""probability"": 1.5254960317179211e-07}, {""token"": ""Six"", ""token_id"": 44955, ""probability"": 7.205933627574268e-08}, {""token"": "" Several"", ""token_id"": 22624, ""probability"": 3.4038418306181484e-08}]"
"[""triple_refined""]",L7+L22+L27,"[7, 22, 27]",1.0,3.0,2.5,3.0,8.5,4.924428900898052,3.0,False,5869.8644151755525,"[14209, 137239, 23422, 23422, 60476, 129426, 129426, 144881, 144881]","[16, 16, 16, 21, 16, 16, 21, 16, 21]","[0.0, 0.0, 0.0, 0.0, 0.0, 0.0, 0.0, 0.0, 0.0]","[42685, 1703, 197021, 248182]","[16, 16, 16, 16]","[378.8039245605469, 4557.7888107299805, 901.0985374450684, 2834.183349609375]","[84.8398208618164, 133.32498168945312, 378.8039855957031, 1591.051513671875, 1060.6297607421875, 313.93743896484375, 4557.78955078125, 901.0985107421875, 332.6148681640625, 0.0, 839.1011352539062, 314.8987121582031, 2834.18359375]", Eight,0.560882568359375,0.4368157982826233,0.560882568359375,0.0022921988274902105,-0.24999996604234187,"[{""token"": "" Eight"", ""token_id"": 38923, ""probability"": 0.560882568359375}, {""token"": "" Six"", ""token_id"": 19759, ""probability"": 0.4368157982826233}, {""token"": "" Four"", ""token_id"": 13038, ""probability"": 0.0022921988274902105}, {""token"": "" Many"", ""token_id"": 8732, ""probability"": 3.446181608524057e-06}, {""token"": "" Two"", ""token_id"": 8512, ""probability"": 2.683889078980428e-06}, {""token"": "" Legs"", ""token_id"": 156403, ""probability"": 1.6278610246445169e-06}, {""token"": ""Eight"", ""token_id"": 80357, ""probability"": 7.68947074902826e-07}, {""token"": "" Typically"", ""token_id"": 50338, ""probability"": 2.8287982445363014e-07}, {""token"": "" Some"", ""token_id"": 4943, ""probability"": 2.8287982445363014e-07}, {""token"": "" Usually"", ""token_id"": 34645, ""probability"": 1.7157528020561585e-07}, {""token"": ""Six"", ""token_id"": 44955, ""probability"": 6.311901756816951e-08}, {""token"": "" Several"", ""token_id"": 22624, ""probability"": 4.9157140580291525e-08}]"
"[""triple_refined""]",L7+L22+L27,"[7, 22, 27]",1.0,3.0,2.5,3.25,8.75,5.080600358225394,3.25,False,5987.474908600708,"[14209, 137239, 23422, 23422, 60476, 129426, 129426, 144881, 144881]","[16, 16, 16, 21, 16, 16, 21, 16, 21]","[0.0, 0.0, 0.0, 0.0, 0.0, 0.0, 0.0, 0.0, 0.0]","[42685, 1703, 197021, 248182]","[16, 16, 16, 16]","[378.8039245605469, 4557.7888107299805, 901.0985374450684, 3070.3652954101562]","[84.8398208618164, 133.32498168945312, 378.8039855957031, 1591.051513671875, 1060.6297607421875, 313.93743896484375, 4557.78955078125, 901.0985107421875, 332.6148681640625, 0.0, 839.1011352539062, 314.8987121582031, 3070.365478515625]", Eight,0.49897634983062744,0.49897634983062744,0.49897634983062744,0.0020392024889588356,0.0,"[{""token"": "" Eight"", ""token_id"": 38923, ""probability"": 0.49897634983062744}, {""token"": "" Six"", ""token_id"": 19759, ""probability"": 0.49897634983062744}, {""token"": "" Four"", ""token_id"": 13038, ""probability"": 0.0020392024889588356}, {""token"": "" Many"", ""token_id"": 8732, ""probability"": 3.065816827074741e-06}, {""token"": "" Two"", ""token_id"": 8512, ""probability"": 2.3876605155237485e-06}, {""token"": "" Legs"", ""token_id"": 156403, ""probability"": 1.1278509646217572e-06}, {""token"": ""Eight"", ""token_id"": 80357, ""probability"": 6.840762125648325e-07}, {""token"": "" Typically"", ""token_id"": 50338, ""probability"": 2.5165755346279184e-07}, {""token"": "" Some"", ""token_id"": 4943, ""probability"": 2.5165755346279184e-07}, {""token"": "" Usually"", ""token_id"": 34645, ""probability"": 1.526380231098301e-07}, {""token"": ""Six"", ""token_id"": 44955, ""probability"": 5.6152391181285566e-08}, {""token"": "" Several"", ""token_id"": 22624, ""probability"": 3.405815007795354e-08}]"
"[""triple_refined""]",L7+L22+L27,"[7, 22, 27]",1.0,3.0,2.5,3.5,9.0,5.244044240850758,3.5,False,6111.953067893695,"[14209, 137239, 23422, 23422, 60476, 129426, 129426, 144881, 144881]","[16, 16, 16, 21, 16, 16, 21, 16, 21]","[0.0, 0.0, 0.0, 0.0, 0.0, 0.0, 0.0, 0.0, 0.0]","[42685, 1703, 197021, 248182]","[16, 16, 16, 16]","[378.8039245605469, 4557.7888107299805, 901.0985374450684, 3306.5472412109375]","[84.8398208618164, 133.32498168945312, 378.8039855957031, 1591.051513671875, 1060.6297607421875, 313.93743896484375, 4557.78955078125, 901.0985107421875, 332.6148681640625, 0.0, 839.1011352539062, 314.8987121582031, 3306.5478515625]", Eight,0.5608837604522705,0.4368166923522949,0.5608837604522705,0.0022922037169337273,-0.25000004464107606,"[{""token"": "" Eight"", ""token_id"": 38923, ""probability"": 0.5608837604522705}, {""token"": "" Six"", ""token_id"": 19759, ""probability"": 0.4368166923522949}, {""token"": "" Four"", ""token_id"": 13038, ""probability"": 0.0022922037169337273}, {""token"": "" Many"", ""token_id"": 8732, ""probability"": 2.6838947633223142e-06}, {""token"": "" Two"", ""token_id"": 8512, ""probability"": 2.0902191408822546e-06}, {""token"": "" Legs"", ""token_id"": 156403, ""probability"": 1.267782067770895e-06}, {""token"": ""Eight"", ""token_id"": 80357, ""probability"": 5.988578095639241e-07}, {""token"": "" Typically"", ""token_id"": 50338, ""probability"": 2.2030747004464502e-07}, {""token"": "" Some"", ""token_id"": 4943, ""probability"": 2.2030747004464502e-07}, {""token"": "" Usually"", ""token_id"": 34645, ""probability"": 1.336232315907182e-07}, {""token"": ""Six"", ""token_id"": 44955, ""probability"": 6.31191525712893e-08}, {""token"": "" Several"", ""token_id"": 22624, ""probability"": 2.9815375057751226e-08}]"
"[""triple_refined""]",L7+L22+L27,"[7, 22, 27]",1.0,3.0,2.75,2.5,8.25,4.7762432936357,3.0,False,6036.123045609381,"[14209, 137239, 23422, 23422, 60476, 129426, 129426, 144881, 144881]","[16, 16, 16, 21, 16, 16, 21, 16, 21]","[0.0, 0.0, 0.0, 0.0, 0.0, 0.0, 0.0, 0.0, 0.0]","[42685, 1703, 197021, 248182]","[16, 16, 16, 16]","[378.8039245605469, 5013.5676918029785, 991.2083911895752, 2361.8194580078125]","[84.8398208618164, 133.32498168945312, 378.8039855957031, 1591.051513671875, 1060.6297607421875, 313.93743896484375, 5013.568359375, 991.2084350585938, 293.82781982421875, 0.0, 792.0913696289062, 317.9329833984375, 2361.819580078125]", Eight,0.49868708848953247,0.49868708848953247,0.49868708848953247,0.0026168697513639927,0.0,"[{""token"": "" Eight"", ""token_id"": 38923, ""probability"": 0.49868708848953247}, {""token"": "" Six"", ""token_id"": 19759, ""probability"": 0.49868708848953247}, {""token"": "" Four"", ""token_id"": 13038, ""probability"": 0.0026168697513639927}, {""token"": "" Many"", ""token_id"": 8732, ""probability"": 3.0640394470538013e-06}, {""token"": "" Two"", ""token_id"": 8512, ""probability"": 3.0640394470538013e-06}, {""token"": "" Legs"", ""token_id"": 156403, ""probability"": 1.447349859517999e-06}, {""token"": ""Eight"", ""token_id"": 80357, ""probability"": 5.324502012626908e-07}, {""token"": "" Typically"", ""token_id"": 50338, ""probability"": 2.515116648282856e-07}, {""token"": "" Some"", ""token_id"": 4943, ""probability"": 2.515116648282856e-07}, {""token"": "" Usually"", ""token_id"": 34645, ""probability"": 1.5254953211751854e-07}, {""token"": ""Six"", ""token_id"": 44955, ""probability"": 5.611983766584672e-08}, {""token"": "" Several"", ""token_id"": 22624, ""probability"": 3.403840409532677e-08}]"
"[""triple_refined""]",L7+L22+L27,"[7, 22, 27]",1.0,3.0,2.75,2.75,8.5,4.911720676097125,3.0,False,6132.389629889966,"[14209, 137239, 23422, 23422, 60476, 129426, 129426, 144881, 144881]","[16, 16, 16, 21, 16, 16, 21, 16, 21]","[0.0, 0.0, 0.0, 0.0, 0.0, 0.0, 0.0, 0.0, 0.0]","[42685, 1703, 197021, 248182]","[16, 16, 16, 16]","[378.8039245605469, 5013.5676918029785, 991.2083911895752, 2598.0014038085938]","[84.8398208618164, 133.32498168945312, 378.8039855957031, 1591.051513671875, 1060.6297607421875, 313.93743896484375, 5013.568359375, 991.2084350585938, 293.82781982421875, 0.0, 792.0913696289062, 317.9329833984375, 2598.001708984375]", Eight,0.4986874461174011,0.4986874461174011,0.4986874461174011,0.002616871614009142,0.0,"[{""token"": "" Eight"", ""token_id"": 38923, ""probability"": 0.4986874461174011}, {""token"": "" Six"", ""token_id"": 19759, ""probability"": 0.4986874461174011}, {""token"": "" Four"", ""token_id"": 13038, ""probability"": 0.002616871614009142}, {""token"": "" Many"", ""token_id"": 8732, ""probability"": 3.0640414934168803e-06}, {""token"": "" Two"", ""token_id"": 8512, ""probability"": 2.3862780835770536e-06}, {""token"": "" Legs"", ""token_id"": 156403, ""probability"": 1.4473508826995385e-06}, {""token"": ""Eight"", ""token_id"": 80357, ""probability"": 5.324505991666229e-07}, {""token"": "" Typically"", ""token_id"": 50338, ""probability"": 2.5151183535854216e-07}, {""token"": "" Some"", ""token_id"": 4943, ""probability"": 2.5151183535854216e-07}, {""token"": "" Usually"", ""token_id"": 34645, ""probability"": 1.5254964580435626e-07}, {""token"": ""Six"", ""token_id"": 44955, ""probability"": 7.20593504865974e-08}, {""token"": "" Several"", ""token_id"": 22624, ""probability"": 3.403842896432252e-08}]"
"[""triple_refined""]",L7+L22+L27,"[7, 22, 27]",1.0,3.0,2.75,3.0,8.75,5.055937104039171,3.0,False,6236.119493401159,"[14209, 137239, 23422, 23422, 60476, 129426, 129426, 144881, 144881]","[16, 16, 16, 21, 16, 16, 21, 16, 21]","[0.0, 0.0, 0.0, 0.0, 0.0, 0.0, 0.0, 0.0, 0.0]","[42685, 1703, 197021, 248182]","[16, 16, 16, 16]","[378.8039245605469, 5013.5676918029785, 991.2083911895752, 2834.183349609375]","[84.8398208618164, 133.32498168945312, 378.8039855957031, 1591.051513671875, 1060.6297607421875, 313.93743896484375, 5013.568359375, 991.2084350585938, 293.82781982421875, 0.0, 792.0913696289062, 317.9329833984375, 2834.18359375]", Eight,0.4983159005641937,0.4983159005641937,0.4983159005641937,0.0033576260320842266,0.0,"[{""token"": "" Eight"", ""token_id"": 38923, ""probability"": 0.4983159005641937}, {""token"": "" Six"", ""token_id"": 19759, ""probability"": 0.4983159005641937}, {""token"": "" Four"", ""token_id"": 13038, ""probability"": 0.0033576260320842266}, {""token"": "" Many"", ""token_id"": 8732, ""probability"": 3.931375886168098e-06}, {""token"": "" Two"", ""token_id"": 8512, ""probability"": 3.06175866171543e-06}, {""token"": "" Legs"", ""token_id"": 156403, ""probability"": 1.8570505062598386e-06}, {""token"": ""Eight"", ""token_id"": 80357, ""probability"": 6.831707537457987e-07}, {""token"": "" Typically"", ""token_id"": 50338, ""probability"": 3.227069953481987e-07}, {""token"": "" Some"", ""token_id"": 4943, ""probability"": 3.227069953481987e-07}, {""token"": "" Usually"", ""token_id"": 34645, ""probability"": 1.9573168685838027e-07}, {""token"": ""Six"", ""token_id"": 44955, ""probability"": 7.200566898291072e-08}, {""token"": "" Several"", ""token_id"": 22624, ""probability"": 4.367364425661435e-08}]"
"[""triple_refined""]",L7+L22+L27,"[7, 22, 27]",1.0,3.0,2.75,3.25,9.0,5.208166663999915,3.25,False,6346.946814379079,"[14209, 137239, 23422, 23422, 60476, 129426, 129426, 144881, 144881]","[16, 16, 16, 21, 16, 16, 21, 16, 21]","[0.0, 0.0, 0.0, 0.0, 0.0, 0.0, 0.0, 0.0, 0.0]","[42685, 1703, 197021, 248182]","[16, 16, 16, 16]","[378.8039245605469, 5013.5676918029785, 991.2083911895752, 3070.3652954101562]","[84.8398208618164, 133.32498168945312, 378.8039855957031, 1591.051513671875, 1060.6297607421875, 313.93743896484375, 5013.568359375, 991.2084350585938, 293.82781982421875, 0.0, 792.0913696289062, 317.9329833984375, 3070.365478515625]", Eight,0.4986874461174011,0.4986874461174011,0.4986874461174011,0.002616871614009142,0.0,"[{""token"": "" Eight"", ""token_id"": 38923, ""probability"": 0.4986874461174011}, {""token"": "" Six"", ""token_id"": 19759, ""probability"": 0.4986874461174011}, {""token"": "" Four"", ""token_id"": 13038, ""probability"": 0.002616871614009142}, {""token"": "" Many"", ""token_id"": 8732, ""probability"": 3.0640414934168803e-06}, {""token"": "" Two"", ""token_id"": 8512, ""probability"": 2.3862780835770536e-06}, {""token"": "" Legs"", ""token_id"": 156403, ""probability"": 1.4473508826995385e-06}, {""token"": ""Eight"", ""token_id"": 80357, ""probability"": 5.324505991666229e-07}, {""token"": "" Typically"", ""token_id"": 50338, ""probability"": 2.5151183535854216e-07}, {""token"": "" Some"", ""token_id"": 4943, ""probability"": 2.5151183535854216e-07}, {""token"": "" Usually"", ""token_id"": 34645, ""probability"": 1.5254964580435626e-07}, {""token"": ""Six"", ""token_id"": 44955, ""probability"": 5.611988029841086e-08}, {""token"": "" Several"", ""token_id"": 22624, ""probability"": 3.403842896432252e-08}]"
"[""triple_refined""]",L7+L22+L27,"[7, 22, 27]",1.0,3.0,2.75,3.5,9.25,5.367727638395972,3.5,True,6464.506817040945,"[14209, 137239, 23422, 23422, 60476, 129426, 129426, 144881, 144881]","[16, 16, 16, 21, 16, 16, 21, 16, 21]","[0.0, 0.0, 0.0, 0.0, 0.0, 0.0, 0.0, 0.0, 0.0]","[42685, 1703, 197021, 248182]","[16, 16, 16, 16]","[378.8039245605469, 5013.5676918029785, 991.2083911895752, 3306.5472412109375]","[84.8398208618164, 133.32498168945312, 378.8039855957031, 1591.051513671875, 1060.6297607421875, 313.93743896484375, 5013.568359375, 991.2084350585938, 293.82781982421875, 0.0, 792.0913696289062, 317.9329833984375, 3306.5478515625]", Six,0.5608837008476257,0.5608837008476257,0.43681666254997253,0.0022922034841030836,0.25000000659806776,"[{""token"": "" Six"", ""token_id"": 19759, ""probability"": 0.5608837008476257}, {""token"": "" Eight"", ""token_id"": 38923, ""probability"": 0.43681666254997253}, {""token"": "" Four"", ""token_id"": 13038, ""probability"": 0.0022922034841030836}, {""token"": "" Many"", ""token_id"": 8732, ""probability"": 2.683894535948639e-06}, {""token"": "" Two"", ""token_id"": 8512, ""probability"": 2.090218913508579e-06}, {""token"": "" Legs"", ""token_id"": 156403, ""probability"": 1.2677819540840574e-06}, {""token"": ""Eight"", ""token_id"": 80357, ""probability"": 5.988578095639241e-07}, {""token"": "" Some"", ""token_id"": 4943, ""probability"": 2.8288039288781874e-07}, {""token"": "" Typically"", ""token_id"": 50338, ""probability"": 2.203074558337903e-07}, {""token"": "" Usually"", ""token_id"": 34645, ""probability"": 1.336232315907182e-07}, {""token"": ""Six"", ""token_id"": 44955, ""probability"": 6.311914546586195e-08}, {""token"": "" Several"", ""token_id"": 22624, ""probability"": 2.9815375057751226e-08}]"
"[""triple_refined""]",L7+L22+L27,"[7, 22, 27]",1.0,3.0,3.0,2.5,8.5,4.924428900898052,3.0,False,6424.598106155572,"[14209, 137239, 23422, 23422, 60476, 129426, 129426, 144881, 144881]","[16, 16, 16, 21, 16, 16, 21, 16, 21]","[0.0, 0.0, 0.0, 0.0, 0.0, 0.0, 0.0, 0.0, 0.0]","[42685, 1703, 197021, 248182]","[16, 16, 16, 16]","[378.8039245605469, 5469.346572875977, 1081.318244934082, 2361.8194580078125]","[84.8398208618164, 133.32498168945312, 378.8039855957031, 1591.051513671875, 1060.6297607421875, 313.93743896484375, 5469.34765625, 1081.3182373046875, 249.66561889648438, 0.0, 728.334716796875, 313.1275634765625, 2361.819580078125]", Eight,0.49831631779670715,0.49831631779670715,0.49831631779670715,0.0033576288260519505,0.0,"[{""token"": "" Eight"", ""token_id"": 38923, ""probability"": 0.49831631779670715}, {""token"": "" Six"", ""token_id"": 19759, ""probability"": 0.49831631779670715}, {""token"": "" Four"", ""token_id"": 13038, ""probability"": 0.0033576288260519505}, {""token"": "" Many"", ""token_id"": 8732, ""probability"": 3.0617613901995355e-06}, {""token"": "" Two"", ""token_id"": 8512, ""probability"": 3.0617613901995355e-06}, {""token"": "" Legs"", ""token_id"": 156403, ""probability"": 1.8570520978755667e-06}, {""token"": ""Eight"", ""token_id"": 80357, ""probability"": 6.831713221799873e-07}, {""token"": "" Typically"", ""token_id"": 50338, ""probability"": 3.22707279565293e-07}, {""token"": "" Some"", ""token_id"": 4943, ""probability"": 3.22707279565293e-07}, {""token"": "" Usually"", ""token_id"": 34645, ""probability"": 1.9573184317778214e-07}, {""token"": ""Six"", ""token_id"": 44955, ""probability"": 9.24571850191569e-08}, {""token"": "" Several"", ""token_id"": 22624, ""probability"": 4.367367978375114e-08}]"
"[""triple_refined""]",L7+L22+L27,"[7, 22, 27]",1.0,3.0,3.0,2.75,8.75,5.055937104039171,3.0,True,6515.1271650416065,"[14209, 137239, 23422, 23422, 60476, 129426, 129426, 144881, 144881]","[16, 16, 16, 21, 16, 16, 21, 16, 21]","[0.0, 0.0, 0.0, 0.0, 0.0, 0.0, 0.0, 0.0, 0.0]","[42685, 1703, 197021, 248182]","[16, 16, 16, 16]","[378.8039245605469, 5469.346572875977, 1081.318244934082, 2598.0014038085938]","[84.8398208618164, 133.32498168945312, 378.8039855957031, 1591.051513671875, 1060.6297607421875, 313.93743896484375, 5469.34765625, 1081.3182373046875, 249.66561889648438, 0.0, 728.334716796875, 313.1275634765625, 2598.001708984375]", Six,0.5605170726776123,0.5605170726776123,0.436531126499176,0.0029413236770778894,0.25000001976271413,"[{""token"": "" Six"", ""token_id"": 19759, ""probability"": 0.5605170726776123}, {""token"": "" Eight"", ""token_id"": 38923, ""probability"": 0.436531126499176}, {""token"": "" Four"", ""token_id"": 13038, ""probability"": 0.0029413236770778894}, {""token"": "" Many"", ""token_id"": 8732, ""probability"": 3.4439358387317043e-06}, {""token"": "" Two"", ""token_id"": 8512, ""probability"": 3.4439358387317043e-06}, {""token"": "" Legs"", ""token_id"": 156403, ""probability"": 1.6268002127617365e-06}, {""token"": ""Eight"", ""token_id"": 80357, ""probability"": 7.684459433221491e-07}, {""token"": "" Typically"", ""token_id"": 50338, ""probability"": 3.629881746292085e-07}, {""token"": "" Some"", ""token_id"": 4943, ""probability"": 3.629881746292085e-07}, {""token"": "" Usually"", ""token_id"": 34645, ""probability"": 2.2016344303210644e-07}, {""token"": ""Six"", ""token_id"": 44955, ""probability"": 8.099360826463453e-08}, {""token"": "" Several"", ""token_id"": 22624, ""probability"": 4.912510576104978e-08}]"
"[""triple_refined""]",L7+L22+L27,"[7, 22, 27]",1.0,3.0,3.0,3.25,9.25,5.344389581607987,3.25,False,6717.470749354837,"[14209, 137239, 23422, 23422, 60476, 129426, 129426, 144881, 144881]","[16, 16, 16, 21, 16, 16, 21, 16, 21]","[0.0, 0.0, 0.0, 0.0, 0.0, 0.0, 0.0, 0.0, 0.0]","[42685, 1703, 197021, 248182]","[16, 16, 16, 16]","[378.8039245605469, 5469.346572875977, 1081.318244934082, 3070.3652954101562]","[84.8398208618164, 133.32498168945312, 378.8039855957031, 1591.051513671875, 1060.6297607421875, 313.93743896484375, 5469.34765625, 1081.3182373046875, 249.66561889648438, 0.0, 728.334716796875, 313.1275634765625, 3070.365478515625]", Eight,0.4986873269081116,0.4986873269081116,0.4986873269081116,0.002616870915517211,0.0,"[{""token"": "" Eight"", ""token_id"": 38923, ""probability"": 0.4986873269081116}, {""token"": "" Six"", ""token_id"": 19759, ""probability"": 0.4986873269081116}, {""token"": "" Four"", ""token_id"": 13038, ""probability"": 0.002616870915517211}, {""token"": "" Many"", ""token_id"": 8732, ""probability"": 3.064040811295854e-06}, {""token"": "" Two"", ""token_id"": 8512, ""probability"": 2.3862776288297027e-06}, {""token"": "" Legs"", ""token_id"": 156403, ""probability"": 1.4473505416390253e-06}, {""token"": ""Eight"", ""token_id"": 80357, ""probability"": 6.836799570919538e-07}, {""token"": "" Some"", ""token_id"": 4943, ""probability"": 3.229475282751082e-07}, {""token"": "" Typically"", ""token_id"": 50338, ""probability"": 2.515117785151233e-07}, {""token"": "" Usually"", ""token_id"": 34645, ""probability"": 1.5254960317179211e-07}, {""token"": ""Six"", ""token_id"": 44955, ""probability"": 7.205933627574268e-08}, {""token"": "" Several"", ""token_id"": 22624, ""probability"": 3.4038418306181484e-08}]"
"[""triple_refined""]",L7+L22+L27,"[7, 22, 27]",1.0,3.0,3.0,3.5,9.5,5.5,3.5,False,6828.654903526019,"[14209, 137239, 23422, 23422, 60476, 129426, 129426, 144881, 144881]","[16, 16, 16, 21, 16, 16, 21, 16, 21]","[0.0, 0.0, 0.0, 0.0, 0.0, 0.0, 0.0, 0.0, 0.0]","[42685, 1703, 197021, 248182]","[16, 16, 16, 16]","[378.8039245605469, 5469.346572875977, 1081.318244934082, 3306.5472412109375]","[84.8398208618164, 133.32498168945312, 378.8039855957031, 1591.051513671875, 1060.6297607421875, 313.93743896484375, 5469.34765625, 1081.3182373046875, 249.66561889648438, 0.0, 728.334716796875, 313.1275634765625, 3306.5478515625]", Eight,0.49831685423851013,0.49831685423851013,0.49831685423851013,0.003357632551342249,0.0,"[{""token"": "" Eight"", ""token_id"": 38923, ""probability"": 0.49831685423851013}, {""token"": "" Six"", ""token_id"": 19759, ""probability"": 0.49831685423851013}, {""token"": "" Four"", ""token_id"": 13038, ""probability"": 0.003357632551342249}, {""token"": "" Many"", ""token_id"": 8732, ""probability"": 3.0617645734309917e-06}, {""token"": "" Two"", ""token_id"": 8512, ""probability"": 2.384504796282272e-06}, {""token"": "" Legs"", ""token_id"": 156403, ""probability"": 1.857054030551808e-06}, {""token"": ""Eight"", ""token_id"": 80357, ""probability"": 5.320549121279328e-07}, {""token"": "" Typically"", ""token_id"": 50338, ""probability"": 2.513249341973278e-07}, {""token"": "" Some"", ""token_id"": 4943, ""probability"": 2.513249341973278e-07}, {""token"": "" Usually"", ""token_id"": 34645, ""probability"": 1.524362858162931e-07}, {""token"": ""Six"", ""token_id"": 44955, ""probability"": 5.6078174992535423e-08}, {""token"": "" Several"", ""token_id"": 22624, ""probability"": 3.401313364292946e-08}]"
"[""triple_refined""]",L7+L22+L27,"[7, 22, 27]",1.0,3.0,3.25,2.5,8.75,5.080600358225394,3.25,True,6823.211289627284,"[14209, 137239, 23422, 23422, 60476, 129426, 129426, 144881, 144881]","[16, 16, 16, 21, 16, 16, 21, 16, 21]","[0.0, 0.0, 0.0, 0.0, 0.0, 0.0, 0.0, 0.0, 0.0]","[42685, 1703, 197021, 248182]","[16, 16, 16, 16]","[378.8039245605469, 5925.125453948975, 1171.4280986785889, 2361.8194580078125]","[84.8398208618164, 133.32498168945312, 378.8039855957031, 1591.051513671875, 1060.6297607421875, 313.93743896484375, 5925.12646484375, 1171.4281005859375, 197.78451538085938, 0.0, 662.616455078125, 311.5621032714844, 2361.819580078125]", Six,0.5605178475379944,0.5605178475379944,0.4365317225456238,0.0029413276351988316,0.25000003674982463,"[{""token"": "" Six"", ""token_id"": 19759, ""probability"": 0.5605178475379944}, {""token"": "" Eight"", ""token_id"": 38923, ""probability"": 0.4365317225456238}, {""token"": "" Four"", ""token_id"": 13038, ""probability"": 0.0029413276351988316}, {""token"": "" Many"", ""token_id"": 8732, ""probability"": 3.4439406135788886e-06}, {""token"": "" Two"", ""token_id"": 8512, ""probability"": 2.682143758647726e-06}, {""token"": "" Legs"", ""token_id"": 156403, ""probability"": 1.626802486498491e-06}, {""token"": ""Eight"", ""token_id"": 80357, ""probability"": 4.660866750327841e-07}, {""token"": "" Typically"", ""token_id"": 50338, ""probability"": 2.8269587915019656e-07}, {""token"": "" Some"", ""token_id"": 4943, ""probability"": 2.8269587915019656e-07}, {""token"": "" Usually"", ""token_id"": 34645, ""probability"": 1.714637107852468e-07}, {""token"": ""Six"", ""token_id"": 44955, ""probability"": 4.912517681532336e-08}, {""token"": "" Several"", ""token_id"": 22624, ""probability"": 3.8258725965079066e-08}]"
"[""triple_refined""]",L7+L22+L27,"[7, 22, 27]",1.0,3.0,3.25,2.75,9.0,5.208166663999915,3.25,True,6908.518904507864,"[14209, 137239, 23422, 23422, 60476, 129426, 129426, 144881, 144881]","[16, 16, 16, 21, 16, 16, 21, 16, 21]","[0.0, 0.0, 0.0, 0.0, 0.0, 0.0, 0.0, 0.0, 0.0]","[42685, 1703, 197021, 248182]","[16, 16, 16, 16]","[378.8039245605469, 5925.125453948975, 1171.4280986785889, 2598.0014038085938]","[84.8398208618164, 133.32498168945312, 378.8039855957031, 1591.051513671875, 1060.6297607421875, 313.93743896484375, 5925.12646484375, 1171.4281005859375, 197.78451538085938, 0.0, 662.616455078125, 311.5621032714844, 2598.001708984375]", Six,0.560049295425415,0.560049295425415,0.43616682291030884,0.003773582400754094,0.250000015878312,"[{""token"": "" Six"", ""token_id"": 19759, ""probability"": 0.560049295425415}, {""token"": "" Eight"", ""token_id"": 38923, ""probability"": 0.43616682291030884}, {""token"": "" Four"", ""token_id"": 13038, ""probability"": 0.003773582400754094}, {""token"": "" Many"", ""token_id"": 8732, ""probability"": 3.441061835474102e-06}, {""token"": "" Two"", ""token_id"": 8512, ""probability"": 3.441061835474102e-06}, {""token"": "" Legs"", ""token_id"": 156403, ""probability"": 1.625442564545665e-06}, {""token"": ""Eight"", ""token_id"": 80357, ""probability"": 5.979669026601186e-07}, {""token"": "" Typically"", ""token_id"": 50338, ""probability"": 3.6268525605009927e-07}, {""token"": "" Some"", ""token_id"": 4943, ""probability"": 3.6268525605009927e-07}, {""token"": "" Usually"", ""token_id"": 34645, ""probability"": 2.199797108914936e-07}, {""token"": ""Six"", ""token_id"": 44955, ""probability"": 8.092602143960903e-08}, {""token"": "" Several"", ""token_id"": 22624, ""probability"": 3.8226744436542504e-08}]"
"[""triple_refined""]",L7+L22+L27,"[7, 22, 27]",1.0,3.0,3.25,3.0,9.25,5.344389581607987,3.25,True,7000.75833157655,"[14209, 137239, 23422, 23422, 60476, 129426, 129426, 144881, 144881]","[16, 16, 16, 21, 16, 16, 21, 16, 21]","[0.0, 0.0, 0.0, 0.0, 0.0, 0.0, 0.0, 0.0, 0.0]","[42685, 1703, 197021, 248182]","[16, 16, 16, 16]","[378.8039245605469, 5925.125453948975, 1171.4280986785889, 2834.183349609375]","[84.8398208618164, 133.32498168945312, 378.8039855957031, 1591.051513671875, 1060.6297607421875, 313.93743896484375, 5925.12646484375, 1171.4281005859375, 197.78451538085938, 0.0, 662.616455078125, 311.5621032714844, 2834.18359375]", Six,0.5600484013557434,0.5600484013557434,0.43616610765457153,0.003773576347157359,0.2500000593332876,"[{""token"": "" Six"", ""token_id"": 19759, ""probability"": 0.5600484013557434}, {""token"": "" Eight"", ""token_id"": 38923, ""probability"": 0.43616610765457153}, {""token"": "" Four"", ""token_id"": 13038, ""probability"": 0.003773576347157359}, {""token"": "" Many"", ""token_id"": 8732, ""probability"": 4.418403477757238e-06}, {""token"": "" Two"", ""token_id"": 8512, ""probability"": 3.4410561511322157e-06}, {""token"": "" Legs"", ""token_id"": 156403, ""probability"": 2.0871061678917613e-06}, {""token"": ""Eight"", ""token_id"": 80357, ""probability"": 5.97965936321998e-07}, {""token"": "" Typically"", ""token_id"": 50338, ""probability"": 4.6569633127546695e-07}, {""token"": "" Some"", ""token_id"": 4943, ""probability"": 3.6268465919420123e-07}, {""token"": "" Usually"", ""token_id"": 34645, ""probability"": 2.8245909788893186e-07}, {""token"": ""Six"", ""token_id"": 44955, ""probability"": 6.302514066192089e-08}, {""token"": "" Several"", ""token_id"": 22624, ""probability"": 4.908403283820917e-08}]"
"[""triple_refined""]",L7+L22+L27,"[7, 22, 27]",1.0,3.0,3.25,3.25,9.5,5.488624600025037,3.25,True,7099.6594809693015,"[14209, 137239, 23422, 23422, 60476, 129426, 129426, 144881, 144881]","[16, 16, 16, 21, 16, 16, 21, 16, 21]","[0.0, 0.0, 0.0, 0.0, 0.0, 0.0, 0.0, 0.0, 0.0]","[42685, 1703, 197021, 248182]","[16, 16, 16, 16]","[378.8039245605469, 5925.125453948975, 1171.4280986785889, 3070.3652954101562]","[84.8398208618164, 133.32498168945312, 378.8039855957031, 1591.051513671875, 1060.6297607421875, 313.93743896484375, 5925.12646484375, 1171.4281005859375, 197.78451538085938, 0.0, 662.616455078125, 311.5621032714844, 3070.365478515625]", Six,0.560518205165863,0.560518205165863,0.43653202056884766,0.0029413297306746244,0.24999999207413204,"[{""token"": "" Six"", ""token_id"": 19759, ""probability"": 0.560518205165863}, {""token"": "" Eight"", ""token_id"": 38923, ""probability"": 0.43653202056884766}, {""token"": "" Four"", ""token_id"": 13038, ""probability"": 0.0029413297306746244}, {""token"": "" Many"", ""token_id"": 8732, ""probability"": 2.6821455776371295e-06}, {""token"": "" Two"", ""token_id"": 8512, ""probability"": 2.6821455776371295e-06}, {""token"": "" Legs"", ""token_id"": 156403, ""probability"": 1.6268035096800304e-06}, {""token"": ""Eight"", ""token_id"": 80357, ""probability"": 4.6608698767158785e-07}, {""token"": "" Typically"", ""token_id"": 50338, ""probability"": 2.8269604968045314e-07}, {""token"": "" Some"", ""token_id"": 4943, ""probability"": 2.8269604968045314e-07}, {""token"": "" Usually"", ""token_id"": 34645, ""probability"": 1.7146382447208453e-07}, {""token"": ""Six"", ""token_id"": 44955, ""probability"": 6.307801925231615e-08}, {""token"": "" Several"", ""token_id"": 22624, ""probability"": 2.9795945266641866e-08}]"
"[""triple_refined""]",L7+L22+L27,"[7, 22, 27]",1.0,3.0,3.25,3.5,9.75,5.640257086339239,3.5,True,7204.948248858516,"[14209, 137239, 23422, 23422, 60476, 129426, 129426, 144881, 144881]","[16, 16, 16, 21, 16, 16, 21, 16, 21]","[0.0, 0.0, 0.0, 0.0, 0.0, 0.0, 0.0, 0.0, 0.0]","[42685, 1703, 197021, 248182]","[16, 16, 16, 16]","[378.8039245605469, 5925.125453948975, 1171.4280986785889, 3306.5472412109375]","[84.8398208618164, 133.32498168945312, 378.8039855957031, 1591.051513671875, 1060.6297607421875, 313.93743896484375, 5925.12646484375, 1171.4281005859375, 197.78451538085938, 0.0, 662.616455078125, 311.5621032714844, 3306.5478515625]", Six,0.5605177879333496,0.5605177879333496,0.436531662940979,0.002941327402368188,0.25000006695267907,"[{""token"": "" Six"", ""token_id"": 19759, ""probability"": 0.5605177879333496}, {""token"": "" Eight"", ""token_id"": 38923, ""probability"": 0.436531662940979}, {""token"": "" Four"", ""token_id"": 13038, ""probability"": 0.002941327402368188}, {""token"": "" Many"", ""token_id"": 8732, ""probability"": 3.4439401588315377e-06}, {""token"": "" Two"", ""token_id"": 8512, ""probability"": 2.6821435312740505e-06}, {""token"": "" Legs"", ""token_id"": 156403, ""probability"": 1.6268022591248155e-06}, {""token"": ""Eight"", ""token_id"": 80357, ""probability"": 4.6608661818936525e-07}, {""token"": "" Typically"", ""token_id"": 50338, ""probability"": 3.629886293765594e-07}, {""token"": "" Some"", ""token_id"": 4943, ""probability"": 2.826958223067777e-07}, {""token"": "" Usually"", ""token_id"": 34645, ""probability"": 1.7146368236353737e-07}, {""token"": ""Six"", ""token_id"": 44955, ""probability"": 4.9125169709896e-08}, {""token"": "" Several"", ""token_id"": 22624, ""probability"": 3.825871885965171e-08}]"
"[""triple_refined""]",L7+L22+L27,"[7, 22, 27]",1.0,3.0,3.5,2.5,9.0,5.244044240850758,3.5,True,7232.075417801581,"[14209, 137239, 23422, 23422, 60476, 129426, 129426, 144881, 144881]","[16, 16, 16, 21, 16, 16, 21, 16, 21]","[0.0, 0.0, 0.0, 0.0, 0.0, 0.0, 0.0, 0.0, 0.0]","[42685, 1703, 197021, 248182]","[16, 16, 16, 16]","[378.8039245605469, 6380.904335021973, 1261.5379524230957, 2361.8194580078125]","[84.8398208618164, 133.32498168945312, 378.8039855957031, 1591.051513671875, 1060.6297607421875, 313.93743896484375, 6380.9052734375, 1261.5379638671875, 157.78009033203125, 0.0, 610.1229248046875, 311.0393981933594, 2361.819580078125]", Six,0.5605179667472839,0.5605179667472839,0.43653184175491333,0.002941328566521406,0.24999997634413795,"[{""token"": "" Six"", ""token_id"": 19759, ""probability"": 0.5605179667472839}, {""token"": "" Eight"", ""token_id"": 38923, ""probability"": 0.43653184175491333}, {""token"": "" Four"", ""token_id"": 13038, ""probability"": 0.002941328566521406}, {""token"": "" Many"", ""token_id"": 8732, ""probability"": 3.4439415230735904e-06}, {""token"": "" Two"", ""token_id"": 8512, ""probability"": 2.6821444407687522e-06}, {""token"": "" Legs"", ""token_id"": 156403, ""probability"": 1.2669553370869835e-06}, {""token"": ""Eight"", ""token_id"": 80357, ""probability"": 5.984672952763503e-07}, {""token"": "" Some"", ""token_id"": 4943, ""probability"": 2.826959359936154e-07}, {""token"": "" Typically"", ""token_id"": 50338, ""probability"": 2.2016381251432904e-07}, {""token"": "" Usually"", ""token_id"": 34645, ""probability"": 1.7146375341781095e-07}, {""token"": ""Six"", ""token_id"": 44955, ""probability"": 6.307799083060672e-08}, {""token"": "" Several"", ""token_id"": 22624, ""probability"": 3.82587366232201e-08}]"
"[""triple_refined""]",L7+L22+L27,"[7, 22, 27]",1.0,3.0,3.5,2.75,9.25,5.367727638395972,3.5,True,7312.614853786246,"[14209, 137239, 23422, 23422, 60476, 129426, 129426, 144881, 144881]","[16, 16, 16, 21, 16, 16, 21, 16, 21]","[0.0, 0.0, 0.0, 0.0, 0.0, 0.0, 0.0, 0.0, 0.0]","[42685, 1703, 197021, 248182]","[16, 16, 16, 16]","[378.8039245605469, 6380.904335021973, 1261.5379524230957, 2598.0014038085938]","[84.8398208618164, 133.32498168945312, 378.8039855957031, 1591.051513671875, 1060.6297607421875, 313.93743896484375, 6380.9052734375, 1261.5379638671875, 157.78009033203125, 0.0, 610.1229248046875, 311.0393981933594, 2598.001708984375]", Six,0.560516893863678,0.560516893863678,0.4365310072898865,0.002941322745755315,0.24999997382980244,"[{""token"": "" Six"", ""token_id"": 19759, ""probability"": 0.560516893863678}, {""token"": "" Eight"", ""token_id"": 38923, ""probability"": 0.4365310072898865}, {""token"": "" Four"", ""token_id"": 13038, ""probability"": 0.002941322745755315}, {""token"": "" Many"", ""token_id"": 8732, ""probability"": 3.4439349292370025e-06}, {""token"": "" Two"", ""token_id"": 8512, ""probability"": 3.4439349292370025e-06}, {""token"": "" Legs"", ""token_id"": 156403, ""probability"": 2.08885217034549e-06}, {""token"": ""Eight"", ""token_id"": 80357, ""probability"": 5.984661584079731e-07}, {""token"": "" Typically"", ""token_id"": 50338, ""probability"": 3.629880893640802e-07}, {""token"": "" Some"", ""token_id"": 4943, ""probability"": 3.629880893640802e-07}, {""token"": "" Usually"", ""token_id"": 34645, ""probability"": 2.2016338618868758e-07}, {""token"": ""Six"", ""token_id"": 44955, ""probability"": 8.099358694835246e-08}, {""token"": ""\n\n"", ""token_id"": 108, ""probability"": 3.825866201623285e-08}]"
"[""triple_refined""]",L7+L22+L27,"[7, 22, 27]",1.0,3.0,3.5,3.0,9.5,5.5,3.5,True,7399.818900690149,"[14209, 137239, 23422, 23422, 60476, 129426, 129426, 144881, 144881]","[16, 16, 16, 21, 16, 16, 21, 16, 21]","[0.0, 0.0, 0.0, 0.0, 0.0, 0.0, 0.0, 0.0, 0.0]","[42685, 1703, 197021, 248182]","[16, 16, 16, 16]","[378.8039245605469, 6380.904335021973, 1261.5379524230957, 2834.183349609375]","[84.8398208618164, 133.32498168945312, 378.8039855957031, 1591.051513671875, 1060.6297607421875, 313.93743896484375, 6380.9052734375, 1261.5379638671875, 157.78009033203125, 0.0, 610.1229248046875, 311.0393981933594, 2834.18359375]", Six,0.5600489377975464,0.5600489377975464,0.43616655468940735,0.0037735800724476576,0.24999999226357528,"[{""token"": "" Six"", ""token_id"": 19759, ""probability"": 0.5600489377975464}, {""token"": "" Eight"", ""token_id"": 38923, ""probability"": 0.43616655468940735}, {""token"": "" Four"", ""token_id"": 13038, ""probability"": 0.0037735800724476576}, {""token"": "" Many"", ""token_id"": 8732, ""probability"": 3.441059789111023e-06}, {""token"": "" Two"", ""token_id"": 8512, ""probability"": 3.441059789111023e-06}, {""token"": "" Legs"", ""token_id"": 156403, ""probability"": 2.0871082142548403e-06}, {""token"": ""Eight"", ""token_id"": 80357, ""probability"": 7.678042379666294e-07}, {""token"": "" Typically"", ""token_id"": 50338, ""probability"": 3.626850286764238e-07}, {""token"": "" Some"", ""token_id"": 4943, ""probability"": 3.626850286764238e-07}, {""token"": "" Usually"", ""token_id"": 34645, ""probability"": 2.1997958299380116e-07}, {""token"": ""Six"", ""token_id"": 44955, ""probability"": 8.092597170161753e-08}, {""token"": "" Several"", ""token_id"": 22624, ""probability"": 3.822671956754675e-08}]"
"[""triple_refined""]",L7+L22+L27,"[7, 22, 27]",1.0,3.0,3.5,3.25,9.75,5.640257086339239,3.5,False,7493.454963605906,"[14209, 137239, 23422, 23422, 60476, 129426, 129426, 144881, 144881]","[16, 16, 16, 21, 16, 16, 21, 16, 21]","[0.0, 0.0, 0.0, 0.0, 0.0, 0.0, 0.0, 0.0, 0.0]","[42685, 1703, 197021, 248182]","[16, 16, 16, 16]","[378.8039245605469, 6380.904335021973, 1261.5379524230957, 3070.3652954101562]","[84.8398208618164, 133.32498168945312, 378.8039855957031, 1591.051513671875, 1060.6297607421875, 313.93743896484375, 6380.9052734375, 1261.5379638671875, 157.78009033203125, 0.0, 610.1229248046875, 311.0393981933594, 3070.365478515625]", Eight,0.49831631779670715,0.49831631779670715,0.49831631779670715,0.0033576288260519505,0.0,"[{""token"": "" Eight"", ""token_id"": 38923, ""probability"": 0.49831631779670715}, {""token"": "" Six"", ""token_id"": 19759, ""probability"": 0.49831631779670715}, {""token"": "" Four"", ""token_id"": 13038, ""probability"": 0.0033576288260519505}, {""token"": "" Many"", ""token_id"": 8732, ""probability"": 3.0617613901995355e-06}, {""token"": "" Two"", ""token_id"": 8512, ""probability"": 3.0617613901995355e-06}, {""token"": "" Legs"", ""token_id"": 156403, ""probability"": 1.8570520978755667e-06}, {""token"": ""Eight"", ""token_id"": 80357, ""probability"": 6.831713221799873e-07}, {""token"": "" Typically"", ""token_id"": 50338, ""probability"": 3.22707279565293e-07}, {""token"": "" Some"", ""token_id"": 4943, ""probability"": 3.22707279565293e-07}, {""token"": "" Usually"", ""token_id"": 34645, ""probability"": 1.9573184317778214e-07}, {""token"": ""Six"", ""token_id"": 44955, ""probability"": 7.200572582632958e-08}, {""token"": "" Several"", ""token_id"": 22624, ""probability"": 3.4013094563078994e-08}]"
"[""triple_refined""]",L7+L22+L27,"[7, 22, 27]",1.0,3.0,3.5,3.5,10.0,5.787918451395113,3.5,True,7593.285311023292,"[14209, 137239, 23422, 23422, 60476, 129426, 129426, 144881, 144881]","[16, 16, 16, 21, 16, 16, 21, 16, 21]","[0.0, 0.0, 0.0, 0.0, 0.0, 0.0, 0.0, 0.0, 0.0]","[42685, 1703, 197021, 248182]","[16, 16, 16, 16]","[378.8039245605469, 6380.904335021973, 1261.5379524230957, 3306.5472412109375]","[84.8398208618164, 133.32498168945312, 378.8039855957031, 1591.051513671875, 1060.6297607421875, 313.93743896484375, 6380.9052734375, 1261.5379638671875, 157.78009033203125, 0.0, 610.1229248046875, 311.0393981933594, 3306.5478515625]", Six,0.5600483417510986,0.5600483417510986,0.43616607785224915,0.0037735761143267155,0.25000002123353604,"[{""token"": "" Six"", ""token_id"": 19759, ""probability"": 0.5600483417510986}, {""token"": "" Eight"", ""token_id"": 38923, ""probability"": 0.43616607785224915}, {""token"": "" Four"", ""token_id"": 13038, ""probability"": 0.0037735761143267155}, {""token"": "" Many"", ""token_id"": 8732, ""probability"": 4.418403023009887e-06}, {""token"": "" Two"", ""token_id"": 8512, ""probability"": 3.4410559237585403e-06}, {""token"": "" Legs"", ""token_id"": 156403, ""probability"": 2.087105940518086e-06}, {""token"": ""Eight"", ""token_id"": 80357, ""probability"": 7.678033853153465e-07}, {""token"": "" Typically"", ""token_id"": 50338, ""probability"": 3.6268465919420123e-07}, {""token"": "" Some"", ""token_id"": 4943, ""probability"": 3.6268465919420123e-07}, {""token"": "" Usually"", ""token_id"": 34645, ""probability"": 2.19979341409271e-07}, {""token"": ""Six"", ""token_id"": 44955, ""probability"": 1.0391089233507955e-07}, {""token"": "" Several"", ""token_id"": 22624, ""probability"": 4.908402928549549e-08}]"
"[""triple_refined""]",L7+L22+L27,"[7, 22, 27]",1.0,3.25,2.5,2.5,8.25,4.802343178074636,3.25,False,5643.148497679863,"[14209, 137239, 23422, 23422, 60476, 129426, 129426, 144881, 144881]","[16, 16, 16, 21, 16, 16, 21, 16, 21]","[0.0, 0.0, 0.0, 0.0, 0.0, 0.0, 0.0, 0.0, 0.0]","[42685, 1703, 197021, 248182]","[16, 16, 16, 16]","[410.3709182739258, 4557.7888107299805, 901.0985374450684, 2361.8194580078125]","[84.8398208618164, 133.32498168945312, 410.3709716796875, 1547.2215576171875, 1045.7135009765625, 284.27471923828125, 4557.78955078125, 901.0985107421875, 333.6184997558594, 0.0, 843.3094482421875, 312.14727783203125, 2361.819580078125]", Eight,0.5611667037010193,0.43703705072402954,0.5611667037010193,0.0017860706429928541,-0.2500000401611784,"[{""token"": "" Eight"", ""token_id"": 38923, ""probability"": 0.5611667037010193}, {""token"": "" Six"", ""token_id"": 19759, ""probability"": 0.43703705072402954}, {""token"": "" Four"", ""token_id"": 13038, ""probability"": 0.0017860706429928541}, {""token"": "" Many"", ""token_id"": 8732, ""probability"": 4.427226031111786e-06}, {""token"": "" Two"", ""token_id"": 8512, ""probability"": 2.0912736999889603e-06}, {""token"": "" Legs"", ""token_id"": 156403, ""probability"": 2.0912736999889603e-06}, {""token"": ""Eight"", ""token_id"": 80357, ""probability"": 7.693365660088602e-07}, {""token"": "" Some"", ""token_id"": 4943, ""probability"": 3.6340887277219736e-07}, {""token"": "" Typically"", ""token_id"": 50338, ""probability"": 1.7166219379305403e-07}, {""token"": "" Usually"", ""token_id"": 34645, ""probability"": 1.3369064788548712e-07}, {""token"": ""Six"", ""token_id"": 44955, ""probability"": 8.10874780654558e-08}, {""token"": "" Several"", ""token_id"": 22624, ""probability"": 3.830301409379899e-08}]"
"[""triple_refined""]",L7+L22+L27,"[7, 22, 27]",1.0,3.25,2.5,2.75,8.5,4.937104414532874,3.25,False,5746.002620771402,"[14209, 137239, 23422, 23422, 60476, 129426, 129426, 144881, 144881]","[16, 16, 16, 21, 16, 16, 21, 16, 21]","[0.0, 0.0, 0.0, 0.0, 0.0, 0.0, 0.0, 0.0, 0.0]","[42685, 1703, 197021, 248182]","[16, 16, 16, 16]","[410.3709182739258, 4557.7888107299805, 901.0985374450684, 2598.0014038085938]","[84.8398208618164, 133.32498168945312, 410.3709716796875, 1547.2215576171875, 1045.7135009765625, 284.27471923828125, 4557.78955078125, 901.0985107421875, 333.6184997558594, 0.0, 843.3094482421875, 312.14727783203125, 2598.001708984375]", Eight,0.5613897442817688,0.4372107684612274,0.5613897442817688,0.0013915461022406816,-0.250000009134427,"[{""token"": "" Eight"", ""token_id"": 38923, ""probability"": 0.5613897442817688}, {""token"": "" Six"", ""token_id"": 19759, ""probability"": 0.4372107684612274}, {""token"": "" Four"", ""token_id"": 13038, ""probability"": 0.0013915461022406816}, {""token"": "" Many"", ""token_id"": 8732, ""probability"": 3.4492977647460066e-06}, {""token"": "" Two"", ""token_id"": 8512, ""probability"": 1.6293329281324986e-06}, {""token"": "" Legs"", ""token_id"": 156403, ""probability"": 1.6293329281324986e-06}, {""token"": ""Eight"", ""token_id"": 80357, ""probability"": 5.993980494167772e-07}, {""token"": "" Some"", ""token_id"": 4943, ""probability"": 2.8313559141679434e-07}, {""token"": "" Typically"", ""token_id"": 50338, ""probability"": 1.3374378227126726e-07}, {""token"": "" Usually"", ""token_id"": 34645, ""probability"": 1.0415977413913424e-07}, {""token"": ""Six"", ""token_id"": 44955, ""probability"": 6.317608836070576e-08}, {""token"": "" Several"", ""token_id"": 22624, ""probability"": 2.9842272653013424e-08}]"
"[""triple_refined""]",L7+L22+L27,"[7, 22, 27]",1.0,3.25,2.5,3.0,8.75,5.080600358225394,3.25,False,5856.580049918873,"[14209, 137239, 23422, 23422, 60476, 129426, 129426, 144881, 144881]","[16, 16, 16, 21, 16, 16, 21, 16, 21]","[0.0, 0.0, 0.0, 0.0, 0.0, 0.0, 0.0, 0.0, 0.0]","[42685, 1703, 197021, 248182]","[16, 16, 16, 16]","[410.3709182739258, 4557.7888107299805, 901.0985374450684, 2834.183349609375]","[84.8398208618164, 133.32498168945312, 410.3709716796875, 1547.2215576171875, 1045.7135009765625, 284.27471923828125, 4557.78955078125, 901.0985107421875, 333.6184997558594, 0.0, 843.3094482421875, 312.14727783203125, 2834.18359375]", Eight,0.4992010295391083,0.4992010295391083,0.4992010295391083,0.0015888474881649017,0.0,"[{""token"": "" Eight"", ""token_id"": 38923, ""probability"": 0.4992010295391083}, {""token"": "" Six"", ""token_id"": 19759, ""probability"": 0.4992010295391083}, {""token"": "" Four"", ""token_id"": 13038, ""probability"": 0.0015888474881649017}, {""token"": "" Many"", ""token_id"": 8732, ""probability"": 3.938358986488311e-06}, {""token"": "" Two"", ""token_id"": 8512, ""probability"": 1.8603491298563313e-06}, {""token"": "" Legs"", ""token_id"": 156403, ""probability"": 1.8603491298563313e-06}, {""token"": ""Eight"", ""token_id"": 80357, ""probability"": 6.843841902082204e-07}, {""token"": "" Some"", ""token_id"": 4943, ""probability"": 3.232802043839911e-07}, {""token"": "" Typically"", ""token_id"": 50338, ""probability"": 1.5270674680323282e-07}, {""token"": "" Usually"", ""token_id"": 34645, ""probability"": 9.26213346019722e-08}, {""token"": ""Six"", ""token_id"": 44955, ""probability"": 7.213356667534754e-08}, {""token"": "" Several"", ""token_id"": 22624, ""probability"": 3.4073483590191245e-08}]"
"[""triple_refined""]",L7+L22+L27,"[7, 22, 27]",1.0,3.25,2.5,3.25,9.0,5.232112384114087,3.25,False,5974.452059368003,"[14209, 137239, 23422, 23422, 60476, 129426, 129426, 144881, 144881]","[16, 16, 16, 21, 16, 16, 21, 16, 21]","[0.0, 0.0, 0.0, 0.0, 0.0, 0.0, 0.0, 0.0, 0.0]","[42685, 1703, 197021, 248182]","[16, 16, 16, 16]","[410.3709182739258, 4557.7888107299805, 901.0985374450684, 3070.3652954101562]","[84.8398208618164, 133.32498168945312, 410.3709716796875, 1547.2215576171875, 1045.7135009765625, 284.27471923828125, 4557.78955078125, 901.0985107421875, 333.6184997558594, 0.0, 843.3094482421875, 312.14727783203125, 3070.365478515625]", Eight,0.5611666440963745,0.43703702092170715,0.5611666440963745,0.0017860705265775323,-0.2500000021373514,"[{""token"": "" Eight"", ""token_id"": 38923, ""probability"": 0.5611666440963745}, {""token"": "" Six"", ""token_id"": 19759, ""probability"": 0.43703702092170715}, {""token"": "" Four"", ""token_id"": 13038, ""probability"": 0.0017860705265775323}, {""token"": "" Many"", ""token_id"": 8732, ""probability"": 4.427225576364435e-06}, {""token"": "" Two"", ""token_id"": 8512, ""probability"": 2.091273472615285e-06}, {""token"": "" Legs"", ""token_id"": 156403, ""probability"": 2.091273472615285e-06}, {""token"": ""Eight"", ""token_id"": 80357, ""probability"": 7.693365091654414e-07}, {""token"": "" Some"", ""token_id"": 4943, ""probability"": 3.634088443504879e-07}, {""token"": "" Typically"", ""token_id"": 50338, ""probability"": 1.7166217958219931e-07}, {""token"": "" Usually"", ""token_id"": 34645, ""probability"": 1.0411838502477622e-07}, {""token"": ""Six"", ""token_id"": 44955, ""probability"": 6.315098488585136e-08}, {""token"": "" Several"", ""token_id"": 22624, ""probability"": 4.918203799775256e-08}]"
"[""triple_refined""]",L7+L22+L27,"[7, 22, 27]",1.0,3.25,2.5,3.5,9.25,5.390964663211956,3.5,False,6099.196007073282,"[14209, 137239, 23422, 23422, 60476, 129426, 129426, 144881, 144881]","[16, 16, 16, 21, 16, 16, 21, 16, 21]","[0.0, 0.0, 0.0, 0.0, 0.0, 0.0, 0.0, 0.0, 0.0]","[42685, 1703, 197021, 248182]","[16, 16, 16, 16]","[410.3709182739258, 4557.7888107299805, 901.0985374450684, 3306.5472412109375]","[84.8398208618164, 133.32498168945312, 410.3709716796875, 1547.2215576171875, 1045.7135009765625, 284.27471923828125, 4557.78955078125, 901.0985107421875, 333.6184997558594, 0.0, 843.3094482421875, 312.14727783203125, 3306.5478515625]", Eight,0.6212227940559387,0.3767906725406647,0.6212227940559387,0.001977215986698866,-0.4999999961957903,"[{""token"": "" Eight"", ""token_id"": 38923, ""probability"": 0.6212227940559387}, {""token"": "" Six"", ""token_id"": 19759, ""probability"": 0.3767906725406647}, {""token"": "" Four"", ""token_id"": 13038, ""probability"": 0.001977215986698866}, {""token"": "" Many"", ""token_id"": 8732, ""probability"": 3.816924618149642e-06}, {""token"": "" Legs"", ""token_id"": 156403, ""probability"": 2.315081928827567e-06}, {""token"": "" Two"", ""token_id"": 8512, ""probability"": 1.8029877537628636e-06}, {""token"": ""Eight"", ""token_id"": 80357, ""probability"": 6.632820941376849e-07}, {""token"": "" Some"", ""token_id"": 4943, ""probability"": 3.133122561393975e-07}, {""token"": "" Typically"", ""token_id"": 50338, ""probability"": 1.479982358887355e-07}, {""token"": "" Usually"", ""token_id"": 34645, ""probability"": 8.97654715004137e-08}, {""token"": ""Six"", ""token_id"": 44955, ""probability"": 6.990941869844391e-08}, {""token"": "" Several"", ""token_id"": 22624, ""probability"": 3.302287154838268e-08}]"
"[""triple_refined""]",L7+L22+L27,"[7, 22, 27]",1.0,3.25,2.75,2.5,8.5,4.937104414532874,3.25,False,6021.715960879246,"[14209, 137239, 23422, 23422, 60476, 129426, 129426, 144881, 144881]","[16, 16, 16, 21, 16, 16, 21, 16, 21]","[0.0, 0.0, 0.0, 0.0, 0.0, 0.0, 0.0, 0.0, 0.0]","[42685, 1703, 197021, 248182]","[16, 16, 16, 16]","[410.3709182739258, 5013.5676918029785, 991.2083911895752, 2361.8194580078125]","[84.8398208618164, 133.32498168945312, 410.3709716796875, 1547.2215576171875, 1045.7135009765625, 284.27471923828125, 5013.568359375, 991.2084350585938, 290.15966796875, 0.0, 785.9409790039062, 317.8247985839844, 2361.819580078125]", Eight,0.4992011487483978,0.4992011487483978,0.4992011487483978,0.0015888478374108672,0.0,"[{""token"": "" Eight"", ""token_id"": 38923, ""probability"": 0.4992011487483978}, {""token"": "" Six"", ""token_id"": 19759, ""probability"": 0.4992011487483978}, {""token"": "" Four"", ""token_id"": 13038, ""probability"": 0.0015888478374108672}, {""token"": "" Many"", ""token_id"": 8732, ""probability"": 3.938359895983012e-06}, {""token"": "" Two"", ""token_id"": 8512, ""probability"": 1.8603495846036822e-06}, {""token"": "" Legs"", ""token_id"": 156403, ""probability"": 1.8603495846036822e-06}, {""token"": ""Eight"", ""token_id"": 80357, ""probability"": 5.329990813152108e-07}, {""token"": "" Some"", ""token_id"": 4943, ""probability"": 3.2328028964911937e-07}, {""token"": "" Typically"", ""token_id"": 50338, ""probability"": 1.1892816331737777e-07}, {""token"": "" Usually"", ""token_id"": 34645, ""probability"": 9.262135591825427e-08}, {""token"": ""Six"", ""token_id"": 44955, ""probability"": 5.6177690055392304e-08}, {""token"": "" Several"", ""token_id"": 22624, ""probability"": 3.40734906956186e-08}]"
"[""triple_refined""]",L7+L22+L27,"[7, 22, 27]",1.0,3.25,2.75,2.75,8.75,5.0682837331783235,3.25,False,6118.209236741841,"[14209, 137239, 23422, 23422, 60476, 129426, 129426, 144881, 144881]","[16, 16, 16, 21, 16, 16, 21, 16, 21]","[0.0, 0.0, 0.0, 0.0, 0.0, 0.0, 0.0, 0.0, 0.0]","[42685, 1703, 197021, 248182]","[16, 16, 16, 16]","[410.3709182739258, 5013.5676918029785, 991.2083911895752, 2598.0014038085938]","[84.8398208618164, 133.32498168945312, 410.3709716796875, 1547.2215576171875, 1045.7135009765625, 284.27471923828125, 5013.568359375, 991.2084350585938, 290.15966796875, 0.0, 785.9409790039062, 317.8247985839844, 2598.001708984375]", Eight,0.49919983744621277,0.49919983744621277,0.49919983744621277,0.0015888437628746033,0.0,"[{""token"": "" Eight"", ""token_id"": 38923, ""probability"": 0.49919983744621277}, {""token"": "" Six"", ""token_id"": 19759, ""probability"": 0.49919983744621277}, {""token"": "" Four"", ""token_id"": 13038, ""probability"": 0.0015888437628746033}, {""token"": "" Many"", ""token_id"": 8732, ""probability"": 5.0569406084832735e-06}, {""token"": "" Two"", ""token_id"": 8512, ""probability"": 2.388729853919358e-06}, {""token"": "" Legs"", ""token_id"": 156403, ""probability"": 2.388729853919358e-06}, {""token"": ""Eight"", ""token_id"": 80357, ""probability"": 6.843825985924923e-07}, {""token"": "" Some"", ""token_id"": 4943, ""probability"": 4.1509900938763167e-07}, {""token"": "" Typically"", ""token_id"": 50338, ""probability"": 1.960788864607821e-07}, {""token"": "" Usually"", ""token_id"": 34645, ""probability"": 1.1892785067857403e-07}, {""token"": ""Six"", ""token_id"": 44955, ""probability"": 9.262111433372411e-08}, {""token"": "" Several"", ""token_id"": 22624, ""probability"": 4.3751114731094276e-08}]"
"[""triple_refined""]",L7+L22+L27,"[7, 22, 27]",1.0,3.25,2.75,3.0,9.0,5.208166663999915,3.25,True,6222.1755060227215,"[14209, 137239, 23422, 23422, 60476, 129426, 129426, 144881, 144881]","[16, 16, 16, 21, 16, 16, 21, 16, 21]","[0.0, 0.0, 0.0, 0.0, 0.0, 0.0, 0.0, 0.0, 0.0]","[42685, 1703, 197021, 248182]","[16, 16, 16, 16]","[410.3709182739258, 5013.5676918029785, 991.2083911895752, 2834.183349609375]","[84.8398208618164, 133.32498168945312, 410.3709716796875, 1547.2215576171875, 1045.7135009765625, 284.27471923828125, 5013.568359375, 991.2084350585938, 290.15966796875, 0.0, 785.9409790039062, 317.8247985839844, 2834.18359375]", Six,0.5613885521888733,0.5613885521888733,0.4372098445892334,0.001391543191857636,0.24999999877126133,"[{""token"": "" Six"", ""token_id"": 19759, ""probability"": 0.5613885521888733}, {""token"": "" Eight"", ""token_id"": 38923, ""probability"": 0.4372098445892334}, {""token"": "" Four"", ""token_id"": 13038, ""probability"": 0.001391543191857636}, {""token"": "" Many"", ""token_id"": 8732, ""probability"": 4.428976353665348e-06}, {""token"": "" Two"", ""token_id"": 8512, ""probability"": 2.092100430672872e-06}, {""token"": "" Legs"", ""token_id"": 156403, ""probability"": 2.092100430672872e-06}, {""token"": ""Eight"", ""token_id"": 80357, ""probability"": 5.993967988615623e-07}, {""token"": "" Some"", ""token_id"": 4943, ""probability"": 3.6355254451336805e-07}, {""token"": "" Typically"", ""token_id"": 50338, ""probability"": 1.7173006483517383e-07}, {""token"": "" Usually"", ""token_id"": 34645, ""probability"": 1.0415955387088616e-07}, {""token"": ""Six"", ""token_id"": 44955, ""probability"": 8.11195377536933e-08}, {""token"": "" Several"", ""token_id"": 22624, ""probability"": 3.831815575949804e-08}]"
"[""triple_refined""]",L7+L22+L27,"[7, 22, 27]",1.0,3.25,2.75,3.25,9.25,5.356071321407137,3.25,False,6333.246841575648,"[14209, 137239, 23422, 23422, 60476, 129426, 129426, 144881, 144881]","[16, 16, 16, 21, 16, 16, 21, 16, 21]","[0.0, 0.0, 0.0, 0.0, 0.0, 0.0, 0.0, 0.0, 0.0]","[42685, 1703, 197021, 248182]","[16, 16, 16, 16]","[410.3709182739258, 5013.5676918029785, 991.2083911895752, 3070.3652954101562]","[84.8398208618164, 133.32498168945312, 410.3709716796875, 1547.2215576171875, 1045.7135009765625, 284.27471923828125, 5013.568359375, 991.2084350585938, 290.15966796875, 0.0, 785.9409790039062, 317.8247985839844, 3070.365478515625]", Eight,0.4992004930973053,0.4992004930973053,0.4992004930973053,0.0015888458583503962,0.0,"[{""token"": "" Eight"", ""token_id"": 38923, ""probability"": 0.4992004930973053}, {""token"": "" Six"", ""token_id"": 19759, ""probability"": 0.4992004930973053}, {""token"": "" Four"", ""token_id"": 13038, ""probability"": 0.0015888458583503962}, {""token"": "" Many"", ""token_id"": 8732, ""probability"": 5.056947429693537e-06}, {""token"": "" Two"", ""token_id"": 8512, ""probability"": 1.8603470834932523e-06}, {""token"": "" Legs"", ""token_id"": 156403, ""probability"": 1.8603470834932523e-06}, {""token"": ""Eight"", ""token_id"": 80357, ""probability"": 5.329983991941845e-07}, {""token"": "" Some"", ""token_id"": 4943, ""probability"": 4.1509954940011085e-07}, {""token"": "" Typically"", ""token_id"": 50338, ""probability"": 1.9607914225616696e-07}, {""token"": "" Usually"", ""token_id"": 34645, ""probability"": 1.189280069979759e-07}, {""token"": ""Six"", ""token_id"": 44955, ""probability"": 7.21334885156466e-08}, {""token"": "" Several"", ""token_id"": 22624, ""probability"": 3.407344806305446e-08}]"
"[""triple_refined""]",L7+L22+L27,"[7, 22, 27]",1.0,3.25,2.75,3.5,9.5,5.5113519212621505,3.5,False,6451.05650876971,"[14209, 137239, 23422, 23422, 60476, 129426, 129426, 144881, 144881]","[16, 16, 16, 21, 16, 16, 21, 16, 21]","[0.0, 0.0, 0.0, 0.0, 0.0, 0.0, 0.0, 0.0, 0.0]","[42685, 1703, 197021, 248182]","[16, 16, 16, 16]","[410.3709182739258, 5013.5676918029785, 991.2083911895752, 3306.5472412109375]","[84.8398208618164, 133.32498168945312, 410.3709716796875, 1547.2215576171875, 1045.7135009765625, 284.27471923828125, 5013.568359375, 991.2084350585938, 290.15966796875, 0.0, 785.9409790039062, 317.8247985839844, 3306.5478515625]", Eight,0.4992007911205292,0.4992007911205292,0.4992007911205292,0.0015888467896729708,0.0,"[{""token"": "" Eight"", ""token_id"": 38923, ""probability"": 0.4992007911205292}, {""token"": "" Six"", ""token_id"": 19759, ""probability"": 0.4992007911205292}, {""token"": "" Four"", ""token_id"": 13038, ""probability"": 0.0015888467896729708}, {""token"": "" Many"", ""token_id"": 8732, ""probability"": 3.938357167498907e-06}, {""token"": "" Legs"", ""token_id"": 156403, ""probability"": 2.388734401392867e-06}, {""token"": "" Two"", ""token_id"": 8512, ""probability"": 1.8603482203616295e-06}, {""token"": ""Eight"", ""token_id"": 80357, ""probability"": 5.329986834112788e-07}, {""token"": "" Some"", ""token_id"": 4943, ""probability"": 4.150998051954957e-07}, {""token"": "" Typically"", ""token_id"": 50338, ""probability"": 1.5270667574895924e-07}, {""token"": "" Usually"", ""token_id"": 34645, ""probability"": 1.1892807805224948e-07}, {""token"": ""Six"", ""token_id"": 44955, ""probability"": 7.213353114821075e-08}, {""token"": "" Several"", ""token_id"": 22624, ""probability"": 3.407346582662285e-08}]"
"[""triple_refined""]",L7+L22+L27,"[7, 22, 27]",1.0,3.25,3.0,2.5,8.75,5.080600358225394,3.25,True,6411.646360411677,"[14209, 137239, 23422, 23422, 60476, 129426, 129426, 144881, 144881]","[16, 16, 16, 21, 16, 16, 21, 16, 21]","[0.0, 0.0, 0.0, 0.0, 0.0, 0.0, 0.0, 0.0, 0.0]","[42685, 1703, 197021, 248182]","[16, 16, 16, 16]","[410.3709182739258, 5469.346572875977, 1081.318244934082, 2361.8194580078125]","[84.8398208618164, 133.32498168945312, 410.3709716796875, 1547.2215576171875, 1045.7135009765625, 284.27471923828125, 5469.34765625, 1081.3182373046875, 242.74310302734375, 0.0, 727.0814819335938, 314.375, 2361.819580078125]", Six,0.5613885521888733,0.5613885521888733,0.4372098445892334,0.001391543191857636,0.24999999877126133,"[{""token"": "" Six"", ""token_id"": 19759, ""probability"": 0.5613885521888733}, {""token"": "" Eight"", ""token_id"": 38923, ""probability"": 0.4372098445892334}, {""token"": "" Four"", ""token_id"": 13038, ""probability"": 0.001391543191857636}, {""token"": "" Many"", ""token_id"": 8732, ""probability"": 4.428976353665348e-06}, {""token"": "" Two"", ""token_id"": 8512, ""probability"": 2.092100430672872e-06}, {""token"": "" Legs"", ""token_id"": 156403, ""probability"": 2.092100430672872e-06}, {""token"": ""Eight"", ""token_id"": 80357, ""probability"": 5.993967988615623e-07}, {""token"": "" Some"", ""token_id"": 4943, ""probability"": 3.6355254451336805e-07}, {""token"": "" Typically"", ""token_id"": 50338, ""probability"": 1.7173006483517383e-07}, {""token"": "" Usually"", ""token_id"": 34645, ""probability"": 1.0415955387088616e-07}, {""token"": ""Six"", ""token_id"": 44955, ""probability"": 8.11195377536933e-08}, {""token"": "" Several"", ""token_id"": 22624, ""probability"": 3.831815575949804e-08}]"
"[""triple_refined""]",L7+L22+L27,"[7, 22, 27]",1.0,3.25,3.0,2.75,9.0,5.208166663999915,3.25,False,6502.355742500223,"[14209, 137239, 23422, 23422, 60476, 129426, 129426, 144881, 144881]","[16, 16, 16, 21, 16, 16, 21, 16, 21]","[0.0, 0.0, 0.0, 0.0, 0.0, 0.0, 0.0, 0.0, 0.0]","[42685, 1703, 197021, 248182]","[16, 16, 16, 16]","[410.3709182739258, 5469.346572875977, 1081.318244934082, 2598.0014038085938]","[84.8398208618164, 133.32498168945312, 410.3709716796875, 1547.2215576171875, 1045.7135009765625, 284.27471923828125, 5469.34765625, 1081.3182373046875, 242.74310302734375, 0.0, 727.0814819335938, 314.375, 2598.001708984375]", Eight,0.4992001950740814,0.4992001950740814,0.4992001950740814,0.0015888448106124997,0.0,"[{""token"": "" Eight"", ""token_id"": 38923, ""probability"": 0.4992001950740814}, {""token"": "" Six"", ""token_id"": 19759, ""probability"": 0.4992001950740814}, {""token"": "" Four"", ""token_id"": 13038, ""probability"": 0.0015888448106124997}, {""token"": "" Many"", ""token_id"": 8732, ""probability"": 5.056944246462081e-06}, {""token"": "" Legs"", ""token_id"": 156403, ""probability"": 2.3887316729087615e-06}, {""token"": "" Two"", ""token_id"": 8512, ""probability"": 1.860345946624875e-06}, {""token"": ""Eight"", ""token_id"": 80357, ""probability"": 6.843830533398432e-07}, {""token"": "" Some"", ""token_id"": 4943, ""probability"": 3.232796643715119e-07}, {""token"": "" Typically"", ""token_id"": 50338, ""probability"": 1.5270649100784794e-07}, {""token"": "" Usually"", ""token_id"": 34645, ""probability"": 1.1892793594370232e-07}, {""token"": ""Six"", ""token_id"": 44955, ""probability"": 7.213344588308246e-08}, {""token"": "" Several"", ""token_id"": 22624, ""probability"": 3.4073426746772384e-08}]"
"[""triple_refined""]",L7+L22+L27,"[7, 22, 27]",1.0,3.25,3.0,3.0,9.25,5.344389581607987,3.25,False,6600.273779565629,"[14209, 137239, 23422, 23422, 60476, 129426, 129426, 144881, 144881]","[16, 16, 16, 21, 16, 16, 21, 16, 21]","[0.0, 0.0, 0.0, 0.0, 0.0, 0.0, 0.0, 0.0, 0.0]","[42685, 1703, 197021, 248182]","[16, 16, 16, 16]","[410.3709182739258, 5469.346572875977, 1081.318244934082, 2834.183349609375]","[84.8398208618164, 133.32498168945312, 410.3709716796875, 1547.2215576171875, 1045.7135009765625, 284.27471923828125, 5469.34765625, 1081.3182373046875, 242.74310302734375, 0.0, 727.0814819335938, 314.375, 2834.18359375]", Eight,0.49897530674934387,0.49897530674934387,0.49897530674934387,0.002039198065176606,0.0,"[{""token"": "" Eight"", ""token_id"": 38923, ""probability"": 0.49897530674934387}, {""token"": "" Six"", ""token_id"": 19759, ""probability"": 0.49897530674934387}, {""token"": "" Four"", ""token_id"": 13038, ""probability"": 0.002039198065176606}, {""token"": "" Many"", ""token_id"": 8732, ""probability"": 3.936578195862239e-06}, {""token"": "" Two"", ""token_id"": 8512, ""probability"": 2.3876555133028887e-06}, {""token"": "" Legs"", ""token_id"": 156403, ""probability"": 2.3876555133028887e-06}, {""token"": ""Eight"", ""token_id"": 80357, ""probability"": 6.840747346359421e-07}, {""token"": "" Some"", ""token_id"": 4943, ""probability"": 3.231340315323905e-07}, {""token"": "" Typically"", ""token_id"": 50338, ""probability"": 1.5263769626017165e-07}, {""token"": "" Usually"", ""token_id"": 34645, ""probability"": 1.1887436102142601e-07}, {""token"": ""Six"", ""token_id"": 44955, ""probability"": 9.25794552131265e-08}, {""token"": "" Several"", ""token_id"": 22624, ""probability"": 3.405807547096629e-08}]"
"[""triple_refined""]",L7+L22+L27,"[7, 22, 27]",1.0,3.25,3.0,3.25,9.5,5.488624600025037,3.25,False,6705.084749188512,"[14209, 137239, 23422, 23422, 60476, 129426, 129426, 144881, 144881]","[16, 16, 16, 21, 16, 16, 21, 16, 21]","[0.0, 0.0, 0.0, 0.0, 0.0, 0.0, 0.0, 0.0, 0.0]","[42685, 1703, 197021, 248182]","[16, 16, 16, 16]","[410.3709182739258, 5469.346572875977, 1081.318244934082, 3070.3652954101562]","[84.8398208618164, 133.32498168945312, 410.3709716796875, 1547.2215576171875, 1045.7135009765625, 284.27471923828125, 5469.34765625, 1081.3182373046875, 242.74310302734375, 0.0, 727.0814819335938, 314.375, 3070.365478515625]", Eight,0.49920037388801575,0.49920037388801575,0.49920037388801575,0.0015888453926891088,0.0,"[{""token"": "" Eight"", ""token_id"": 38923, ""probability"": 0.49920037388801575}, {""token"": "" Six"", ""token_id"": 19759, ""probability"": 0.49920037388801575}, {""token"": "" Four"", ""token_id"": 13038, ""probability"": 0.0015888453926891088}, {""token"": "" Many"", ""token_id"": 8732, ""probability"": 5.056946065451484e-06}, {""token"": "" Two"", ""token_id"": 8512, ""probability"": 1.8603466287459014e-06}, {""token"": "" Legs"", ""token_id"": 156403, ""probability"": 1.8603466287459014e-06}, {""token"": ""Eight"", ""token_id"": 80357, ""probability"": 6.843832807135186e-07}, {""token"": "" Some"", ""token_id"": 4943, ""probability"": 4.150994357132731e-07}, {""token"": "" Typically"", ""token_id"": 50338, ""probability"": 1.960790854127481e-07}, {""token"": "" Usually"", ""token_id"": 34645, ""probability"": 1.1892797857626647e-07}, {""token"": ""Six"", ""token_id"": 44955, ""probability"": 9.262121380970711e-08}, {""token"": "" Several"", ""token_id"": 22624, ""probability"": 3.407343740491342e-08}]"
"[""triple_refined""]",L7+L22+L27,"[7, 22, 27]",1.0,3.25,3.0,3.5,9.75,5.640257086339239,3.5,False,6816.4709356684325,"[14209, 137239, 23422, 23422, 60476, 129426, 129426, 144881, 144881]","[16, 16, 16, 21, 16, 16, 21, 16, 21]","[0.0, 0.0, 0.0, 0.0, 0.0, 0.0, 0.0, 0.0, 0.0]","[42685, 1703, 197021, 248182]","[16, 16, 16, 16]","[410.3709182739258, 5469.346572875977, 1081.318244934082, 3306.5472412109375]","[84.8398208618164, 133.32498168945312, 410.3709716796875, 1547.2215576171875, 1045.7135009765625, 284.27471923828125, 5469.34765625, 1081.3182373046875, 242.74310302734375, 0.0, 727.0814819335938, 314.375, 3306.5478515625]", Eight,0.4989747703075409,0.4989747703075409,0.4989747703075409,0.0020391957368701696,0.0,"[{""token"": "" Eight"", ""token_id"": 38923, ""probability"": 0.4989747703075409}, {""token"": "" Six"", ""token_id"": 19759, ""probability"": 0.4989747703075409}, {""token"": "" Four"", ""token_id"": 13038, ""probability"": 0.0020391957368701696}, {""token"": "" Many"", ""token_id"": 8732, ""probability"": 5.054660505265929e-06}, {""token"": "" Two"", ""token_id"": 8512, ""probability"": 2.387653012192459e-06}, {""token"": "" Legs"", ""token_id"": 156403, ""probability"": 2.387653012192459e-06}, {""token"": ""Eight"", ""token_id"": 80357, ""probability"": 6.84073995671497e-07}, {""token"": "" Some"", ""token_id"": 4943, ""probability"": 3.2313369047187734e-07}, {""token"": "" Typically"", ""token_id"": 50338, ""probability"": 1.9599048073359882e-07}, {""token"": "" Usually"", ""token_id"": 34645, ""probability"": 1.1887423312373357e-07}, {""token"": ""Six"", ""token_id"": 44955, ""probability"": 7.210086749864786e-08}, {""token"": "" Several"", ""token_id"": 22624, ""probability"": 4.37313865120359e-08}]"
"[""triple_refined""]",L7+L22+L27,"[7, 22, 27]",1.0,3.25,3.25,2.5,9.0,5.232112384114087,3.25,False,6811.523943008281,"[14209, 137239, 23422, 23422, 60476, 129426, 129426, 144881, 144881]","[16, 16, 16, 21, 16, 16, 21, 16, 21]","[0.0, 0.0, 0.0, 0.0, 0.0, 0.0, 0.0, 0.0, 0.0]","[42685, 1703, 197021, 248182]","[16, 16, 16, 16]","[410.3709182739258, 5925.125453948975, 1171.4280986785889, 2361.8194580078125]","[84.8398208618164, 133.32498168945312, 410.3709716796875, 1547.2215576171875, 1045.7135009765625, 284.27471923828125, 5925.12646484375, 1171.4281005859375, 199.61019897460938, 0.0, 667.6586303710938, 303.4566345214844, 2361.819580078125]", Eight,0.4989757239818573,0.4989757239818573,0.4989757239818573,0.0020391996949911118,0.0,"[{""token"": "" Eight"", ""token_id"": 38923, ""probability"": 0.4989757239818573}, {""token"": "" Six"", ""token_id"": 19759, ""probability"": 0.4989757239818573}, {""token"": "" Four"", ""token_id"": 13038, ""probability"": 0.0020391996949911118}, {""token"": "" Many"", ""token_id"": 8732, ""probability"": 3.9365813790936954e-06}, {""token"": "" Two"", ""token_id"": 8512, ""probability"": 1.8595094388729194e-06}, {""token"": "" Legs"", ""token_id"": 156403, ""probability"": 1.8595094388729194e-06}, {""token"": ""Eight"", ""token_id"": 80357, ""probability"": 8.78370030932274e-07}, {""token"": "" Some"", ""token_id"": 4943, ""probability"": 3.231342873277754e-07}, {""token"": "" Typically"", ""token_id"": 50338, ""probability"": 1.959908502158214e-07}, {""token"": "" Usually"", ""token_id"": 34645, ""probability"": 1.1887446049740902e-07}, {""token"": ""Six"", ""token_id"": 44955, ""probability"": 9.257952626740007e-08}, {""token"": "" Several"", ""token_id"": 22624, ""probability"": 3.405810389267572e-08}]"
"[""triple_refined""]",L7+L22+L27,"[7, 22, 27]",1.0,3.25,3.25,2.75,9.25,5.356071321407137,3.25,False,6896.976118359436,"[14209, 137239, 23422, 23422, 60476, 129426, 129426, 144881, 144881]","[16, 16, 16, 21, 16, 16, 21, 16, 21]","[0.0, 0.0, 0.0, 0.0, 0.0, 0.0, 0.0, 0.0, 0.0]","[42685, 1703, 197021, 248182]","[16, 16, 16, 16]","[410.3709182739258, 5925.125453948975, 1171.4280986785889, 2598.0014038085938]","[84.8398208618164, 133.32498168945312, 410.3709716796875, 1547.2215576171875, 1045.7135009765625, 284.27471923828125, 5925.12646484375, 1171.4281005859375, 199.61019897460938, 0.0, 667.6586303710938, 303.4566345214844, 2598.001708984375]", Eight,0.5611675381660461,0.43703773617744446,0.5611675381660461,0.0017860733205452561,-0.24999995876906245,"[{""token"": "" Eight"", ""token_id"": 38923, ""probability"": 0.5611675381660461}, {""token"": "" Six"", ""token_id"": 19759, ""probability"": 0.43703773617744446}, {""token"": "" Four"", ""token_id"": 13038, ""probability"": 0.0017860733205452561}, {""token"": "" Many"", ""token_id"": 8732, ""probability"": 3.4479326131986454e-06}, {""token"": "" Legs"", ""token_id"": 156403, ""probability"": 2.0912768832204165e-06}, {""token"": "" Two"", ""token_id"": 8512, ""probability"": 1.6286880963889416e-06}, {""token"": ""Eight"", ""token_id"": 80357, ""probability"": 7.693377597206563e-07}, {""token"": "" Some"", ""token_id"": 4943, ""probability"": 2.830235530382197e-07}, {""token"": "" Typically"", ""token_id"": 50338, ""probability"": 1.716624495884389e-07}, {""token"": "" Usually"", ""token_id"": 34645, ""probability"": 1.0411854844960544e-07}, {""token"": ""Six"", ""token_id"": 44955, ""probability"": 6.315109146726172e-08}, {""token"": "" Several"", ""token_id"": 22624, ""probability"": 2.983046343274509e-08}]"
"[""triple_refined""]",L7+L22+L27,"[7, 22, 27]",1.0,3.25,3.25,3.0,9.5,5.488624600025037,3.25,False,6989.367878457703,"[14209, 137239, 23422, 23422, 60476, 129426, 129426, 144881, 144881]","[16, 16, 16, 21, 16, 16, 21, 16, 21]","[0.0, 0.0, 0.0, 0.0, 0.0, 0.0, 0.0, 0.0, 0.0]","[42685, 1703, 197021, 248182]","[16, 16, 16, 16]","[410.3709182739258, 5925.125453948975, 1171.4280986785889, 2834.183349609375]","[84.8398208618164, 133.32498168945312, 410.3709716796875, 1547.2215576171875, 1045.7135009765625, 284.27471923828125, 5925.12646484375, 1171.4281005859375, 199.61019897460938, 0.0, 667.6586303710938, 303.4566345214844, 2834.18359375]", Eight,0.4992010295391083,0.4992010295391083,0.4992010295391083,0.0015888474881649017,0.0,"[{""token"": "" Eight"", ""token_id"": 38923, ""probability"": 0.4992010295391083}, {""token"": "" Six"", ""token_id"": 19759, ""probability"": 0.4992010295391083}, {""token"": "" Four"", ""token_id"": 13038, ""probability"": 0.0015888474881649017}, {""token"": "" Many"", ""token_id"": 8732, ""probability"": 3.938358986488311e-06}, {""token"": "" Two"", ""token_id"": 8512, ""probability"": 1.8603491298563313e-06}, {""token"": "" Legs"", ""token_id"": 156403, ""probability"": 1.8603491298563313e-06}, {""token"": ""Eight"", ""token_id"": 80357, ""probability"": 6.843841902082204e-07}, {""token"": "" Some"", ""token_id"": 4943, ""probability"": 3.232802043839911e-07}, {""token"": "" Typically"", ""token_id"": 50338, ""probability"": 1.5270674680323282e-07}, {""token"": "" Usually"", ""token_id"": 34645, ""probability"": 9.26213346019722e-08}, {""token"": ""Six"", ""token_id"": 44955, ""probability"": 7.213356667534754e-08}, {""token"": "" Several"", ""token_id"": 22624, ""probability"": 3.4073483590191245e-08}]"
"[""triple_refined""]",L7+L22+L27,"[7, 22, 27]",1.0,3.25,3.25,3.25,9.75,5.629165124598851,3.25,False,7088.427954701603,"[14209, 137239, 23422, 23422, 60476, 129426, 129426, 144881, 144881]","[16, 16, 16, 21, 16, 16, 21, 16, 21]","[0.0, 0.0, 0.0, 0.0, 0.0, 0.0, 0.0, 0.0, 0.0]","[42685, 1703, 197021, 248182]","[16, 16, 16, 16]","[410.3709182739258, 5925.125453948975, 1171.4280986785889, 3070.3652954101562]","[84.8398208618164, 133.32498168945312, 410.3709716796875, 1547.2215576171875, 1045.7135009765625, 284.27471923828125, 5925.12646484375, 1171.4281005859375, 199.61019897460938, 0.0, 667.6586303710938, 303.4566345214844, 3070.365478515625]", Eight,0.5613893270492554,0.43721047043800354,0.5613893270492554,0.001391545170918107,-0.2499999475673237,"[{""token"": "" Eight"", ""token_id"": 38923, ""probability"": 0.5613893270492554}, {""token"": "" Six"", ""token_id"": 19759, ""probability"": 0.43721047043800354}, {""token"": "" Four"", ""token_id"": 13038, ""probability"": 0.001391545170918107}, {""token"": "" Many"", ""token_id"": 8732, ""probability"": 3.449295491009252e-06}, {""token"": "" Legs"", ""token_id"": 156403, ""probability"": 2.0921033865306526e-06}, {""token"": "" Two"", ""token_id"": 8512, ""probability"": 1.6293319049509591e-06}, {""token"": ""Eight"", ""token_id"": 80357, ""probability"": 7.696418720115616e-07}, {""token"": "" Some"", ""token_id"": 4943, ""probability"": 2.8313539246482833e-07}, {""token"": "" Typically"", ""token_id"": 50338, ""probability"": 1.71730306419704e-07}, {""token"": "" Usually"", ""token_id"": 34645, ""probability"": 1.0415970308486067e-07}, {""token"": ""Six"", ""token_id"": 44955, ""probability"": 8.111965854595837e-08}, {""token"": "" Several"", ""token_id"": 22624, ""probability"": 2.984225488944503e-08}]"
"[""triple_refined""]",L7+L22+L27,"[7, 22, 27]",1.0,3.25,3.25,3.5,10.0,5.777110004145672,3.5,False,7193.881107719758,"[14209, 137239, 23422, 23422, 60476, 129426, 129426, 144881, 144881]","[16, 16, 16, 21, 16, 16, 21, 16, 21]","[0.0, 0.0, 0.0, 0.0, 0.0, 0.0, 0.0, 0.0, 0.0]","[42685, 1703, 197021, 248182]","[16, 16, 16, 16]","[410.3709182739258, 5925.125453948975, 1171.4280986785889, 3306.5472412109375]","[84.8398208618164, 133.32498168945312, 410.3709716796875, 1547.2215576171875, 1045.7135009765625, 284.27471923828125, 5925.12646484375, 1171.4281005859375, 199.61019897460938, 0.0, 667.6586303710938, 303.4566345214844, 3306.5478515625]", Eight,0.5611662268638611,0.4370366930961609,0.5611662268638611,0.0017860691295936704,-0.25000000873757244,"[{""token"": "" Eight"", ""token_id"": 38923, ""probability"": 0.5611662268638611}, {""token"": "" Six"", ""token_id"": 19759, ""probability"": 0.4370366930961609}, {""token"": "" Four"", ""token_id"": 13038, ""probability"": 0.0017860691295936704}, {""token"": "" Many"", ""token_id"": 8732, ""probability"": 4.427222393132979e-06}, {""token"": "" Legs"", ""token_id"": 156403, ""probability"": 2.6852464998228243e-06}, {""token"": "" Two"", ""token_id"": 8512, ""probability"": 2.0912718809995567e-06}, {""token"": ""Eight"", ""token_id"": 80357, ""probability"": 7.693359407312528e-07}, {""token"": "" Some"", ""token_id"": 4943, ""probability"": 3.6340858855510305e-07}, {""token"": "" Typically"", ""token_id"": 50338, ""probability"": 2.204184283982613e-07}, {""token"": "" Usually"", ""token_id"": 34645, ""probability"": 1.336905341986494e-07}, {""token"": ""Six"", ""token_id"": 44955, ""probability"": 8.108741411660958e-08}, {""token"": "" Several"", ""token_id"": 22624, ""probability"": 3.8302982119375883e-08}]"
"[""triple_refined""]",L7+L22+L27,"[7, 22, 27]",1.0,3.25,3.5,2.5,9.25,5.390964663211956,3.5,True,7217.588519298121,"[14209, 137239, 23422, 23422, 60476, 129426, 129426, 144881, 144881]","[16, 16, 16, 21, 16, 16, 21, 16, 21]","[0.0, 0.0, 0.0, 0.0, 0.0, 0.0, 0.0, 0.0, 0.0]","[42685, 1703, 197021, 248182]","[16, 16, 16, 16]","[410.3709182739258, 6380.904335021973, 1261.5379524230957, 2361.8194580078125]","[84.8398208618164, 133.32498168945312, 410.3709716796875, 1547.2215576171875, 1045.7135009765625, 284.27471923828125, 6380.9052734375, 1261.5379638671875, 0.0, 0.0, 594.4666748046875, 304.91058349609375, 2361.819580078125]", Six,0.5611662864685059,0.5611662864685059,0.43703675270080566,0.001786069362424314,0.24999997856962597,"[{""token"": "" Six"", ""token_id"": 19759, ""probability"": 0.5611662864685059}, {""token"": "" Eight"", ""token_id"": 38923, ""probability"": 0.43703675270080566}, {""token"": "" Four"", ""token_id"": 13038, ""probability"": 0.001786069362424314}, {""token"": "" Many"", ""token_id"": 8732, ""probability"": 4.427223302627681e-06}, {""token"": "" Legs"", ""token_id"": 156403, ""probability"": 2.6852467271964997e-06}, {""token"": "" Two"", ""token_id"": 8512, ""probability"": 2.091272108373232e-06}, {""token"": ""Eight"", ""token_id"": 80357, ""probability"": 7.693360544180905e-07}, {""token"": "" Some"", ""token_id"": 4943, ""probability"": 3.634086169768125e-07}, {""token"": "" Typically"", ""token_id"": 50338, ""probability"": 2.2041845681997074e-07}, {""token"": "" Usually"", ""token_id"": 34645, ""probability"": 1.3369056262035883e-07}, {""token"": ""Six"", ""token_id"": 44955, ""probability"": 1.0411832107593e-07}, {""token"": "" Several"", ""token_id"": 22624, ""probability"": 3.830298567208956e-08}]"
"[""triple_refined""]",L7+L22+L27,"[7, 22, 27]",1.0,3.25,3.5,2.75,9.5,5.5113519212621505,3.5,False,7298.287825575899,"[14209, 137239, 23422, 23422, 60476, 129426, 129426, 144881, 144881]","[16, 16, 16, 21, 16, 16, 21, 16, 21]","[0.0, 0.0, 0.0, 0.0, 0.0, 0.0, 0.0, 0.0, 0.0]","[42685, 1703, 197021, 248182]","[16, 16, 16, 16]","[410.3709182739258, 6380.904335021973, 1261.5379524230957, 2598.0014038085938]","[84.8398208618164, 133.32498168945312, 410.3709716796875, 1547.2215576171875, 1045.7135009765625, 284.27471923828125, 6380.9052734375, 1261.5379638671875, 0.0, 0.0, 594.4666748046875, 304.91058349609375, 2598.001708984375]", Eight,0.49920037388801575,0.49920037388801575,0.49920037388801575,0.0015888453926891088,0.0,"[{""token"": "" Eight"", ""token_id"": 38923, ""probability"": 0.49920037388801575}, {""token"": "" Six"", ""token_id"": 19759, ""probability"": 0.49920037388801575}, {""token"": "" Four"", ""token_id"": 13038, ""probability"": 0.0015888453926891088}, {""token"": "" Many"", ""token_id"": 8732, ""probability"": 3.9383535295201e-06}, {""token"": "" Two"", ""token_id"": 8512, ""probability"": 2.3887325824034633e-06}, {""token"": "" Legs"", ""token_id"": 156403, ""probability"": 2.3887325824034633e-06}, {""token"": ""Eight"", ""token_id"": 80357, ""probability"": 8.787655474407075e-07}, {""token"": "" Some"", ""token_id"": 4943, ""probability"": 3.232797780583496e-07}, {""token"": "" Typically"", ""token_id"": 50338, ""probability"": 1.527065478512668e-07}, {""token"": "" Usually"", ""token_id"": 34645, ""probability"": 1.1892797857626647e-07}, {""token"": ""Six"", ""token_id"": 44955, ""probability"": 9.262121380970711e-08}, {""token"": "" Several"", ""token_id"": 22624, ""probability"": 3.407343740491342e-08}]"
"[""triple_refined""]",L7+L22+L27,"[7, 22, 27]",1.0,3.25,3.5,3.0,9.75,5.640257086339239,3.5,False,7385.661036640207,"[14209, 137239, 23422, 23422, 60476, 129426, 129426, 144881, 144881]","[16, 16, 16, 21, 16, 16, 21, 16, 21]","[0.0, 0.0, 0.0, 0.0, 0.0, 0.0, 0.0, 0.0, 0.0]","[42685, 1703, 197021, 248182]","[16, 16, 16, 16]","[410.3709182739258, 6380.904335021973, 1261.5379524230957, 2834.183349609375]","[84.8398208618164, 133.32498168945312, 410.3709716796875, 1547.2215576171875, 1045.7135009765625, 284.27471923828125, 6380.9052734375, 1261.5379638671875, 0.0, 0.0, 594.4666748046875, 304.91058349609375, 2834.18359375]", Eight,0.4989751875400543,0.4989751875400543,0.4989751875400543,0.002039197599515319,0.0,"[{""token"": "" Eight"", ""token_id"": 38923, ""probability"": 0.4989751875400543}, {""token"": "" Six"", ""token_id"": 19759, ""probability"": 0.4989751875400543}, {""token"": "" Four"", ""token_id"": 13038, ""probability"": 0.002039197599515319}, {""token"": "" Many"", ""token_id"": 8732, ""probability"": 3.9365772863675375e-06}, {""token"": "" Two"", ""token_id"": 8512, ""probability"": 2.3876548311818624e-06}, {""token"": "" Legs"", ""token_id"": 156403, ""probability"": 2.3876548311818624e-06}, {""token"": ""Eight"", ""token_id"": 80357, ""probability"": 8.783691214375722e-07}, {""token"": "" Some"", ""token_id"": 4943, ""probability"": 3.231339462672622e-07}, {""token"": "" Typically"", ""token_id"": 50338, ""probability"": 1.5263766783846222e-07}, {""token"": "" Usually"", ""token_id"": 34645, ""probability"": 1.1887433259971658e-07}, {""token"": ""Six"", ""token_id"": 44955, ""probability"": 9.257942679141706e-08}, {""token"": "" Several"", ""token_id"": 22624, ""probability"": 3.405806836553893e-08}]"
"[""triple_refined""]",L7+L22+L27,"[7, 22, 27]",1.0,3.25,3.5,3.25,10.0,5.777110004145672,3.5,True,7479.474344947252,"[14209, 137239, 23422, 23422, 60476, 129426, 129426, 144881, 144881]","[16, 16, 16, 21, 16, 16, 21, 16, 21]","[0.0, 0.0, 0.0, 0.0, 0.0, 0.0, 0.0, 0.0, 0.0]","[42685, 1703, 197021, 248182]","[16, 16, 16, 16]","[410.3709182739258, 6380.904335021973, 1261.5379524230957, 3070.3652954101562]","[84.8398208618164, 133.32498168945312, 410.3709716796875, 1547.2215576171875, 1045.7135009765625, 284.27471923828125, 6380.9052734375, 1261.5379638671875, 0.0, 0.0, 594.4666748046875, 304.91058349609375, 3070.365478515625]", Six,0.5611666440963745,0.5611666440963745,0.43703702092170715,0.0017860705265775323,0.2500000021373514,"[{""token"": "" Six"", ""token_id"": 19759, ""probability"": 0.5611666440963745}, {""token"": "" Eight"", ""token_id"": 38923, ""probability"": 0.43703702092170715}, {""token"": "" Four"", ""token_id"": 13038, ""probability"": 0.0017860705265775323}, {""token"": "" Many"", ""token_id"": 8732, ""probability"": 4.427225576364435e-06}, {""token"": "" Two"", ""token_id"": 8512, ""probability"": 2.091273472615285e-06}, {""token"": "" Legs"", ""token_id"": 156403, ""probability"": 2.091273472615285e-06}, {""token"": ""Eight"", ""token_id"": 80357, ""probability"": 7.693365091654414e-07}, {""token"": "" Some"", ""token_id"": 4943, ""probability"": 3.634088443504879e-07}, {""token"": "" Typically"", ""token_id"": 50338, ""probability"": 1.7166217958219931e-07}, {""token"": "" Usually"", ""token_id"": 34645, ""probability"": 1.0411838502477622e-07}, {""token"": ""Six"", ""token_id"": 44955, ""probability"": 1.0411838502477622e-07}, {""token"": "" Several"", ""token_id"": 22624, ""probability"": 3.8303010541085314e-08}]"
"[""triple_refined""]",L7+L22+L27,"[7, 22, 27]",1.0,3.25,3.5,3.5,10.25,5.921359641163505,3.5,True,7579.488834989878,"[14209, 137239, 23422, 23422, 60476, 129426, 129426, 144881, 144881]","[16, 16, 16, 21, 16, 16, 21, 16, 21]","[0.0, 0.0, 0.0, 0.0, 0.0, 0.0, 0.0, 0.0, 0.0]","[42685, 1703, 197021, 248182]","[16, 16, 16, 16]","[410.3709182739258, 6380.904335021973, 1261.5379524230957, 3306.5472412109375]","[84.8398208618164, 133.32498168945312, 410.3709716796875, 1547.2215576171875, 1045.7135009765625, 284.27471923828125, 6380.9052734375, 1261.5379638671875, 0.0, 0.0, 594.4666748046875, 304.91058349609375, 3306.5478515625]", Six,0.5608813762664795,0.5608813762664795,0.4368148446083069,0.002292193938046694,0.2500000238961533,"[{""token"": "" Six"", ""token_id"": 19759, ""probability"": 0.5608813762664795}, {""token"": "" Eight"", ""token_id"": 38923, ""probability"": 0.4368148446083069}, {""token"": "" Four"", ""token_id"": 13038, ""probability"": 0.002292193938046694}, {""token"": "" Many"", ""token_id"": 8732, ""probability"": 4.424975031724898e-06}, {""token"": "" Two"", ""token_id"": 8512, ""probability"": 2.683883394638542e-06}, {""token"": "" Legs"", ""token_id"": 156403, ""probability"": 2.683883394638542e-06}, {""token"": ""Eight"", ""token_id"": 80357, ""probability"": 7.68945426443679e-07}, {""token"": "" Some"", ""token_id"": 4943, ""probability"": 4.663889683342859e-07}, {""token"": "" Typically"", ""token_id"": 50338, ""probability"": 2.2030654633908853e-07}, {""token"": "" Usually"", ""token_id"": 34645, ""probability"": 1.336226773673843e-07}, {""token"": ""Six"", ""token_id"": 44955, ""probability"": 1.336226773673843e-07}, {""token"": "" Several"", ""token_id"": 22624, ""probability"": 3.828353811741181e-08}]"
"[""triple_refined""]",L7+L22+L27,"[7, 22, 27]",1.0,3.5,2.5,2.5,8.5,4.9749371855331,3.5,True,5636.350785732111,"[14209, 137239, 23422, 23422, 60476, 129426, 129426, 144881, 144881]","[16, 16, 16, 21, 16, 16, 21, 16, 21]","[0.0, 0.0, 0.0, 0.0, 0.0, 0.0, 0.0, 0.0, 0.0]","[42685, 1703, 197021, 248182]","[16, 16, 16, 16]","[441.9379119873047, 4557.7888107299805, 901.0985374450684, 2361.8194580078125]","[84.8398208618164, 133.32498168945312, 441.93798828125, 1540.106689453125, 1014.5927124023438, 278.55682373046875, 4557.78955078125, 901.0985107421875, 322.3639831542969, 0.0, 833.5265502929688, 327.0257873535156, 2361.819580078125]", Six,0.6786307692527771,0.6786307692527771,0.320562481880188,0.0007945949328131974,0.7499999849506073,"[{""token"": "" Six"", ""token_id"": 19759, ""probability"": 0.6786307692527771}, {""token"": "" Eight"", ""token_id"": 38923, ""probability"": 0.320562481880188}, {""token"": "" Four"", ""token_id"": 13038, ""probability"": 0.0007945949328131974}, {""token"": "" Many"", ""token_id"": 8732, ""probability"": 5.353938377083978e-06}, {""token"": "" Two"", ""token_id"": 8512, ""probability"": 3.247328095312696e-06}, {""token"": "" Legs"", ""token_id"": 156403, ""probability"": 1.969603999896208e-06}, {""token"": "" Some"", ""token_id"": 4943, ""probability"": 7.245768074426451e-07}, {""token"": ""Eight"", ""token_id"": 80357, ""probability"": 3.422658494400821e-07}, {""token"": "" Typically"", ""token_id"": 50338, ""probability"": 1.616749329969025e-07}, {""token"": "" Usually"", ""token_id"": 34645, ""probability"": 1.2591257814165147e-07}, {""token"": ""Six"", ""token_id"": 44955, ""probability"": 7.636983667680397e-08}, {""token"": "" Several"", ""token_id"": 22624, ""probability"": 4.632064687370985e-08}]"
"[""triple_refined""]",L7+L22+L27,"[7, 22, 27]",1.0,3.5,2.5,2.75,8.75,5.105144464165535,3.5,True,5739.326731496327,"[14209, 137239, 23422, 23422, 60476, 129426, 129426, 144881, 144881]","[16, 16, 16, 21, 16, 16, 21, 16, 21]","[0.0, 0.0, 0.0, 0.0, 0.0, 0.0, 0.0, 0.0, 0.0]","[42685, 1703, 197021, 248182]","[16, 16, 16, 16]","[441.9379119873047, 4557.7888107299805, 901.0985374450684, 2598.0014038085938]","[84.8398208618164, 133.32498168945312, 441.93798828125, 1540.106689453125, 1014.5927124023438, 278.55682373046875, 4557.78955078125, 901.0985107421875, 322.3639831542969, 0.0, 833.5265502929688, 327.0257873535156, 2598.001708984375]", Six,0.6786284446716309,0.6786284446716309,0.32056137919425964,0.0007945921388454735,0.7499999993987894,"[{""token"": "" Six"", ""token_id"": 19759, ""probability"": 0.6786284446716309}, {""token"": "" Eight"", ""token_id"": 38923, ""probability"": 0.32056137919425964}, {""token"": "" Four"", ""token_id"": 13038, ""probability"": 0.0007945921388454735}, {""token"": "" Many"", ""token_id"": 8732, ""probability"": 6.874568953207927e-06}, {""token"": "" Two"", ""token_id"": 8512, ""probability"": 4.169637122686254e-06}, {""token"": "" Legs"", ""token_id"": 156403, ""probability"": 2.5290128178312443e-06}, {""token"": "" Some"", ""token_id"": 4943, ""probability"": 9.303718115916126e-07}, {""token"": ""Eight"", ""token_id"": 80357, ""probability"": 3.42264655728286e-07}, {""token"": "" Typically"", ""token_id"": 50338, ""probability"": 2.0759401309078385e-07}, {""token"": "" Usually"", ""token_id"": 34645, ""probability"": 1.616743787735686e-07}, {""token"": ""Six"", ""token_id"": 44955, ""probability"": 9.806046818994218e-08}, {""token"": "" Several"", ""token_id"": 22624, ""probability"": 7.636956667056438e-08}]"
"[""triple_refined""]",L7+L22+L27,"[7, 22, 27]",1.0,3.5,2.5,3.0,9.0,5.244044240850758,3.5,True,5850.030349841293,"[14209, 137239, 23422, 23422, 60476, 129426, 129426, 144881, 144881]","[16, 16, 16, 21, 16, 16, 21, 16, 21]","[0.0, 0.0, 0.0, 0.0, 0.0, 0.0, 0.0, 0.0, 0.0]","[42685, 1703, 197021, 248182]","[16, 16, 16, 16]","[441.9379119873047, 4557.7888107299805, 901.0985374450684, 2834.183349609375]","[84.8398208618164, 133.32498168945312, 441.93798828125, 1540.106689453125, 1014.5927124023438, 278.55682373046875, 4557.78955078125, 901.0985107421875, 322.3639831542969, 0.0, 833.5265502929688, 327.0257873535156, 2834.18359375]", Six,0.6219973564147949,0.6219973564147949,0.3772604763507843,0.0007282840088009834,0.4999999750172482,"[{""token"": "" Six"", ""token_id"": 19759, ""probability"": 0.6219973564147949}, {""token"": "" Eight"", ""token_id"": 38923, ""probability"": 0.3772604763507843}, {""token"": "" Four"", ""token_id"": 13038, ""probability"": 0.0007282840088009834}, {""token"": "" Many"", ""token_id"": 8732, ""probability"": 6.300891072896775e-06}, {""token"": "" Two"", ""token_id"": 8512, ""probability"": 3.82168400392402e-06}, {""token"": "" Legs"", ""token_id"": 156403, ""probability"": 1.8052357972919708e-06}, {""token"": "" Some"", ""token_id"": 4943, ""probability"": 8.527329669050232e-07}, {""token"": ""Eight"", ""token_id"": 80357, ""probability"": 4.0280252733282396e-07}, {""token"": "" Typically"", ""token_id"": 50338, ""probability"": 1.9027044118047343e-07}, {""token"": "" Usually"", ""token_id"": 34645, ""probability"": 1.481827638372124e-07}, {""token"": ""Six"", ""token_id"": 44955, ""probability"": 8.987739619215063e-08}, {""token"": "" Several"", ""token_id"": 22624, ""probability"": 5.451339291084878e-08}]"
"[""triple_refined""]",L7+L22+L27,"[7, 22, 27]",1.0,3.5,2.5,3.25,9.25,5.390964663211956,3.5,True,5968.0317209816385,"[14209, 137239, 23422, 23422, 60476, 129426, 129426, 144881, 144881]","[16, 16, 16, 21, 16, 16, 21, 16, 21]","[0.0, 0.0, 0.0, 0.0, 0.0, 0.0, 0.0, 0.0, 0.0]","[42685, 1703, 197021, 248182]","[16, 16, 16, 16]","[441.9379119873047, 4557.7888107299805, 901.0985374450684, 3070.3652954101562]","[84.8398208618164, 133.32498168945312, 441.93798828125, 1540.106689453125, 1014.5927124023438, 278.55682373046875, 4557.78955078125, 901.0985107421875, 322.3639831542969, 0.0, 833.5265502929688, 327.0257873535156, 3070.365478515625]", Six,0.6786287426948547,0.6786287426948547,0.3205615282058716,0.0007945925462990999,0.7499999737082171,"[{""token"": "" Six"", ""token_id"": 19759, ""probability"": 0.6786287426948547}, {""token"": "" Eight"", ""token_id"": 38923, ""probability"": 0.3205615282058716}, {""token"": "" Four"", ""token_id"": 13038, ""probability"": 0.0007945925462990999}, {""token"": "" Many"", ""token_id"": 8732, ""probability"": 6.874572136439383e-06}, {""token"": "" Two"", ""token_id"": 8512, ""probability"": 4.169639396423008e-06}, {""token"": "" Legs"", ""token_id"": 156403, ""probability"": 1.9695980881806463e-06}, {""token"": "" Some"", ""token_id"": 4943, ""probability"": 9.303722663389635e-07}, {""token"": ""Eight"", ""token_id"": 80357, ""probability"": 4.3947673589173064e-07}, {""token"": "" Typically"", ""token_id"": 50338, ""probability"": 2.0759411256676685e-07}, {""token"": "" Usually"", ""token_id"": 34645, ""probability"": 1.6167444982784218e-07}, {""token"": ""Six"", ""token_id"": 44955, ""probability"": 9.806051792793369e-08}, {""token"": "" Several"", ""token_id"": 22624, ""probability"": 5.947670800310334e-08}]"
"[""triple_refined""]",L7+L22+L27,"[7, 22, 27]",1.0,3.5,2.5,3.5,9.5,5.545268253204709,3.5,True,6092.907117760385,"[14209, 137239, 23422, 23422, 60476, 129426, 129426, 144881, 144881]","[16, 16, 16, 21, 16, 16, 21, 16, 21]","[0.0, 0.0, 0.0, 0.0, 0.0, 0.0, 0.0, 0.0, 0.0]","[42685, 1703, 197021, 248182]","[16, 16, 16, 16]","[441.9379119873047, 4557.7888107299805, 901.0985374450684, 3306.5472412109375]","[84.8398208618164, 133.32498168945312, 441.93798828125, 1540.106689453125, 1014.5927124023438, 278.55682373046875, 4557.78955078125, 901.0985107421875, 322.3639831542969, 0.0, 833.5265502929688, 327.0257873535156, 3306.5478515625]", Six,0.6786310076713562,0.6786310076713562,0.32056260108947754,0.000794595165643841,0.7499999643982234,"[{""token"": "" Six"", ""token_id"": 19759, ""probability"": 0.6786310076713562}, {""token"": "" Eight"", ""token_id"": 38923, ""probability"": 0.32056260108947754}, {""token"": "" Four"", ""token_id"": 13038, ""probability"": 0.000794595165643841}, {""token"": "" Many"", ""token_id"": 8732, ""probability"": 5.353940196073381e-06}, {""token"": "" Two"", ""token_id"": 8512, ""probability"": 3.247329232181073e-06}, {""token"": "" Legs"", ""token_id"": 156403, ""probability"": 1.5339296624006238e-06}, {""token"": "" Some"", ""token_id"": 4943, ""probability"": 7.245770348163205e-07}, {""token"": ""Eight"", ""token_id"": 80357, ""probability"": 3.422659631269198e-07}, {""token"": "" Usually"", ""token_id"": 34645, ""probability"": 1.6167498984032136e-07}, {""token"": "" Typically"", ""token_id"": 50338, ""probability"": 1.6167498984032136e-07}, {""token"": ""Six"", ""token_id"": 44955, ""probability"": 7.636985799308604e-08}, {""token"": "" Several"", ""token_id"": 22624, ""probability"": 5.947690695506935e-08}]"
"[""triple_refined""]",L7+L22+L27,"[7, 22, 27]",1.0,3.5,2.75,2.5,8.75,5.105144464165535,3.5,True,6018.442180046782,"[14209, 137239, 23422, 23422, 60476, 129426, 129426, 144881, 144881]","[16, 16, 16, 21, 16, 16, 21, 16, 21]","[0.0, 0.0, 0.0, 0.0, 0.0, 0.0, 0.0, 0.0, 0.0]","[42685, 1703, 197021, 248182]","[16, 16, 16, 16]","[441.9379119873047, 5013.5676918029785, 991.2083911895752, 2361.8194580078125]","[84.8398208618164, 133.32498168945312, 441.93798828125, 1540.106689453125, 1014.5927124023438, 278.55682373046875, 5013.568359375, 991.2084350585938, 286.3004455566406, 0.0, 794.4961547851562, 335.7040100097656, 2361.819580078125]", Six,0.7305623888969421,0.7305623888969421,0.2687589228153229,0.0006661866791546345,0.9999998532251717,"[{""token"": "" Six"", ""token_id"": 19759, ""probability"": 0.7305623888969421}, {""token"": "" Eight"", ""token_id"": 38923, ""probability"": 0.2687589228153229}, {""token"": "" Four"", ""token_id"": 13038, ""probability"": 0.0006661866791546345}, {""token"": "" Many"", ""token_id"": 8732, ""probability"": 5.763643457612488e-06}, {""token"": "" Two"", ""token_id"": 8512, ""probability"": 3.4958268315676833e-06}, {""token"": "" Legs"", ""token_id"": 156403, ""probability"": 1.6513116634087055e-06}, {""token"": "" Some"", ""token_id"": 4943, ""probability"": 7.800243793099071e-07}, {""token"": ""Eight"", ""token_id"": 80357, ""probability"": 2.8695492915176146e-07}, {""token"": "" Typically"", ""token_id"": 50338, ""probability"": 1.7404695995537622e-07}, {""token"": "" Usually"", ""token_id"": 34645, ""probability"": 1.3554792133163573e-07}, {""token"": ""Six"", ""token_id"": 44955, ""probability"": 8.22139654133025e-08}, {""token"": "" Several"", ""token_id"": 22624, ""probability"": 4.986529233974579e-08}]"
"[""triple_refined""]",L7+L22+L27,"[7, 22, 27]",1.0,3.5,2.75,2.75,9.0,5.232112384114087,3.5,True,6114.987115735534,"[14209, 137239, 23422, 23422, 60476, 129426, 129426, 144881, 144881]","[16, 16, 16, 21, 16, 16, 21, 16, 21]","[0.0, 0.0, 0.0, 0.0, 0.0, 0.0, 0.0, 0.0, 0.0]","[42685, 1703, 197021, 248182]","[16, 16, 16, 16]","[441.9379119873047, 5013.5676918029785, 991.2083911895752, 2598.0014038085938]","[84.8398208618164, 133.32498168945312, 441.93798828125, 1540.106689453125, 1014.5927124023438, 278.55682373046875, 5013.568359375, 991.2084350585938, 286.3004455566406, 0.0, 794.4961547851562, 335.7040100097656, 2598.001708984375]", Six,0.7305623292922974,0.7305623292922974,0.2687588930130005,0.0006661866209469736,0.9999998825265115,"[{""token"": "" Six"", ""token_id"": 19759, ""probability"": 0.7305623292922974}, {""token"": "" Eight"", ""token_id"": 38923, ""probability"": 0.2687588930130005}, {""token"": "" Four"", ""token_id"": 13038, ""probability"": 0.0006661866209469736}, {""token"": "" Many"", ""token_id"": 8732, ""probability"": 5.7636430028651375e-06}, {""token"": "" Two"", ""token_id"": 8512, ""probability"": 3.495826604194008e-06}, {""token"": "" Legs"", ""token_id"": 156403, ""probability"": 1.6513115497218678e-06}, {""token"": "" Some"", ""token_id"": 4943, ""probability"": 7.800243224664882e-07}, {""token"": ""Eight"", ""token_id"": 80357, ""probability"": 2.8695490073005203e-07}, {""token"": "" Typically"", ""token_id"": 50338, ""probability"": 1.740469457445215e-07}, {""token"": "" Usually"", ""token_id"": 34645, ""probability"": 1.3554790712078102e-07}, {""token"": ""Six"", ""token_id"": 44955, ""probability"": 1.0556481555568098e-07}, {""token"": "" Several"", ""token_id"": 22624, ""probability"": 4.9865288787032114e-08}]"
"[""triple_refined""]",L7+L22+L27,"[7, 22, 27]",1.0,3.5,2.75,3.0,9.25,5.367727638395972,3.5,True,6219.007251065681,"[14209, 137239, 23422, 23422, 60476, 129426, 129426, 144881, 144881]","[16, 16, 16, 21, 16, 16, 21, 16, 21]","[0.0, 0.0, 0.0, 0.0, 0.0, 0.0, 0.0, 0.0, 0.0]","[42685, 1703, 197021, 248182]","[16, 16, 16, 16]","[441.9379119873047, 5013.5676918029785, 991.2083911895752, 2834.183349609375]","[84.8398208618164, 133.32498168945312, 441.93798828125, 1540.106689453125, 1014.5927124023438, 278.55682373046875, 5013.568359375, 991.2084350585938, 286.3004455566406, 0.0, 794.4961547851562, 335.7040100097656, 2834.18359375]", Six,0.730422854423523,0.730422854423523,0.2687075734138489,0.0008552372455596924,0.9999999184627582,"[{""token"": "" Six"", ""token_id"": 19759, ""probability"": 0.730422854423523}, {""token"": "" Eight"", ""token_id"": 38923, ""probability"": 0.2687075734138489}, {""token"": "" Four"", ""token_id"": 13038, ""probability"": 0.0008552372455596924}, {""token"": "" Many"", ""token_id"": 8732, ""probability"": 5.762542969023343e-06}, {""token"": "" Two"", ""token_id"": 8512, ""probability"": 4.4878734115627594e-06}, {""token"": "" Legs"", ""token_id"": 156403, ""probability"": 2.119921418852755e-06}, {""token"": "" Some"", ""token_id"": 4943, ""probability"": 7.798754495524918e-07}, {""token"": ""Eight"", ""token_id"": 80357, ""probability"": 3.6838707728747977e-07}, {""token"": "" Typically"", ""token_id"": 50338, ""probability"": 2.2343805028413044e-07}, {""token"": "" Usually"", ""token_id"": 34645, ""probability"": 1.7401373497705208e-07}, {""token"": ""Six"", ""token_id"": 44955, ""probability"": 1.0554466456369482e-07}, {""token"": "" Several"", ""token_id"": 22624, ""probability"": 6.401607777206664e-08}]"
"[""triple_refined""]",L7+L22+L27,"[7, 22, 27]",1.0,3.5,2.75,3.25,9.5,5.5113519212621505,3.5,True,6330.13417846623,"[14209, 137239, 23422, 23422, 60476, 129426, 129426, 144881, 144881]","[16, 16, 16, 21, 16, 16, 21, 16, 21]","[0.0, 0.0, 0.0, 0.0, 0.0, 0.0, 0.0, 0.0, 0.0]","[42685, 1703, 197021, 248182]","[16, 16, 16, 16]","[441.9379119873047, 5013.5676918029785, 991.2083911895752, 3070.3652954101562]","[84.8398208618164, 133.32498168945312, 441.93798828125, 1540.106689453125, 1014.5927124023438, 278.55682373046875, 5013.568359375, 991.2084350585938, 286.3004455566406, 0.0, 794.4961547851562, 335.7040100097656, 3070.365478515625]", Six,0.7767401337623596,0.7767401337623596,0.2225397825241089,0.000708295323420316,1.2499999627600638,"[{""token"": "" Six"", ""token_id"": 19759, ""probability"": 0.7767401337623596}, {""token"": "" Eight"", ""token_id"": 38923, ""probability"": 0.2225397825241089}, {""token"": "" Four"", ""token_id"": 13038, ""probability"": 0.000708295323420316}, {""token"": "" Many"", ""token_id"": 8732, ""probability"": 4.772456577484263e-06}, {""token"": "" Two"", ""token_id"": 8512, ""probability"": 3.716793116836925e-06}, {""token"": "" Legs"", ""token_id"": 156403, ""probability"": 1.7556886859892984e-06}, {""token"": "" Some"", ""token_id"": 4943, ""probability"": 6.45881755190203e-07}, {""token"": ""Eight"", ""token_id"": 80357, ""probability"": 3.050929251458001e-07}, {""token"": "" Typically"", ""token_id"": 50338, ""probability"": 1.8504822207887628e-07}, {""token"": "" Usually"", ""token_id"": 34645, ""probability"": 1.4411570248284988e-07}, {""token"": ""Six"", ""token_id"": 44955, ""probability"": 8.741059076555757e-08}, {""token"": "" Several"", ""token_id"": 22624, ""probability"": 5.3017203072158736e-08}]"
"[""triple_refined""]",L7+L22+L27,"[7, 22, 27]",1.0,3.5,2.75,3.5,9.75,5.662375826453062,3.5,True,6448.000716532097,"[14209, 137239, 23422, 23422, 60476, 129426, 129426, 144881, 144881]","[16, 16, 16, 21, 16, 16, 21, 16, 21]","[0.0, 0.0, 0.0, 0.0, 0.0, 0.0, 0.0, 0.0, 0.0]","[42685, 1703, 197021, 248182]","[16, 16, 16, 16]","[441.9379119873047, 5013.5676918029785, 991.2083911895752, 3306.5472412109375]","[84.8398208618164, 133.32498168945312, 441.93798828125, 1540.106689453125, 1014.5927124023438, 278.55682373046875, 5013.568359375, 991.2084350585938, 286.3004455566406, 0.0, 794.4961547851562, 335.7040100097656, 3306.5478515625]", Six,0.7304241061210632,0.7304241061210632,0.2687080204486847,0.0008552386425435543,0.9999999684761258,"[{""token"": "" Six"", ""token_id"": 19759, ""probability"": 0.7304241061210632}, {""token"": "" Eight"", ""token_id"": 38923, ""probability"": 0.2687080204486847}, {""token"": "" Four"", ""token_id"": 13038, ""probability"": 0.0008552386425435543}, {""token"": "" Many"", ""token_id"": 8732, ""probability"": 5.762552518717712e-06}, {""token"": "" Two"", ""token_id"": 8512, ""probability"": 3.4951651741721435e-06}, {""token"": "" Legs"", ""token_id"": 156403, ""probability"": 1.650999024604971e-06}, {""token"": "" Some"", ""token_id"": 4943, ""probability"": 7.798767569511256e-07}, {""token"": ""Eight"", ""token_id"": 80357, ""probability"": 2.8690061526503996e-07}, {""token"": "" Typically"", ""token_id"": 50338, ""probability"": 1.7401401919414639e-07}, {""token"": "" Usually"", ""token_id"": 34645, ""probability"": 1.355222707388748e-07}, {""token"": ""Six"", ""token_id"": 44955, ""probability"": 1.0554484219937876e-07}, {""token"": "" Several"", ""token_id"": 22624, ""probability"": 6.4016184353477e-08}]"
"[""triple_refined""]",L7+L22+L27,"[7, 22, 27]",1.0,3.5,3.0,2.5,9.0,5.244044240850758,3.5,True,6406.871657348248,"[14209, 137239, 23422, 23422, 60476, 129426, 129426, 144881, 144881]","[16, 16, 16, 21, 16, 16, 21, 16, 21]","[0.0, 0.0, 0.0, 0.0, 0.0, 0.0, 0.0, 0.0, 0.0]","[42685, 1703, 197021, 248182]","[16, 16, 16, 16]","[441.9379119873047, 5469.346572875977, 1081.318244934082, 2361.8194580078125]","[84.8398208618164, 133.32498168945312, 441.93798828125, 1540.106689453125, 1014.5927124023438, 278.55682373046875, 5469.34765625, 1081.3182373046875, 240.62893676757812, 0.0, 722.1388549804688, 328.95220947265625, 2361.819580078125]", Six,0.730423629283905,0.730423629283905,0.26870787143707275,0.0008552381186746061,0.9999998702021824,"[{""token"": "" Six"", ""token_id"": 19759, ""probability"": 0.730423629283905}, {""token"": "" Eight"", ""token_id"": 38923, ""probability"": 0.26870787143707275}, {""token"": "" Four"", ""token_id"": 13038, ""probability"": 0.0008552381186746061}, {""token"": "" Many"", ""token_id"": 8732, ""probability"": 5.762548880738905e-06}, {""token"": "" Two"", ""token_id"": 8512, ""probability"": 3.4951631278090645e-06}, {""token"": "" Legs"", ""token_id"": 156403, ""probability"": 2.1199236925895093e-06}, {""token"": "" Some"", ""token_id"": 4943, ""probability"": 7.798762453603558e-07}, {""token"": ""Eight"", ""token_id"": 80357, ""probability"": 3.6838744676970236e-07}, {""token"": "" Usually"", ""token_id"": 34645, ""probability"": 1.7401390550730866e-07}, {""token"": "" Typically"", ""token_id"": 50338, ""probability"": 1.7401390550730866e-07}, {""token"": ""Six"", ""token_id"": 44955, ""probability"": 1.0554477825053254e-07}, {""token"": "" Several"", ""token_id"": 22624, ""probability"": 6.401614172091286e-08}]"
"[""triple_refined""]",L7+L22+L27,"[7, 22, 27]",1.0,3.5,3.0,2.75,9.25,5.367727638395972,3.5,True,6497.64769626498,"[14209, 137239, 23422, 23422, 60476, 129426, 129426, 144881, 144881]","[16, 16, 16, 21, 16, 16, 21, 16, 21]","[0.0, 0.0, 0.0, 0.0, 0.0, 0.0, 0.0, 0.0, 0.0]","[42685, 1703, 197021, 248182]","[16, 16, 16, 16]","[441.9379119873047, 5469.346572875977, 1081.318244934082, 2598.0014038085938]","[84.8398208618164, 133.32498168945312, 441.93798828125, 1540.106689453125, 1014.5927124023438, 278.55682373046875, 5469.34765625, 1081.3182373046875, 240.62893676757812, 0.0, 722.1388549804688, 328.95220947265625, 2598.001708984375]", Six,0.7304232120513916,0.7304232120513916,0.2687076926231384,0.0008552375948056579,0.9999999644408291,"[{""token"": "" Six"", ""token_id"": 19759, ""probability"": 0.7304232120513916}, {""token"": "" Eight"", ""token_id"": 38923, ""probability"": 0.2687076926231384}, {""token"": "" Four"", ""token_id"": 13038, ""probability"": 0.0008552375948056579}, {""token"": "" Many"", ""token_id"": 8732, ""probability"": 5.7625456975074485e-06}, {""token"": "" Two"", ""token_id"": 8512, ""probability"": 4.487875230552163e-06}, {""token"": "" Legs"", ""token_id"": 156403, ""probability"": 1.6509970919287298e-06}, {""token"": "" Some"", ""token_id"": 4943, ""probability"": 7.798757906130049e-07}, {""token"": ""Eight"", ""token_id"": 80357, ""probability"": 3.6838724781773635e-07}, {""token"": "" Usually"", ""token_id"": 34645, ""probability"": 1.7401380603132566e-07}, {""token"": "" Typically"", ""token_id"": 50338, ""probability"": 1.7401380603132566e-07}, {""token"": ""Six"", ""token_id"": 44955, ""probability"": 1.355221002086182e-07}, {""token"": "" Several"", ""token_id"": 22624, ""probability"": 6.401610619377607e-08}]"
"[""triple_refined""]",L7+L22+L27,"[7, 22, 27]",1.0,3.5,3.0,3.0,9.5,5.5,3.5,True,6595.6356288058805,"[14209, 137239, 23422, 23422, 60476, 129426, 129426, 144881, 144881]","[16, 16, 16, 21, 16, 16, 21, 16, 21]","[0.0, 0.0, 0.0, 0.0, 0.0, 0.0, 0.0, 0.0, 0.0]","[42685, 1703, 197021, 248182]","[16, 16, 16, 16]","[441.9379119873047, 5469.346572875977, 1081.318244934082, 2834.183349609375]","[84.8398208618164, 133.32498168945312, 441.93798828125, 1540.106689453125, 1014.5927124023438, 278.55682373046875, 5469.34765625, 1081.3182373046875, 240.62893676757812, 0.0, 722.1388549804688, 328.95220947265625, 2834.18359375]", Six,0.7304250001907349,0.7304250001907349,0.26870834827423096,0.0008552396902814507,0.9999999725114127,"[{""token"": "" Six"", ""token_id"": 19759, ""probability"": 0.7304250001907349}, {""token"": "" Eight"", ""token_id"": 38923, ""probability"": 0.26870834827423096}, {""token"": "" Four"", ""token_id"": 13038, ""probability"": 0.0008552396902814507}, {""token"": "" Many"", ""token_id"": 8732, ""probability"": 4.487886144488584e-06}, {""token"": "" Two"", ""token_id"": 8512, ""probability"": 3.495169494271977e-06}, {""token"": "" Legs"", ""token_id"": 156403, ""probability"": 1.65100107096805e-06}, {""token"": "" Some"", ""token_id"": 4943, ""probability"": 7.798776664458273e-07}, {""token"": ""Eight"", ""token_id"": 80357, ""probability"": 3.683881288907287e-07}, {""token"": "" Typically"", ""token_id"": 50338, ""probability"": 1.7401423235696711e-07}, {""token"": "" Usually"", ""token_id"": 34645, ""probability"": 1.3552242705827666e-07}, {""token"": ""Six"", ""token_id"": 44955, ""probability"": 1.055449700970712e-07}, {""token"": "" Several"", ""token_id"": 22624, ""probability"": 6.401625540775058e-08}]"
"[""triple_refined""]",L7+L22+L27,"[7, 22, 27]",1.0,3.5,3.0,3.25,9.75,5.640257086339239,3.5,True,6700.5191497787955,"[14209, 137239, 23422, 23422, 60476, 129426, 129426, 144881, 144881]","[16, 16, 16, 21, 16, 16, 21, 16, 21]","[0.0, 0.0, 0.0, 0.0, 0.0, 0.0, 0.0, 0.0, 0.0]","[42685, 1703, 197021, 248182]","[16, 16, 16, 16]","[441.9379119873047, 5469.346572875977, 1081.318244934082, 3070.3652954101562]","[84.8398208618164, 133.32498168945312, 441.93798828125, 1540.106689453125, 1014.5927124023438, 278.55682373046875, 5469.34765625, 1081.3182373046875, 240.62893676757812, 0.0, 722.1388549804688, 328.95220947265625, 3070.365478515625]", Six,0.7304225564002991,0.7304225564002991,0.2687074840068817,0.000855236838106066,0.9999998431776962,"[{""token"": "" Six"", ""token_id"": 19759, ""probability"": 0.7304225564002991}, {""token"": "" Eight"", ""token_id"": 38923, ""probability"": 0.2687074840068817}, {""token"": "" Four"", ""token_id"": 13038, ""probability"": 0.000855236838106066}, {""token"": "" Many"", ""token_id"": 8732, ""probability"": 5.762540695286589e-06}, {""token"": "" Two"", ""token_id"": 8512, ""probability"": 4.487871137826005e-06}, {""token"": "" Legs"", ""token_id"": 156403, ""probability"": 2.119920509358053e-06}, {""token"": "" Some"", ""token_id"": 4943, ""probability"": 1.0013794735641568e-06}, {""token"": ""Eight"", ""token_id"": 80357, ""probability"": 3.683869067572232e-07}, {""token"": "" Typically"", ""token_id"": 50338, ""probability"": 2.2343795080814743e-07}, {""token"": "" Usually"", ""token_id"": 34645, ""probability"": 1.740136497119238e-07}, {""token"": ""Six"", ""token_id"": 44955, ""probability"": 1.355219865217805e-07}, {""token"": "" Several"", ""token_id"": 22624, ""probability"": 6.401604935035721e-08}]"
"[""triple_refined""]",L7+L22+L27,"[7, 22, 27]",1.0,3.5,3.0,3.5,10.0,5.787918451395113,3.5,True,6811.979991130659,"[14209, 137239, 23422, 23422, 60476, 129426, 129426, 144881, 144881]","[16, 16, 16, 21, 16, 16, 21, 16, 21]","[0.0, 0.0, 0.0, 0.0, 0.0, 0.0, 0.0, 0.0, 0.0]","[42685, 1703, 197021, 248182]","[16, 16, 16, 16]","[441.9379119873047, 5469.346572875977, 1081.318244934082, 3306.5472412109375]","[84.8398208618164, 133.32498168945312, 441.93798828125, 1540.106689453125, 1014.5927124023438, 278.55682373046875, 5469.34765625, 1081.3182373046875, 240.62893676757812, 0.0, 722.1388549804688, 328.95220947265625, 3306.5478515625]", Six,0.7305610775947571,0.7305610775947571,0.2687584459781647,0.0006661855150014162,0.9999998325224633,"[{""token"": "" Six"", ""token_id"": 19759, ""probability"": 0.7305610775947571}, {""token"": "" Eight"", ""token_id"": 38923, ""probability"": 0.2687584459781647}, {""token"": "" Four"", ""token_id"": 13038, ""probability"": 0.0006661855150014162}, {""token"": "" Many"", ""token_id"": 8732, ""probability"": 5.763633453170769e-06}, {""token"": "" Two"", ""token_id"": 8512, ""probability"": 4.4887224248668645e-06}, {""token"": "" Legs"", ""token_id"": 156403, ""probability"": 2.1203225060162367e-06}, {""token"": "" Some"", ""token_id"": 4943, ""probability"": 7.800230150678544e-07}, {""token"": ""Eight"", ""token_id"": 80357, ""probability"": 3.6845679574071255e-07}, {""token"": "" Usually"", ""token_id"": 34645, ""probability"": 1.740466615274272e-07}, {""token"": "" Typically"", ""token_id"": 50338, ""probability"": 1.740466615274272e-07}, {""token"": ""Six"", ""token_id"": 44955, ""probability"": 1.355476939579603e-07}, {""token"": "" Several"", ""token_id"": 22624, ""probability"": 6.402819252571135e-08}]"
"[""triple_refined""]",L7+L22+L27,"[7, 22, 27]",1.0,3.5,3.25,2.5,9.25,5.390964663211956,3.5,True,6808.723688879933,"[14209, 137239, 23422, 23422, 60476, 129426, 129426, 144881, 144881]","[16, 16, 16, 21, 16, 16, 21, 16, 21]","[0.0, 0.0, 0.0, 0.0, 0.0, 0.0, 0.0, 0.0, 0.0]","[42685, 1703, 197021, 248182]","[16, 16, 16, 16]","[441.9379119873047, 5925.125453948975, 1171.4280986785889, 2361.8194580078125]","[84.8398208618164, 133.32498168945312, 441.93798828125, 1540.106689453125, 1014.5927124023438, 278.55682373046875, 5925.12646484375, 1171.4281005859375, 198.56765747070312, 0.0, 677.8368530273438, 321.0354919433594, 2361.819580078125]", Six,0.7304244637489319,0.7304244637489319,0.26870816946029663,0.0008552391082048416,0.9999999035444644,"[{""token"": "" Six"", ""token_id"": 19759, ""probability"": 0.7304244637489319}, {""token"": "" Eight"", ""token_id"": 38923, ""probability"": 0.26870816946029663}, {""token"": "" Four"", ""token_id"": 13038, ""probability"": 0.0008552391082048416}, {""token"": "" Many"", ""token_id"": 8732, ""probability"": 4.487882961257128e-06}, {""token"": "" Two"", ""token_id"": 8512, ""probability"": 4.487882961257128e-06}, {""token"": "" Legs"", ""token_id"": 156403, ""probability"": 1.6509999340996728e-06}, {""token"": "" Some"", ""token_id"": 4943, ""probability"": 6.07368917826534e-07}, {""token"": ""Eight"", ""token_id"": 80357, ""probability"": 2.869007573735871e-07}, {""token"": "" Typically"", ""token_id"": 50338, ""probability"": 1.7401410445927468e-07}, {""token"": "" Usually"", ""token_id"": 34645, ""probability"": 1.3552234179314837e-07}, {""token"": ""Six"", ""token_id"": 44955, ""probability"": 1.0554489904279762e-07}, {""token"": "" Several"", ""token_id"": 22624, ""probability"": 4.985587764849697e-08}]"
"[""triple_refined""]",L7+L22+L27,"[7, 22, 27]",1.0,3.5,3.25,2.75,9.5,5.5113519212621505,3.5,True,6894.210572832838,"[14209, 137239, 23422, 23422, 60476, 129426, 129426, 144881, 144881]","[16, 16, 16, 21, 16, 16, 21, 16, 21]","[0.0, 0.0, 0.0, 0.0, 0.0, 0.0, 0.0, 0.0, 0.0]","[42685, 1703, 197021, 248182]","[16, 16, 16, 16]","[441.9379119873047, 5925.125453948975, 1171.4280986785889, 2598.0014038085938]","[84.8398208618164, 133.32498168945312, 441.93798828125, 1540.106689453125, 1014.5927124023438, 278.55682373046875, 5925.12646484375, 1171.4281005859375, 198.56765747070312, 0.0, 677.8368530273438, 321.0354919433594, 2598.001708984375]", Six,0.7304221987724304,0.7304221987724304,0.2687073349952698,0.0008552364306524396,0.9999999081094937,"[{""token"": "" Six"", ""token_id"": 19759, ""probability"": 0.7304221987724304}, {""token"": "" Eight"", ""token_id"": 38923, ""probability"": 0.2687073349952698}, {""token"": "" Four"", ""token_id"": 13038, ""probability"": 0.0008552364306524396}, {""token"": "" Many"", ""token_id"": 8732, ""probability"": 5.7625375120551325e-06}, {""token"": "" Two"", ""token_id"": 8512, ""probability"": 4.4878688640892506e-06}, {""token"": "" Legs"", ""token_id"": 156403, ""probability"": 2.7220301035413286e-06}, {""token"": "" Some"", ""token_id"": 4943, ""probability"": 1.0013789051299682e-06}, {""token"": ""Eight"", ""token_id"": 80357, ""probability"": 3.683867078052572e-07}, {""token"": "" Typically"", ""token_id"": 50338, ""probability"": 2.234378371213097e-07}, {""token"": "" Usually"", ""token_id"": 34645, ""probability"": 1.740135644467955e-07}, {""token"": ""Six"", ""token_id"": 44955, ""probability"": 1.0554456508771182e-07}, {""token"": "" Several"", ""token_id"": 22624, ""probability"": 6.401601382322042e-08}]"
"[""triple_refined""]",L7+L22+L27,"[7, 22, 27]",1.0,3.5,3.25,3.0,9.75,5.640257086339239,3.5,True,6986.638904777892,"[14209, 137239, 23422, 23422, 60476, 129426, 129426, 144881, 144881]","[16, 16, 16, 21, 16, 16, 21, 16, 21]","[0.0, 0.0, 0.0, 0.0, 0.0, 0.0, 0.0, 0.0, 0.0]","[42685, 1703, 197021, 248182]","[16, 16, 16, 16]","[441.9379119873047, 5925.125453948975, 1171.4280986785889, 2834.183349609375]","[84.8398208618164, 133.32498168945312, 441.93798828125, 1540.106689453125, 1014.5927124023438, 278.55682373046875, 5925.12646484375, 1171.4281005859375, 198.56765747070312, 0.0, 677.8368530273438, 321.0354919433594, 2834.18359375]", Six,0.7768615484237671,0.7768615484237671,0.22257457673549652,0.0005517071695066988,1.2499999253470309,"[{""token"": "" Six"", ""token_id"": 19759, ""probability"": 0.7768615484237671}, {""token"": "" Eight"", ""token_id"": 38923, ""probability"": 0.22257457673549652}, {""token"": "" Four"", ""token_id"": 13038, ""probability"": 0.0005517071695066988}, {""token"": "" Many"", ""token_id"": 8732, ""probability"": 4.773202363139717e-06}, {""token"": "" Two"", ""token_id"": 8512, ""probability"": 3.7173740565776825e-06}, {""token"": "" Legs"", ""token_id"": 156403, ""probability"": 1.7559631260155584e-06}, {""token"": "" Some"", ""token_id"": 4943, ""probability"": 8.294582585222088e-07}, {""token"": ""Eight"", ""token_id"": 80357, ""probability"": 3.0514061677422433e-07}, {""token"": "" Typically"", ""token_id"": 50338, ""probability"": 2.3764376066992554e-07}, {""token"": "" Usually"", ""token_id"": 34645, ""probability"": 1.8507714116822171e-07}, {""token"": ""Six"", ""token_id"": 44955, ""probability"": 1.441382408984282e-07}, {""token"": "" Several"", ""token_id"": 22624, ""probability"": 6.80860807733552e-08}]"
"[""triple_refined""]",L7+L22+L27,"[7, 22, 27]",1.0,3.5,3.25,3.25,10.0,5.777110004145672,3.5,True,7085.73713274313,"[14209, 137239, 23422, 23422, 60476, 129426, 129426, 144881, 144881]","[16, 16, 16, 21, 16, 16, 21, 16, 21]","[0.0, 0.0, 0.0, 0.0, 0.0, 0.0, 0.0, 0.0, 0.0]","[42685, 1703, 197021, 248182]","[16, 16, 16, 16]","[441.9379119873047, 5925.125453948975, 1171.4280986785889, 3070.3652954101562]","[84.8398208618164, 133.32498168945312, 441.93798828125, 1540.106689453125, 1014.5927124023438, 278.55682373046875, 5925.12646484375, 1171.4281005859375, 198.56765747070312, 0.0, 677.8368530273438, 321.0354919433594, 3070.365478515625]", Six,0.7304240465164185,0.7304240465164185,0.2687080204486847,0.0008552385843358934,0.9999998868733329,"[{""token"": "" Six"", ""token_id"": 19759, ""probability"": 0.7304240465164185}, {""token"": "" Eight"", ""token_id"": 38923, ""probability"": 0.2687080204486847}, {""token"": "" Four"", ""token_id"": 13038, ""probability"": 0.0008552385843358934}, {""token"": "" Many"", ""token_id"": 8732, ""probability"": 4.487880232773023e-06}, {""token"": "" Two"", ""token_id"": 8512, ""probability"": 4.487880232773023e-06}, {""token"": "" Legs"", ""token_id"": 156403, ""probability"": 2.119924602084211e-06}, {""token"": "" Some"", ""token_id"": 4943, ""probability"": 6.073685767660209e-07}, {""token"": ""Eight"", ""token_id"": 80357, ""probability"": 3.683876457216684e-07}, {""token"": "" Typically"", ""token_id"": 50338, ""probability"": 2.2343840555549832e-07}, {""token"": "" Usually"", ""token_id"": 34645, ""probability"": 1.3552225652802008e-07}, {""token"": ""Six"", ""token_id"": 44955, ""probability"": 1.055448350939514e-07}, {""token"": "" Several"", ""token_id"": 22624, ""probability"": 4.985584922678754e-08}]"
"[""triple_refined""]",L7+L22+L27,"[7, 22, 27]",1.0,3.5,3.25,3.5,10.25,5.921359641163505,3.5,True,7191.229744441971,"[14209, 137239, 23422, 23422, 60476, 129426, 129426, 144881, 144881]","[16, 16, 16, 21, 16, 16, 21, 16, 21]","[0.0, 0.0, 0.0, 0.0, 0.0, 0.0, 0.0, 0.0, 0.0]","[42685, 1703, 197021, 248182]","[16, 16, 16, 16]","[441.9379119873047, 5925.125453948975, 1171.4280986785889, 3306.5472412109375]","[84.8398208618164, 133.32498168945312, 441.93798828125, 1540.106689453125, 1014.5927124023438, 278.55682373046875, 5925.12646484375, 1171.4281005859375, 198.56765747070312, 0.0, 677.8368530273438, 321.0354919433594, 3306.5478515625]", Six,0.730422854423523,0.730422854423523,0.2687075734138489,0.0008552372455596924,0.9999999184627582,"[{""token"": "" Six"", ""token_id"": 19759, ""probability"": 0.730422854423523}, {""token"": "" Eight"", ""token_id"": 38923, ""probability"": 0.2687075734138489}, {""token"": "" Four"", ""token_id"": 13038, ""probability"": 0.0008552372455596924}, {""token"": "" Many"", ""token_id"": 8732, ""probability"": 5.762542969023343e-06}, {""token"": "" Two"", ""token_id"": 8512, ""probability"": 4.4878734115627594e-06}, {""token"": "" Legs"", ""token_id"": 156403, ""probability"": 2.119921418852755e-06}, {""token"": "" Some"", ""token_id"": 4943, ""probability"": 7.798754495524918e-07}, {""token"": ""Eight"", ""token_id"": 80357, ""probability"": 3.6838707728747977e-07}, {""token"": "" Typically"", ""token_id"": 50338, ""probability"": 2.2343805028413044e-07}, {""token"": "" Usually"", ""token_id"": 34645, ""probability"": 1.7401373497705208e-07}, {""token"": ""Six"", ""token_id"": 44955, ""probability"": 1.0554466456369482e-07}, {""token"": "" Several"", ""token_id"": 22624, ""probability"": 6.401607777206664e-08}]"
"[""triple_refined""]",L7+L22+L27,"[7, 22, 27]",1.0,3.5,3.5,2.5,9.5,5.545268253204709,3.5,True,7216.2191127139195,"[14209, 137239, 23422, 23422, 60476, 129426, 129426, 144881, 144881]","[16, 16, 16, 21, 16, 16, 21, 16, 21]","[0.0, 0.0, 0.0, 0.0, 0.0, 0.0, 0.0, 0.0, 0.0]","[42685, 1703, 197021, 248182]","[16, 16, 16, 16]","[441.9379119873047, 6380.904335021973, 1261.5379524230957, 2361.8194580078125]","[84.8398208618164, 133.32498168945312, 441.93798828125, 1540.106689453125, 1014.5927124023438, 278.55682373046875, 6380.9052734375, 1261.5379638671875, 152.076904296875, 0.0, 600.3558959960938, 324.7127990722656, 2361.819580078125]", Six,0.6784769296646118,0.6784769296646118,0.3204898238182068,0.0010200487449765205,0.749999951829277,"[{""token"": "" Six"", ""token_id"": 19759, ""probability"": 0.6784769296646118}, {""token"": "" Eight"", ""token_id"": 38923, ""probability"": 0.3204898238182068}, {""token"": "" Four"", ""token_id"": 13038, ""probability"": 0.0010200487449765205}, {""token"": "" Many"", ""token_id"": 8732, ""probability"": 5.352724656404462e-06}, {""token"": "" Two"", ""token_id"": 8512, ""probability"": 4.168706254858989e-06}, {""token"": "" Legs"", ""token_id"": 156403, ""probability"": 1.9691576653713128e-06}, {""token"": "" Some"", ""token_id"": 4943, ""probability"": 7.244125299621373e-07}, {""token"": ""Eight"", ""token_id"": 80357, ""probability"": 2.664964711129869e-07}, {""token"": "" Typically"", ""token_id"": 50338, ""probability"": 2.0754767149355757e-07}, {""token"": "" Usually"", ""token_id"": 34645, ""probability"": 1.61638283202592e-07}, {""token"": ""Six"", ""token_id"": 44955, ""probability"": 7.63525207503335e-08}, {""token"": "" Several"", ""token_id"": 22624, ""probability"": 5.946340309037623e-08}]"
"[""triple_refined""]",L7+L22+L27,"[7, 22, 27]",1.0,3.5,3.5,2.75,9.75,5.662375826453062,3.5,True,7296.933563747377,"[14209, 137239, 23422, 23422, 60476, 129426, 129426, 144881, 144881]","[16, 16, 16, 21, 16, 16, 21, 16, 21]","[0.0, 0.0, 0.0, 0.0, 0.0, 0.0, 0.0, 0.0, 0.0]","[42685, 1703, 197021, 248182]","[16, 16, 16, 16]","[441.9379119873047, 6380.904335021973, 1261.5379524230957, 2598.0014038085938]","[84.8398208618164, 133.32498168945312, 441.93798828125, 1540.106689453125, 1014.5927124023438, 278.55682373046875, 6380.9052734375, 1261.5379638671875, 152.076904296875, 0.0, 600.3558959960938, 324.7127990722656, 2598.001708984375]", Six,0.7304229140281677,0.7304229140281677,0.26870760321617126,0.0008552373037673533,0.9999998891558193,"[{""token"": "" Six"", ""token_id"": 19759, ""probability"": 0.7304229140281677}, {""token"": "" Eight"", ""token_id"": 38923, ""probability"": 0.26870760321617126}, {""token"": "" Four"", ""token_id"": 13038, ""probability"": 0.0008552373037673533}, {""token"": "" Many"", ""token_id"": 8732, ""probability"": 5.762543423770694e-06}, {""token"": "" Two"", ""token_id"": 8512, ""probability"": 4.48787386631011e-06}, {""token"": "" Legs"", ""token_id"": 156403, ""probability"": 2.1199216462264303e-06}, {""token"": "" Some"", ""token_id"": 4943, ""probability"": 7.798755063959106e-07}, {""token"": ""Eight"", ""token_id"": 80357, ""probability"": 2.8690016051768907e-07}, {""token"": "" Typically"", ""token_id"": 50338, ""probability"": 2.2343806449498516e-07}, {""token"": "" Usually"", ""token_id"": 34645, ""probability"": 1.740137491879068e-07}, {""token"": ""Six"", ""token_id"": 44955, ""probability"": 1.0554467877454954e-07}, {""token"": "" Several"", ""token_id"": 22624, ""probability"": 6.401607777206664e-08}]"
"[""triple_refined""]",L7+L22+L27,"[7, 22, 27]",1.0,3.5,3.5,3.0,10.0,5.787918451395113,3.5,True,7384.322798804162,"[14209, 137239, 23422, 23422, 60476, 129426, 129426, 144881, 144881]","[16, 16, 16, 21, 16, 16, 21, 16, 21]","[0.0, 0.0, 0.0, 0.0, 0.0, 0.0, 0.0, 0.0, 0.0]","[42685, 1703, 197021, 248182]","[16, 16, 16, 16]","[441.9379119873047, 6380.904335021973, 1261.5379524230957, 2834.183349609375]","[84.8398208618164, 133.32498168945312, 441.93798828125, 1540.106689453125, 1014.5927124023438, 278.55682373046875, 6380.9052734375, 1261.5379638671875, 152.076904296875, 0.0, 600.3558959960938, 324.7127990722656, 2834.18359375]", Six,0.7304226160049438,0.7304226160049438,0.2687074840068817,0.0008552369545213878,0.9999999247806558,"[{""token"": "" Six"", ""token_id"": 19759, ""probability"": 0.7304226160049438}, {""token"": "" Eight"", ""token_id"": 38923, ""probability"": 0.2687074840068817}, {""token"": "" Four"", ""token_id"": 13038, ""probability"": 0.0008552369545213878}, {""token"": "" Many"", ""token_id"": 8732, ""probability"": 5.76254115003394e-06}, {""token"": "" Two"", ""token_id"": 8512, ""probability"": 4.487871592573356e-06}, {""token"": "" Legs"", ""token_id"": 156403, ""probability"": 2.1199207367317285e-06}, {""token"": "" Some"", ""token_id"": 4943, ""probability"": 1.0013795872509945e-06}, {""token"": ""Eight"", ""token_id"": 80357, ""probability"": 3.683869351789326e-07}, {""token"": "" Typically"", ""token_id"": 50338, ""probability"": 2.2343797922985686e-07}, {""token"": "" Usually"", ""token_id"": 34645, ""probability"": 1.740136639227785e-07}, {""token"": ""Six"", ""token_id"": 44955, ""probability"": 1.0554462903655804e-07}, {""token"": "" Several"", ""token_id"": 22624, ""probability"": 6.401604935035721e-08}]"
"[""triple_refined""]",L7+L22+L27,"[7, 22, 27]",1.0,3.5,3.5,3.25,10.25,5.921359641163505,3.5,True,7478.152895302272,"[14209, 137239, 23422, 23422, 60476, 129426, 129426, 144881, 144881]","[16, 16, 16, 21, 16, 16, 21, 16, 21]","[0.0, 0.0, 0.0, 0.0, 0.0, 0.0, 0.0, 0.0, 0.0]","[42685, 1703, 197021, 248182]","[16, 16, 16, 16]","[441.9379119873047, 6380.904335021973, 1261.5379524230957, 3070.3652954101562]","[84.8398208618164, 133.32498168945312, 441.93798828125, 1540.106689453125, 1014.5927124023438, 278.55682373046875, 6380.9052734375, 1261.5379638671875, 152.076904296875, 0.0, 600.3558959960938, 324.7127990722656, 3070.365478515625]", Six,0.678629994392395,0.678629994392395,0.32056212425231934,0.0007945940014906228,0.7499999587770082,"[{""token"": "" Six"", ""token_id"": 19759, ""probability"": 0.678629994392395}, {""token"": "" Eight"", ""token_id"": 38923, ""probability"": 0.32056212425231934}, {""token"": "" Four"", ""token_id"": 13038, ""probability"": 0.0007945940014906228}, {""token"": "" Many"", ""token_id"": 8732, ""probability"": 5.353932465368416e-06}, {""token"": "" Two"", ""token_id"": 8512, ""probability"": 4.169647127127973e-06}, {""token"": "" Legs"", ""token_id"": 156403, ""probability"": 1.969601953533129e-06}, {""token"": "" Some"", ""token_id"": 4943, ""probability"": 7.24576011634781e-07}, {""token"": ""Eight"", ""token_id"": 80357, ""probability"": 3.4226545153615007e-07}, {""token"": "" Typically"", ""token_id"": 50338, ""probability"": 2.0759449625984416e-07}, {""token"": "" Usually"", ""token_id"": 34645, ""probability"": 1.616747482557912e-07}, {""token"": ""Six"", ""token_id"": 44955, ""probability"": 9.806070266904499e-08}, {""token"": "" Several"", ""token_id"": 22624, ""probability"": 5.947681813722738e-08}]"
"[""triple_refined""]",L7+L22+L27,"[7, 22, 27]",1.0,3.5,3.5,3.5,10.5,6.06217782649107,3.5,True,7578.18482544005,"[14209, 137239, 23422, 23422, 60476, 129426, 129426, 144881, 144881]","[16, 16, 16, 21, 16, 16, 21, 16, 21]","[0.0, 0.0, 0.0, 0.0, 0.0, 0.0, 0.0, 0.0, 0.0]","[42685, 1703, 197021, 248182]","[16, 16, 16, 16]","[441.9379119873047, 6380.904335021973, 1261.5379524230957, 3306.5472412109375]","[84.8398208618164, 133.32498168945312, 441.93798828125, 1540.106689453125, 1014.5927124023438, 278.55682373046875, 6380.9052734375, 1261.5379638671875, 152.076904296875, 0.0, 600.3558959960938, 324.7127990722656, 3306.5478515625]", Six,0.7304213643074036,0.7304213643074036,0.2687070369720459,0.0008552354411222041,0.9999998747671134,"[{""token"": "" Six"", ""token_id"": 19759, ""probability"": 0.7304213643074036}, {""token"": "" Eight"", ""token_id"": 38923, ""probability"": 0.2687070369720459}, {""token"": "" Four"", ""token_id"": 13038, ""probability"": 0.0008552354411222041}, {""token"": "" Many"", ""token_id"": 8732, ""probability"": 7.399235983029939e-06}, {""token"": "" Two"", ""token_id"": 8512, ""probability"": 4.487863861868391e-06}, {""token"": "" Legs"", ""token_id"": 156403, ""probability"": 2.119916871379246e-06}, {""token"": "" Some"", ""token_id"": 4943, ""probability"": 1.001377768261591e-06}, {""token"": ""Eight"", ""token_id"": 80357, ""probability"": 4.730173941425164e-07}, {""token"": "" Usually"", ""token_id"": 34645, ""probability"": 2.2343758132592484e-07}, {""token"": "" Typically"", ""token_id"": 50338, ""probability"": 2.2343758132592484e-07}, {""token"": ""Six"", ""token_id"": 44955, ""probability"": 1.3552175914810505e-07}, {""token"": "" Several"", ""token_id"": 22624, ""probability"": 8.219809188858562e-08}]"
"[""anchored_ablation_drop_L7""]",L22+L27,"[22, 27]",1.0,,2.5,2.5,5.0,3.5355339059327378,2.5,False,5996.560026415826,"[23422, 23422, 60476, 129426, 129426, 144881, 144881]","[16, 21, 16, 16, 21, 16, 21]","[0.0, 0.0, 0.0, 0.0, 0.0, 0.0, 0.0]","[1703, 197021, 248182]","[16, 16, 16]","[4557.7888107299805, 901.0985374450684, 2361.8194580078125]","[1855.8961181640625, 1739.021240234375, 562.7435302734375, 4557.78955078125, 901.0985107421875, 373.7400817871094, 373.4717102050781, 978.3721313476562, 879.49755859375, 2361.819580078125]", Eight,0.9999591112136841,2.753532498900313e-05,0.9999591112136841,1.3006765584577806e-05,-10.49999994293696,"[{""token"": "" Eight"", ""token_id"": 38923, ""probability"": 0.9999591112136841}, {""token"": "" Six"", ""token_id"": 19759, ""probability"": 2.753532498900313e-05}, {""token"": "" Four"", ""token_id"": 13038, ""probability"": 1.3006765584577806e-05}, {""token"": ""Eight"", ""token_id"": 80357, ""probability"": 3.927702891814988e-07}, {""token"": "" Many"", ""token_id"": 8732, ""probability"": 1.5229357330781568e-08}, {""token"": "" Two"", ""token_id"": 8512, ""probability"": 1.1860635140692466e-08}, {""token"": "" None"", ""token_id"": 5450, ""probability"": 1.6051623363821932e-09}, {""token"": "" Legs"", ""token_id"": 156403, ""probability"": 1.2501017998545194e-09}, {""token"": "" Typically"", ""token_id"": 50338, ""probability"": 9.735802164456686e-10}, {""token"": "" Zero"", ""token_id"": 31234, ""probability"": 7.582250383109113e-10}, {""token"": "" Some"", ""token_id"": 4943, ""probability"": 5.905062550048967e-10}, {""token"": ""\n\n"", ""token_id"": 108, ""probability"": 5.905062550048967e-10}]"
"[""anchored_ablation_drop_L22""]",L7+L27,"[7, 27]",1.0,3.5,,2.5,6.0,4.301162633521313,3.5,False,2682.1104205815213,"[14209, 137239, 129426, 129426, 144881, 144881]","[16, 16, 16, 21, 16, 21]","[0.0, 0.0, 0.0, 0.0, 0.0, 0.0]","[42685, 248182]","[16, 16]","[441.9379119873047, 2361.8194580078125]","[84.8398208618164, 133.32498168945312, 441.93798828125, 706.5845947265625, 166.59231567382812, 866.4452514648438, 342.7825622558594, 2361.819580078125]", Eight,0.9993224143981934,0.0005527095636352897,0.9993224143981934,0.00012332617188803852,-7.500000080524653,"[{""token"": "" Eight"", ""token_id"": 38923, ""probability"": 0.9993224143981934}, {""token"": "" Six"", ""token_id"": 19759, ""probability"": 0.0005527095636352897}, {""token"": "" Four"", ""token_id"": 13038, ""probability"": 0.00012332617188803852}, {""token"": ""Eight"", ""token_id"": 80357, ""probability"": 6.471564120147377e-07}, {""token"": "" Many"", ""token_id"": 8732, ""probability"": 6.471564120147377e-07}, {""token"": "" Legs"", ""token_id"": 156403, ""probability"": 1.8541342683420226e-07}, {""token"": "" Two"", ""token_id"": 8512, ""probability"": 1.4440011852911994e-07}, {""token"": "" Some"", ""token_id"": 4943, ""probability"": 5.312183404271309e-08}, {""token"": "" Usually"", ""token_id"": 34645, ""probability"": 1.1853082959589756e-08}, {""token"": "" Typically"", ""token_id"": 50338, ""probability"": 1.1853082959589756e-08}, {""token"": "" Several"", ""token_id"": 22624, ""probability"": 4.360505734268827e-09}, {""token"": "" Zero"", ""token_id"": 31234, ""probability"": 2.6447806167340104e-09}]"
"[""anchored_ablation_drop_L27""]",L7+L22,"[7, 22]",1.0,3.5,2.5,,6.0,4.301162633521313,3.5,True,5028.382198849844,"[14209, 137239, 23422, 23422, 60476]","[16, 16, 16, 21, 16]","[0.0, 0.0, 0.0, 0.0, 0.0]","[42685, 1703, 197021]","[16, 16, 16]","[441.9379119873047, 4557.7888107299805, 901.0985374450684]","[84.8398208618164, 133.32498168945312, 441.93798828125, 1540.106689453125, 1014.5927124023438, 278.55682373046875, 4557.78955078125, 901.0985107421875]", Six,0.6219984292984009,0.6219984292984009,0.37726113200187683,0.0007282852893695235,0.4999999619910587,"[{""token"": "" Six"", ""token_id"": 19759, ""probability"": 0.6219984292984009}, {""token"": "" Eight"", ""token_id"": 38923, ""probability"": 0.37726113200187683}, {""token"": "" Four"", ""token_id"": 13038, ""probability"": 0.0007282852893695235}, {""token"": "" Many"", ""token_id"": 8732, ""probability"": 4.907147285848623e-06}, {""token"": "" Two"", ""token_id"": 8512, ""probability"": 3.821690370386932e-06}, {""token"": "" Legs"", ""token_id"": 156403, ""probability"": 1.8052388668365893e-06}, {""token"": "" Some"", ""token_id"": 4943, ""probability"": 6.64110245907068e-07}, {""token"": ""Eight"", ""token_id"": 80357, ""probability"": 4.028032378755597e-07}, {""token"": "" Usually"", ""token_id"": 34645, ""probability"": 1.4818301963259728e-07}, {""token"": "" Typically"", ""token_id"": 50338, ""probability"": 1.4818301963259728e-07}, {""token"": ""Six"", ""token_id"": 44955, ""probability"": 8.98775525115525e-08}, {""token"": "" Several"", ""token_id"": 22624, ""probability"": 5.451348883411811e-08}]"
"[""pair_L22+L27_coarse""]",L22+L27,"[22, 27]",1.0,,0.0,0.0,0.0,0.0,0.0,False,3014.344047463134,"[23422, 23422, 60476, 129426, 129426, 144881, 144881]","[16, 21, 16, 16, 21, 16, 21]","[0.0, 0.0, 0.0, 0.0, 0.0, 0.0, 0.0]","[1703, 197021, 248182]","[16, 16, 16]","[0.0, 0.0, 0.0]","[1855.8961181640625, 1739.021240234375, 562.7435302734375, 0.0, 0.0, 418.4197082519531, 418.9429016113281, 1002.2183227539062, 972.6328735351562, 0.0]", Eight,0.9999896287918091,3.7266145227476954e-06,0.9999896287918091,6.144148755993228e-06,-12.499999999848407,"[{""token"": "" Eight"", ""token_id"": 38923, ""probability"": 0.9999896287918091}, {""token"": "" Four"", ""token_id"": 13038, ""probability"": 6.144148755993228e-06}, {""token"": "" Six"", ""token_id"": 19759, ""probability"": 3.7266145227476954e-06}, {""token"": ""Eight"", ""token_id"": 80357, ""probability"": 5.043424380346551e-07}, {""token"": "" Many"", ""token_id"": 8732, ""probability"": 9.237353992830322e-09}, {""token"": "" Two"", ""token_id"": 8512, ""probability"": 4.363417183128604e-09}, {""token"": "" Legs"", ""token_id"": 156403, ""probability"": 5.905242961290469e-10}, {""token"": "" None"", ""token_id"": 5450, ""probability"": 5.905242961290469e-10}, {""token"": ""\n\n"", ""token_id"": 108, ""probability"": 3.581710761313417e-10}, {""token"": "" Typically"", ""token_id"": 50338, ""probability"": 3.581710761313417e-10}, {""token"": "" Several"", ""token_id"": 22624, ""probability"": 2.789439235151292e-10}, {""token"": "" Some"", ""token_id"": 4943, ""probability"": 2.789439235151292e-10}]"
"[""pair_L22+L27_coarse""]",L22+L27,"[22, 27]",1.0,,0.0,1.0,1.0,1.0,1.0,False,3158.920836532433,"[23422, 23422, 60476, 129426, 129426, 144881, 144881]","[16, 21, 16, 16, 21, 16, 21]","[0.0, 0.0, 0.0, 0.0, 0.0, 0.0, 0.0]","[1703, 197021, 248182]","[16, 16, 16]","[0.0, 0.0, 944.727783203125]","[1855.8961181640625, 1739.021240234375, 562.7435302734375, 0.0, 0.0, 418.4197082519531, 418.9429016113281, 1002.2183227539062, 972.6328735351562, 944.7279052734375]", Eight,0.9999905824661255,2.9022933176747756e-06,0.9999905824661255,6.14415466770879e-06,-12.749999916712365,"[{""token"": "" Eight"", ""token_id"": 38923, ""probability"": 0.9999905824661255}, {""token"": "" Four"", ""token_id"": 13038, ""probability"": 6.14415466770879e-06}, {""token"": "" Six"", ""token_id"": 19759, ""probability"": 2.9022933176747756e-06}, {""token"": ""Eight"", ""token_id"": 80357, ""probability"": 3.9278265262510104e-07}, {""token"": "" Many"", ""token_id"": 8732, ""probability"": 7.194065343441025e-09}, {""token"": "" Two"", ""token_id"": 8512, ""probability"": 4.363421179931493e-09}, {""token"": "" Legs"", ""token_id"": 156403, ""probability"": 5.905248512405592e-10}, {""token"": "" None"", ""token_id"": 5450, ""probability"": 4.59901228211379e-10}, {""token"": "" Typically"", ""token_id"": 50338, ""probability"": 3.581714091982491e-10}, {""token"": ""\n\n"", ""token_id"": 108, ""probability"": 2.7894417331530974e-10}, {""token"": "" Zero"", ""token_id"": 31234, ""probability"": 2.7894417331530974e-10}, {""token"": "" Usually"", ""token_id"": 34645, ""probability"": 2.7894417331530974e-10}]"
"[""pair_L22+L27_coarse""]",L22+L27,"[22, 27]",1.0,,0.0,2.0,2.0,2.0,2.0,False,3557.5712637255456,"[23422, 23422, 60476, 129426, 129426, 144881, 144881]","[16, 21, 16, 16, 21, 16, 21]","[0.0, 0.0, 0.0, 0.0, 0.0, 0.0, 0.0]","[1703, 197021, 248182]","[16, 16, 16]","[0.0, 0.0, 1889.45556640625]","[1855.8961181640625, 1739.021240234375, 562.7435302734375, 0.0, 0.0, 418.4197082519531, 418.9429016113281, 1002.2183227539062, 972.6328735351562, 1889.455810546875]", Eight,0.9999879598617554,3.7266083836584585e-06,0.9999879598617554,7.889229891588911e-06,-12.499999978264642,"[{""token"": "" Eight"", ""token_id"": 38923, ""probability"": 0.9999879598617554}, {""token"": "" Four"", ""token_id"": 13038, ""probability"": 7.889229891588911e-06}, {""token"": "" Six"", ""token_id"": 19759, ""probability"": 3.7266083836584585e-06}, {""token"": ""Eight"", ""token_id"": 80357, ""probability"": 5.043415853833721e-07}, {""token"": "" Many"", ""token_id"": 8732, ""probability"": 1.186097708938405e-08}, {""token"": "" Two"", ""token_id"": 8512, ""probability"": 5.602728947451396e-09}, {""token"": "" Legs"", ""token_id"": 156403, ""probability"": 7.582469097044964e-10}, {""token"": "" None"", ""token_id"": 5450, ""probability"": 7.582469097044964e-10}, {""token"": ""\n\n"", ""token_id"": 108, ""probability"": 4.5990000696605193e-10}, {""token"": "" Typically"", ""token_id"": 50338, ""probability"": 4.5990000696605193e-10}, {""token"": "" Several"", ""token_id"": 22624, ""probability"": 3.5817049326425376e-10}, {""token"": "" Some"", ""token_id"": 4943, ""probability"": 3.5817049326425376e-10}]"
"[""pair_L22+L27_coarse""]",L22+L27,"[22, 27]",1.0,,0.0,3.0,3.0,3.0,3.0,False,4137.495218070722,"[23422, 23422, 60476, 129426, 129426, 144881, 144881]","[16, 21, 16, 16, 21, 16, 21]","[0.0, 0.0, 0.0, 0.0, 0.0, 0.0, 0.0]","[1703, 197021, 248182]","[16, 16, 16]","[0.0, 0.0, 2834.183349609375]","[1855.8961181640625, 1739.021240234375, 562.7435302734375, 0.0, 0.0, 418.4197082519531, 418.9429016113281, 1002.2183227539062, 972.6328735351562, 2834.18359375]", Eight,0.9999879598617554,3.7266083836584585e-06,0.9999879598617554,7.889229891588911e-06,-12.499999978264642,"[{""token"": "" Eight"", ""token_id"": 38923, ""probability"": 0.9999879598617554}, {""token"": "" Four"", ""token_id"": 13038, ""probability"": 7.889229891588911e-06}, {""token"": "" Six"", ""token_id"": 19759, ""probability"": 3.7266083836584585e-06}, {""token"": ""Eight"", ""token_id"": 80357, ""probability"": 5.043415853833721e-07}, {""token"": "" Many"", ""token_id"": 8732, ""probability"": 9.237338893797187e-09}, {""token"": "" Two"", ""token_id"": 8512, ""probability"": 5.602728947451396e-09}, {""token"": "" Legs"", ""token_id"": 156403, ""probability"": 7.582469097044964e-10}, {""token"": "" None"", ""token_id"": 5450, ""probability"": 5.905232969283247e-10}, {""token"": ""\n\n"", ""token_id"": 108, ""probability"": 4.5990000696605193e-10}, {""token"": "" Typically"", ""token_id"": 50338, ""probability"": 4.5990000696605193e-10}, {""token"": "" Several"", ""token_id"": 22624, ""probability"": 3.5817049326425376e-10}, {""token"": "" Some"", ""token_id"": 4943, ""probability"": 3.5817049326425376e-10}]"
"[""pair_L22+L27_coarse""]",L22+L27,"[22, 27]",1.0,,0.0,4.0,4.0,4.0,4.0,False,4833.884884491336,"[23422, 23422, 60476, 129426, 129426, 144881, 144881]","[16, 21, 16, 16, 21, 16, 21]","[0.0, 0.0, 0.0, 0.0, 0.0, 0.0, 0.0]","[1703, 197021, 248182]","[16, 16, 16]","[0.0, 0.0, 3778.9111328125]","[1855.8961181640625, 1739.021240234375, 562.7435302734375, 0.0, 0.0, 418.4197082519531, 418.9429016113281, 1002.2183227539062, 972.6328735351562, 3778.91162109375]", Eight,0.9999879598617554,3.7266083836584585e-06,0.9999879598617554,7.889229891588911e-06,-12.499999978264642,"[{""token"": "" Eight"", ""token_id"": 38923, ""probability"": 0.9999879598617554}, {""token"": "" Four"", ""token_id"": 13038, ""probability"": 7.889229891588911e-06}, {""token"": "" Six"", ""token_id"": 19759, ""probability"": 3.7266083836584585e-06}, {""token"": ""Eight"", ""token_id"": 80357, ""probability"": 5.043415853833721e-07}, {""token"": "" Many"", ""token_id"": 8732, ""probability"": 9.237338893797187e-09}, {""token"": "" Two"", ""token_id"": 8512, ""probability"": 5.602728947451396e-09}, {""token"": "" None"", ""token_id"": 5450, ""probability"": 7.582469097044964e-10}, {""token"": "" Legs"", ""token_id"": 156403, ""probability"": 7.582469097044964e-10}, {""token"": "" Typically"", ""token_id"": 50338, ""probability"": 4.5990000696605193e-10}, {""token"": ""\n\n"", ""token_id"": 108, ""probability"": 3.5817049326425376e-10}, {""token"": "" Several"", ""token_id"": 22624, ""probability"": 3.5817049326425376e-10}, {""token"": "" Zero"", ""token_id"": 31234, ""probability"": 3.5817049326425376e-10}]"
"[""pair_L22+L27_coarse""]",L22+L27,"[22, 27]",1.0,,1.0,0.0,1.0,1.0,1.0,False,3545.6789185511975,"[23422, 23422, 60476, 129426, 129426, 144881, 144881]","[16, 21, 16, 16, 21, 16, 21]","[0.0, 0.0, 0.0, 0.0, 0.0, 0.0, 0.0]","[1703, 197021, 248182]","[16, 16, 16]","[1823.1155242919922, 360.43941497802734, 0.0]","[1855.8961181640625, 1739.021240234375, 562.7435302734375, 1823.11572265625, 360.4394226074219, 433.1337585449219, 405.0753479003906, 1046.880859375, 940.9014282226562, 0.0]", Eight,0.9999792575836182,1.012988286674954e-05,0.9999792575836182,1.012988286674954e-05,-11.500000060144993,"[{""token"": "" Eight"", ""token_id"": 38923, ""probability"": 0.9999792575836182}, {""token"": "" Six"", ""token_id"": 19759, ""probability"": 1.012988286674954e-05}, {""token"": "" Four"", ""token_id"": 13038, ""probability"": 1.012988286674954e-05}, {""token"": ""Eight"", ""token_id"": 80357, ""probability"": 5.043372084401199e-07}, {""token"": "" Many"", ""token_id"": 8732, ""probability"": 1.5229664640514784e-08}, {""token"": "" Two"", ""token_id"": 8512, ""probability"": 9.237258069560994e-09}, {""token"": "" None"", ""token_id"": 5450, ""probability"": 1.250126890894876e-09}, {""token"": "" Legs"", ""token_id"": 156403, ""probability"": 1.250126890894876e-09}, {""token"": "" Typically"", ""token_id"": 50338, ""probability"": 7.582403038774999e-10}, {""token"": ""\n\n"", ""token_id"": 108, ""probability"": 5.905181343912602e-10}, {""token"": "" Some"", ""token_id"": 4943, ""probability"": 5.905181343912602e-10}, {""token"": "" Several"", ""token_id"": 22624, ""probability"": 5.905181343912602e-10}]"
"[""pair_L22+L27_coarse""]",L22+L27,"[22, 27]",1.0,,1.0,1.0,2.0,1.4142135623730951,1.0,False,3669.3800305311424,"[23422, 23422, 60476, 129426, 129426, 144881, 144881]","[16, 21, 16, 16, 21, 16, 21]","[0.0, 0.0, 0.0, 0.0, 0.0, 0.0, 0.0]","[1703, 197021, 248182]","[16, 16, 16]","[1823.1155242919922, 360.43941497802734, 944.727783203125]","[1855.8961181640625, 1739.021240234375, 562.7435302734375, 1823.11572265625, 360.4394226074219, 433.1337585449219, 405.0753479003906, 1046.880859375, 940.9014282226562, 944.7279052734375]", Eight,0.9999792575836182,1.012988286674954e-05,0.9999792575836182,1.012988286674954e-05,-11.500000060144993,"[{""token"": "" Eight"", ""token_id"": 38923, ""probability"": 0.9999792575836182}, {""token"": "" Six"", ""token_id"": 19759, ""probability"": 1.012988286674954e-05}, {""token"": "" Four"", ""token_id"": 13038, ""probability"": 1.012988286674954e-05}, {""token"": ""Eight"", ""token_id"": 80357, ""probability"": 5.043372084401199e-07}, {""token"": "" Many"", ""token_id"": 8732, ""probability"": 1.5229664640514784e-08}, {""token"": "" Two"", ""token_id"": 8512, ""probability"": 9.237258069560994e-09}, {""token"": "" None"", ""token_id"": 5450, ""probability"": 1.250126890894876e-09}, {""token"": "" Legs"", ""token_id"": 156403, ""probability"": 1.250126890894876e-09}, {""token"": "" Typically"", ""token_id"": 50338, ""probability"": 7.582403038774999e-10}, {""token"": ""\n\n"", ""token_id"": 108, ""probability"": 5.905181343912602e-10}, {""token"": "" Some"", ""token_id"": 4943, ""probability"": 5.905181343912602e-10}, {""token"": "" Several"", ""token_id"": 22624, ""probability"": 5.905181343912602e-10}]"
"[""pair_L22+L27_coarse""]",L22+L27,"[22, 27]",1.0,,1.0,2.0,3.0,2.23606797749979,2.0,False,4017.696137523063,"[23422, 23422, 60476, 129426, 129426, 144881, 144881]","[16, 21, 16, 16, 21, 16, 21]","[0.0, 0.0, 0.0, 0.0, 0.0, 0.0, 0.0]","[1703, 197021, 248182]","[16, 16, 16]","[1823.1155242919922, 360.43941497802734, 1889.45556640625]","[1855.8961181640625, 1739.021240234375, 562.7435302734375, 1823.11572265625, 360.4394226074219, 433.1337585449219, 405.0753479003906, 1046.880859375, 940.9014282226562, 1889.455810546875]", Eight,0.9999791383743286,1.0129881957254838e-05,0.9999791383743286,1.0129881957254838e-05,-11.500000030716567,"[{""token"": "" Eight"", ""token_id"": 38923, ""probability"": 0.9999791383743286}, {""token"": "" Six"", ""token_id"": 19759, ""probability"": 1.0129881957254838e-05}, {""token"": "" Four"", ""token_id"": 13038, ""probability"": 1.0129881957254838e-05}, {""token"": ""Eight"", ""token_id"": 80357, ""probability"": 6.475817144746543e-07}, {""token"": "" Many"", ""token_id"": 8732, ""probability"": 1.5229662864157945e-08}, {""token"": "" Two"", ""token_id"": 8512, ""probability"": 9.237257181382574e-09}, {""token"": "" Legs"", ""token_id"": 156403, ""probability"": 1.2501267798725735e-09}, {""token"": "" None"", ""token_id"": 5450, ""probability"": 1.2501267798725735e-09}, {""token"": "" Typically"", ""token_id"": 50338, ""probability"": 9.73599756370902e-10}, {""token"": ""\n\n"", ""token_id"": 108, ""probability"": 7.582401928551974e-10}, {""token"": "" Several"", ""token_id"": 22624, ""probability"": 5.90518078880109e-10}, {""token"": "" Some"", ""token_id"": 4943, ""probability"": 5.90518078880109e-10}]"
"[""pair_L22+L27_coarse""]",L22+L27,"[22, 27]",1.0,,1.0,3.0,4.0,3.1622776601683795,3.0,False,4539.210904611071,"[23422, 23422, 60476, 129426, 129426, 144881, 144881]","[16, 21, 16, 16, 21, 16, 21]","[0.0, 0.0, 0.0, 0.0, 0.0, 0.0, 0.0]","[1703, 197021, 248182]","[16, 16, 16]","[1823.1155242919922, 360.43941497802734, 2834.183349609375]","[1855.8961181640625, 1739.021240234375, 562.7435302734375, 1823.11572265625, 360.4394226074219, 433.1337585449219, 405.0753479003906, 1046.880859375, 940.9014282226562, 2834.18359375]", Eight,0.9999792575836182,1.012988286674954e-05,0.9999792575836182,1.012988286674954e-05,-11.500000060144993,"[{""token"": "" Eight"", ""token_id"": 38923, ""probability"": 0.9999792575836182}, {""token"": "" Six"", ""token_id"": 19759, ""probability"": 1.012988286674954e-05}, {""token"": "" Four"", ""token_id"": 13038, ""probability"": 1.012988286674954e-05}, {""token"": ""Eight"", ""token_id"": 80357, ""probability"": 5.043372084401199e-07}, {""token"": "" Many"", ""token_id"": 8732, ""probability"": 1.1860874060687365e-08}, {""token"": "" Two"", ""token_id"": 8512, ""probability"": 7.1939840751156225e-09}, {""token"": "" None"", ""token_id"": 5450, ""probability"": 9.735998673932045e-10}, {""token"": "" Legs"", ""token_id"": 156403, ""probability"": 9.735998673932045e-10}, {""token"": "" Typically"", ""token_id"": 50338, ""probability"": 7.582403038774999e-10}, {""token"": ""\n\n"", ""token_id"": 108, ""probability"": 4.598960101631633e-10}, {""token"": "" Some"", ""token_id"": 4943, ""probability"": 4.598960101631633e-10}, {""token"": "" Several"", ""token_id"": 22624, ""probability"": 4.598960101631633e-10}]"
"[""pair_L22+L27_coarse""]",L22+L27,"[22, 27]",1.0,,1.0,4.0,5.0,4.123105625617661,4.0,False,5181.892707640306,"[23422, 23422, 60476, 129426, 129426, 144881, 144881]","[16, 21, 16, 16, 21, 16, 21]","[0.0, 0.0, 0.0, 0.0, 0.0, 0.0, 0.0]","[1703, 197021, 248182]","[16, 16, 16]","[1823.1155242919922, 360.43941497802734, 3778.9111328125]","[1855.8961181640625, 1739.021240234375, 562.7435302734375, 1823.11572265625, 360.4394226074219, 433.1337585449219, 405.0753479003906, 1046.880859375, 940.9014282226562, 3778.91162109375]", Eight,0.9999816417694092,7.889179869380314e-06,0.9999816417694092,1.0129907423106488e-05,-11.750000015689277,"[{""token"": "" Eight"", ""token_id"": 38923, ""probability"": 0.9999816417694092}, {""token"": "" Four"", ""token_id"": 13038, ""probability"": 1.0129907423106488e-05}, {""token"": "" Six"", ""token_id"": 19759, ""probability"": 7.889179869380314e-06}, {""token"": ""Eight"", ""token_id"": 80357, ""probability"": 3.9277912833313167e-07}, {""token"": "" Many"", ""token_id"": 8732, ""probability"": 1.522970194400841e-08}, {""token"": "" Two"", ""token_id"": 8512, ""probability"": 7.194001394594807e-09}, {""token"": "" None"", ""token_id"": 5450, ""probability"": 9.736021988615562e-10}, {""token"": "" Legs"", ""token_id"": 156403, ""probability"": 9.736021988615562e-10}, {""token"": "" Typically"", ""token_id"": 50338, ""probability"": 7.582420802343393e-10}, {""token"": ""\n\n"", ""token_id"": 108, ""probability"": 4.598971203861879e-10}, {""token"": "" Some"", ""token_id"": 4943, ""probability"": 4.598971203861879e-10}, {""token"": "" Several"", ""token_id"": 22624, ""probability"": 4.598971203861879e-10}]"
"[""pair_L22+L27_coarse""]",L22+L27,"[22, 27]",1.0,,2.0,0.0,2.0,2.0,2.0,False,4774.842821380688,"[23422, 23422, 60476, 129426, 129426, 144881, 144881]","[16, 21, 16, 16, 21, 16, 21]","[0.0, 0.0, 0.0, 0.0, 0.0, 0.0, 0.0]","[1703, 197021, 248182]","[16, 16, 16]","[3646.2310485839844, 720.8788299560547, 0.0]","[1855.8961181640625, 1739.021240234375, 562.7435302734375, 3646.2314453125, 720.8788452148438, 415.9107971191406, 380.7074279785156, 1039.5301513671875, 894.810302734375, 0.0]", Eight,0.9999648332595825,2.1444653611979447e-05,0.9999648332595825,1.3006840163143352e-05,-10.750000025157894,"[{""token"": "" Eight"", ""token_id"": 38923, ""probability"": 0.9999648332595825}, {""token"": "" Six"", ""token_id"": 19759, ""probability"": 2.1444653611979447e-05}, {""token"": "" Four"", ""token_id"": 13038, ""probability"": 1.3006840163143352e-05}, {""token"": ""Eight"", ""token_id"": 80357, ""probability"": 6.4757244899738e-07}, {""token"": "" Many"", ""token_id"": 8732, ""probability"": 1.5229446148623538e-08}, {""token"": "" Two"", ""token_id"": 8512, ""probability"": 1.1860702642252363e-08}, {""token"": "" None"", ""token_id"": 5450, ""probability"": 1.250108905281877e-09}, {""token"": "" Legs"", ""token_id"": 156403, ""probability"": 1.250108905281877e-09}, {""token"": "" Typically"", ""token_id"": 50338, ""probability"": 7.582293681807073e-10}, {""token"": ""\n\n"", ""token_id"": 108, ""probability"": 5.905096411851218e-10}, {""token"": "" Some"", ""token_id"": 4943, ""probability"": 5.905096411851218e-10}, {""token"": "" Several"", ""token_id"": 22624, ""probability"": 5.905096411851218e-10}]"
"[""pair_L22+L27_coarse""]",L22+L27,"[22, 27]",1.0,,2.0,1.0,3.0,2.23606797749979,2.0,False,4867.405344112305,"[23422, 23422, 60476, 129426, 129426, 144881, 144881]","[16, 21, 16, 16, 21, 16, 21]","[0.0, 0.0, 0.0, 0.0, 0.0, 0.0, 0.0]","[1703, 197021, 248182]","[16, 16, 16]","[3646.2310485839844, 720.8788299560547, 944.727783203125]","[1855.8961181640625, 1739.021240234375, 562.7435302734375, 3646.2314453125, 720.8788452148438, 415.9107971191406, 380.7074279785156, 1039.5301513671875, 894.810302734375, 944.7279052734375]", Eight,0.9999678134918213,2.1444719095597975e-05,0.9999678134918213,1.0129767360922415e-05,-10.749999951884703,"[{""token"": "" Eight"", ""token_id"": 38923, ""probability"": 0.9999678134918213}, {""token"": "" Six"", ""token_id"": 19759, ""probability"": 2.1444719095597975e-05}, {""token"": "" Four"", ""token_id"": 13038, ""probability"": 1.0129767360922415e-05}, {""token"": ""Eight"", ""token_id"": 80357, ""probability"": 6.475743816736212e-07}, {""token"": "" Many"", ""token_id"": 8732, ""probability"": 1.5229490557544523e-08}, {""token"": "" Two"", ""token_id"": 8512, ""probability"": 1.1860738169389151e-08}, {""token"": "" None"", ""token_id"": 5450, ""probability"": 1.2501126800401607e-09}, {""token"": "" Legs"", ""token_id"": 156403, ""probability"": 1.2501126800401607e-09}, {""token"": "" Typically"", ""token_id"": 50338, ""probability"": 7.582315886267565e-10}, {""token"": ""\n\n"", ""token_id"": 108, ""probability"": 5.905114175419612e-10}, {""token"": "" Several"", ""token_id"": 22624, ""probability"": 5.905114175419612e-10}, {""token"": "" Zero"", ""token_id"": 31234, ""probability"": 5.905114175419612e-10}]"
"[""pair_L22+L27_coarse""]",L22+L27,"[22, 27]",1.0,,2.0,2.0,4.0,2.8284271247461903,2.0,False,5135.0917449350445,"[23422, 23422, 60476, 129426, 129426, 144881, 144881]","[16, 21, 16, 16, 21, 16, 21]","[0.0, 0.0, 0.0, 0.0, 0.0, 0.0, 0.0]","[1703, 197021, 248182]","[16, 16, 16]","[3646.2310485839844, 720.8788299560547, 1889.45556640625]","[1855.8961181640625, 1739.021240234375, 562.7435302734375, 3646.2314453125, 720.8788452148438, 415.9107971191406, 380.7074279785156, 1039.5301513671875, 894.810302734375, 1889.455810546875]", Eight,0.9999587535858154,2.753531589405611e-05,0.9999587535858154,1.3006761037104297e-05,-10.499999915595517,"[{""token"": "" Eight"", ""token_id"": 38923, ""probability"": 0.9999587535858154}, {""token"": "" Six"", ""token_id"": 19759, ""probability"": 2.753531589405611e-05}, {""token"": "" Four"", ""token_id"": 13038, ""probability"": 1.3006761037104297e-05}, {""token"": ""Eight"", ""token_id"": 80357, ""probability"": 6.475685268014786e-07}, {""token"": "" Two"", ""token_id"": 8512, ""probability"": 1.522935200171105e-08}, {""token"": "" Many"", ""token_id"": 8732, ""probability"": 1.522935200171105e-08}, {""token"": "" Legs"", ""token_id"": 156403, ""probability"": 1.6051617812706809e-09}, {""token"": "" None"", ""token_id"": 5450, ""probability"": 1.6051617812706809e-09}, {""token"": "" Typically"", ""token_id"": 50338, ""probability"": 9.735798833787612e-10}, {""token"": "" Zero"", ""token_id"": 31234, ""probability"": 7.582247607551551e-10}, {""token"": "" Some"", ""token_id"": 4943, ""probability"": 5.905060329602918e-10}, {""token"": ""\n\n"", ""token_id"": 108, ""probability"": 5.905060329602918e-10}]"
"[""pair_L22+L27_coarse""]",L22+L27,"[22, 27]",1.0,,2.0,3.0,5.0,3.605551275463989,3.0,False,5552.631863537538,"[23422, 23422, 60476, 129426, 129426, 144881, 144881]","[16, 21, 16, 16, 21, 16, 21]","[0.0, 0.0, 0.0, 0.0, 0.0, 0.0, 0.0]","[1703, 197021, 248182]","[16, 16, 16]","[3646.2310485839844, 720.8788299560547, 2834.183349609375]","[1855.8961181640625, 1739.021240234375, 562.7435302734375, 3646.2314453125, 720.8788452148438, 415.9107971191406, 380.7074279785156, 1039.5301513671875, 894.810302734375, 2834.18359375]", Eight,0.9999587535858154,2.753531589405611e-05,0.9999587535858154,1.3006761037104297e-05,-10.499999915595517,"[{""token"": "" Eight"", ""token_id"": 38923, ""probability"": 0.9999587535858154}, {""token"": "" Six"", ""token_id"": 19759, ""probability"": 2.753531589405611e-05}, {""token"": "" Four"", ""token_id"": 13038, ""probability"": 1.3006761037104297e-05}, {""token"": ""Eight"", ""token_id"": 80357, ""probability"": 6.475685268014786e-07}, {""token"": "" Many"", ""token_id"": 8732, ""probability"": 1.9554875052563148e-08}, {""token"": "" Two"", ""token_id"": 8512, ""probability"": 1.522935200171105e-08}, {""token"": "" None"", ""token_id"": 5450, ""probability"": 1.6051617812706809e-09}, {""token"": "" Legs"", ""token_id"": 156403, ""probability"": 1.6051617812706809e-09}, {""token"": "" Typically"", ""token_id"": 50338, ""probability"": 9.735798833787612e-10}, {""token"": ""\n\n"", ""token_id"": 108, ""probability"": 7.582247607551551e-10}, {""token"": "" Several"", ""token_id"": 22624, ""probability"": 7.582247607551551e-10}, {""token"": "" Zero"", ""token_id"": 31234, ""probability"": 7.582247607551551e-10}]"
"[""pair_L22+L27_coarse""]",L22+L27,"[22, 27]",1.0,,2.0,4.0,6.0,4.47213595499958,4.0,False,6089.277215641285,"[23422, 23422, 60476, 129426, 129426, 144881, 144881]","[16, 21, 16, 16, 21, 16, 21]","[0.0, 0.0, 0.0, 0.0, 0.0, 0.0, 0.0]","[1703, 197021, 248182]","[16, 16, 16]","[3646.2310485839844, 720.8788299560547, 3778.9111328125]","[1855.8961181640625, 1739.021240234375, 562.7435302734375, 3646.2314453125, 720.8788452148438, 415.9107971191406, 380.7074279785156, 1039.5301513671875, 894.810302734375, 3778.91162109375]", Eight,0.9999679327011108,2.144472091458738e-05,0.9999679327011108,1.0129768270417117e-05,-10.749999986275574,"[{""token"": "" Eight"", ""token_id"": 38923, ""probability"": 0.9999679327011108}, {""token"": "" Six"", ""token_id"": 19759, ""probability"": 2.144472091458738e-05}, {""token"": "" Four"", ""token_id"": 13038, ""probability"": 1.0129768270417117e-05}, {""token"": ""Eight"", ""token_id"": 80357, ""probability"": 5.043314672548149e-07}, {""token"": "" Many"", ""token_id"": 8732, ""probability"": 1.5229492333901362e-08}, {""token"": "" Two"", ""token_id"": 8512, ""probability"": 1.186073994574599e-08}, {""token"": "" None"", ""token_id"": 5450, ""probability"": 1.2501127910624632e-09}, {""token"": "" Legs"", ""token_id"": 156403, ""probability"": 1.2501127910624632e-09}, {""token"": "" Typically"", ""token_id"": 50338, ""probability"": 7.58231699649059e-10}, {""token"": "" Several"", ""token_id"": 22624, ""probability"": 5.905114730531125e-10}, {""token"": "" Zero"", ""token_id"": 31234, ""probability"": 5.905114730531125e-10}, {""token"": "" Usually"", ""token_id"": 34645, ""probability"": 5.905114730531125e-10}]"
"[""pair_L22+L27_coarse""]",L22+L27,"[22, 27]",1.0,,3.0,0.0,3.0,3.0,3.0,False,6295.078964786599,"[23422, 23422, 60476, 129426, 129426, 144881, 144881]","[16, 21, 16, 16, 21, 16, 21]","[0.0, 0.0, 0.0, 0.0, 0.0, 0.0, 0.0]","[1703, 197021, 248182]","[16, 16, 16]","[5469.346572875977, 1081.318244934082, 0.0]","[1855.8961181640625, 1739.021240234375, 562.7435302734375, 5469.34765625, 1081.3182373046875, 310.5680847167969, 357.7248840332031, 889.3338012695312, 862.8131103515625, 0.0]", Eight,0.9999475479125977,3.535564610501751e-05,0.9999475479125977,1.6700823834980838e-05,-10.250000004827164,"[{""token"": "" Eight"", ""token_id"": 38923, ""probability"": 0.9999475479125977}, {""token"": "" Six"", ""token_id"": 19759, ""probability"": 3.535564610501751e-05}, {""token"": "" Four"", ""token_id"": 13038, ""probability"": 1.6700823834980838e-05}, {""token"": ""Eight"", ""token_id"": 80357, ""probability"": 3.9276574170798995e-07}, {""token"": "" Two"", ""token_id"": 8512, ""probability"": 1.5229181471454467e-08}, {""token"": "" Many"", ""token_id"": 8732, ""probability"": 1.5229181471454467e-08}, {""token"": "" Legs"", ""token_id"": 156403, ""probability"": 1.605143795657682e-09}, {""token"": "" None"", ""token_id"": 5450, ""probability"": 1.605143795657682e-09}, {""token"": "" Typically"", ""token_id"": 50338, ""probability"": 1.2500872559328968e-09}, {""token"": "" Zero"", ""token_id"": 31234, ""probability"": 7.582162675490167e-10}, {""token"": "" Usually"", ""token_id"": 34645, ""probability"": 7.582162675490167e-10}, {""token"": ""\n\n"", ""token_id"": 108, ""probability"": 5.904994271332953e-10}]"
"[""pair_L22+L27_coarse""]",L22+L27,"[22, 27]",1.0,,3.0,1.0,4.0,3.1622776601683795,3.0,False,6365.573814504161,"[23422, 23422, 60476, 129426, 129426, 144881, 144881]","[16, 21, 16, 16, 21, 16, 21]","[0.0, 0.0, 0.0, 0.0, 0.0, 0.0, 0.0]","[1703, 197021, 248182]","[16, 16, 16]","[5469.346572875977, 1081.318244934082, 944.727783203125]","[1855.8961181640625, 1739.021240234375, 562.7435302734375, 5469.34765625, 1081.3182373046875, 310.5680847167969, 357.7248840332031, 889.3338012695312, 862.8131103515625, 944.7279052734375]", Eight,0.9999474287033081,3.5355642467038706e-05,0.9999474287033081,1.6700822015991434e-05,-10.249999988508307,"[{""token"": "" Eight"", ""token_id"": 38923, ""probability"": 0.9999474287033081}, {""token"": "" Six"", ""token_id"": 19759, ""probability"": 3.5355642467038706e-05}, {""token"": "" Four"", ""token_id"": 13038, ""probability"": 1.6700822015991434e-05}, {""token"": ""Eight"", ""token_id"": 80357, ""probability"": 5.043211785960011e-07}, {""token"": "" Two"", ""token_id"": 8512, ""probability"": 1.5229179695097628e-08}, {""token"": "" Many"", ""token_id"": 8732, ""probability"": 1.5229179695097628e-08}, {""token"": "" Legs"", ""token_id"": 156403, ""probability"": 1.605143573613077e-09}, {""token"": "" None"", ""token_id"": 5450, ""probability"": 1.605143573613077e-09}, {""token"": "" Typically"", ""token_id"": 50338, ""probability"": 9.735688921708174e-10}, {""token"": "" Zero"", ""token_id"": 31234, ""probability"": 7.582161565267143e-10}, {""token"": "" Some"", ""token_id"": 4943, ""probability"": 5.904993716221441e-10}, {""token"": ""\n\n"", ""token_id"": 108, ""probability"": 5.904993716221441e-10}]"
"[""pair_L22+L27_coarse""]",L22+L27,"[22, 27]",1.0,,3.0,2.0,5.0,3.605551275463989,3.0,False,6572.523292686612,"[23422, 23422, 60476, 129426, 129426, 144881, 144881]","[16, 21, 16, 16, 21, 16, 21]","[0.0, 0.0, 0.0, 0.0, 0.0, 0.0, 0.0]","[1703, 197021, 248182]","[16, 16, 16]","[5469.346572875977, 1081.318244934082, 1889.45556640625]","[1855.8961181640625, 1739.021240234375, 562.7435302734375, 5469.34765625, 1081.3182373046875, 310.5680847167969, 357.7248840332031, 889.3338012695312, 862.8131103515625, 1889.455810546875]", Eight,0.9999591112136841,2.753532498900313e-05,0.9999591112136841,1.3006765584577806e-05,-10.49999994293696,"[{""token"": "" Eight"", ""token_id"": 38923, ""probability"": 0.9999591112136841}, {""token"": "" Six"", ""token_id"": 19759, ""probability"": 2.753532498900313e-05}, {""token"": "" Four"", ""token_id"": 13038, ""probability"": 1.3006765584577806e-05}, {""token"": ""Eight"", ""token_id"": 80357, ""probability"": 3.058898130348098e-07}, {""token"": "" Two"", ""token_id"": 8512, ""probability"": 1.1860635140692466e-08}, {""token"": "" Many"", ""token_id"": 8732, ""probability"": 1.1860635140692466e-08}, {""token"": "" None"", ""token_id"": 5450, ""probability"": 1.2501017998545194e-09}, {""token"": "" Legs"", ""token_id"": 156403, ""probability"": 9.735802164456686e-10}, {""token"": "" Typically"", ""token_id"": 50338, ""probability"": 9.735802164456686e-10}, {""token"": "" Zero"", ""token_id"": 31234, ""probability"": 5.905062550048967e-10}, {""token"": "" Usually"", ""token_id"": 34645, ""probability"": 5.905062550048967e-10}, {""token"": ""\n\n"", ""token_id"": 108, ""probability"": 4.598867675564833e-10}]"
"[""pair_L22+L27_coarse""]",L22+L27,"[22, 27]",1.0,,3.0,3.0,6.0,4.242640687119285,3.0,False,6903.666838425822,"[23422, 23422, 60476, 129426, 129426, 144881, 144881]","[16, 21, 16, 16, 21, 16, 21]","[0.0, 0.0, 0.0, 0.0, 0.0, 0.0, 0.0]","[1703, 197021, 248182]","[16, 16, 16]","[5469.346572875977, 1081.318244934082, 2834.183349609375]","[1855.8961181640625, 1739.021240234375, 562.7435302734375, 5469.34765625, 1081.3182373046875, 310.5680847167969, 357.7248840332031, 889.3338012695312, 862.8131103515625, 2834.18359375]", Eight,0.9999475479125977,3.535564610501751e-05,0.9999475479125977,1.6700823834980838e-05,-10.250000004827164,"[{""token"": "" Eight"", ""token_id"": 38923, ""probability"": 0.9999475479125977}, {""token"": "" Six"", ""token_id"": 19759, ""probability"": 3.535564610501751e-05}, {""token"": "" Four"", ""token_id"": 13038, ""probability"": 1.6700823834980838e-05}, {""token"": ""Eight"", ""token_id"": 80357, ""probability"": 3.9276574170798995e-07}, {""token"": "" Two"", ""token_id"": 8512, ""probability"": 1.5229181471454467e-08}, {""token"": "" Many"", ""token_id"": 8732, ""probability"": 1.5229181471454467e-08}, {""token"": "" Legs"", ""token_id"": 156403, ""probability"": 1.605143795657682e-09}, {""token"": "" None"", ""token_id"": 5450, ""probability"": 1.605143795657682e-09}, {""token"": "" Typically"", ""token_id"": 50338, ""probability"": 1.2500872559328968e-09}, {""token"": "" Zero"", ""token_id"": 31234, ""probability"": 7.582162675490167e-10}, {""token"": "" Usually"", ""token_id"": 34645, ""probability"": 7.582162675490167e-10}, {""token"": ""\n\n"", ""token_id"": 108, ""probability"": 5.904994271332953e-10}]"
"[""pair_L22+L27_coarse""]",L22+L27,"[22, 27]",1.0,,3.0,4.0,7.0,5.0,4.0,False,7342.219842318542,"[23422, 23422, 60476, 129426, 129426, 144881, 144881]","[16, 21, 16, 16, 21, 16, 21]","[0.0, 0.0, 0.0, 0.0, 0.0, 0.0, 0.0]","[1703, 197021, 248182]","[16, 16, 16]","[5469.346572875977, 1081.318244934082, 3778.9111328125]","[1855.8961181640625, 1739.021240234375, 562.7435302734375, 5469.34765625, 1081.3182373046875, 310.5680847167969, 357.7248840332031, 889.3338012695312, 862.8131103515625, 3778.91162109375]", Eight,0.9999475479125977,3.535564610501751e-05,0.9999475479125977,1.6700823834980838e-05,-10.250000004827164,"[{""token"": "" Eight"", ""token_id"": 38923, ""probability"": 0.9999475479125977}, {""token"": "" Six"", ""token_id"": 19759, ""probability"": 3.535564610501751e-05}, {""token"": "" Four"", ""token_id"": 13038, ""probability"": 1.6700823834980838e-05}, {""token"": ""Eight"", ""token_id"": 80357, ""probability"": 3.9276574170798995e-07}, {""token"": "" Two"", ""token_id"": 8512, ""probability"": 1.5229181471454467e-08}, {""token"": "" Many"", ""token_id"": 8732, ""probability"": 1.5229181471454467e-08}, {""token"": "" Legs"", ""token_id"": 156403, ""probability"": 1.605143795657682e-09}, {""token"": "" None"", ""token_id"": 5450, ""probability"": 1.605143795657682e-09}, {""token"": "" Typically"", ""token_id"": 50338, ""probability"": 1.2500872559328968e-09}, {""token"": "" Zero"", ""token_id"": 31234, ""probability"": 7.582162675490167e-10}, {""token"": "" Usually"", ""token_id"": 34645, ""probability"": 7.582162675490167e-10}, {""token"": ""\n\n"", ""token_id"": 108, ""probability"": 5.904994271332953e-10}]"
"[""pair_L22+L27_coarse""]",L22+L27,"[22, 27]",1.0,,4.0,0.0,4.0,4.0,4.0,False,7959.250319513267,"[23422, 23422, 60476, 129426, 129426, 144881, 144881]","[16, 21, 16, 16, 21, 16, 21]","[0.0, 0.0, 0.0, 0.0, 0.0, 0.0, 0.0]","[1703, 197021, 248182]","[16, 16, 16]","[7292.462097167969, 1441.7576599121094, 0.0]","[1855.8961181640625, 1739.021240234375, 562.7435302734375, 7292.462890625, 1441.7576904296875, 0.0, 343.8994140625, 681.9580688476562, 849.9566040039062, 0.0]", Eight,0.9999589920043945,2.7535321351024322e-05,0.9999589920043945,1.3006764675083105e-05,-10.49999995584322,"[{""token"": "" Eight"", ""token_id"": 38923, ""probability"": 0.9999589920043945}, {""token"": "" Six"", ""token_id"": 19759, ""probability"": 2.7535321351024322e-05}, {""token"": "" Four"", ""token_id"": 13038, ""probability"": 1.3006764675083105e-05}, {""token"": ""Eight"", ""token_id"": 80357, ""probability"": 5.043269766247249e-07}, {""token"": "" Many"", ""token_id"": 8732, ""probability"": 1.5229355554424728e-08}, {""token"": "" Two"", ""token_id"": 8512, ""probability"": 1.5229355554424728e-08}, {""token"": "" None"", ""token_id"": 5450, ""probability"": 1.6051621143375883e-09}, {""token"": "" Legs"", ""token_id"": 156403, ""probability"": 9.735801054233661e-10}, {""token"": "" Typically"", ""token_id"": 50338, ""probability"": 7.582249272886088e-10}, {""token"": "" Some"", ""token_id"": 4943, ""probability"": 5.905061994937455e-10}, {""token"": "" Zero"", ""token_id"": 31234, ""probability"": 5.905061994937455e-10}, {""token"": "" Usually"", ""token_id"": 34645, ""probability"": 5.905061994937455e-10}]"
"[""pair_L22+L27_coarse""]",L22+L27,"[22, 27]",1.0,,4.0,1.0,5.0,4.123105625617661,4.0,False,8015.12173729597,"[23422, 23422, 60476, 129426, 129426, 144881, 144881]","[16, 21, 16, 16, 21, 16, 21]","[0.0, 0.0, 0.0, 0.0, 0.0, 0.0, 0.0]","[1703, 197021, 248182]","[16, 16, 16]","[7292.462097167969, 1441.7576599121094, 944.727783203125]","[1855.8961181640625, 1739.021240234375, 562.7435302734375, 7292.462890625, 1441.7576904296875, 0.0, 343.8994140625, 681.9580688476562, 849.9566040039062, 944.7279052734375]", Eight,0.9999591112136841,2.753532498900313e-05,0.9999591112136841,1.3006765584577806e-05,-10.49999994293696,"[{""token"": "" Eight"", ""token_id"": 38923, ""probability"": 0.9999591112136841}, {""token"": "" Six"", ""token_id"": 19759, ""probability"": 2.753532498900313e-05}, {""token"": "" Four"", ""token_id"": 13038, ""probability"": 1.3006765584577806e-05}, {""token"": ""Eight"", ""token_id"": 80357, ""probability"": 3.927702891814988e-07}, {""token"": "" Two"", ""token_id"": 8512, ""probability"": 1.5229357330781568e-08}, {""token"": "" Many"", ""token_id"": 8732, ""probability"": 1.1860635140692466e-08}, {""token"": "" None"", ""token_id"": 5450, ""probability"": 1.2501017998545194e-09}, {""token"": "" Legs"", ""token_id"": 156403, ""probability"": 9.735802164456686e-10}, {""token"": "" Typically"", ""token_id"": 50338, ""probability"": 7.582250383109113e-10}, {""token"": "" Zero"", ""token_id"": 31234, ""probability"": 5.905062550048967e-10}, {""token"": "" Some"", ""token_id"": 4943, ""probability"": 4.598867675564833e-10}, {""token"": ""\n\n"", ""token_id"": 108, ""probability"": 4.598867675564833e-10}]"
"[""pair_L22+L27_coarse"", ""pair_L22+L27_refined""]",L22+L27,"[22, 27]",1.0,,4.0,2.0,6.0,4.47213595499958,4.0,False,8180.446742610173,"[23422, 23422, 60476, 129426, 129426, 144881, 144881]","[16, 21, 16, 16, 21, 16, 21]","[0.0, 0.0, 0.0, 0.0, 0.0, 0.0, 0.0]","[1703, 197021, 248182]","[16, 16, 16]","[7292.462097167969, 1441.7576599121094, 1889.45556640625]","[1855.8961181640625, 1739.021240234375, 562.7435302734375, 7292.462890625, 1441.7576904296875, 0.0, 343.8994140625, 681.9580688476562, 849.9566040039062, 1889.455810546875]", Eight,0.9999371767044067,4.539707879303023e-05,0.9999371767044067,1.67006510309875e-05,-9.999999973483915,"[{""token"": "" Eight"", ""token_id"": 38923, ""probability"": 0.9999371767044067}, {""token"": "" Six"", ""token_id"": 19759, ""probability"": 4.539707879303023e-05}, {""token"": "" Four"", ""token_id"": 13038, ""probability"": 1.67006510309875e-05}, {""token"": ""Eight"", ""token_id"": 80357, ""probability"": 6.475545433204388e-07}, {""token"": "" Many"", ""token_id"": 8732, ""probability"": 2.5108413126417872e-08}, {""token"": "" Two"", ""token_id"": 8512, ""probability"": 2.5108413126417872e-08}, {""token"": "" None"", ""token_id"": 5450, ""probability"": 2.0610240181184736e-09}, {""token"": "" Legs"", ""token_id"": 156403, ""probability"": 1.6051271423123126e-09}, {""token"": "" Typically"", ""token_id"": 50338, ""probability"": 1.2500743773458112e-09}, {""token"": "" Some"", ""token_id"": 4943, ""probability"": 9.735589001635958e-10}, {""token"": "" Several"", ""token_id"": 22624, ""probability"": 9.735589001635958e-10}, {""token"": "" Zero"", ""token_id"": 31234, ""probability"": 9.735589001635958e-10}]"
"[""pair_L22+L27_coarse""]",L22+L27,"[22, 27]",1.0,,4.0,3.0,7.0,5.0,4.0,False,8448.802417606516,"[23422, 23422, 60476, 129426, 129426, 144881, 144881]","[16, 21, 16, 16, 21, 16, 21]","[0.0, 0.0, 0.0, 0.0, 0.0, 0.0, 0.0]","[1703, 197021, 248182]","[16, 16, 16]","[7292.462097167969, 1441.7576599121094, 2834.183349609375]","[1855.8961181640625, 1739.021240234375, 562.7435302734375, 7292.462890625, 1441.7576904296875, 0.0, 343.8994140625, 681.9580688476562, 849.9566040039062, 2834.18359375]", Eight,0.9999474287033081,3.5355642467038706e-05,0.9999474287033081,1.6700822015991434e-05,-10.249999988508307,"[{""token"": "" Eight"", ""token_id"": 38923, ""probability"": 0.9999474287033081}, {""token"": "" Six"", ""token_id"": 19759, ""probability"": 3.5355642467038706e-05}, {""token"": "" Four"", ""token_id"": 13038, ""probability"": 1.6700822015991434e-05}, {""token"": ""Eight"", ""token_id"": 80357, ""probability"": 5.043211785960011e-07}, {""token"": "" Two"", ""token_id"": 8512, ""probability"": 1.5229179695097628e-08}, {""token"": "" Many"", ""token_id"": 8732, ""probability"": 1.1860496584858993e-08}, {""token"": "" None"", ""token_id"": 5450, ""probability"": 1.605143573613077e-09}, {""token"": "" Legs"", ""token_id"": 156403, ""probability"": 1.2500871449105944e-09}, {""token"": "" Typically"", ""token_id"": 50338, ""probability"": 9.735688921708174e-10}, {""token"": "" Zero"", ""token_id"": 31234, ""probability"": 7.582161565267143e-10}, {""token"": "" Usually"", ""token_id"": 34645, ""probability"": 7.582161565267143e-10}, {""token"": ""\n\n"", ""token_id"": 108, ""probability"": 5.904993716221441e-10}]"
"[""pair_L22+L27_coarse""]",L22+L27,"[22, 27]",1.0,,4.0,4.0,8.0,5.656854249492381,4.0,False,8810.779686764925,"[23422, 23422, 60476, 129426, 129426, 144881, 144881]","[16, 21, 16, 16, 21, 16, 21]","[0.0, 0.0, 0.0, 0.0, 0.0, 0.0, 0.0]","[1703, 197021, 248182]","[16, 16, 16]","[7292.462097167969, 1441.7576599121094, 3778.9111328125]","[1855.8961181640625, 1739.021240234375, 562.7435302734375, 7292.462890625, 1441.7576904296875, 0.0, 343.8994140625, 681.9580688476562, 849.9566040039062, 3778.91162109375]", Eight,0.9999474287033081,3.5355642467038706e-05,0.9999474287033081,1.6700822015991434e-05,-10.249999988508307,"[{""token"": "" Eight"", ""token_id"": 38923, ""probability"": 0.9999474287033081}, {""token"": "" Six"", ""token_id"": 19759, ""probability"": 3.5355642467038706e-05}, {""token"": "" Four"", ""token_id"": 13038, ""probability"": 1.6700822015991434e-05}, {""token"": ""Eight"", ""token_id"": 80357, ""probability"": 5.043211785960011e-07}, {""token"": "" Two"", ""token_id"": 8512, ""probability"": 1.9554653007958223e-08}, {""token"": "" Many"", ""token_id"": 8732, ""probability"": 1.9554653007958223e-08}, {""token"": "" None"", ""token_id"": 5450, ""probability"": 2.0610451123559415e-09}, {""token"": "" Legs"", ""token_id"": 156403, ""probability"": 1.605143573613077e-09}, {""token"": "" Typically"", ""token_id"": 50338, ""probability"": 1.2500871449105944e-09}, {""token"": "" Zero"", ""token_id"": 31234, ""probability"": 9.735688921708174e-10}, {""token"": "" Some"", ""token_id"": 4943, ""probability"": 7.582161565267143e-10}, {""token"": ""\n\n"", ""token_id"": 108, ""probability"": 7.582161565267143e-10}]"
"[""pair_L22+L27_refined""]",L22+L27,"[22, 27]",1.0,,3.5,1.5,5.0,3.8078865529319543,3.5,False,7252.42756214878,"[23422, 23422, 60476, 129426, 129426, 144881, 144881]","[16, 21, 16, 16, 21, 16, 21]","[0.0, 0.0, 0.0, 0.0, 0.0, 0.0, 0.0]","[1703, 197021, 248182]","[16, 16, 16]","[6380.904335021973, 1261.5379524230957, 1417.0916748046875]","[1855.8961181640625, 1739.021240234375, 562.7435302734375, 6380.9052734375, 1261.5379638671875, 229.2533721923828, 345.8791198730469, 782.4754638671875, 844.0635986328125, 1417.091796875]", Eight,0.9999326467514038,4.5396875066217035e-05,0.9999326467514038,2.1443964214995503e-05,-9.99999993090961,"[{""token"": "" Eight"", ""token_id"": 38923, ""probability"": 0.9999326467514038}, {""token"": "" Six"", ""token_id"": 19759, ""probability"": 4.5396875066217035e-05}, {""token"": "" Four"", ""token_id"": 13038, ""probability"": 2.1443964214995503e-05}, {""token"": ""Eight"", ""token_id"": 80357, ""probability"": 5.043136752647115e-07}, {""token"": "" Two"", ""token_id"": 8512, ""probability"": 1.955436523815024e-08}, {""token"": "" Many"", ""token_id"": 8732, ""probability"": 1.5228955874135863e-08}, {""token"": "" Legs"", ""token_id"": 156403, ""probability"": 1.60511981484035e-09}, {""token"": "" None"", ""token_id"": 5450, ""probability"": 1.60511981484035e-09}, {""token"": "" Typically"", ""token_id"": 50338, ""probability"": 9.735544592714973e-10}, {""token"": "" Zero"", ""token_id"": 31234, ""probability"": 7.582049432741655e-10}, {""token"": "" Some"", ""token_id"": 4943, ""probability"": 5.904906563714007e-10}, {""token"": ""\n\n"", ""token_id"": 108, ""probability"": 5.904906563714007e-10}]"
"[""pair_L22+L27_refined""]",L22+L27,"[22, 27]",1.0,,3.5,1.75,5.25,3.913118960624632,3.5,False,7302.251095183802,"[23422, 23422, 60476, 129426, 129426, 144881, 144881]","[16, 21, 16, 16, 21, 16, 21]","[0.0, 0.0, 0.0, 0.0, 0.0, 0.0, 0.0]","[1703, 197021, 248182]","[16, 16, 16]","[6380.904335021973, 1261.5379524230957, 1653.2736206054688]","[1855.8961181640625, 1739.021240234375, 562.7435302734375, 6380.9052734375, 1261.5379638671875, 229.2533721923828, 345.8791198730469, 782.4754638671875, 844.0635986328125, 1653.27392578125]", Eight,0.9999374151229858,4.5397089706966653e-05,0.9999374151229858,1.6700654668966308e-05,-9.99999997150693,"[{""token"": "" Eight"", ""token_id"": 38923, ""probability"": 0.9999374151229858}, {""token"": "" Six"", ""token_id"": 19759, ""probability"": 4.5397089706966653e-05}, {""token"": "" Four"", ""token_id"": 13038, ""probability"": 1.6700654668966308e-05}, {""token"": ""Eight"", ""token_id"": 80357, ""probability"": 5.043161195317225e-07}, {""token"": "" Many"", ""token_id"": 8732, ""probability"": 1.955445760870589e-08}, {""token"": "" Two"", ""token_id"": 8512, ""probability"": 1.955445760870589e-08}, {""token"": "" None"", ""token_id"": 5450, ""probability"": 2.0610244622076834e-09}, {""token"": "" Legs"", ""token_id"": 156403, ""probability"": 1.60512747537922e-09}, {""token"": "" Typically"", ""token_id"": 50338, ""probability"": 1.250074599390416e-09}, {""token"": "" Some"", ""token_id"": 4943, ""probability"": 7.582085514989956e-10}, {""token"": "" Zero"", ""token_id"": 31234, ""probability"": 7.582085514989956e-10}, {""token"": "" Usually"", ""token_id"": 34645, ""probability"": 7.582085514989956e-10}]"
"[""pair_L22+L27_refined""]",L22+L27,"[22, 27]",1.0,,3.5,2.0,5.5,4.031128874149275,3.5,False,7359.320596594107,"[23422, 23422, 60476, 129426, 129426, 144881, 144881]","[16, 21, 16, 16, 21, 16, 21]","[0.0, 0.0, 0.0, 0.0, 0.0, 0.0, 0.0]","[1703, 197021, 248182]","[16, 16, 16]","[6380.904335021973, 1261.5379524230957, 1889.45556640625]","[1855.8961181640625, 1739.021240234375, 562.7435302734375, 6380.9052734375, 1261.5379638671875, 229.2533721923828, 345.8791198730469, 782.4754638671875, 844.0635986328125, 1889.455810546875]", Eight,0.9999374151229858,4.5397089706966653e-05,0.9999374151229858,1.6700654668966308e-05,-9.99999997150693,"[{""token"": "" Eight"", ""token_id"": 38923, ""probability"": 0.9999374151229858}, {""token"": "" Six"", ""token_id"": 19759, ""probability"": 4.5397089706966653e-05}, {""token"": "" Four"", ""token_id"": 13038, ""probability"": 1.6700654668966308e-05}, {""token"": ""Eight"", ""token_id"": 80357, ""probability"": 5.043161195317225e-07}, {""token"": "" Two"", ""token_id"": 8512, ""probability"": 1.955445760870589e-08}, {""token"": "" Many"", ""token_id"": 8732, ""probability"": 1.522902692840944e-08}, {""token"": "" Legs"", ""token_id"": 156403, ""probability"": 1.60512747537922e-09}, {""token"": "" None"", ""token_id"": 5450, ""probability"": 1.60512747537922e-09}, {""token"": "" Typically"", ""token_id"": 50338, ""probability"": 9.735591222082007e-10}, {""token"": "" Zero"", ""token_id"": 31234, ""probability"": 7.582085514989956e-10}, {""token"": "" Usually"", ""token_id"": 34645, ""probability"": 7.582085514989956e-10}, {""token"": ""\n\n"", ""token_id"": 108, ""probability"": 5.904934319289623e-10}]"
"[""pair_L22+L27_refined""]",L22+L27,"[22, 27]",1.0,,3.5,2.25,5.75,4.16082924427331,3.5,False,7423.469000081992,"[23422, 23422, 60476, 129426, 129426, 144881, 144881]","[16, 21, 16, 16, 21, 16, 21]","[0.0, 0.0, 0.0, 0.0, 0.0, 0.0, 0.0]","[1703, 197021, 248182]","[16, 16, 16]","[6380.904335021973, 1261.5379524230957, 2125.6375122070312]","[1855.8961181640625, 1739.021240234375, 562.7435302734375, 6380.9052734375, 1261.5379638671875, 229.2533721923828, 345.8791198730469, 782.4754638671875, 844.0635986328125, 2125.6376953125]", Eight,0.9999326467514038,4.5396875066217035e-05,0.9999326467514038,2.1443964214995503e-05,-9.99999993090961,"[{""token"": "" Eight"", ""token_id"": 38923, ""probability"": 0.9999326467514038}, {""token"": "" Six"", ""token_id"": 19759, ""probability"": 4.5396875066217035e-05}, {""token"": "" Four"", ""token_id"": 13038, ""probability"": 2.1443964214995503e-05}, {""token"": ""Eight"", ""token_id"": 80357, ""probability"": 5.043136752647115e-07}, {""token"": "" Two"", ""token_id"": 8512, ""probability"": 1.955436523815024e-08}, {""token"": "" Many"", ""token_id"": 8732, ""probability"": 1.5228955874135863e-08}, {""token"": "" None"", ""token_id"": 5450, ""probability"": 1.60511981484035e-09}, {""token"": "" Legs"", ""token_id"": 156403, ""probability"": 1.2500687152083856e-09}, {""token"": "" Typically"", ""token_id"": 50338, ""probability"": 9.735544592714973e-10}, {""token"": "" Zero"", ""token_id"": 31234, ""probability"": 7.582049432741655e-10}, {""token"": "" Some"", ""token_id"": 4943, ""probability"": 5.904906563714007e-10}, {""token"": ""\n\n"", ""token_id"": 108, ""probability"": 5.904906563714007e-10}]"
"[""pair_L22+L27_refined""]",L22+L27,"[22, 27]",1.0,,3.5,2.5,6.0,4.301162633521313,3.5,False,7494.51453479712,"[23422, 23422, 60476, 129426, 129426, 144881, 144881]","[16, 21, 16, 16, 21, 16, 21]","[0.0, 0.0, 0.0, 0.0, 0.0, 0.0, 0.0]","[1703, 197021, 248182]","[16, 16, 16]","[6380.904335021973, 1261.5379524230957, 2361.8194580078125]","[1855.8961181640625, 1739.021240234375, 562.7435302734375, 6380.9052734375, 1261.5379638671875, 229.2533721923828, 345.8791198730469, 782.4754638671875, 844.0635986328125, 2361.819580078125]", Eight,0.9999374151229858,4.5397089706966653e-05,0.9999374151229858,1.6700654668966308e-05,-9.99999997150693,"[{""token"": "" Eight"", ""token_id"": 38923, ""probability"": 0.9999374151229858}, {""token"": "" Six"", ""token_id"": 19759, ""probability"": 4.5397089706966653e-05}, {""token"": "" Four"", ""token_id"": 13038, ""probability"": 1.6700654668966308e-05}, {""token"": ""Eight"", ""token_id"": 80357, ""probability"": 5.043161195317225e-07}, {""token"": "" Two"", ""token_id"": 8512, ""probability"": 1.955445760870589e-08}, {""token"": "" Many"", ""token_id"": 8732, ""probability"": 1.955445760870589e-08}, {""token"": "" Legs"", ""token_id"": 156403, ""probability"": 1.60512747537922e-09}, {""token"": "" None"", ""token_id"": 5450, ""probability"": 1.60512747537922e-09}, {""token"": "" Typically"", ""token_id"": 50338, ""probability"": 1.250074599390416e-09}, {""token"": "" Zero"", ""token_id"": 31234, ""probability"": 9.735591222082007e-10}, {""token"": "" Usually"", ""token_id"": 34645, ""probability"": 7.582085514989956e-10}, {""token"": "" Some"", ""token_id"": 4943, ""probability"": 7.582085514989956e-10}]"
"[""pair_L22+L27_refined""]",L22+L27,"[22, 27]",1.0,,3.75,1.5,5.25,4.038873605350878,3.75,False,7667.395996357011,"[23422, 23422, 60476, 129426, 129426, 144881, 144881]","[16, 21, 16, 16, 21, 16, 21]","[0.0, 0.0, 0.0, 0.0, 0.0, 0.0, 0.0]","[1703, 197021, 248182]","[16, 16, 16]","[6836.683216094971, 1351.6478061676025, 1417.0916748046875]","[1855.8961181640625, 1739.021240234375, 562.7435302734375, 6836.68408203125, 1351.6478271484375, 189.97341918945312, 347.3413391113281, 734.7872924804688, 855.4164428710938, 1417.091796875]", Eight,0.9999474287033081,3.5355642467038706e-05,0.9999474287033081,1.6700822015991434e-05,-10.249999988508307,"[{""token"": "" Eight"", ""token_id"": 38923, ""probability"": 0.9999474287033081}, {""token"": "" Six"", ""token_id"": 19759, ""probability"": 3.5355642467038706e-05}, {""token"": "" Four"", ""token_id"": 13038, ""probability"": 1.6700822015991434e-05}, {""token"": ""Eight"", ""token_id"": 80357, ""probability"": 5.043211785960011e-07}, {""token"": "" Two"", ""token_id"": 8512, ""probability"": 1.5229179695097628e-08}, {""token"": "" Many"", ""token_id"": 8732, ""probability"": 1.5229179695097628e-08}, {""token"": "" None"", ""token_id"": 5450, ""probability"": 2.0610451123559415e-09}, {""token"": "" Legs"", ""token_id"": 156403, ""probability"": 1.605143573613077e-09}, {""token"": "" Typically"", ""token_id"": 50338, ""probability"": 1.2500871449105944e-09}, {""token"": "" Zero"", ""token_id"": 31234, ""probability"": 7.582161565267143e-10}, {""token"": "" Some"", ""token_id"": 4943, ""probability"": 5.904993716221441e-10}, {""token"": ""\n\n"", ""token_id"": 108, ""probability"": 5.904993716221441e-10}]"
"[""pair_L22+L27_refined""]",L22+L27,"[22, 27]",1.0,,3.75,1.75,5.5,4.138236339311712,3.75,False,7714.539965406185,"[23422, 23422, 60476, 129426, 129426, 144881, 144881]","[16, 21, 16, 16, 21, 16, 21]","[0.0, 0.0, 0.0, 0.0, 0.0, 0.0, 0.0]","[1703, 197021, 248182]","[16, 16, 16]","[6836.683216094971, 1351.6478061676025, 1653.2736206054688]","[1855.8961181640625, 1739.021240234375, 562.7435302734375, 6836.68408203125, 1351.6478271484375, 189.97341918945312, 347.3413391113281, 734.7872924804688, 855.4164428710938, 1653.27392578125]", Eight,0.9999326467514038,4.5396875066217035e-05,0.9999326467514038,2.1443964214995503e-05,-9.99999993090961,"[{""token"": "" Eight"", ""token_id"": 38923, ""probability"": 0.9999326467514038}, {""token"": "" Six"", ""token_id"": 19759, ""probability"": 4.5396875066217035e-05}, {""token"": "" Four"", ""token_id"": 13038, ""probability"": 2.1443964214995503e-05}, {""token"": ""Eight"", ""token_id"": 80357, ""probability"": 5.043136752647115e-07}, {""token"": "" Many"", ""token_id"": 8732, ""probability"": 2.510829943958015e-08}, {""token"": "" Two"", ""token_id"": 8512, ""probability"": 1.955436523815024e-08}, {""token"": "" None"", ""token_id"": 5450, ""probability"": 2.64639554714563e-09}, {""token"": "" Legs"", ""token_id"": 156403, ""probability"": 2.0610146922450667e-09}, {""token"": "" Typically"", ""token_id"": 50338, ""probability"": 1.60511981484035e-09}, {""token"": "" Zero"", ""token_id"": 31234, ""probability"": 1.2500687152083856e-09}, {""token"": "" Usually"", ""token_id"": 34645, ""probability"": 9.735544592714973e-10}, {""token"": "" Some"", ""token_id"": 4943, ""probability"": 9.735544592714973e-10}]"
"[""pair_L22+L27_refined""]",L22+L27,"[22, 27]",1.0,,3.75,2.0,5.75,4.25,3.75,False,7768.581303184672,"[23422, 23422, 60476, 129426, 129426, 144881, 144881]","[16, 21, 16, 16, 21, 16, 21]","[0.0, 0.0, 0.0, 0.0, 0.0, 0.0, 0.0]","[1703, 197021, 248182]","[16, 16, 16]","[6836.683216094971, 1351.6478061676025, 1889.45556640625]","[1855.8961181640625, 1739.021240234375, 562.7435302734375, 6836.68408203125, 1351.6478271484375, 189.97341918945312, 347.3413391113281, 734.7872924804688, 855.4164428710938, 1889.455810546875]", Eight,0.999955415725708,2.753522312559653e-05,0.999955415725708,1.6700956621207297e-05,-10.499999946669753,"[{""token"": "" Eight"", ""token_id"": 38923, ""probability"": 0.999955415725708}, {""token"": "" Six"", ""token_id"": 19759, ""probability"": 2.753522312559653e-05}, {""token"": "" Four"", ""token_id"": 13038, ""probability"": 1.6700956621207297e-05}, {""token"": ""Eight"", ""token_id"": 80357, ""probability"": 3.9276883967431786e-07}, {""token"": "" Two"", ""token_id"": 8512, ""probability"": 1.5229302263719546e-08}, {""token"": "" Many"", ""token_id"": 8732, ""probability"": 1.5229302263719546e-08}, {""token"": "" None"", ""token_id"": 5450, ""probability"": 1.6051563411778602e-09}, {""token"": "" Legs"", ""token_id"": 156403, ""probability"": 1.250097136917816e-09}, {""token"": "" Typically"", ""token_id"": 50338, ""probability"": 9.735766637319898e-10}, {""token"": "" Zero"", ""token_id"": 31234, ""probability"": 7.582222072421985e-10}, {""token"": "" Some"", ""token_id"": 4943, ""probability"": 5.905040900699987e-10}, {""token"": ""\n\n"", ""token_id"": 108, ""probability"": 5.905040900699987e-10}]"
"[""pair_L22+L27_refined""]",L22+L27,"[22, 27]",1.0,,3.75,2.25,6.0,4.373213921133975,3.75,False,7829.377230400548,"[23422, 23422, 60476, 129426, 129426, 144881, 144881]","[16, 21, 16, 16, 21, 16, 21]","[0.0, 0.0, 0.0, 0.0, 0.0, 0.0, 0.0]","[1703, 197021, 248182]","[16, 16, 16]","[6836.683216094971, 1351.6478061676025, 2125.6375122070312]","[1855.8961181640625, 1739.021240234375, 562.7435302734375, 6836.68408203125, 1351.6478271484375, 189.97341918945312, 347.3413391113281, 734.7872924804688, 855.4164428710938, 2125.6376953125]", Eight,0.9999474287033081,3.5355642467038706e-05,0.9999474287033081,1.6700822015991434e-05,-10.249999988508307,"[{""token"": "" Eight"", ""token_id"": 38923, ""probability"": 0.9999474287033081}, {""token"": "" Six"", ""token_id"": 19759, ""probability"": 3.5355642467038706e-05}, {""token"": "" Four"", ""token_id"": 13038, ""probability"": 1.6700822015991434e-05}, {""token"": ""Eight"", ""token_id"": 80357, ""probability"": 5.043211785960011e-07}, {""token"": "" Two"", ""token_id"": 8512, ""probability"": 1.9554653007958223e-08}, {""token"": "" Many"", ""token_id"": 8732, ""probability"": 1.9554653007958223e-08}, {""token"": "" None"", ""token_id"": 5450, ""probability"": 2.0610451123559415e-09}, {""token"": "" Legs"", ""token_id"": 156403, ""probability"": 1.605143573613077e-09}, {""token"": "" Typically"", ""token_id"": 50338, ""probability"": 1.2500871449105944e-09}, {""token"": "" Zero"", ""token_id"": 31234, ""probability"": 9.735688921708174e-10}, {""token"": "" Some"", ""token_id"": 4943, ""probability"": 7.582161565267143e-10}, {""token"": ""\n\n"", ""token_id"": 108, ""probability"": 7.582161565267143e-10}]"
"[""pair_L22+L27_refined""]",L22+L27,"[22, 27]",1.0,,3.75,2.5,6.25,4.5069390943299865,3.75,False,7896.771741225747,"[23422, 23422, 60476, 129426, 129426, 144881, 144881]","[16, 21, 16, 16, 21, 16, 21]","[0.0, 0.0, 0.0, 0.0, 0.0, 0.0, 0.0]","[1703, 197021, 248182]","[16, 16, 16]","[6836.683216094971, 1351.6478061676025, 2361.8194580078125]","[1855.8961181640625, 1739.021240234375, 562.7435302734375, 6836.68408203125, 1351.6478271484375, 189.97341918945312, 347.3413391113281, 734.7872924804688, 855.4164428710938, 2361.819580078125]", Eight,0.9999591112136841,2.753532498900313e-05,0.9999591112136841,1.3006765584577806e-05,-10.49999994293696,"[{""token"": "" Eight"", ""token_id"": 38923, ""probability"": 0.9999591112136841}, {""token"": "" Six"", ""token_id"": 19759, ""probability"": 2.753532498900313e-05}, {""token"": "" Four"", ""token_id"": 13038, ""probability"": 1.3006765584577806e-05}, {""token"": ""Eight"", ""token_id"": 80357, ""probability"": 3.927702891814988e-07}, {""token"": "" Many"", ""token_id"": 8732, ""probability"": 1.5229357330781568e-08}, {""token"": "" Two"", ""token_id"": 8512, ""probability"": 1.5229357330781568e-08}, {""token"": "" None"", ""token_id"": 5450, ""probability"": 1.6051623363821932e-09}, {""token"": "" Legs"", ""token_id"": 156403, ""probability"": 1.2501017998545194e-09}, {""token"": "" Typically"", ""token_id"": 50338, ""probability"": 9.735802164456686e-10}, {""token"": "" Some"", ""token_id"": 4943, ""probability"": 5.905062550048967e-10}, {""token"": "" Several"", ""token_id"": 22624, ""probability"": 5.905062550048967e-10}, {""token"": "" Zero"", ""token_id"": 31234, ""probability"": 5.905062550048967e-10}]"
"[""pair_L22+L27_refined""]",L22+L27,"[22, 27]",1.0,,4.0,1.5,5.5,4.272001872658765,4.0,False,8084.4180254018565,"[23422, 23422, 60476, 129426, 129426, 144881, 144881]","[16, 21, 16, 16, 21, 16, 21]","[0.0, 0.0, 0.0, 0.0, 0.0, 0.0, 0.0]","[1703, 197021, 248182]","[16, 16, 16]","[7292.462097167969, 1441.7576599121094, 1417.0916748046875]","[1855.8961181640625, 1739.021240234375, 562.7435302734375, 7292.462890625, 1441.7576904296875, 0.0, 343.8994140625, 681.9580688476562, 849.9566040039062, 1417.091796875]", Eight,0.9999474287033081,3.5355642467038706e-05,0.9999474287033081,1.6700822015991434e-05,-10.249999988508307,"[{""token"": "" Eight"", ""token_id"": 38923, ""probability"": 0.9999474287033081}, {""token"": "" Six"", ""token_id"": 19759, ""probability"": 3.5355642467038706e-05}, {""token"": "" Four"", ""token_id"": 13038, ""probability"": 1.6700822015991434e-05}, {""token"": ""Eight"", ""token_id"": 80357, ""probability"": 5.043211785960011e-07}, {""token"": "" Two"", ""token_id"": 8512, ""probability"": 1.9554653007958223e-08}, {""token"": "" Many"", ""token_id"": 8732, ""probability"": 1.5229179695097628e-08}, {""token"": "" None"", ""token_id"": 5450, ""probability"": 1.605143573613077e-09}, {""token"": "" Legs"", ""token_id"": 156403, ""probability"": 1.2500871449105944e-09}, {""token"": "" Typically"", ""token_id"": 50338, ""probability"": 9.735688921708174e-10}, {""token"": "" Zero"", ""token_id"": 31234, ""probability"": 7.582161565267143e-10}, {""token"": "" Some"", ""token_id"": 4943, ""probability"": 5.904993716221441e-10}, {""token"": ""\n\n"", ""token_id"": 108, ""probability"": 5.904993716221441e-10}]"
"[""pair_L22+L27_refined""]",L22+L27,"[22, 27]",1.0,,4.0,1.75,5.75,4.366062299143245,4.0,False,8129.143886187535,"[23422, 23422, 60476, 129426, 129426, 144881, 144881]","[16, 21, 16, 16, 21, 16, 21]","[0.0, 0.0, 0.0, 0.0, 0.0, 0.0, 0.0]","[1703, 197021, 248182]","[16, 16, 16]","[7292.462097167969, 1441.7576599121094, 1653.2736206054688]","[1855.8961181640625, 1739.021240234375, 562.7435302734375, 7292.462890625, 1441.7576904296875, 0.0, 343.8994140625, 681.9580688476562, 849.9566040039062, 1653.27392578125]", Eight,0.9999552965164185,2.7535219487617724e-05,0.9999552965164185,1.6700954802217893e-05,-10.499999959576062,"[{""token"": "" Eight"", ""token_id"": 38923, ""probability"": 0.9999552965164185}, {""token"": "" Six"", ""token_id"": 19759, ""probability"": 2.7535219487617724e-05}, {""token"": "" Four"", ""token_id"": 13038, ""probability"": 1.6700954802217893e-05}, {""token"": ""Eight"", ""token_id"": 80357, ""probability"": 5.043251007919025e-07}, {""token"": "" Two"", ""token_id"": 8512, ""probability"": 1.5229300487362707e-08}, {""token"": "" Many"", ""token_id"": 8732, ""probability"": 1.5229300487362707e-08}, {""token"": "" None"", ""token_id"": 5450, ""probability"": 1.6051562301555578e-09}, {""token"": "" Legs"", ""token_id"": 156403, ""probability"": 1.2500970258955135e-09}, {""token"": "" Typically"", ""token_id"": 50338, ""probability"": 9.735765527096873e-10}, {""token"": "" Zero"", ""token_id"": 31234, ""probability"": 7.58222096219896e-10}, {""token"": "" Some"", ""token_id"": 4943, ""probability"": 5.905039790476962e-10}, {""token"": ""\n\n"", ""token_id"": 108, ""probability"": 5.905039790476962e-10}]"
"[""pair_L22+L27_refined""]",L22+L27,"[22, 27]",1.0,,4.0,2.25,6.25,4.589389937671455,4.0,False,8238.203764195536,"[23422, 23422, 60476, 129426, 129426, 144881, 144881]","[16, 21, 16, 16, 21, 16, 21]","[0.0, 0.0, 0.0, 0.0, 0.0, 0.0, 0.0]","[1703, 197021, 248182]","[16, 16, 16]","[7292.462097167969, 1441.7576599121094, 2125.6375122070312]","[1855.8961181640625, 1739.021240234375, 562.7435302734375, 7292.462890625, 1441.7576904296875, 0.0, 343.8994140625, 681.9580688476562, 849.9566040039062, 2125.6376953125]", Eight,0.9999426603317261,3.535547512001358e-05,0.9999426603317261,2.1444178855745122e-05,-10.249999953133896,"[{""token"": "" Eight"", ""token_id"": 38923, ""probability"": 0.9999426603317261}, {""token"": "" Six"", ""token_id"": 19759, ""probability"": 3.535547512001358e-05}, {""token"": "" Four"", ""token_id"": 13038, ""probability"": 2.1444178855745122e-05}, {""token"": ""Eight"", ""token_id"": 80357, ""probability"": 5.043187343289901e-07}, {""token"": "" Two"", ""token_id"": 8512, ""probability"": 1.9554560637402574e-08}, {""token"": "" Many"", ""token_id"": 8732, ""probability"": 1.9554560637402574e-08}, {""token"": "" None"", ""token_id"": 5450, ""probability"": 2.0610353423933248e-09}, {""token"": "" Legs"", ""token_id"": 156403, ""probability"": 1.6051359130742071e-09}, {""token"": "" Typically"", ""token_id"": 50338, ""probability"": 1.2500811497062614e-09}, {""token"": "" Zero"", ""token_id"": 31234, ""probability"": 9.73564229234114e-10}, {""token"": "" Some"", ""token_id"": 4943, ""probability"": 7.582125483018842e-10}, {""token"": ""\n\n"", ""token_id"": 108, ""probability"": 7.582125483018842e-10}]"
"[""pair_L22+L27_refined""]",L22+L27,"[22, 27]",1.0,,4.0,2.5,6.5,4.716990566028302,4.0,False,8302.28025168462,"[23422, 23422, 60476, 129426, 129426, 144881, 144881]","[16, 21, 16, 16, 21, 16, 21]","[0.0, 0.0, 0.0, 0.0, 0.0, 0.0, 0.0]","[1703, 197021, 248182]","[16, 16, 16]","[7292.462097167969, 1441.7576599121094, 2361.8194580078125]","[1855.8961181640625, 1739.021240234375, 562.7435302734375, 7292.462890625, 1441.7576904296875, 0.0, 343.8994140625, 681.9580688476562, 849.9566040039062, 2361.819580078125]", Eight,0.9999474287033081,3.5355642467038706e-05,0.9999474287033081,1.6700822015991434e-05,-10.249999988508307,"[{""token"": "" Eight"", ""token_id"": 38923, ""probability"": 0.9999474287033081}, {""token"": "" Six"", ""token_id"": 19759, ""probability"": 3.5355642467038706e-05}, {""token"": "" Four"", ""token_id"": 13038, ""probability"": 1.6700822015991434e-05}, {""token"": ""Eight"", ""token_id"": 80357, ""probability"": 5.043211785960011e-07}, {""token"": "" Two"", ""token_id"": 8512, ""probability"": 1.5229179695097628e-08}, {""token"": "" Many"", ""token_id"": 8732, ""probability"": 1.5229179695097628e-08}, {""token"": "" None"", ""token_id"": 5450, ""probability"": 1.605143573613077e-09}, {""token"": "" Legs"", ""token_id"": 156403, ""probability"": 1.2500871449105944e-09}, {""token"": "" Typically"", ""token_id"": 50338, ""probability"": 9.735688921708174e-10}, {""token"": "" Zero"", ""token_id"": 31234, ""probability"": 7.582161565267143e-10}, {""token"": "" Some"", ""token_id"": 4943, ""probability"": 5.904993716221441e-10}, {""token"": ""\n\n"", ""token_id"": 108, ""probability"": 5.904993716221441e-10}]"
"[""pair_L22+L27_refined""]",L22+L27,"[22, 27]",1.0,,4.25,1.5,5.75,4.5069390943299865,4.25,False,8509.268141293016,"[23422, 23422, 60476, 129426, 129426, 144881, 144881]","[16, 21, 16, 16, 21, 16, 21]","[0.0, 0.0, 0.0, 0.0, 0.0, 0.0, 0.0]","[1703, 197021, 248182]","[16, 16, 16]","[7748.240978240967, 1531.8675136566162, 1417.0916748046875]","[1855.8961181640625, 1739.021240234375, 562.7435302734375, 7748.2421875, 1531.8675537109375, 0.0, 344.3376770019531, 621.206787109375, 853.18701171875, 1417.091796875]", Eight,0.9999474287033081,3.5355642467038706e-05,0.9999474287033081,1.6700822015991434e-05,-10.249999988508307,"[{""token"": "" Eight"", ""token_id"": 38923, ""probability"": 0.9999474287033081}, {""token"": "" Six"", ""token_id"": 19759, ""probability"": 3.5355642467038706e-05}, {""token"": "" Four"", ""token_id"": 13038, ""probability"": 1.6700822015991434e-05}, {""token"": ""Eight"", ""token_id"": 80357, ""probability"": 5.043211785960011e-07}, {""token"": "" Two"", ""token_id"": 8512, ""probability"": 1.9554653007958223e-08}, {""token"": "" Many"", ""token_id"": 8732, ""probability"": 1.5229179695097628e-08}, {""token"": "" None"", ""token_id"": 5450, ""probability"": 1.605143573613077e-09}, {""token"": "" Legs"", ""token_id"": 156403, ""probability"": 1.2500871449105944e-09}, {""token"": "" Typically"", ""token_id"": 50338, ""probability"": 9.735688921708174e-10}, {""token"": ""\n\n"", ""token_id"": 108, ""probability"": 7.582161565267143e-10}, {""token"": "" Zero"", ""token_id"": 31234, ""probability"": 7.582161565267143e-10}, {""token"": "" Some"", ""token_id"": 4943, ""probability"": 5.904993716221441e-10}]"
"[""pair_L22+L27_refined""]",L22+L27,"[22, 27]",1.0,,4.25,1.75,6.0,4.596194077712559,4.25,False,8551.772320011918,"[23422, 23422, 60476, 129426, 129426, 144881, 144881]","[16, 21, 16, 16, 21, 16, 21]","[0.0, 0.0, 0.0, 0.0, 0.0, 0.0, 0.0]","[1703, 197021, 248182]","[16, 16, 16]","[7748.240978240967, 1531.8675136566162, 1653.2736206054688]","[1855.8961181640625, 1739.021240234375, 562.7435302734375, 7748.2421875, 1531.8675537109375, 0.0, 344.3376770019531, 621.206787109375, 853.18701171875, 1653.27392578125]", Eight,0.9999425411224365,3.535547148203477e-05,0.9999425411224365,2.1444177036755718e-05,-10.249999936814952,"[{""token"": "" Eight"", ""token_id"": 38923, ""probability"": 0.9999425411224365}, {""token"": "" Six"", ""token_id"": 19759, ""probability"": 3.535547148203477e-05}, {""token"": "" Four"", ""token_id"": 13038, ""probability"": 2.1444177036755718e-05}, {""token"": ""Eight"", ""token_id"": 80357, ""probability"": 6.475580107689893e-07}, {""token"": "" Many"", ""token_id"": 8732, ""probability"": 1.9554557084688895e-08}, {""token"": "" Two"", ""token_id"": 8512, ""probability"": 1.9554557084688895e-08}, {""token"": "" None"", ""token_id"": 5450, ""probability"": 2.06103512034872e-09}, {""token"": "" Legs"", ""token_id"": 156403, ""probability"": 1.6051356910296022e-09}, {""token"": "" Typically"", ""token_id"": 50338, ""probability"": 1.250081038683959e-09}, {""token"": ""\n\n"", ""token_id"": 108, ""probability"": 7.582124372795818e-10}, {""token"": "" Some"", ""token_id"": 4943, ""probability"": 7.582124372795818e-10}, {""token"": "" Several"", ""token_id"": 22624, ""probability"": 7.582124372795818e-10}]"
"[""pair_L22+L27_refined""]",L22+L27,"[22, 27]",1.0,,4.25,2.0,6.25,4.697073557013984,4.25,False,8600.554540241184,"[23422, 23422, 60476, 129426, 129426, 144881, 144881]","[16, 21, 16, 16, 21, 16, 21]","[0.0, 0.0, 0.0, 0.0, 0.0, 0.0, 0.0]","[1703, 197021, 248182]","[16, 16, 16]","[7748.240978240967, 1531.8675136566162, 1889.45556640625]","[1855.8961181640625, 1739.021240234375, 562.7435302734375, 7748.2421875, 1531.8675537109375, 0.0, 344.3376770019531, 621.206787109375, 853.18701171875, 1889.455810546875]", Eight,0.9999474287033081,3.5355642467038706e-05,0.9999474287033081,1.6700822015991434e-05,-10.249999988508307,"[{""token"": "" Eight"", ""token_id"": 38923, ""probability"": 0.9999474287033081}, {""token"": "" Six"", ""token_id"": 19759, ""probability"": 3.5355642467038706e-05}, {""token"": "" Four"", ""token_id"": 13038, ""probability"": 1.6700822015991434e-05}, {""token"": ""Eight"", ""token_id"": 80357, ""probability"": 5.043211785960011e-07}, {""token"": "" Two"", ""token_id"": 8512, ""probability"": 1.9554653007958223e-08}, {""token"": "" Many"", ""token_id"": 8732, ""probability"": 1.5229179695097628e-08}, {""token"": "" None"", ""token_id"": 5450, ""probability"": 2.0610451123559415e-09}, {""token"": "" Legs"", ""token_id"": 156403, ""probability"": 1.605143573613077e-09}, {""token"": "" Typically"", ""token_id"": 50338, ""probability"": 1.2500871449105944e-09}, {""token"": ""\n\n"", ""token_id"": 108, ""probability"": 9.735688921708174e-10}, {""token"": "" Zero"", ""token_id"": 31234, ""probability"": 7.582161565267143e-10}, {""token"": "" Some"", ""token_id"": 4943, ""probability"": 7.582161565267143e-10}]"
"[""pair_L22+L27_refined""]",L22+L27,"[22, 27]",1.0,,4.25,2.25,6.5,4.808846015417836,4.25,False,8655.50869396983,"[23422, 23422, 60476, 129426, 129426, 144881, 144881]","[16, 21, 16, 16, 21, 16, 21]","[0.0, 0.0, 0.0, 0.0, 0.0, 0.0, 0.0]","[1703, 197021, 248182]","[16, 16, 16]","[7748.240978240967, 1531.8675136566162, 2125.6375122070312]","[1855.8961181640625, 1739.021240234375, 562.7435302734375, 7748.2421875, 1531.8675537109375, 0.0, 344.3376770019531, 621.206787109375, 853.18701171875, 2125.6376953125]", Eight,0.9999474287033081,3.5355642467038706e-05,0.9999474287033081,1.6700822015991434e-05,-10.249999988508307,"[{""token"": "" Eight"", ""token_id"": 38923, ""probability"": 0.9999474287033081}, {""token"": "" Six"", ""token_id"": 19759, ""probability"": 3.5355642467038706e-05}, {""token"": "" Four"", ""token_id"": 13038, ""probability"": 1.6700822015991434e-05}, {""token"": ""Eight"", ""token_id"": 80357, ""probability"": 5.043211785960011e-07}, {""token"": "" Two"", ""token_id"": 8512, ""probability"": 1.9554653007958223e-08}, {""token"": "" Many"", ""token_id"": 8732, ""probability"": 1.5229179695097628e-08}, {""token"": "" None"", ""token_id"": 5450, ""probability"": 2.0610451123559415e-09}, {""token"": "" Legs"", ""token_id"": 156403, ""probability"": 1.605143573613077e-09}, {""token"": "" Typically"", ""token_id"": 50338, ""probability"": 1.2500871449105944e-09}, {""token"": ""\n\n"", ""token_id"": 108, ""probability"": 7.582161565267143e-10}, {""token"": "" Some"", ""token_id"": 4943, ""probability"": 7.582161565267143e-10}, {""token"": "" Zero"", ""token_id"": 31234, ""probability"": 7.582161565267143e-10}]"
"[""pair_L22+L27_refined""]",L22+L27,"[22, 27]",1.0,,4.25,2.5,6.75,4.930770730829005,4.25,False,8716.51804727635,"[23422, 23422, 60476, 129426, 129426, 144881, 144881]","[16, 21, 16, 16, 21, 16, 21]","[0.0, 0.0, 0.0, 0.0, 0.0, 0.0, 0.0]","[1703, 197021, 248182]","[16, 16, 16]","[7748.240978240967, 1531.8675136566162, 2361.8194580078125]","[1855.8961181640625, 1739.021240234375, 562.7435302734375, 7748.2421875, 1531.8675537109375, 0.0, 344.3376770019531, 621.206787109375, 853.18701171875, 2361.819580078125]", Eight,0.999955415725708,2.753522312559653e-05,0.999955415725708,1.6700956621207297e-05,-10.499999946669753,"[{""token"": "" Eight"", ""token_id"": 38923, ""probability"": 0.999955415725708}, {""token"": "" Six"", ""token_id"": 19759, ""probability"": 2.753522312559653e-05}, {""token"": "" Four"", ""token_id"": 13038, ""probability"": 1.6700956621207297e-05}, {""token"": ""Eight"", ""token_id"": 80357, ""probability"": 3.9276883967431786e-07}, {""token"": "" Two"", ""token_id"": 8512, ""probability"": 1.5229302263719546e-08}, {""token"": "" Many"", ""token_id"": 8732, ""probability"": 1.18605916199499e-08}, {""token"": "" None"", ""token_id"": 5450, ""probability"": 1.6051563411778602e-09}, {""token"": "" Legs"", ""token_id"": 156403, ""probability"": 1.250097136917816e-09}, {""token"": "" Typically"", ""token_id"": 50338, ""probability"": 9.735766637319898e-10}, {""token"": "" Zero"", ""token_id"": 31234, ""probability"": 7.582222072421985e-10}, {""token"": "" Some"", ""token_id"": 4943, ""probability"": 5.905040900699987e-10}, {""token"": ""\n\n"", ""token_id"": 108, ""probability"": 5.905040900699987e-10}]"
"[""pair_L22+L27_refined""]",L22+L27,"[22, 27]",1.0,,4.5,1.5,6.0,4.743416490252569,4.5,False,8940.222772734227,"[23422, 23422, 60476, 129426, 129426, 144881, 144881]","[16, 21, 16, 16, 21, 16, 21]","[0.0, 0.0, 0.0, 0.0, 0.0, 0.0, 0.0]","[1703, 197021, 248182]","[16, 16, 16]","[8204.019859313965, 1621.977367401123, 1417.0916748046875]","[1855.8961181640625, 1739.021240234375, 562.7435302734375, 8204.0205078125, 1621.9775390625, 0.0, 348.5738830566406, 576.8534545898438, 862.07958984375, 1417.091796875]", Eight,0.9999504089355469,2.753508488240186e-05,0.9999504089355469,2.1444344383780845e-05,-10.499999960251102,"[{""token"": "" Eight"", ""token_id"": 38923, ""probability"": 0.9999504089355469}, {""token"": "" Six"", ""token_id"": 19759, ""probability"": 2.753508488240186e-05}, {""token"": "" Four"", ""token_id"": 13038, ""probability"": 2.1444344383780845e-05}, {""token"": ""Eight"", ""token_id"": 80357, ""probability"": 6.475631266766868e-07}, {""token"": "" Two"", ""token_id"": 8512, ""probability"": 2.510874530514684e-08}, {""token"": "" Many"", ""token_id"": 8732, ""probability"": 1.9554711627733923e-08}, {""token"": "" None"", ""token_id"": 5450, ""probability"": 2.0610513296048794e-09}, {""token"": "" Legs"", ""token_id"": 156403, ""probability"": 1.605148347572083e-09}, {""token"": "" Typically"", ""token_id"": 50338, ""probability"": 1.250090919668878e-09}, {""token"": "" Zero"", ""token_id"": 31234, ""probability"": 9.735717787506815e-10}, {""token"": "" Some"", ""token_id"": 4943, ""probability"": 7.582184324839147e-10}, {""token"": ""\n\n"", ""token_id"": 108, ""probability"": 7.582184324839147e-10}]"
"[""pair_L22+L27_refined""]",L22+L27,"[22, 27]",1.0,,4.5,1.75,6.25,4.828301978956992,4.5,False,8980.687542666954,"[23422, 23422, 60476, 129426, 129426, 144881, 144881]","[16, 21, 16, 16, 21, 16, 21]","[0.0, 0.0, 0.0, 0.0, 0.0, 0.0, 0.0]","[1703, 197021, 248182]","[16, 16, 16]","[8204.019859313965, 1621.977367401123, 1653.2736206054688]","[1855.8961181640625, 1739.021240234375, 562.7435302734375, 8204.0205078125, 1621.9775390625, 0.0, 348.5738830566406, 576.8534545898438, 862.07958984375, 1653.27392578125]", Eight,0.9999425411224365,3.535547148203477e-05,0.9999425411224365,2.1444177036755718e-05,-10.249999936814952,"[{""token"": "" Eight"", ""token_id"": 38923, ""probability"": 0.9999425411224365}, {""token"": "" Six"", ""token_id"": 19759, ""probability"": 3.535547148203477e-05}, {""token"": "" Four"", ""token_id"": 13038, ""probability"": 2.1444177036755718e-05}, {""token"": ""Eight"", ""token_id"": 80357, ""probability"": 6.475580107689893e-07}, {""token"": "" Two"", ""token_id"": 8512, ""probability"": 2.5108548129537667e-08}, {""token"": "" Many"", ""token_id"": 8732, ""probability"": 2.5108548129537667e-08}, {""token"": "" None"", ""token_id"": 5450, ""probability"": 2.6464217484090113e-09}, {""token"": "" Legs"", ""token_id"": 156403, ""probability"": 1.6051356910296022e-09}, {""token"": "" Typically"", ""token_id"": 50338, ""probability"": 1.6051356910296022e-09}, {""token"": "" Zero"", ""token_id"": 31234, ""probability"": 1.250081038683959e-09}, {""token"": "" Some"", ""token_id"": 4943, ""probability"": 9.735641182118115e-10}, {""token"": ""\n\n"", ""token_id"": 108, ""probability"": 9.735641182118115e-10}]"
"[""pair_L22+L27_refined""]",L22+L27,"[22, 27]",1.0,,4.5,2.0,6.5,4.924428900898052,4.5,False,9027.152226774211,"[23422, 23422, 60476, 129426, 129426, 144881, 144881]","[16, 21, 16, 16, 21, 16, 21]","[0.0, 0.0, 0.0, 0.0, 0.0, 0.0, 0.0]","[1703, 197021, 248182]","[16, 16, 16]","[8204.019859313965, 1621.977367401123, 1889.45556640625]","[1855.8961181640625, 1739.021240234375, 562.7435302734375, 8204.0205078125, 1621.9775390625, 0.0, 348.5738830566406, 576.8534545898438, 862.07958984375, 1889.455810546875]", Eight,0.9999505281448364,2.753508852038067e-05,0.9999505281448364,2.144434802175965e-05,-10.49999994734473,"[{""token"": "" Eight"", ""token_id"": 38923, ""probability"": 0.9999505281448364}, {""token"": "" Six"", ""token_id"": 19759, ""probability"": 2.753508852038067e-05}, {""token"": "" Four"", ""token_id"": 13038, ""probability"": 2.144434802175965e-05}, {""token"": ""Eight"", ""token_id"": 80357, ""probability"": 5.043227133683104e-07}, {""token"": "" Two"", ""token_id"": 8512, ""probability"": 1.9554713404090762e-08}, {""token"": "" Many"", ""token_id"": 8732, ""probability"": 1.9554713404090762e-08}, {""token"": "" None"", ""token_id"": 5450, ""probability"": 2.0610515516494843e-09}, {""token"": "" Legs"", ""token_id"": 156403, ""probability"": 1.6051485696166878e-09}, {""token"": "" Typically"", ""token_id"": 50338, ""probability"": 1.2500910306911805e-09}, {""token"": "" Zero"", ""token_id"": 31234, ""probability"": 9.73571889772984e-10}, {""token"": "" Some"", ""token_id"": 4943, ""probability"": 7.58218487995066e-10}, {""token"": ""\n\n"", ""token_id"": 108, ""probability"": 7.58218487995066e-10}]"
"[""pair_L22+L27_refined""]",L22+L27,"[22, 27]",1.0,,4.5,2.25,6.75,5.031152949374527,4.5,False,9079.524749516282,"[23422, 23422, 60476, 129426, 129426, 144881, 144881]","[16, 21, 16, 16, 21, 16, 21]","[0.0, 0.0, 0.0, 0.0, 0.0, 0.0, 0.0]","[1703, 197021, 248182]","[16, 16, 16]","[8204.019859313965, 1621.977367401123, 2125.6375122070312]","[1855.8961181640625, 1739.021240234375, 562.7435302734375, 8204.0205078125, 1621.9775390625, 0.0, 348.5738830566406, 576.8534545898438, 862.07958984375, 2125.6376953125]", Eight,0.9999505281448364,2.753508852038067e-05,0.9999505281448364,2.144434802175965e-05,-10.49999994734473,"[{""token"": "" Eight"", ""token_id"": 38923, ""probability"": 0.9999505281448364}, {""token"": "" Six"", ""token_id"": 19759, ""probability"": 2.753508852038067e-05}, {""token"": "" Four"", ""token_id"": 13038, ""probability"": 2.144434802175965e-05}, {""token"": ""Eight"", ""token_id"": 80357, ""probability"": 5.043227133683104e-07}, {""token"": "" Many"", ""token_id"": 8732, ""probability"": 1.9554713404090762e-08}, {""token"": "" Two"", ""token_id"": 8512, ""probability"": 1.9554713404090762e-08}, {""token"": "" None"", ""token_id"": 5450, ""probability"": 2.0610515516494843e-09}, {""token"": "" Legs"", ""token_id"": 156403, ""probability"": 1.6051485696166878e-09}, {""token"": "" Typically"", ""token_id"": 50338, ""probability"": 9.73571889772984e-10}, {""token"": ""\n\n"", ""token_id"": 108, ""probability"": 7.58218487995066e-10}, {""token"": "" Some"", ""token_id"": 4943, ""probability"": 7.58218487995066e-10}, {""token"": "" Several"", ""token_id"": 22624, ""probability"": 7.58218487995066e-10}]"
"[""pair_L22+L27_refined""]",L22+L27,"[22, 27]",1.0,,4.5,2.5,7.0,5.1478150704935,4.5,False,9137.703529562867,"[23422, 23422, 60476, 129426, 129426, 144881, 144881]","[16, 21, 16, 16, 21, 16, 21]","[0.0, 0.0, 0.0, 0.0, 0.0, 0.0, 0.0]","[1703, 197021, 248182]","[16, 16, 16]","[8204.019859313965, 1621.977367401123, 2361.8194580078125]","[1855.8961181640625, 1739.021240234375, 562.7435302734375, 8204.0205078125, 1621.9775390625, 0.0, 348.5738830566406, 576.8534545898438, 862.07958984375, 2361.819580078125]", Eight,0.9999425411224365,3.535547148203477e-05,0.9999425411224365,2.1444177036755718e-05,-10.249999936814952,"[{""token"": "" Eight"", ""token_id"": 38923, ""probability"": 0.9999425411224365}, {""token"": "" Six"", ""token_id"": 19759, ""probability"": 3.535547148203477e-05}, {""token"": "" Four"", ""token_id"": 13038, ""probability"": 2.1444177036755718e-05}, {""token"": ""Eight"", ""token_id"": 80357, ""probability"": 6.475580107689893e-07}, {""token"": "" Many"", ""token_id"": 8732, ""probability"": 2.5108548129537667e-08}, {""token"": "" Two"", ""token_id"": 8512, ""probability"": 2.5108548129537667e-08}, {""token"": "" None"", ""token_id"": 5450, ""probability"": 2.6464217484090113e-09}, {""token"": "" Legs"", ""token_id"": 156403, ""probability"": 2.06103512034872e-09}, {""token"": "" Typically"", ""token_id"": 50338, ""probability"": 1.6051356910296022e-09}, {""token"": ""\n\n"", ""token_id"": 108, ""probability"": 9.735641182118115e-10}, {""token"": "" Some"", ""token_id"": 4943, ""probability"": 9.735641182118115e-10}, {""token"": "" Zero"", ""token_id"": 31234, ""probability"": 9.735641182118115e-10}]"
"[""pair_L7+L27_coarse""]",L7+L27,"[7, 27]",1.0,0.0,,0.0,0.0,0.0,0.0,False,1735.1264451358943,"[14209, 137239, 129426, 129426, 144881, 144881]","[16, 16, 16, 21, 16, 21]","[0.0, 0.0, 0.0, 0.0, 0.0, 0.0]","[42685, 248182]","[16, 16]","[0.0, 0.0]","[84.8398208618164, 133.32498168945312, 0.0, 693.60546875, 746.0291748046875, 935.8643188476562, 1035.4710693359375, 0.0]", Eight,0.99998939037323,8.764155268181639e-08,0.99998939037323,1.012998563965084e-05,-16.249999996104528,"[{""token"": "" Eight"", ""token_id"": 38923, ""probability"": 0.99998939037323}, {""token"": "" Four"", ""token_id"": 13038, ""probability"": 1.012998563965084e-05}, {""token"": ""Eight"", ""token_id"": 80357, ""probability"": 3.927821694560407e-07}, {""token"": "" Six"", ""token_id"": 19759, ""probability"": 8.764155268181639e-08}, {""token"": "" Many"", ""token_id"": 8732, ""probability"": 4.363416294950184e-09}, {""token"": "" Two"", ""token_id"": 8512, ""probability"": 9.736097483781236e-10}, {""token"": "" Legs"", ""token_id"": 156403, ""probability"": 5.905241295955932e-10}, {""token"": "" Some"", ""token_id"": 4943, ""probability"": 2.1724168297598823e-10}, {""token"": "" Usually"", ""token_id"": 34645, ""probability"": 2.1724168297598823e-10}, {""token"": "" Typically"", ""token_id"": 50338, ""probability"": 2.1724168297598823e-10}, {""token"": "" Multiple"", ""token_id"": 34489, ""probability"": 1.6918801082344004e-10}, {""token"": ""\n\n"", ""token_id"": 108, ""probability"": 1.6918801082344004e-10}]"
"[""pair_L7+L27_coarse""]",L7+L27,"[7, 27]",1.0,0.0,,1.0,1.0,1.0,1.0,False,1975.6453618026346,"[14209, 137239, 129426, 129426, 144881, 144881]","[16, 16, 16, 21, 16, 21]","[0.0, 0.0, 0.0, 0.0, 0.0, 0.0]","[42685, 248182]","[16, 16]","[0.0, 944.727783203125]","[84.8398208618164, 133.32498168945312, 0.0, 693.60546875, 746.0291748046875, 935.8643188476562, 1035.4710693359375, 944.7279052734375]", Eight,0.9999915361404419,8.764174452835505e-08,0.9999915361404419,7.889258085924666e-06,-16.249999952903956,"[{""token"": "" Eight"", ""token_id"": 38923, ""probability"": 0.9999915361404419}, {""token"": "" Four"", ""token_id"": 13038, ""probability"": 7.889258085924666e-06}, {""token"": ""Eight"", ""token_id"": 80357, ""probability"": 5.043434043727757e-07}, {""token"": "" Six"", ""token_id"": 19759, ""probability"": 8.764174452835505e-08}, {""token"": "" Many"", ""token_id"": 8732, ""probability"": 4.363425620823591e-09}, {""token"": "" Two"", ""token_id"": 8512, ""probability"": 9.736118578018704e-10}, {""token"": "" Legs"", ""token_id"": 156403, ""probability"": 5.905254063520715e-10}, {""token"": "" Typically"", ""token_id"": 50338, ""probability"": 2.172421548207737e-10}, {""token"": "" Multiple"", ""token_id"": 34489, ""probability"": 2.172421548207737e-10}, {""token"": "" Some"", ""token_id"": 4943, ""probability"": 2.172421548207737e-10}, {""token"": "" Usually"", ""token_id"": 34645, ""probability"": 2.172421548207737e-10}, {""token"": ""\n\n"", ""token_id"": 108, ""probability"": 1.6918837164592304e-10}]"
"[""pair_L7+L27_coarse""]",L7+L27,"[7, 27]",1.0,0.0,,2.0,2.0,2.0,2.0,False,2565.2888805394364,"[14209, 137239, 129426, 129426, 144881, 144881]","[16, 16, 16, 21, 16, 21]","[0.0, 0.0, 0.0, 0.0, 0.0, 0.0]","[42685, 248182]","[16, 16]","[0.0, 1889.45556640625]","[84.8398208618164, 133.32498168945312, 0.0, 693.60546875, 746.0291748046875, 935.8643188476562, 1035.4710693359375, 1889.455810546875]", Eight,0.9999915361404419,8.764174452835505e-08,0.9999915361404419,7.889258085924666e-06,-16.249999952903956,"[{""token"": "" Eight"", ""token_id"": 38923, ""probability"": 0.9999915361404419}, {""token"": "" Four"", ""token_id"": 13038, ""probability"": 7.889258085924666e-06}, {""token"": ""Eight"", ""token_id"": 80357, ""probability"": 5.043434043727757e-07}, {""token"": "" Six"", ""token_id"": 19759, ""probability"": 8.764174452835505e-08}, {""token"": "" Many"", ""token_id"": 8732, ""probability"": 5.60274893146584e-09}, {""token"": "" Two"", ""token_id"": 8512, ""probability"": 9.736118578018704e-10}, {""token"": "" Legs"", ""token_id"": 156403, ""probability"": 5.905254063520715e-10}, {""token"": "" Usually"", ""token_id"": 34645, ""probability"": 2.789444508710659e-10}, {""token"": "" Some"", ""token_id"": 4943, ""probability"": 2.172421548207737e-10}, {""token"": "" Typically"", ""token_id"": 50338, ""probability"": 2.172421548207737e-10}, {""token"": "" Multiple"", ""token_id"": 34489, ""probability"": 2.172421548207737e-10}, {""token"": ""\n\n"", ""token_id"": 108, ""probability"": 1.6918837164592304e-10}]"
"[""pair_L7+L27_coarse""]",L7+L27,"[7, 27]",1.0,0.0,,3.0,3.0,3.0,3.0,False,3323.1401450573208,"[14209, 137239, 129426, 129426, 144881, 144881]","[16, 16, 16, 21, 16, 21]","[0.0, 0.0, 0.0, 0.0, 0.0, 0.0]","[42685, 248182]","[16, 16]","[0.0, 2834.183349609375]","[84.8398208618164, 133.32498168945312, 0.0, 693.60546875, 746.0291748046875, 935.8643188476562, 1035.4710693359375, 2834.18359375]", Eight,0.9999915361404419,8.764174452835505e-08,0.9999915361404419,7.889258085924666e-06,-16.249999952903956,"[{""token"": "" Eight"", ""token_id"": 38923, ""probability"": 0.9999915361404419}, {""token"": "" Four"", ""token_id"": 13038, ""probability"": 7.889258085924666e-06}, {""token"": ""Eight"", ""token_id"": 80357, ""probability"": 5.043434043727757e-07}, {""token"": "" Six"", ""token_id"": 19759, ""probability"": 8.764174452835505e-08}, {""token"": "" Many"", ""token_id"": 8732, ""probability"": 4.363425620823591e-09}, {""token"": "" Two"", ""token_id"": 8512, ""probability"": 9.736118578018704e-10}, {""token"": "" Legs"", ""token_id"": 156403, ""probability"": 4.5990167230058887e-10}, {""token"": "" Typically"", ""token_id"": 50338, ""probability"": 2.172421548207737e-10}, {""token"": "" Multiple"", ""token_id"": 34489, ""probability"": 2.172421548207737e-10}, {""token"": "" Some"", ""token_id"": 4943, ""probability"": 2.172421548207737e-10}, {""token"": "" Usually"", ""token_id"": 34645, ""probability"": 2.172421548207737e-10}, {""token"": ""\n\n"", ""token_id"": 108, ""probability"": 1.6918837164592304e-10}]"
"[""pair_L7+L27_coarse""]",L7+L27,"[7, 27]",1.0,0.0,,4.0,4.0,4.0,4.0,False,4158.225200809514,"[14209, 137239, 129426, 129426, 144881, 144881]","[16, 16, 16, 21, 16, 21]","[0.0, 0.0, 0.0, 0.0, 0.0, 0.0]","[42685, 248182]","[16, 16]","[0.0, 3778.9111328125]","[84.8398208618164, 133.32498168945312, 0.0, 693.60546875, 746.0291748046875, 935.8643188476562, 1035.4710693359375, 3778.91162109375]", Eight,0.9999916553497314,8.76417516337824e-08,0.9999916553497314,7.889258995419368e-06,-16.249999991040703,"[{""token"": "" Eight"", ""token_id"": 38923, ""probability"": 0.9999916553497314}, {""token"": "" Four"", ""token_id"": 13038, ""probability"": 7.889258995419368e-06}, {""token"": ""Eight"", ""token_id"": 80357, ""probability"": 3.927830789507425e-07}, {""token"": "" Six"", ""token_id"": 19759, ""probability"": 8.76417516337824e-08}, {""token"": "" Many"", ""token_id"": 8732, ""probability"": 4.363426064912801e-09}, {""token"": "" Two"", ""token_id"": 8512, ""probability"": 9.736119688241729e-10}, {""token"": "" Legs"", ""token_id"": 156403, ""probability"": 5.905254618632227e-10}, {""token"": "" Typically"", ""token_id"": 50338, ""probability"": 2.172421686985615e-10}, {""token"": "" Multiple"", ""token_id"": 34489, ""probability"": 2.172421686985615e-10}, {""token"": "" Some"", ""token_id"": 4943, ""probability"": 2.172421686985615e-10}, {""token"": "" Usually"", ""token_id"": 34645, ""probability"": 2.172421686985615e-10}, {""token"": ""\n\n"", ""token_id"": 108, ""probability"": 1.6918838552371085e-10}]"
"[""pair_L7+L27_coarse""]",L7+L27,"[7, 27]",1.0,1.0,,0.0,1.0,1.0,1.0,False,1497.1821925082022,"[14209, 137239, 129426, 129426, 144881, 144881]","[16, 16, 16, 21, 16, 21]","[0.0, 0.0, 0.0, 0.0, 0.0, 0.0]","[42685, 248182]","[16, 16]","[126.26797485351562, 0.0]","[84.8398208618164, 133.32498168945312, 126.26799011230469, 696.8026733398438, 610.5421142578125, 858.6763916015625, 777.8282470703125, 0.0]", Eight,0.9999409914016724,2.3822290984298888e-07,0.9999409914016724,5.8291225286666304e-05,-15.24999999528893,"[{""token"": "" Eight"", ""token_id"": 38923, ""probability"": 0.9999409914016724}, {""token"": "" Four"", ""token_id"": 13038, ""probability"": 5.8291225286666304e-05}, {""token"": ""Eight"", ""token_id"": 80357, ""probability"": 5.043178816777072e-07}, {""token"": "" Six"", ""token_id"": 19759, ""probability"": 2.3822290984298888e-07}, {""token"": "" Many"", ""token_id"": 8732, ""probability"": 1.1860420201514899e-08}, {""token"": "" Legs"", ""token_id"": 156403, ""probability"": 3.398067383031389e-09}, {""token"": "" Two"", ""token_id"": 8512, ""probability"": 2.061031789679646e-09}, {""token"": "" Typically"", ""token_id"": 50338, ""probability"": 1.250079151304817e-09}, {""token"": "" Usually"", ""token_id"": 34645, ""probability"": 7.582112715454059e-10}, {""token"": "" Some"", ""token_id"": 4943, ""probability"": 5.904955413527091e-10}, {""token"": "" Multiple"", ""token_id"": 34489, ""probability"": 2.7893035103865316e-10}, {""token"": ""\n\n"", ""token_id"": 108, ""probability"": 2.7893035103865316e-10}]"
"[""pair_L7+L27_coarse""]",L7+L27,"[7, 27]",1.0,1.0,,1.0,2.0,1.4142135623730951,1.0,False,1770.3291593842102,"[14209, 137239, 129426, 129426, 144881, 144881]","[16, 16, 16, 21, 16, 21]","[0.0, 0.0, 0.0, 0.0, 0.0, 0.0]","[42685, 248182]","[16, 16]","[126.26797485351562, 944.727783203125]","[84.8398208618164, 133.32498168945312, 126.26799011230469, 696.8026733398438, 610.5421142578125, 858.6763916015625, 777.8282470703125, 944.7279052734375]", Eight,0.9999245405197144,2.382189876470875e-07,0.9999245405197144,7.484618981834501e-05,-15.250000007830604,"[{""token"": "" Eight"", ""token_id"": 38923, ""probability"": 0.9999245405197144}, {""token"": "" Four"", ""token_id"": 13038, ""probability"": 7.484618981834501e-05}, {""token"": ""Eight"", ""token_id"": 80357, ""probability"": 3.927567036043911e-07}, {""token"": "" Six"", ""token_id"": 19759, ""probability"": 2.382189876470875e-07}, {""token"": "" Many"", ""token_id"": 8732, ""probability"": 1.1860224802262564e-08}, {""token"": "" Legs"", ""token_id"": 156403, ""probability"": 3.398011427790948e-09}, {""token"": "" Two"", ""token_id"": 8512, ""probability"": 2.6463742308635574e-09}, {""token"": "" Typically"", ""token_id"": 50338, ""probability"": 9.735465766880225e-10}, {""token"": "" Usually"", ""token_id"": 34645, ""probability"": 7.581987815363789e-10}, {""token"": "" Some"", ""token_id"": 4943, ""probability"": 5.904858269012436e-10}, {""token"": "" Multiple"", ""token_id"": 34489, ""probability"": 2.789257713686766e-10}, {""token"": ""\n\n"", ""token_id"": 108, ""probability"": 2.789257713686766e-10}]"
"[""pair_L7+L27_coarse""]",L7+L27,"[7, 27]",1.0,1.0,,2.0,3.0,2.23606797749979,2.0,False,2410.725570771799,"[14209, 137239, 129426, 129426, 144881, 144881]","[16, 16, 16, 21, 16, 21]","[0.0, 0.0, 0.0, 0.0, 0.0, 0.0]","[42685, 248182]","[16, 16]","[126.26797485351562, 1889.45556640625]","[84.8398208618164, 133.32498168945312, 126.26799011230469, 696.8026733398438, 610.5421142578125, 858.6763916015625, 777.8282470703125, 1889.455810546875]", Eight,0.9999243021011353,3.058791548937734e-07,0.9999243021011353,7.484616799047217e-05,-15.000000030878642,"[{""token"": "" Eight"", ""token_id"": 38923, ""probability"": 0.9999243021011353}, {""token"": "" Four"", ""token_id"": 13038, ""probability"": 7.484616799047217e-05}, {""token"": ""Eight"", ""token_id"": 80357, ""probability"": 5.043094688517158e-07}, {""token"": "" Six"", ""token_id"": 19759, ""probability"": 3.058791548937734e-07}, {""token"": "" Many"", ""token_id"": 8732, ""probability"": 1.1860222137727305e-08}, {""token"": "" Legs"", ""token_id"": 156403, ""probability"": 4.36313207785588e-09}, {""token"": "" Two"", ""token_id"": 8512, ""probability"": 2.6463735647297426e-09}, {""token"": "" Typically"", ""token_id"": 50338, ""probability"": 1.2500582791119541e-09}, {""token"": "" Usually"", ""token_id"": 34645, ""probability"": 9.735463546434175e-10}, {""token"": "" Some"", ""token_id"": 4943, ""probability"": 5.904857158789412e-10}, {""token"": "" Multiple"", ""token_id"": 34489, ""probability"": 2.7892568810194973e-10}, {""token"": ""\n\n"", ""token_id"": 108, ""probability"": 2.7892568810194973e-10}]"
"[""pair_L7+L27_coarse""]",L7+L27,"[7, 27]",1.0,1.0,,3.0,4.0,3.1622776601683795,3.0,False,3205.3316771662385,"[14209, 137239, 129426, 129426, 144881, 144881]","[16, 16, 16, 21, 16, 21]","[0.0, 0.0, 0.0, 0.0, 0.0, 0.0]","[42685, 248182]","[16, 16]","[126.26797485351562, 2834.183349609375]","[84.8398208618164, 133.32498168945312, 126.26799011230469, 696.8026733398438, 610.5421142578125, 858.6763916015625, 777.8282470703125, 2834.18359375]", Eight,0.9999409914016724,2.3822290984298888e-07,0.9999409914016724,5.8291225286666304e-05,-15.24999999528893,"[{""token"": "" Eight"", ""token_id"": 38923, ""probability"": 0.9999409914016724}, {""token"": "" Four"", ""token_id"": 13038, ""probability"": 5.8291225286666304e-05}, {""token"": ""Eight"", ""token_id"": 80357, ""probability"": 5.043178816777072e-07}, {""token"": "" Six"", ""token_id"": 19759, ""probability"": 2.3822290984298888e-07}, {""token"": "" Many"", ""token_id"": 8732, ""probability"": 9.236904574549953e-09}, {""token"": "" Legs"", ""token_id"": 156403, ""probability"": 3.398067383031389e-09}, {""token"": "" Two"", ""token_id"": 8512, ""probability"": 2.061031789679646e-09}, {""token"": "" Typically"", ""token_id"": 50338, ""probability"": 9.735626749218795e-10}, {""token"": "" Usually"", ""token_id"": 34645, ""probability"": 7.582112715454059e-10}, {""token"": "" Some"", ""token_id"": 4943, ""probability"": 5.904955413527091e-10}, {""token"": ""\n\n"", ""token_id"": 108, ""probability"": 2.7893035103865316e-10}, {""token"": "" Multiple"", ""token_id"": 34489, ""probability"": 2.172311636128299e-10}]"
"[""pair_L7+L27_coarse""]",L7+L27,"[7, 27]",1.0,1.0,,4.0,5.0,4.123105625617661,4.0,False,4064.692799905186,"[14209, 137239, 129426, 129426, 144881, 144881]","[16, 16, 16, 21, 16, 21]","[0.0, 0.0, 0.0, 0.0, 0.0, 0.0]","[42685, 248182]","[16, 16]","[126.26797485351562, 3778.9111328125]","[84.8398208618164, 133.32498168945312, 126.26799011230469, 696.8026733398438, 610.5421142578125, 858.6763916015625, 777.8282470703125, 3778.91162109375]", Eight,0.9999244213104248,2.3821895922537806e-07,0.9999244213104248,7.48461825423874e-05,-15.250000007921487,"[{""token"": "" Eight"", ""token_id"": 38923, ""probability"": 0.9999244213104248}, {""token"": "" Four"", ""token_id"": 13038, ""probability"": 7.48461825423874e-05}, {""token"": ""Eight"", ""token_id"": 80357, ""probability"": 5.043095256951347e-07}, {""token"": "" Six"", ""token_id"": 19759, ""probability"": 2.3821895922537806e-07}, {""token"": "" Many"", ""token_id"": 8732, ""probability"": 1.1860223914084145e-08}, {""token"": "" Legs"", ""token_id"": 156403, ""probability"": 3.398010983701738e-09}, {""token"": "" Two"", ""token_id"": 8512, ""probability"": 2.0609975948104875e-09}, {""token"": "" Typically"", ""token_id"": 50338, ""probability"": 1.2500583901342566e-09}, {""token"": "" Usually"", ""token_id"": 34645, ""probability"": 9.7354646566572e-10}, {""token"": "" Some"", ""token_id"": 4943, ""probability"": 5.904857713900924e-10}, {""token"": "" Multiple"", ""token_id"": 34489, ""probability"": 2.7892571585752535e-10}, {""token"": ""\n\n"", ""token_id"": 108, ""probability"": 2.7892571585752535e-10}]"
"[""pair_L7+L27_coarse""]",L7+L27,"[7, 27]",1.0,2.0,,0.0,2.0,2.0,2.0,False,1303.4214510838103,"[14209, 137239, 129426, 129426, 144881, 144881]","[16, 16, 16, 21, 16, 21]","[0.0, 0.0, 0.0, 0.0, 0.0, 0.0]","[42685, 248182]","[16, 16]","[252.53594970703125, 0.0]","[84.8398208618164, 133.32498168945312, 252.53598022460938, 715.1407470703125, 385.4559020996094, 837.2474365234375, 499.1732177734375, 0.0]", Eight,0.9997937083244324,2.259863094877801e-06,0.9997937083244324,0.0002034263889072463,-13.000000011046046,"[{""token"": "" Eight"", ""token_id"": 38923, ""probability"": 0.9997937083244324}, {""token"": "" Four"", ""token_id"": 13038, ""probability"": 0.0002034263889072463}, {""token"": "" Six"", ""token_id"": 19759, ""probability"": 2.259863094877801e-06}, {""token"": ""Eight"", ""token_id"": 80357, ""probability"": 6.474616611740203e-07}, {""token"": "" Many"", ""token_id"": 8732, ""probability"": 4.1390837424160054e-08}, {""token"": "" Legs"", ""token_id"": 156403, ""probability"": 1.5226838456783298e-08}, {""token"": "" Two"", ""token_id"": 8512, ""probability"": 9.235543885210973e-09}, {""token"": "" Typically"", ""token_id"": 50338, ""probability"": 4.3625623113996426e-09}, {""token"": "" Usually"", ""token_id"": 34645, ""probability"": 2.6460278412798743e-09}, {""token"": "" Some"", ""token_id"": 4943, ""probability"": 1.6048967710347029e-09}, {""token"": ""\n\n"", ""token_id"": 108, ""probability"": 7.580995831091286e-10}, {""token"": "" Several"", ""token_id"": 22624, ""probability"": 4.598106617681452e-10}]"
"[""pair_L7+L27_coarse""]",L7+L27,"[7, 27]",1.0,2.0,,1.0,3.0,2.23606797749979,2.0,False,1609.7882761865806,"[14209, 137239, 129426, 129426, 144881, 144881]","[16, 16, 16, 21, 16, 21]","[0.0, 0.0, 0.0, 0.0, 0.0, 0.0]","[42685, 248182]","[16, 16]","[252.53594970703125, 944.727783203125]","[84.8398208618164, 133.32498168945312, 252.53598022460938, 715.1407470703125, 385.4559020996094, 837.2474365234375, 499.1732177734375, 944.7279052734375]", Eight,0.9997937083244324,2.259863094877801e-06,0.9997937083244324,0.0002034263889072463,-13.000000011046046,"[{""token"": "" Eight"", ""token_id"": 38923, ""probability"": 0.9997937083244324}, {""token"": "" Four"", ""token_id"": 13038, ""probability"": 0.0002034263889072463}, {""token"": "" Six"", ""token_id"": 19759, ""probability"": 2.259863094877801e-06}, {""token"": ""Eight"", ""token_id"": 80357, ""probability"": 6.474616611740203e-07}, {""token"": "" Many"", ""token_id"": 8732, ""probability"": 4.1390837424160054e-08}, {""token"": "" Legs"", ""token_id"": 156403, ""probability"": 1.5226838456783298e-08}, {""token"": "" Two"", ""token_id"": 8512, ""probability"": 9.235543885210973e-09}, {""token"": "" Typically"", ""token_id"": 50338, ""probability"": 4.3625623113996426e-09}, {""token"": "" Usually"", ""token_id"": 34645, ""probability"": 2.6460278412798743e-09}, {""token"": "" Some"", ""token_id"": 4943, ""probability"": 1.6048967710347029e-09}, {""token"": ""\n\n"", ""token_id"": 108, ""probability"": 7.580995831091286e-10}, {""token"": "" Several"", ""token_id"": 22624, ""probability"": 4.598106617681452e-10}]"
"[""pair_L7+L27_coarse""]",L7+L27,"[7, 27]",1.0,2.0,,2.0,4.0,2.8284271247461903,2.0,False,2295.419512671872,"[14209, 137239, 129426, 129426, 144881, 144881]","[16, 16, 16, 21, 16, 21]","[0.0, 0.0, 0.0, 0.0, 0.0, 0.0]","[42685, 248182]","[16, 16]","[252.53594970703125, 1889.45556640625]","[84.8398208618164, 133.32498168945312, 252.53598022460938, 715.1407470703125, 385.4559020996094, 837.2474365234375, 499.1732177734375, 1889.455810546875]", Eight,0.9997350573539734,2.9015516247454798e-06,0.9997350573539734,0.0002611893287394196,-12.749999943291112,"[{""token"": "" Eight"", ""token_id"": 38923, ""probability"": 0.9997350573539734}, {""token"": "" Four"", ""token_id"": 13038, ""probability"": 0.0002611893287394196}, {""token"": "" Six"", ""token_id"": 19759, ""probability"": 2.9015516247454798e-06}, {""token"": ""Eight"", ""token_id"": 80357, ""probability"": 8.313083981192904e-07}, {""token"": "" Many"", ""token_id"": 8732, ""probability"": 5.314377204967968e-08}, {""token"": "" Legs"", ""token_id"": 156403, ""probability"": 1.9550499885667705e-08}, {""token"": "" Two"", ""token_id"": 8512, ""probability"": 1.1857977710860723e-08}, {""token"": "" Typically"", ""token_id"": 50338, ""probability"": 5.601312302871975e-09}, {""token"": "" Usually"", ""token_id"": 34645, ""probability"": 3.3973674984366653e-09}, {""token"": "" Some"", ""token_id"": 4943, ""probability"": 2.6458726321010317e-09}, {""token"": ""\n\n"", ""token_id"": 108, ""probability"": 9.733621686436322e-10}, {""token"": "" Several"", ""token_id"": 22624, ""probability"": 5.903739719315126e-10}]"
"[""pair_L7+L27_coarse""]",L7+L27,"[7, 27]",1.0,2.0,,3.0,5.0,3.605551275463989,3.0,False,3119.5358825035323,"[14209, 137239, 129426, 129426, 144881, 144881]","[16, 16, 16, 21, 16, 21]","[0.0, 0.0, 0.0, 0.0, 0.0, 0.0]","[42685, 248182]","[16, 16]","[252.53594970703125, 2834.183349609375]","[84.8398208618164, 133.32498168945312, 252.53598022460938, 715.1407470703125, 385.4559020996094, 837.2474365234375, 499.1732177734375, 2834.18359375]", Eight,0.9997937083244324,2.259863094877801e-06,0.9997937083244324,0.0002034263889072463,-13.000000011046046,"[{""token"": "" Eight"", ""token_id"": 38923, ""probability"": 0.9997937083244324}, {""token"": "" Four"", ""token_id"": 13038, ""probability"": 0.0002034263889072463}, {""token"": "" Six"", ""token_id"": 19759, ""probability"": 2.259863094877801e-06}, {""token"": ""Eight"", ""token_id"": 80357, ""probability"": 6.474616611740203e-07}, {""token"": "" Many"", ""token_id"": 8732, ""probability"": 4.1390837424160054e-08}, {""token"": "" Legs"", ""token_id"": 156403, ""probability"": 1.5226838456783298e-08}, {""token"": "" Two"", ""token_id"": 8512, ""probability"": 9.235543885210973e-09}, {""token"": "" Typically"", ""token_id"": 50338, ""probability"": 5.601640484798054e-09}, {""token"": "" Usually"", ""token_id"": 34645, ""probability"": 3.397566894491888e-09}, {""token"": "" Some"", ""token_id"": 4943, ""probability"": 2.0607282547047134e-09}, {""token"": ""\n\n"", ""token_id"": 108, ""probability"": 9.73419234107098e-10}, {""token"": "" Several"", ""token_id"": 22624, ""probability"": 4.598106617681452e-10}]"
"[""pair_L7+L27_coarse""]",L7+L27,"[7, 27]",1.0,2.0,,4.0,6.0,4.47213595499958,4.0,False,3997.3842096029275,"[14209, 137239, 129426, 129426, 144881, 144881]","[16, 16, 16, 21, 16, 21]","[0.0, 0.0, 0.0, 0.0, 0.0, 0.0]","[42685, 248182]","[16, 16]","[252.53594970703125, 3778.9111328125]","[84.8398208618164, 133.32498168945312, 252.53598022460938, 715.1407470703125, 385.4559020996094, 837.2474365234375, 499.1732177734375, 3778.91162109375]", Eight,0.9997348189353943,2.9015509426244535e-06,0.9997348189353943,0.00026118927053175867,-12.749999939897712,"[{""token"": "" Eight"", ""token_id"": 38923, ""probability"": 0.9997348189353943}, {""token"": "" Four"", ""token_id"": 13038, ""probability"": 0.00026118927053175867}, {""token"": "" Six"", ""token_id"": 19759, ""probability"": 2.9015509426244535e-06}, {""token"": ""Eight"", ""token_id"": 80357, ""probability"": 8.313082275890338e-07}, {""token"": "" Many"", ""token_id"": 8732, ""probability"": 6.823793796684186e-08}, {""token"": "" Legs"", ""token_id"": 156403, ""probability"": 1.9550496332954026e-08}, {""token"": "" Two"", ""token_id"": 8512, ""probability"": 1.1857975046325464e-08}, {""token"": "" Typically"", ""token_id"": 50338, ""probability"": 7.192225481844616e-09}, {""token"": "" Usually"", ""token_id"": 34645, ""probability"": 4.362305627836349e-09}, {""token"": "" Some"", ""token_id"": 4943, ""probability"": 2.645871965967217e-09}, {""token"": ""\n\n"", ""token_id"": 108, ""probability"": 1.249821357518499e-09}, {""token"": "" Several"", ""token_id"": 22624, ""probability"": 7.580549521435387e-10}]"
"[""pair_L7+L27_coarse""]",L7+L27,"[7, 27]",1.0,3.0,,0.0,3.0,3.0,3.0,False,1222.6803135486794,"[14209, 137239, 129426, 129426, 144881, 144881]","[16, 16, 16, 21, 16, 21]","[0.0, 0.0, 0.0, 0.0, 0.0, 0.0]","[42685, 248182]","[16, 16]","[378.8039245605469, 0.0]","[84.8398208618164, 133.32498168945312, 378.8039855957031, 704.659423828125, 177.84625244140625, 836.0994262695312, 315.0315856933594, 0.0]", Eight,0.9994599223136902,0.0002033584751188755,0.9994599223136902,0.00033528145286254585,-8.500000025402413,"[{""token"": "" Eight"", ""token_id"": 38923, ""probability"": 0.9994599223136902}, {""token"": "" Four"", ""token_id"": 13038, ""probability"": 0.00033528145286254585}, {""token"": "" Six"", ""token_id"": 19759, ""probability"": 0.0002033584751188755}, {""token"": ""Eight"", ""token_id"": 80357, ""probability"": 8.310796033583756e-07}, {""token"": "" Many"", ""token_id"": 8732, ""probability"": 3.057371031900402e-07}, {""token"": "" Legs"", ""token_id"": 156403, ""probability"": 1.444199853040118e-07}, {""token"": "" Two"", ""token_id"": 8512, ""probability"": 1.1247439601902443e-07}, {""token"": "" Some"", ""token_id"": 4943, ""probability"": 1.954511930080116e-08}, {""token"": "" Typically"", ""token_id"": 50338, ""probability"": 1.5221754523508935e-08}, {""token"": "" Usually"", ""token_id"": 34645, ""probability"": 1.1854713655168325e-08}, {""token"": "" Several"", ""token_id"": 22624, ""probability"": 2.6451445478414826e-09}, {""token"": ""\n\n"", ""token_id"": 108, ""probability"": 2.0600403605186557e-09}]"
"[""pair_L7+L27_coarse""]",L7+L27,"[7, 27]",1.0,3.0,,1.0,4.0,3.1622776601683795,3.0,False,1545.1401114921048,"[14209, 137239, 129426, 129426, 144881, 144881]","[16, 16, 16, 21, 16, 21]","[0.0, 0.0, 0.0, 0.0, 0.0, 0.0]","[42685, 248182]","[16, 16]","[378.8039245605469, 944.727783203125]","[84.8398208618164, 133.32498168945312, 378.8039855957031, 704.659423828125, 177.84625244140625, 836.0994262695312, 315.0315856933594, 944.7279052734375]", Eight,0.9995342493057251,0.00020337359455879778,0.9995342493057251,0.0002611368545331061,-8.50000004384894,"[{""token"": "" Eight"", ""token_id"": 38923, ""probability"": 0.9995342493057251}, {""token"": "" Four"", ""token_id"": 13038, ""probability"": 0.0002611368545331061}, {""token"": "" Six"", ""token_id"": 19759, ""probability"": 0.00020337359455879778}, {""token"": ""Eight"", ""token_id"": 80357, ""probability"": 6.472936320278677e-07}, {""token"": "" Many"", ""token_id"": 8732, ""probability"": 3.0575984055758454e-07}, {""token"": "" Legs"", ""token_id"": 156403, ""probability"": 1.1248275910702432e-07}, {""token"": "" Two"", ""token_id"": 8512, ""probability"": 8.760166281263082e-08}, {""token"": "" Some"", ""token_id"": 4943, ""probability"": 1.954657236069579e-08}, {""token"": "" Usually"", ""token_id"": 34645, ""probability"": 1.1855595616339087e-08}, {""token"": "" Typically"", ""token_id"": 50338, ""probability"": 1.1855595616339087e-08}, {""token"": "" Several"", ""token_id"": 22624, ""probability"": 2.060193349251449e-09}, {""token"": ""\n\n"", ""token_id"": 108, ""probability"": 1.604480326378166e-09}]"
"[""pair_L7+L27_coarse""]",L7+L27,"[7, 27]",1.0,3.0,,2.0,5.0,3.605551275463989,3.0,False,2250.553356210167,"[14209, 137239, 129426, 129426, 144881, 144881]","[16, 16, 16, 21, 16, 21]","[0.0, 0.0, 0.0, 0.0, 0.0, 0.0]","[42685, 248182]","[16, 16]","[378.8039245605469, 1889.45556640625]","[84.8398208618164, 133.32498168945312, 378.8039855957031, 704.659423828125, 177.84625244140625, 836.0994262695312, 315.0315856933594, 1889.455810546875]", Eight,0.9995343685150146,0.00020337362366262823,0.9995343685150146,0.00026113688363693655,-8.500000020008523,"[{""token"": "" Eight"", ""token_id"": 38923, ""probability"": 0.9995343685150146}, {""token"": "" Four"", ""token_id"": 13038, ""probability"": 0.00026113688363693655}, {""token"": "" Six"", ""token_id"": 19759, ""probability"": 0.00020337362366262823}, {""token"": ""Eight"", ""token_id"": 80357, ""probability"": 6.472936888712866e-07}, {""token"": "" Many"", ""token_id"": 8732, ""probability"": 2.3812603444639535e-07}, {""token"": "" Legs"", ""token_id"": 156403, ""probability"": 1.1248277331787904e-07}, {""token"": "" Two"", ""token_id"": 8512, ""probability"": 6.822425291375112e-08}, {""token"": "" Some"", ""token_id"": 4943, ""probability"": 1.954657591340947e-08}, {""token"": "" Typically"", ""token_id"": 50338, ""probability"": 1.522288961552931e-08}, {""token"": "" Usually"", ""token_id"": 34645, ""probability"": 1.1855596504517507e-08}, {""token"": "" Several"", ""token_id"": 22624, ""probability"": 2.060193793340659e-09}, {""token"": ""\n\n"", ""token_id"": 108, ""probability"": 1.2495707801818412e-09}]"
"[""pair_L7+L27_coarse""]",L7+L27,"[7, 27]",1.0,3.0,,3.0,6.0,4.242640687119285,3.0,False,3086.671960578442,"[14209, 137239, 129426, 129426, 144881, 144881]","[16, 16, 16, 21, 16, 21]","[0.0, 0.0, 0.0, 0.0, 0.0, 0.0]","[42685, 248182]","[16, 16]","[378.8039245605469, 2834.183349609375]","[84.8398208618164, 133.32498168945312, 378.8039855957031, 704.659423828125, 177.84625244140625, 836.0994262695312, 315.0315856933594, 2834.18359375]", Eight,0.9995343685150146,0.00020337362366262823,0.9995343685150146,0.00026113688363693655,-8.500000020008523,"[{""token"": "" Eight"", ""token_id"": 38923, ""probability"": 0.9995343685150146}, {""token"": "" Four"", ""token_id"": 13038, ""probability"": 0.00026113688363693655}, {""token"": "" Six"", ""token_id"": 19759, ""probability"": 0.00020337362366262823}, {""token"": ""Eight"", ""token_id"": 80357, ""probability"": 6.472936888712866e-07}, {""token"": "" Many"", ""token_id"": 8732, ""probability"": 2.3812603444639535e-07}, {""token"": "" Legs"", ""token_id"": 156403, ""probability"": 1.1248277331787904e-07}, {""token"": "" Two"", ""token_id"": 8512, ""probability"": 8.760166991805818e-08}, {""token"": "" Some"", ""token_id"": 4943, ""probability"": 1.954657591340947e-08}, {""token"": "" Typically"", ""token_id"": 50338, ""probability"": 1.522288961552931e-08}, {""token"": "" Usually"", ""token_id"": 34645, ""probability"": 1.1855596504517507e-08}, {""token"": "" Several"", ""token_id"": 22624, ""probability"": 2.060193793340659e-09}, {""token"": ""\n\n"", ""token_id"": 108, ""probability"": 1.6044804374004684e-09}]"
"[""pair_L7+L27_coarse""]",L7+L27,"[7, 27]",1.0,3.0,,4.0,7.0,5.0,4.0,False,3971.790552027749,"[14209, 137239, 129426, 129426, 144881, 144881]","[16, 16, 16, 21, 16, 21]","[0.0, 0.0, 0.0, 0.0, 0.0, 0.0]","[42685, 248182]","[16, 16]","[378.8039245605469, 3778.9111328125]","[84.8398208618164, 133.32498168945312, 378.8039855957031, 704.659423828125, 177.84625244140625, 836.0994262695312, 315.0315856933594, 3778.91162109375]", Eight,0.999534010887146,0.0002033735509030521,0.999534010887146,0.0002611367963254452,-8.500000019977145,"[{""token"": "" Eight"", ""token_id"": 38923, ""probability"": 0.999534010887146}, {""token"": "" Four"", ""token_id"": 13038, ""probability"": 0.0002611367963254452}, {""token"": "" Six"", ""token_id"": 19759, ""probability"": 0.0002033735509030521}, {""token"": ""Eight"", ""token_id"": 80357, ""probability"": 8.311412216244207e-07}, {""token"": "" Many"", ""token_id"": 8732, ""probability"": 3.0575975529245625e-07}, {""token"": "" Legs"", ""token_id"": 156403, ""probability"": 1.4443070028846705e-07}, {""token"": "" Two"", ""token_id"": 8512, ""probability"": 8.760164149634875e-08}, {""token"": "" Typically"", ""token_id"": 50338, ""probability"": 1.9546568807982112e-08}, {""token"": "" Some"", ""token_id"": 4943, ""probability"": 1.9546568807982112e-08}, {""token"": "" Usually"", ""token_id"": 34645, ""probability"": 1.5222884286458793e-08}, {""token"": "" Several"", ""token_id"": 22624, ""probability"": 2.6453406132276314e-09}, {""token"": ""\n\n"", ""token_id"": 108, ""probability"": 1.6044798822889561e-09}]"
"[""pair_L7+L27_coarse""]",L7+L27,"[7, 27]",1.0,4.0,,0.0,4.0,4.0,4.0,False,1302.6588392224717,"[14209, 137239, 129426, 129426, 144881, 144881]","[16, 16, 16, 21, 16, 21]","[0.0, 0.0, 0.0, 0.0, 0.0, 0.0]","[42685, 248182]","[16, 16]","[505.0718994140625, 0.0]","[84.8398208618164, 133.32498168945312, 505.07196044921875, 690.3958740234375, 171.3416748046875, 873.9549560546875, 383.4674987792969, 0.0]", Eight,0.9964849948883057,0.00317159341648221,0.9964849948883057,0.00033428348251618445,-5.749999965083267,"[{""token"": "" Eight"", ""token_id"": 38923, ""probability"": 0.9964849948883057}, {""token"": "" Six"", ""token_id"": 19759, ""probability"": 0.00317159341648221}, {""token"": "" Four"", ""token_id"": 13038, ""probability"": 0.00033428348251618445}, {""token"": "" Two"", ""token_id"": 8512, ""probability"": 6.1226155594340526e-06}, {""token"": "" Some"", ""token_id"": 4943, ""probability"": 8.28605891456391e-07}, {""token"": "" Many"", ""token_id"": 8732, ""probability"": 6.453189485000621e-07}, {""token"": ""Eight"", ""token_id"": 80357, ""probability"": 5.025748919251782e-07}, {""token"": "" Zero"", ""token_id"": 31234, ""probability"": 3.9140570606832625e-07}, {""token"": "" Legs"", ""token_id"": 156403, ""probability"": 3.048270684757881e-07}, {""token"": "" None"", ""token_id"": 5450, ""probability"": 2.373995613424995e-07}, {""token"": "" Usually"", ""token_id"": 34645, ""probability"": 1.5176446765963192e-08}, {""token"": "" Several"", ""token_id"": 22624, ""probability"": 1.1819428102910479e-08}]"
"[""pair_L7+L27_coarse""]",L7+L27,"[7, 27]",1.0,4.0,,1.0,5.0,4.123105625617661,4.0,False,1609.1708630244257,"[14209, 137239, 129426, 129426, 144881, 144881]","[16, 16, 16, 21, 16, 21]","[0.0, 0.0, 0.0, 0.0, 0.0, 0.0]","[42685, 248182]","[16, 16]","[505.0718994140625, 944.727783203125]","[84.8398208618164, 133.32498168945312, 505.07196044921875, 690.3958740234375, 171.3416748046875, 873.9549560546875, 383.4674987792969, 944.7279052734375]", Eight,0.9964849948883057,0.00317159341648221,0.9964849948883057,0.00033428348251618445,-5.749999965083267,"[{""token"": "" Eight"", ""token_id"": 38923, ""probability"": 0.9964849948883057}, {""token"": "" Six"", ""token_id"": 19759, ""probability"": 0.00317159341648221}, {""token"": "" Four"", ""token_id"": 13038, ""probability"": 0.00033428348251618445}, {""token"": "" Two"", ""token_id"": 8512, ""probability"": 6.1226155594340526e-06}, {""token"": "" Some"", ""token_id"": 4943, ""probability"": 8.28605891456391e-07}, {""token"": "" Many"", ""token_id"": 8732, ""probability"": 6.453189485000621e-07}, {""token"": ""Eight"", ""token_id"": 80357, ""probability"": 5.025748919251782e-07}, {""token"": "" Zero"", ""token_id"": 31234, ""probability"": 3.9140570606832625e-07}, {""token"": "" Legs"", ""token_id"": 156403, ""probability"": 3.048270684757881e-07}, {""token"": "" None"", ""token_id"": 5450, ""probability"": 2.373995613424995e-07}, {""token"": "" Usually"", ""token_id"": 34645, ""probability"": 1.5176446765963192e-08}, {""token"": "" Several"", ""token_id"": 22624, ""probability"": 1.1819428102910479e-08}]"
"[""pair_L7+L27_coarse""]",L7+L27,"[7, 27]",1.0,4.0,,2.0,6.0,4.47213595499958,4.0,False,2294.986560181516,"[14209, 137239, 129426, 129426, 144881, 144881]","[16, 16, 16, 21, 16, 21]","[0.0, 0.0, 0.0, 0.0, 0.0, 0.0]","[42685, 248182]","[16, 16]","[505.0718994140625, 1889.45556640625]","[84.8398208618164, 133.32498168945312, 505.07196044921875, 690.3958740234375, 171.3416748046875, 873.9549560546875, 383.4674987792969, 1889.455810546875]", Eight,0.9964866638183594,0.003171598771587014,0.9964866638183594,0.00033428403548896313,-5.749999951441538,"[{""token"": "" Eight"", ""token_id"": 38923, ""probability"": 0.9964866638183594}, {""token"": "" Six"", ""token_id"": 19759, ""probability"": 0.003171598771587014}, {""token"": "" Four"", ""token_id"": 13038, ""probability"": 0.00033428403548896313}, {""token"": "" Two"", ""token_id"": 8512, ""probability"": 4.768306098412722e-06}, {""token"": "" Some"", ""token_id"": 4943, ""probability"": 6.453200285250205e-07}, {""token"": ""Eight"", ""token_id"": 80357, ""probability"": 5.025757445764611e-07}, {""token"": "" Many"", ""token_id"": 8732, ""probability"": 5.025757445764611e-07}, {""token"": "" Zero"", ""token_id"": 31234, ""probability"": 3.9140635976764315e-07}, {""token"": "" Legs"", ""token_id"": 156403, ""probability"": 3.0482758006655786e-07}, {""token"": "" None"", ""token_id"": 5450, ""probability"": 2.3739995924643154e-07}, {""token"": "" Usually"", ""token_id"": 34645, ""probability"": 1.1819447642835712e-08}, {""token"": "" Several"", ""token_id"": 22624, ""probability"": 9.204995876643807e-09}]"
"[""pair_L7+L27_coarse""]",L7+L27,"[7, 27]",1.0,4.0,,3.0,7.0,5.0,4.0,False,3119.217320817211,"[14209, 137239, 129426, 129426, 144881, 144881]","[16, 16, 16, 21, 16, 21]","[0.0, 0.0, 0.0, 0.0, 0.0, 0.0]","[42685, 248182]","[16, 16]","[505.0718994140625, 2834.183349609375]","[84.8398208618164, 133.32498168945312, 505.07196044921875, 690.3958740234375, 171.3416748046875, 873.9549560546875, 383.4674987792969, 2834.18359375]", Eight,0.9964851140975952,0.0031715938821434975,0.9964851140975952,0.0003342835116200149,-5.749999937890556,"[{""token"": "" Eight"", ""token_id"": 38923, ""probability"": 0.9964851140975952}, {""token"": "" Six"", ""token_id"": 19759, ""probability"": 0.0031715938821434975}, {""token"": "" Four"", ""token_id"": 13038, ""probability"": 0.0003342835116200149}, {""token"": "" Two"", ""token_id"": 8512, ""probability"": 6.1226160141814034e-06}, {""token"": "" Some"", ""token_id"": 4943, ""probability"": 8.286060051432287e-07}, {""token"": "" Many"", ""token_id"": 8732, ""probability"": 6.45319005343481e-07}, {""token"": ""Eight"", ""token_id"": 80357, ""probability"": 3.914057344900357e-07}, {""token"": "" Zero"", ""token_id"": 31234, ""probability"": 3.914057344900357e-07}, {""token"": "" Legs"", ""token_id"": 156403, ""probability"": 3.0482709689749754e-07}, {""token"": "" None"", ""token_id"": 5450, ""probability"": 2.3739958976420894e-07}, {""token"": "" Usually"", ""token_id"": 34645, ""probability"": 1.517644854232003e-08}, {""token"": "" Several"", ""token_id"": 22624, ""probability"": 1.1819429879267318e-08}]"
"[""pair_L7+L27_coarse"", ""pair_L7+L27_refined""]",L7+L27,"[7, 27]",1.0,4.0,,4.0,8.0,5.656854249492381,4.0,False,3997.135610839571,"[14209, 137239, 129426, 129426, 144881, 144881]","[16, 16, 16, 21, 16, 21]","[0.0, 0.0, 0.0, 0.0, 0.0, 0.0]","[42685, 248182]","[16, 16]","[505.0718994140625, 3778.9111328125]","[84.8398208618164, 133.32498168945312, 505.07196044921875, 690.3958740234375, 171.3416748046875, 873.9549560546875, 383.4674987792969, 3778.91162109375]", Eight,0.995491087436676,0.0040683443658053875,0.995491087436676,0.0004288003547117114,-5.500000043648309,"[{""token"": "" Eight"", ""token_id"": 38923, ""probability"": 0.995491087436676}, {""token"": "" Six"", ""token_id"": 19759, ""probability"": 0.0040683443658053875}, {""token"": "" Four"", ""token_id"": 13038, ""probability"": 0.0004288003547117114}, {""token"": "" Two"", ""token_id"": 8512, ""probability"": 7.853752322262153e-06}, {""token"": "" Some"", ""token_id"": 4943, ""probability"": 1.0628898508002749e-06}, {""token"": "" Many"", ""token_id"": 8732, ""probability"": 8.277793881461548e-07}, {""token"": ""Eight"", ""token_id"": 80357, ""probability"": 6.446752536248823e-07}, {""token"": "" Zero"", ""token_id"": 31234, ""probability"": 6.446752536248823e-07}, {""token"": "" None"", ""token_id"": 5450, ""probability"": 3.910153054675902e-07}, {""token"": "" Legs"", ""token_id"": 156403, ""probability"": 3.910153054675902e-07}, {""token"": "" Usually"", ""token_id"": 34645, ""probability"": 1.9467506717774086e-08}, {""token"": "" Several"", ""token_id"": 22624, ""probability"": 1.5161310429334662e-08}]"
"[""pair_L7+L27_refined""]",L7+L27,"[7, 27]",1.0,3.5,,3.5,7.0,4.949747468305833,3.5,False,3542.426184696607,"[14209, 137239, 129426, 129426, 144881, 144881]","[16, 16, 16, 21, 16, 21]","[0.0, 0.0, 0.0, 0.0, 0.0, 0.0]","[42685, 248182]","[16, 16]","[441.9379119873047, 3306.5472412109375]","[84.8398208618164, 133.32498168945312, 441.93798828125, 706.5845947265625, 166.59231567382812, 866.4452514648438, 342.7825622558594, 3306.5478515625]", Eight,0.9993220567703247,0.0005527093890123069,0.9993220567703247,0.00012332612823229283,-7.500000038594143,"[{""token"": "" Eight"", ""token_id"": 38923, ""probability"": 0.9993220567703247}, {""token"": "" Six"", ""token_id"": 19759, ""probability"": 0.0005527093890123069}, {""token"": "" Four"", ""token_id"": 13038, ""probability"": 0.00012332612823229283}, {""token"": ""Eight"", ""token_id"": 80357, ""probability"": 8.309650070259522e-07}, {""token"": "" Many"", ""token_id"": 8732, ""probability"": 6.471561846410623e-07}, {""token"": "" Legs"", ""token_id"": 156403, ""probability"": 1.8541335577992868e-07}, {""token"": "" Two"", ""token_id"": 8512, ""probability"": 1.4440006168570108e-07}, {""token"": "" Some"", ""token_id"": 4943, ""probability"": 6.820975784194161e-08}, {""token"": "" Usually"", ""token_id"": 34645, ""probability"": 1.1853078518697657e-08}, {""token"": "" Typically"", ""token_id"": 50338, ""probability"": 1.1853078518697657e-08}, {""token"": "" Several"", ""token_id"": 22624, ""probability"": 5.598998153999446e-09}, {""token"": "" Zero"", ""token_id"": 31234, ""probability"": 2.644779506510986e-09}]"
"[""pair_L7+L27_refined""]",L7+L27,"[7, 27]",1.0,3.5,,3.75,7.25,5.129571132170798,3.75,False,3763.835618622992,"[14209, 137239, 129426, 129426, 144881, 144881]","[16, 16, 16, 21, 16, 21]","[0.0, 0.0, 0.0, 0.0, 0.0, 0.0]","[42685, 248182]","[16, 16]","[441.9379119873047, 3542.7291870117188]","[84.8398208618164, 133.32498168945312, 441.93798828125, 706.5845947265625, 166.59231567382812, 866.4452514648438, 342.7825622558594, 3542.729736328125]", Eight,0.9993224143981934,0.0005527095636352897,0.9993224143981934,0.00012332617188803852,-7.500000080524653,"[{""token"": "" Eight"", ""token_id"": 38923, ""probability"": 0.9993224143981934}, {""token"": "" Six"", ""token_id"": 19759, ""probability"": 0.0005527095636352897}, {""token"": "" Four"", ""token_id"": 13038, ""probability"": 0.00012332617188803852}, {""token"": ""Eight"", ""token_id"": 80357, ""probability"": 6.471564120147377e-07}, {""token"": "" Many"", ""token_id"": 8732, ""probability"": 6.471564120147377e-07}, {""token"": "" Legs"", ""token_id"": 156403, ""probability"": 1.8541342683420226e-07}, {""token"": "" Two"", ""token_id"": 8512, ""probability"": 1.4440011852911994e-07}, {""token"": "" Some"", ""token_id"": 4943, ""probability"": 5.312183404271309e-08}, {""token"": "" Usually"", ""token_id"": 34645, ""probability"": 1.1853082959589756e-08}, {""token"": "" Typically"", ""token_id"": 50338, ""probability"": 1.1853082959589756e-08}, {""token"": "" Several"", ""token_id"": 22624, ""probability"": 4.360505734268827e-09}, {""token"": "" Zero"", ""token_id"": 31234, ""probability"": 2.6447806167340104e-09}]"
"[""pair_L7+L27_refined""]",L7+L27,"[7, 27]",1.0,3.5,,4.0,7.5,5.315072906367325,4.0,False,3986.9408848625994,"[14209, 137239, 129426, 129426, 144881, 144881]","[16, 16, 16, 21, 16, 21]","[0.0, 0.0, 0.0, 0.0, 0.0, 0.0]","[42685, 248182]","[16, 16]","[441.9379119873047, 3778.9111328125]","[84.8398208618164, 133.32498168945312, 441.93798828125, 706.5845947265625, 166.59231567382812, 866.4452514648438, 342.7825622558594, 3778.91162109375]", Eight,0.9994445443153381,0.0004305032780393958,0.9994445443153381,0.0001233412476722151,-7.750000009624789,"[{""token"": "" Eight"", ""token_id"": 38923, ""probability"": 0.9994445443153381}, {""token"": "" Six"", ""token_id"": 19759, ""probability"": 0.0004305032780393958}, {""token"": "" Four"", ""token_id"": 13038, ""probability"": 0.0001233412476722151}, {""token"": ""Eight"", ""token_id"": 80357, ""probability"": 6.47235538053792e-07}, {""token"": "" Many"", ""token_id"": 8732, ""probability"": 6.47235538053792e-07}, {""token"": "" Legs"", ""token_id"": 156403, ""probability"": 1.85436093147473e-07}, {""token"": "" Two"", ""token_id"": 8512, ""probability"": 1.4441776841067622e-07}, {""token"": "" Some"", ""token_id"": 4943, ""probability"": 5.312832840331794e-08}, {""token"": "" Usually"", ""token_id"": 34645, ""probability"": 1.1854531578592287e-08}, {""token"": "" Typically"", ""token_id"": 50338, ""probability"": 1.1854531578592287e-08}, {""token"": "" Several"", ""token_id"": 22624, ""probability"": 4.361038641320647e-09}, {""token"": "" Zero"", ""token_id"": 31234, ""probability"": 2.6451039136787813e-09}]"
"[""pair_L7+L27_refined""]",L7+L27,"[7, 27]",1.0,3.5,,4.25,7.75,5.50567888638631,4.25,False,4211.472478854124,"[14209, 137239, 129426, 129426, 144881, 144881]","[16, 16, 16, 21, 16, 21]","[0.0, 0.0, 0.0, 0.0, 0.0, 0.0]","[42685, 248182]","[16, 16]","[441.9379119873047, 4015.0930786132812]","[84.8398208618164, 133.32498168945312, 441.93798828125, 706.5845947265625, 166.59231567382812, 866.4452514648438, 342.7825622558594, 4015.093505859375]", Eight,0.9993220567703247,0.0005527093890123069,0.9993220567703247,0.00012332612823229283,-7.500000038594143,"[{""token"": "" Eight"", ""token_id"": 38923, ""probability"": 0.9993220567703247}, {""token"": "" Six"", ""token_id"": 19759, ""probability"": 0.0005527093890123069}, {""token"": "" Four"", ""token_id"": 13038, ""probability"": 0.00012332612823229283}, {""token"": ""Eight"", ""token_id"": 80357, ""probability"": 8.309650070259522e-07}, {""token"": "" Many"", ""token_id"": 8732, ""probability"": 6.471561846410623e-07}, {""token"": "" Legs"", ""token_id"": 156403, ""probability"": 2.3807544380360923e-07}, {""token"": "" Two"", ""token_id"": 8512, ""probability"": 1.8541335577992868e-07}, {""token"": "" Some"", ""token_id"": 4943, ""probability"": 6.820975784194161e-08}, {""token"": "" Usually"", ""token_id"": 34645, ""probability"": 1.1853078518697657e-08}, {""token"": "" Typically"", ""token_id"": 50338, ""probability"": 1.1853078518697657e-08}, {""token"": "" Several"", ""token_id"": 22624, ""probability"": 4.360504402001197e-09}, {""token"": "" Zero"", ""token_id"": 31234, ""probability"": 2.644779506510986e-09}]"
"[""pair_L7+L27_refined""]",L7+L27,"[7, 27]",1.0,3.5,,4.5,8.0,5.70087712549569,4.5,False,4437.213881061552,"[14209, 137239, 129426, 129426, 144881, 144881]","[16, 16, 16, 21, 16, 21]","[0.0, 0.0, 0.0, 0.0, 0.0, 0.0]","[42685, 248182]","[16, 16]","[441.9379119873047, 4251.2750244140625]","[84.8398208618164, 133.32498168945312, 441.93798828125, 706.5845947265625, 166.59231567382812, 866.4452514648438, 342.7825622558594, 4251.275390625]", Eight,0.9993221759796143,0.0005527094472199678,0.9993221759796143,0.00012332614278420806,-7.500000052570982,"[{""token"": "" Eight"", ""token_id"": 38923, ""probability"": 0.9993221759796143}, {""token"": "" Six"", ""token_id"": 19759, ""probability"": 0.0005527094472199678}, {""token"": "" Four"", ""token_id"": 13038, ""probability"": 0.00012332614278420806}, {""token"": ""Eight"", ""token_id"": 80357, ""probability"": 6.471562983279e-07}, {""token"": "" Many"", ""token_id"": 8732, ""probability"": 6.471562983279e-07}, {""token"": "" Legs"", ""token_id"": 156403, ""probability"": 2.3807547222531866e-07}, {""token"": "" Two"", ""token_id"": 8512, ""probability"": 1.444000901074105e-07}, {""token"": "" Some"", ""token_id"": 4943, ""probability"": 6.820977205279632e-08}, {""token"": "" Usually"", ""token_id"": 34645, ""probability"": 1.1853080295054497e-08}, {""token"": "" Typically"", ""token_id"": 50338, ""probability"": 1.1853080295054497e-08}, {""token"": "" Several"", ""token_id"": 22624, ""probability"": 4.360504846090407e-09}, {""token"": "" Zero"", ""token_id"": 31234, ""probability"": 2.6447799506001957e-09}]"
"[""pair_L7+L27_refined""]",L7+L27,"[7, 27]",1.0,3.75,,3.5,7.25,5.129571132170798,3.75,False,3544.991866278598,"[14209, 137239, 129426, 129426, 144881, 144881]","[16, 16, 16, 21, 16, 21]","[0.0, 0.0, 0.0, 0.0, 0.0, 0.0]","[42685, 248182]","[16, 16]","[473.5049057006836, 3306.5472412109375]","[84.8398208618164, 133.32498168945312, 473.5049743652344, 694.595703125, 160.8173828125, 868.085205078125, 350.18707275390625, 3306.5478515625]", Eight,0.9987049102783203,0.001169363153167069,0.9987049102783203,0.0001232499780599028,-6.750000062822137,"[{""token"": "" Eight"", ""token_id"": 38923, ""probability"": 0.9987049102783203}, {""token"": "" Six"", ""token_id"": 19759, ""probability"": 0.001169363153167069}, {""token"": "" Four"", ""token_id"": 13038, ""probability"": 0.0001232499780599028}, {""token"": ""Eight"", ""token_id"": 80357, ""probability"": 6.467565754064708e-07}, {""token"": "" Two"", ""token_id"": 8512, ""probability"": 6.467565754064708e-07}, {""token"": "" Many"", ""token_id"": 8732, ""probability"": 6.467565754064708e-07}, {""token"": "" Legs"", ""token_id"": 156403, ""probability"": 2.3792843251158047e-07}, {""token"": "" Some"", ""token_id"": 4943, ""probability"": 1.4431088857236318e-07}, {""token"": "" Zero"", ""token_id"": 31234, ""probability"": 1.1845759040340909e-08}, {""token"": "" Usually"", ""token_id"": 34645, ""probability"": 1.1845759040340909e-08}, {""token"": "" Typically"", ""token_id"": 50338, ""probability"": 9.225487040964708e-09}, {""token"": "" None"", ""token_id"": 5450, ""probability"": 9.225487040964708e-09}]"
"[""pair_L7+L27_refined""]",L7+L27,"[7, 27]",1.0,3.75,,3.75,7.5,5.303300858899107,3.75,False,3766.250472548577,"[14209, 137239, 129426, 129426, 144881, 144881]","[16, 16, 16, 21, 16, 21]","[0.0, 0.0, 0.0, 0.0, 0.0, 0.0]","[42685, 248182]","[16, 16]","[473.5049057006836, 3542.7291870117188]","[84.8398208618164, 133.32498168945312, 473.5049743652344, 694.595703125, 160.8173828125, 868.085205078125, 350.18707275390625, 3542.729736328125]", Eight,0.9983377456665039,0.0015009400667622685,0.9983377456665039,0.00015819791588000953,-6.500000018589435,"[{""token"": "" Eight"", ""token_id"": 38923, ""probability"": 0.9983377456665039}, {""token"": "" Six"", ""token_id"": 19759, ""probability"": 0.0015009400667622685}, {""token"": "" Four"", ""token_id"": 13038, ""probability"": 0.00015819791588000953}, {""token"": ""Eight"", ""token_id"": 80357, ""probability"": 8.301465186377754e-07}, {""token"": "" Two"", ""token_id"": 8512, ""probability"": 8.301465186377754e-07}, {""token"": "" Many"", ""token_id"": 8732, ""probability"": 8.301465186377754e-07}, {""token"": "" Legs"", ""token_id"": 156403, ""probability"": 3.053938257835398e-07}, {""token"": "" Some"", ""token_id"": 4943, ""probability"": 1.8523074629683833e-07}, {""token"": "" Zero"", ""token_id"": 31234, ""probability"": 1.5204665970713904e-08}, {""token"": "" Usually"", ""token_id"": 34645, ""probability"": 1.5204665970713904e-08}, {""token"": "" Typically"", ""token_id"": 50338, ""probability"": 1.1841404301549119e-08}, {""token"": "" None"", ""token_id"": 5450, ""probability"": 1.1841404301549119e-08}]"
"[""pair_L7+L27_refined""]",L7+L27,"[7, 27]",1.0,3.75,,4.0,7.75,5.482928049865327,4.0,False,3989.220685465549,"[14209, 137239, 129426, 129426, 144881, 144881]","[16, 16, 16, 21, 16, 21]","[0.0, 0.0, 0.0, 0.0, 0.0, 0.0]","[42685, 248182]","[16, 16]","[473.5049057006836, 3778.9111328125]","[84.8398208618164, 133.32498168945312, 473.5049743652344, 694.595703125, 160.8173828125, 868.085205078125, 350.18707275390625, 3778.91162109375]", Eight,0.9987049102783203,0.001169363153167069,0.9987049102783203,0.0001232499780599028,-6.750000062822137,"[{""token"": "" Eight"", ""token_id"": 38923, ""probability"": 0.9987049102783203}, {""token"": "" Six"", ""token_id"": 19759, ""probability"": 0.001169363153167069}, {""token"": "" Four"", ""token_id"": 13038, ""probability"": 0.0001232499780599028}, {""token"": ""Eight"", ""token_id"": 80357, ""probability"": 6.467565754064708e-07}, {""token"": "" Two"", ""token_id"": 8512, ""probability"": 6.467565754064708e-07}, {""token"": "" Many"", ""token_id"": 8732, ""probability"": 6.467565754064708e-07}, {""token"": "" Legs"", ""token_id"": 156403, ""probability"": 2.3792843251158047e-07}, {""token"": "" Some"", ""token_id"": 4943, ""probability"": 1.1238943642410959e-07}, {""token"": "" Zero"", ""token_id"": 31234, ""probability"": 1.1845759040340909e-08}, {""token"": "" Usually"", ""token_id"": 34645, ""probability"": 1.1845759040340909e-08}, {""token"": "" Typically"", ""token_id"": 50338, ""probability"": 9.225487040964708e-09}, {""token"": "" None"", ""token_id"": 5450, ""probability"": 9.225487040964708e-09}]"
"[""pair_L7+L27_refined""]",L7+L27,"[7, 27]",1.0,3.75,,4.25,8.0,5.667892024377317,4.25,False,4213.630797554879,"[14209, 137239, 129426, 129426, 144881, 144881]","[16, 16, 16, 21, 16, 21]","[0.0, 0.0, 0.0, 0.0, 0.0, 0.0]","[42685, 248182]","[16, 16]","[473.5049057006836, 4015.0930786132812]","[84.8398208618164, 133.32498168945312, 473.5049743652344, 694.595703125, 160.8173828125, 868.085205078125, 350.18707275390625, 4015.093505859375]", Eight,0.9987045526504517,0.0011693628039211035,0.9987045526504517,0.0001232499344041571,-6.75000000339388,"[{""token"": "" Eight"", ""token_id"": 38923, ""probability"": 0.9987045526504517}, {""token"": "" Six"", ""token_id"": 19759, ""probability"": 0.0011693628039211035}, {""token"": "" Four"", ""token_id"": 13038, ""probability"": 0.0001232499344041571}, {""token"": ""Eight"", ""token_id"": 80357, ""probability"": 8.304515404233825e-07}, {""token"": "" Many"", ""token_id"": 8732, ""probability"": 8.304515404233825e-07}, {""token"": "" Two"", ""token_id"": 8512, ""probability"": 6.467563480327954e-07}, {""token"": "" Legs"", ""token_id"": 156403, ""probability"": 3.0550603469237103e-07}, {""token"": "" Some"", ""token_id"": 4943, ""probability"": 1.4431084593979904e-07}, {""token"": "" Zero"", ""token_id"": 31234, ""probability"": 1.521025083661698e-08}, {""token"": "" None"", ""token_id"": 5450, ""probability"": 1.184575459944881e-08}, {""token"": "" Usually"", ""token_id"": 34645, ""probability"": 1.184575459944881e-08}, {""token"": "" Typically"", ""token_id"": 50338, ""probability"": 1.184575459944881e-08}]"
"[""pair_L7+L27_refined""]",L7+L27,"[7, 27]",1.0,3.75,,4.5,8.25,5.8576872569299905,4.5,False,4439.262448227473,"[14209, 137239, 129426, 129426, 144881, 144881]","[16, 16, 16, 21, 16, 21]","[0.0, 0.0, 0.0, 0.0, 0.0, 0.0]","[42685, 248182]","[16, 16]","[473.5049057006836, 4251.2750244140625]","[84.8398208618164, 133.32498168945312, 473.5049743652344, 694.595703125, 160.8173828125, 868.085205078125, 350.18707275390625, 4251.275390625]", Eight,0.9983376264572144,0.0015009399503469467,0.9983376264572144,0.0001581979013280943,-6.499999976743262,"[{""token"": "" Eight"", ""token_id"": 38923, ""probability"": 0.9983376264572144}, {""token"": "" Six"", ""token_id"": 19759, ""probability"": 0.0015009399503469467}, {""token"": "" Four"", ""token_id"": 13038, ""probability"": 0.0001581979013280943}, {""token"": ""Eight"", ""token_id"": 80357, ""probability"": 8.301464617943566e-07}, {""token"": "" Two"", ""token_id"": 8512, ""probability"": 8.301464617943566e-07}, {""token"": "" Many"", ""token_id"": 8732, ""probability"": 8.301464617943566e-07}, {""token"": "" Legs"", ""token_id"": 156403, ""probability"": 3.921333870948729e-07}, {""token"": "" Some"", ""token_id"": 4943, ""probability"": 1.852307178751289e-07}, {""token"": "" Zero"", ""token_id"": 31234, ""probability"": 1.952317241205037e-08}, {""token"": "" Usually"", ""token_id"": 34645, ""probability"": 1.952317241205037e-08}, {""token"": "" Typically"", ""token_id"": 50338, ""probability"": 1.5204664194357065e-08}, {""token"": "" None"", ""token_id"": 5450, ""probability"": 1.5204664194357065e-08}]"
"[""pair_L7+L27_refined""]",L7+L27,"[7, 27]",1.0,4.0,,3.5,7.5,5.315072906367325,4.0,False,3553.896276775255,"[14209, 137239, 129426, 129426, 144881, 144881]","[16, 16, 16, 21, 16, 21]","[0.0, 0.0, 0.0, 0.0, 0.0, 0.0]","[42685, 248182]","[16, 16]","[505.0718994140625, 3306.5472412109375]","[84.8398208618164, 133.32498168945312, 505.07196044921875, 690.3958740234375, 171.3416748046875, 873.9549560546875, 383.4674987792969, 3306.5478515625]", Eight,0.9964843988418579,0.003171591553837061,0.9964843988418579,0.00033428327878937125,-5.749999954224333,"[{""token"": "" Eight"", ""token_id"": 38923, ""probability"": 0.9964843988418579}, {""token"": "" Six"", ""token_id"": 19759, ""probability"": 0.003171591553837061}, {""token"": "" Four"", ""token_id"": 13038, ""probability"": 0.00033428327878937125}, {""token"": "" Two"", ""token_id"": 8512, ""probability"": 6.1226119214552455e-06}, {""token"": "" Some"", ""token_id"": 4943, ""probability"": 1.0639504353093798e-06}, {""token"": "" Many"", ""token_id"": 8732, ""probability"": 8.286053798656212e-07}, {""token"": ""Eight"", ""token_id"": 80357, ""probability"": 5.025746077080839e-07}, {""token"": "" Zero"", ""token_id"": 31234, ""probability"": 5.025746077080839e-07}, {""token"": "" Legs"", ""token_id"": 156403, ""probability"": 3.914054786946508e-07}, {""token"": "" None"", ""token_id"": 5450, ""probability"": 3.0482689794553153e-07}, {""token"": "" Usually"", ""token_id"": 34645, ""probability"": 1.9486931179812927e-08}, {""token"": "" Several"", ""token_id"": 22624, ""probability"": 1.5176437884178995e-08}]"
"[""pair_L7+L27_refined""]",L7+L27,"[7, 27]",1.0,4.0,,3.75,7.75,5.482928049865327,4.0,False,3774.632967066862,"[14209, 137239, 129426, 129426, 144881, 144881]","[16, 16, 16, 21, 16, 21]","[0.0, 0.0, 0.0, 0.0, 0.0, 0.0]","[42685, 248182]","[16, 16]","[505.0718994140625, 3542.7291870117188]","[84.8398208618164, 133.32498168945312, 505.07196044921875, 690.3958740234375, 171.3416748046875, 873.9549560546875, 383.4674987792969, 3542.729736328125]", Eight,0.9954912066459656,0.004068344831466675,0.9954912066459656,0.0004288004129193723,-5.500000048937883,"[{""token"": "" Eight"", ""token_id"": 38923, ""probability"": 0.9954912066459656}, {""token"": "" Six"", ""token_id"": 19759, ""probability"": 0.004068344831466675}, {""token"": "" Four"", ""token_id"": 13038, ""probability"": 0.0004288004129193723}, {""token"": "" Two"", ""token_id"": 8512, ""probability"": 7.853753231756855e-06}, {""token"": "" Some"", ""token_id"": 4943, ""probability"": 1.0628899644871126e-06}, {""token"": "" Many"", ""token_id"": 8732, ""probability"": 8.277795018329925e-07}, {""token"": "" Zero"", ""token_id"": 31234, ""probability"": 6.4467536731172e-07}, {""token"": ""Eight"", ""token_id"": 80357, ""probability"": 5.020736466576636e-07}, {""token"": "" None"", ""token_id"": 5450, ""probability"": 3.9101533388929965e-07}, {""token"": "" Legs"", ""token_id"": 156403, ""probability"": 3.9101533388929965e-07}, {""token"": "" Usually"", ""token_id"": 34645, ""probability"": 1.9467508494130925e-08}, {""token"": "" Several"", ""token_id"": 22624, ""probability"": 1.5161312205691502e-08}]"
"[""pair_L7+L27_refined""]",L7+L27,"[7, 27]",1.0,4.0,,4.25,8.25,5.836308764964376,4.25,False,4221.124958135991,"[14209, 137239, 129426, 129426, 144881, 144881]","[16, 16, 16, 21, 16, 21]","[0.0, 0.0, 0.0, 0.0, 0.0, 0.0]","[42685, 248182]","[16, 16]","[505.0718994140625, 4015.0930786132812]","[84.8398208618164, 133.32498168945312, 505.07196044921875, 690.3958740234375, 171.3416748046875, 873.9549560546875, 383.4674987792969, 4015.093505859375]", Eight,0.9964847564697266,0.003171592717990279,0.9964847564697266,0.0003342833952046931,-5.749999946057441,"[{""token"": "" Eight"", ""token_id"": 38923, ""probability"": 0.9964847564697266}, {""token"": "" Six"", ""token_id"": 19759, ""probability"": 0.003171592717990279}, {""token"": "" Four"", ""token_id"": 13038, ""probability"": 0.0003342833952046931}, {""token"": "" Two"", ""token_id"": 8512, ""probability"": 6.122614195192e-06}, {""token"": "" Some"", ""token_id"": 4943, ""probability"": 8.286057209261344e-07}, {""token"": "" Many"", ""token_id"": 8732, ""probability"": 6.453187779698055e-07}, {""token"": ""Eight"", ""token_id"": 80357, ""probability"": 5.025747782383405e-07}, {""token"": "" Zero"", ""token_id"": 31234, ""probability"": 5.025747782383405e-07}, {""token"": "" Legs"", ""token_id"": 156403, ""probability"": 3.9140562080319796e-07}, {""token"": "" None"", ""token_id"": 5450, ""probability"": 3.0482701163236925e-07}, {""token"": "" Usually"", ""token_id"": 34645, ""probability"": 1.5176443213249513e-08}, {""token"": "" Several"", ""token_id"": 22624, ""probability"": 1.181942543837522e-08}]"
"[""pair_L7+L27_refined""]",L7+L27,"[7, 27]",1.0,4.0,,4.5,8.5,6.020797289396148,4.5,False,4446.376333413332,"[14209, 137239, 129426, 129426, 144881, 144881]","[16, 16, 16, 21, 16, 21]","[0.0, 0.0, 0.0, 0.0, 0.0, 0.0]","[42685, 248182]","[16, 16]","[505.0718994140625, 4251.2750244140625]","[84.8398208618164, 133.32498168945312, 505.07196044921875, 690.3958740234375, 171.3416748046875, 873.9549560546875, 383.4674987792969, 4251.275390625]", Eight,0.9964851140975952,0.0031715938821434975,0.9964851140975952,0.0003342835116200149,-5.749999937890556,"[{""token"": "" Eight"", ""token_id"": 38923, ""probability"": 0.9964851140975952}, {""token"": "" Six"", ""token_id"": 19759, ""probability"": 0.0031715938821434975}, {""token"": "" Four"", ""token_id"": 13038, ""probability"": 0.0003342835116200149}, {""token"": "" Two"", ""token_id"": 8512, ""probability"": 6.1226160141814034e-06}, {""token"": "" Some"", ""token_id"": 4943, ""probability"": 8.286060051432287e-07}, {""token"": "" Many"", ""token_id"": 8732, ""probability"": 6.45319005343481e-07}, {""token"": ""Eight"", ""token_id"": 80357, ""probability"": 3.914057344900357e-07}, {""token"": "" Zero"", ""token_id"": 31234, ""probability"": 3.914057344900357e-07}, {""token"": "" Legs"", ""token_id"": 156403, ""probability"": 3.0482709689749754e-07}, {""token"": "" None"", ""token_id"": 5450, ""probability"": 2.3739958976420894e-07}, {""token"": "" Usually"", ""token_id"": 34645, ""probability"": 1.517644854232003e-08}, {""token"": "" Several"", ""token_id"": 22624, ""probability"": 9.204981665789091e-09}]"
"[""pair_L7+L27_refined""]",L7+L27,"[7, 27]",1.0,4.25,,3.5,7.75,5.50567888638631,4.25,False,3565.9750238858783,"[14209, 137239, 129426, 129426, 144881, 144881]","[16, 16, 16, 21, 16, 21]","[0.0, 0.0, 0.0, 0.0, 0.0, 0.0]","[42685, 248182]","[16, 16]","[536.6388931274414, 3306.5472412109375]","[84.8398208618164, 133.32498168945312, 536.6389770507812, 683.2306518554688, 210.44232177734375, 875.2698974609375, 439.063720703125, 3306.5478515625]", Eight,0.9969276785850525,0.0024711366277188063,0.9969276785850525,0.0005513851065188646,-6.000000010340518,"[{""token"": "" Eight"", ""token_id"": 38923, ""probability"": 0.9969276785850525}, {""token"": "" Six"", ""token_id"": 19759, ""probability"": 0.0024711366277188063}, {""token"": "" Four"", ""token_id"": 13038, ""probability"": 0.0005513851065188646}, {""token"": "" Two"", ""token_id"": 8512, ""probability"": 2.7451849746285006e-05}, {""token"": "" Zero"", ""token_id"": 31234, ""probability"": 1.009897005133098e-05}, {""token"": "" None"", ""token_id"": 5450, ""probability"": 6.1253354033397045e-06}, {""token"": "" Some"", ""token_id"": 4943, ""probability"": 2.8934036890859716e-06}, {""token"": "" Many"", ""token_id"": 8732, ""probability"": 1.3667471421285882e-06}, {""token"": "" Legs"", ""token_id"": 156403, ""probability"": 1.064423713614815e-06}, {""token"": ""Eight"", ""token_id"": 80357, ""probability"": 6.456056098613772e-07}, {""token"": "" Several"", ""token_id"": 22624, ""probability"": 3.2142811079438616e-08}, {""token"": "" Variable"", ""token_id"": 37785, ""probability"": 2.5032845130112946e-08}]"
"[""pair_L7+L27_refined""]",L7+L27,"[7, 27]",1.0,4.25,,3.75,8.0,5.667892024377317,4.25,False,3786.0075489846627,"[14209, 137239, 129426, 129426, 144881, 144881]","[16, 16, 16, 21, 16, 21]","[0.0, 0.0, 0.0, 0.0, 0.0, 0.0]","[42685, 248182]","[16, 16]","[536.6388931274414, 3542.7291870117188]","[84.8398208618164, 133.32498168945312, 536.6389770507812, 683.2306518554688, 210.44232177734375, 875.2698974609375, 439.063720703125, 3542.729736328125]", Eight,0.9962230920791626,0.0031707598827779293,0.9962230920791626,0.000550995406229049,-5.749999950715633,"[{""token"": "" Eight"", ""token_id"": 38923, ""probability"": 0.9962230920791626}, {""token"": "" Six"", ""token_id"": 19759, ""probability"": 0.0031707598827779293}, {""token"": "" Four"", ""token_id"": 13038, ""probability"": 0.000550995406229049}, {""token"": "" Two"", ""token_id"": 8512, ""probability"": 2.7432448405306786e-05}, {""token"": "" Zero"", ""token_id"": 31234, ""probability"": 1.2958170373167377e-05}, {""token"": "" None"", ""token_id"": 5450, ""probability"": 7.859527613618411e-06}, {""token"": "" Some"", ""token_id"": 4943, ""probability"": 3.7125780636415584e-06}, {""token"": "" Many"", ""token_id"": 8732, ""probability"": 1.3657811450684676e-06}, {""token"": ""Eight"", ""token_id"": 80357, ""probability"": 8.283881243187352e-07}, {""token"": "" Legs"", ""token_id"": 156403, ""probability"": 8.283881243187352e-07}, {""token"": "" Variable"", ""token_id"": 37785, ""probability"": 3.2120095028176365e-08}, {""token"": "" Several"", ""token_id"": 22624, ""probability"": 3.2120095028176365e-08}]"
"[""pair_L7+L27_refined""]",L7+L27,"[7, 27]",1.0,4.25,,4.0,8.25,5.836308764964376,4.25,False,4007.8787676703373,"[14209, 137239, 129426, 129426, 144881, 144881]","[16, 16, 16, 21, 16, 21]","[0.0, 0.0, 0.0, 0.0, 0.0, 0.0]","[42685, 248182]","[16, 16]","[536.6388931274414, 3778.9111328125]","[84.8398208618164, 133.32498168945312, 536.6389770507812, 683.2306518554688, 210.44232177734375, 875.2698974609375, 439.063720703125, 3778.91162109375]", Eight,0.9962286949157715,0.003170777577906847,0.9962286949157715,0.0005509984912350774,-5.749999994071788,"[{""token"": "" Eight"", ""token_id"": 38923, ""probability"": 0.9962286949157715}, {""token"": "" Six"", ""token_id"": 19759, ""probability"": 0.003170777577906847}, {""token"": "" Four"", ""token_id"": 13038, ""probability"": 0.0005509984912350774}, {""token"": "" Two"", ""token_id"": 8512, ""probability"": 2.7432601200416684e-05}, {""token"": "" Zero"", ""token_id"": 31234, ""probability"": 1.0091888725582976e-05}, {""token"": "" None"", ""token_id"": 5450, ""probability"": 6.121040769357933e-06}, {""token"": "" Some"", ""token_id"": 4943, ""probability"": 2.891375061153667e-06}, {""token"": "" Many"", ""token_id"": 8732, ""probability"": 1.365788762086595e-06}, {""token"": "" Legs"", ""token_id"": 156403, ""probability"": 8.283927286356629e-07}, {""token"": ""Eight"", ""token_id"": 80357, ""probability"": 6.451529657169885e-07}, {""token"": "" Several"", ""token_id"": 22624, ""probability"": 3.2120272663860305e-08}, {""token"": "" Variable"", ""token_id"": 37785, ""probability"": 2.5015292948182832e-08}]"
"[""pair_L7+L27_refined""]",L7+L27,"[7, 27]",1.0,4.25,,4.25,8.5,6.010407640085654,4.25,False,4231.2994501806925,"[14209, 137239, 129426, 129426, 144881, 144881]","[16, 16, 16, 21, 16, 21]","[0.0, 0.0, 0.0, 0.0, 0.0, 0.0]","[42685, 248182]","[16, 16]","[536.6388931274414, 4015.0930786132812]","[84.8398208618164, 133.32498168945312, 536.6389770507812, 683.2306518554688, 210.44232177734375, 875.2698974609375, 439.063720703125, 4015.093505859375]", Eight,0.996067225933075,0.003170263720676303,0.996067225933075,0.0007073814049363136,-5.749999974152353,"[{""token"": "" Eight"", ""token_id"": 38923, ""probability"": 0.996067225933075}, {""token"": "" Six"", ""token_id"": 19759, ""probability"": 0.003170263720676303}, {""token"": "" Four"", ""token_id"": 13038, ""probability"": 0.0007073814049363136}, {""token"": "" Two"", ""token_id"": 8512, ""probability"": 2.7428155590314418e-05}, {""token"": "" Zero"", ""token_id"": 31234, ""probability"": 1.2956142199982423e-05}, {""token"": "" None"", ""token_id"": 5450, ""probability"": 7.858297067286912e-06}, {""token"": "" Some"", ""token_id"": 4943, ""probability"": 3.7119968965271255e-06}, {""token"": "" Many"", ""token_id"": 8732, ""probability"": 1.365567413813551e-06}, {""token"": "" Legs"", ""token_id"": 156403, ""probability"": 1.0635050102791865e-06}, {""token"": ""Eight"", ""token_id"": 80357, ""probability"": 6.450483738262847e-07}, {""token"": "" Variable"", ""token_id"": 37785, ""probability"": 3.211506793832086e-08}, {""token"": "" Several"", ""token_id"": 22624, ""probability"": 3.211506793832086e-08}]"
"[""pair_L7+L27_refined""]",L7+L27,"[7, 27]",1.0,4.25,,4.5,8.75,6.189709201569974,4.5,False,4456.036537466794,"[14209, 137239, 129426, 129426, 144881, 144881]","[16, 16, 16, 21, 16, 21]","[0.0, 0.0, 0.0, 0.0, 0.0, 0.0]","[42685, 248182]","[16, 16]","[536.6388931274414, 4251.2750244140625]","[84.8398208618164, 133.32498168945312, 536.6389770507812, 683.2306518554688, 210.44232177734375, 875.2698974609375, 439.063720703125, 4251.275390625]", Eight,0.9969221949577332,0.0024711231235414743,0.9969221949577332,0.0005513820797204971,-5.999999974577151,"[{""token"": "" Eight"", ""token_id"": 38923, ""probability"": 0.9969221949577332}, {""token"": "" Six"", ""token_id"": 19759, ""probability"": 0.0024711231235414743}, {""token"": "" Four"", ""token_id"": 13038, ""probability"": 0.0005513820797204971}, {""token"": "" Two"", ""token_id"": 8512, ""probability"": 2.7451700589153916e-05}, {""token"": "" Zero"", ""token_id"": 31234, ""probability"": 1.2967264410690404e-05}, {""token"": "" None"", ""token_id"": 5450, ""probability"": 7.865042789489962e-06}, {""token"": "" Some"", ""token_id"": 4943, ""probability"": 3.715183311214787e-06}, {""token"": "" Many"", ""token_id"": 8732, ""probability"": 1.3667396387972985e-06}, {""token"": "" Legs"", ""token_id"": 156403, ""probability"": 1.0644179155860911e-06}, {""token"": ""Eight"", ""token_id"": 80357, ""probability"": 6.456020855694078e-07}, {""token"": "" Variable"", ""token_id"": 37785, ""probability"": 3.2142633443754676e-08}, {""token"": "" Several"", ""token_id"": 22624, ""probability"": 3.2142633443754676e-08}]"
"[""pair_L7+L27_refined""]",L7+L27,"[7, 27]",1.0,4.5,,3.5,8.0,5.70087712549569,4.5,False,3573.9784814562663,"[14209, 137239, 129426, 129426, 144881, 144881]","[16, 16, 16, 21, 16, 21]","[0.0, 0.0, 0.0, 0.0, 0.0, 0.0]","[42685, 248182]","[16, 16]","[568.2058868408203, 3306.5472412109375]","[84.8398208618164, 133.32498168945312, 568.2059326171875, 667.7281494140625, 213.3731689453125, 880.8250122070312, 474.33160400390625, 3306.5478515625]", Eight,0.9930127263069153,0.0031605418771505356,0.9930127263069153,0.0014929341850802302,-5.74999998697338,"[{""token"": "" Eight"", ""token_id"": 38923, ""probability"": 0.9930127263069153}, {""token"": "" Six"", ""token_id"": 19759, ""probability"": 0.0031605418771505356}, {""token"": "" Four"", ""token_id"": 13038, ""probability"": 0.0014929341850802302}, {""token"": "" Zero"", ""token_id"": 31234, ""probability"": 0.0014929341850802302}, {""token"": "" None"", ""token_id"": 5450, ""probability"": 0.0005492197815328836}, {""token"": "" Two"", ""token_id"": 8512, ""probability"": 0.000259433058090508}, {""token"": "" Some"", ""token_id"": 4943, ""probability"": 2.7344045520294458e-05}, {""token"": "" Many"", ""token_id"": 8732, ""probability"": 1.7480463156971382e-06}, {""token"": "" Legs"", ""token_id"": 156403, ""probability"": 1.361379872832913e-06}, {""token"": ""Eight"", ""token_id"": 80357, ""probability"": 6.430703365367663e-07}, {""token"": "" Few"", ""token_id"": 56153, ""probability"": 2.3657233327867289e-07}, {""token"": "" One"", ""token_id"": 3656, ""probability"": 2.3657233327867289e-07}]"
"[""pair_L7+L27_refined""]",L7+L27,"[7, 27]",1.0,4.5,,3.75,8.25,5.8576872569299905,4.5,False,3793.5468200489368,"[14209, 137239, 129426, 129426, 144881, 144881]","[16, 16, 16, 21, 16, 21]","[0.0, 0.0, 0.0, 0.0, 0.0, 0.0]","[42685, 248182]","[16, 16]","[568.2058868408203, 3542.7291870117188]","[84.8398208618164, 133.32498168945312, 568.2059326171875, 667.7281494140625, 213.3731689453125, 880.8250122070312, 474.33160400390625, 3542.729736328125]", Eight,0.9940419793128967,0.0024639838375151157,0.9940419793128967,0.0011639035074040294,-5.999999952274225,"[{""token"": "" Eight"", ""token_id"": 38923, ""probability"": 0.9940419793128967}, {""token"": "" Six"", ""token_id"": 19759, ""probability"": 0.0024639838375151157}, {""token"": "" Zero"", ""token_id"": 31234, ""probability"": 0.0014944816939532757}, {""token"": "" Four"", ""token_id"": 13038, ""probability"": 0.0011639035074040294}, {""token"": "" None"", ""token_id"": 5450, ""probability"": 0.0005497890524566174}, {""token"": "" Two"", ""token_id"": 8512, ""probability"": 0.00025970194838009775}, {""token"": "" Some"", ""token_id"": 4943, ""probability"": 2.1317637219908647e-05}, {""token"": "" Many"", ""token_id"": 8732, ""probability"": 1.7498581428299076e-06}, {""token"": "" Legs"", ""token_id"": 156403, ""probability"": 1.3627909538627136e-06}, {""token"": ""Eight"", ""token_id"": 80357, ""probability"": 6.437368824663281e-07}, {""token"": "" Few"", ""token_id"": 56153, ""probability"": 2.368175415767837e-07}, {""token"": "" One"", ""token_id"": 3656, ""probability"": 2.368175415767837e-07}]"
"[""pair_L7+L27_refined""]",L7+L27,"[7, 27]",1.0,4.5,,4.0,8.5,6.020797289396148,4.5,False,4015.001436024307,"[14209, 137239, 129426, 129426, 144881, 144881]","[16, 16, 16, 21, 16, 21]","[0.0, 0.0, 0.0, 0.0, 0.0, 0.0]","[42685, 248182]","[16, 16]","[568.2058868408203, 3778.9111328125]","[84.8398208618164, 133.32498168945312, 568.2059326171875, 667.7281494140625, 213.3731689453125, 880.8250122070312, 474.33160400390625, 3778.91162109375]", Eight,0.9923627376556396,0.003158473176881671,0.9923627376556396,0.001491956994868815,-5.749999964444991,"[{""token"": "" Eight"", ""token_id"": 38923, ""probability"": 0.9923627376556396}, {""token"": "" Six"", ""token_id"": 19759, ""probability"": 0.003158473176881671}, {""token"": "" Zero"", ""token_id"": 31234, ""probability"": 0.0019157107453793287}, {""token"": "" Four"", ""token_id"": 13038, ""probability"": 0.001491956994868815}, {""token"": "" None"", ""token_id"": 5450, ""probability"": 0.0007047505932860076}, {""token"": "" Two"", ""token_id"": 8512, ""probability"": 0.00033290061401203275}, {""token"": "" Some"", ""token_id"": 4943, ""probability"": 2.732614848355297e-05}, {""token"": "" Many"", ""token_id"": 8732, ""probability"": 2.243066774099134e-06}, {""token"": "" Legs"", ""token_id"": 156403, ""probability"": 1.7469020576754701e-06}, {""token"": ""Eight"", ""token_id"": 80357, ""probability"": 8.251781196122465e-07}, {""token"": "" Few"", ""token_id"": 56153, ""probability"": 3.0356605407177994e-07}, {""token"": "" One"", ""token_id"": 3656, ""probability"": 3.0356605407177994e-07}]"
"[""pair_L7+L27_refined""]",L7+L27,"[7, 27]",1.0,4.5,,4.25,8.75,6.189709201569974,4.5,False,4238.046643447188,"[14209, 137239, 129426, 129426, 144881, 144881]","[16, 16, 16, 21, 16, 21]","[0.0, 0.0, 0.0, 0.0, 0.0, 0.0]","[42685, 248182]","[16, 16]","[568.2058868408203, 4015.0930786132812]","[84.8398208618164, 133.32498168945312, 568.2059326171875, 667.7281494140625, 213.3731689453125, 880.8250122070312, 474.33160400390625, 4015.093505859375]", Eight,0.9923627376556396,0.003158473176881671,0.9923627376556396,0.001491956994868815,-5.749999964444991,"[{""token"": "" Eight"", ""token_id"": 38923, ""probability"": 0.9923627376556396}, {""token"": "" Six"", ""token_id"": 19759, ""probability"": 0.003158473176881671}, {""token"": "" Zero"", ""token_id"": 31234, ""probability"": 0.0019157107453793287}, {""token"": "" Four"", ""token_id"": 13038, ""probability"": 0.001491956994868815}, {""token"": "" None"", ""token_id"": 5450, ""probability"": 0.0007047505932860076}, {""token"": "" Two"", ""token_id"": 8512, ""probability"": 0.00033290061401203275}, {""token"": "" Some"", ""token_id"": 4943, ""probability"": 2.732614848355297e-05}, {""token"": "" Many"", ""token_id"": 8732, ""probability"": 2.243066774099134e-06}, {""token"": "" Legs"", ""token_id"": 156403, ""probability"": 1.7469020576754701e-06}, {""token"": ""Eight"", ""token_id"": 80357, ""probability"": 8.251781196122465e-07}, {""token"": "" Few"", ""token_id"": 56153, ""probability"": 3.0356605407177994e-07}, {""token"": "" One"", ""token_id"": 3656, ""probability"": 3.0356605407177994e-07}]"
"[""pair_L7+L27_refined""]",L7+L27,"[7, 27]",1.0,4.5,,4.5,9.0,6.363961030678928,4.5,False,4462.443942300407,"[14209, 137239, 129426, 129426, 144881, 144881]","[16, 16, 16, 21, 16, 21]","[0.0, 0.0, 0.0, 0.0, 0.0, 0.0]","[42685, 248182]","[16, 16]","[568.2058868408203, 4251.2750244140625]","[84.8398208618164, 133.32498168945312, 568.2059326171875, 667.7281494140625, 213.3731689453125, 880.8250122070312, 474.33160400390625, 4251.275390625]", Eight,0.9941628575325012,0.0024642834905534983,0.9941628575325012,0.001164044952020049,-5.999999941774569,"[{""token"": "" Eight"", ""token_id"": 38923, ""probability"": 0.9941628575325012}, {""token"": "" Six"", ""token_id"": 19759, ""probability"": 0.0024642834905534983}, {""token"": "" Zero"", ""token_id"": 31234, ""probability"": 0.0014946634182706475}, {""token"": "" Four"", ""token_id"": 13038, ""probability"": 0.001164044952020049}, {""token"": "" None"", ""token_id"": 5450, ""probability"": 0.00042822823161259294}, {""token"": "" Two"", ""token_id"": 8512, ""probability"": 0.0002597335260361433}, {""token"": "" Some"", ""token_id"": 4943, ""probability"": 2.13202292798087e-05}, {""token"": "" Many"", ""token_id"": 8732, ""probability"": 1.7500709645901225e-06}, {""token"": "" Legs"", ""token_id"": 156403, ""probability"": 1.362956595585274e-06}, {""token"": ""Eight"", ""token_id"": 80357, ""probability"": 6.438151558540994e-07}, {""token"": "" Few"", ""token_id"": 56153, ""probability"": 2.368463469792914e-07}, {""token"": "" One"", ""token_id"": 3656, ""probability"": 2.368463469792914e-07}]"
"[""pair_L7+L22_coarse""]",L7+L22,"[7, 22]",1.0,0.0,0.0,,0.0,0.0,0.0,False,2686.244782280457,"[14209, 137239, 23422, 23422, 60476]","[16, 16, 16, 21, 16]","[0.0, 0.0, 0.0, 0.0, 0.0]","[42685, 1703, 197021]","[16, 16, 16]","[0.0, 0.0, 0.0]","[84.8398208618164, 133.32498168945312, 0.0, 1904.2620849609375, 1805.5799560546875, 551.9099731445312, 0.0, 0.0]", Eight,0.999995231628418,1.3709525319427485e-06,0.999995231628418,2.9023067327216268e-06,-13.500000012545284,"[{""token"": "" Eight"", ""token_id"": 38923, ""probability"": 0.999995231628418}, {""token"": "" Four"", ""token_id"": 13038, ""probability"": 2.9023067327216268e-06}, {""token"": "" Six"", ""token_id"": 19759, ""probability"": 1.3709525319427485e-06}, {""token"": ""Eight"", ""token_id"": 80357, ""probability"": 3.927844716145046e-07}, {""token"": "" Many"", ""token_id"": 8732, ""probability"": 9.237405507178664e-09}, {""token"": "" Two"", ""token_id"": 8512, ""probability"": 2.6465611924209043e-09}, {""token"": "" Legs"", ""token_id"": 156403, ""probability"": 5.905275712869695e-10}, {""token"": "" None"", ""token_id"": 5450, ""probability"": 3.58173074532786e-10}, {""token"": "" Several"", ""token_id"": 22624, ""probability"": 3.58173074532786e-10}, {""token"": "" Typically"", ""token_id"": 50338, ""probability"": 3.58173074532786e-10}, {""token"": "" Multiple"", ""token_id"": 34489, ""probability"": 2.789454778273637e-10}, {""token"": "" Some"", ""token_id"": 4943, ""probability"": 2.789454778273637e-10}]"
"[""pair_L7+L22_coarse""]",L7+L22,"[7, 22]",1.0,0.0,1.0,,1.0,1.0,1.0,False,3266.432081935115,"[14209, 137239, 23422, 23422, 60476]","[16, 16, 16, 21, 16]","[0.0, 0.0, 0.0, 0.0, 0.0]","[42685, 1703, 197021]","[16, 16, 16]","[0.0, 1823.1155242919922, 360.43941497802734]","[84.8398208618164, 133.32498168945312, 0.0, 1904.2620849609375, 1805.5799560546875, 551.9099731445312, 1823.11572265625, 360.4394226074219]", Eight,0.9999948740005493,1.7603373407837353e-06,0.9999948740005493,2.902305823226925e-06,-13.249999970368295,"[{""token"": "" Eight"", ""token_id"": 38923, ""probability"": 0.9999948740005493}, {""token"": "" Four"", ""token_id"": 13038, ""probability"": 2.902305823226925e-06}, {""token"": "" Six"", ""token_id"": 19759, ""probability"": 1.7603373407837353e-06}, {""token"": ""Eight"", ""token_id"": 80357, ""probability"": 3.9278432950595743e-07}, {""token"": "" Many"", ""token_id"": 8732, ""probability"": 9.237402842643405e-09}, {""token"": "" Two"", ""token_id"": 8512, ""probability"": 2.6465603042424846e-09}, {""token"": "" Legs"", ""token_id"": 156403, ""probability"": 5.905273492423646e-10}, {""token"": "" None"", ""token_id"": 5450, ""probability"": 3.5817296351048356e-10}, {""token"": "" Typically"", ""token_id"": 50338, ""probability"": 3.5817296351048356e-10}, {""token"": "" Several"", ""token_id"": 22624, ""probability"": 2.789453668050612e-10}, {""token"": "" Multiple"", ""token_id"": 34489, ""probability"": 2.789453668050612e-10}, {""token"": "" Usually"", ""token_id"": 34645, ""probability"": 2.789453668050612e-10}]"
"[""pair_L7+L22_coarse""]",L7+L22,"[7, 22]",1.0,0.0,2.0,,2.0,2.0,2.0,False,4585.91115184245,"[14209, 137239, 23422, 23422, 60476]","[16, 16, 16, 21, 16]","[0.0, 0.0, 0.0, 0.0, 0.0]","[42685, 1703, 197021]","[16, 16, 16]","[0.0, 3646.2310485839844, 720.8788299560547]","[84.8398208618164, 133.32498168945312, 0.0, 1904.2620849609375, 1805.5799560546875, 551.9099731445312, 3646.2314453125, 720.8788452148438]", Eight,0.9999899864196777,4.785069904755801e-06,0.9999899864196777,4.785069904755801e-06,-12.249999910391242,"[{""token"": "" Eight"", ""token_id"": 38923, ""probability"": 0.9999899864196777}, {""token"": "" Six"", ""token_id"": 19759, ""probability"": 4.785069904755801e-06}, {""token"": "" Four"", ""token_id"": 13038, ""probability"": 4.785069904755801e-06}, {""token"": ""Eight"", ""token_id"": 80357, ""probability"": 5.043426085649116e-07}, {""token"": "" Many"", ""token_id"": 8732, ""probability"": 1.1861001070201382e-08}, {""token"": "" Two"", ""token_id"": 8512, ""probability"": 4.363418959485443e-09}, {""token"": "" Legs"", ""token_id"": 156403, ""probability"": 9.73610303489636e-10}, {""token"": "" None"", ""token_id"": 5450, ""probability"": 5.905244626625006e-10}, {""token"": "" Typically"", ""token_id"": 50338, ""probability"": 5.905244626625006e-10}, {""token"": "" Several"", ""token_id"": 22624, ""probability"": 4.5990095065562286e-10}, {""token"": "" Multiple"", ""token_id"": 34489, ""probability"": 3.5817121490921977e-10}, {""token"": "" Some"", ""token_id"": 4943, ""probability"": 3.5817121490921977e-10}]"
"[""pair_L7+L22_coarse""]",L7+L22,"[7, 22]",1.0,0.0,3.0,,3.0,3.0,3.0,False,6188.61244105527,"[14209, 137239, 23422, 23422, 60476]","[16, 16, 16, 21, 16]","[0.0, 0.0, 0.0, 0.0, 0.0]","[42685, 1703, 197021]","[16, 16, 16]","[0.0, 5469.346572875977, 1081.318244934082]","[84.8398208618164, 133.32498168945312, 0.0, 1904.2620849609375, 1805.5799560546875, 551.9099731445312, 5469.34765625, 1081.3182373046875]", Eight,0.9999873638153076,6.144134658825351e-06,0.9999873638153076,6.144134658825351e-06,-12.000000008968028,"[{""token"": "" Eight"", ""token_id"": 38923, ""probability"": 0.9999873638153076}, {""token"": "" Six"", ""token_id"": 19759, ""probability"": 6.144134658825351e-06}, {""token"": "" Four"", ""token_id"": 13038, ""probability"": 6.144134658825351e-06}, {""token"": ""Eight"", ""token_id"": 80357, ""probability"": 3.058984532344766e-07}, {""token"": "" Many"", ""token_id"": 8732, ""probability"": 1.1860969983956693e-08}, {""token"": "" Two"", ""token_id"": 8512, ""probability"": 5.6027258388269274e-09}, {""token"": "" Legs"", ""token_id"": 156403, ""probability"": 9.736077499766793e-10}, {""token"": "" None"", ""token_id"": 5450, ""probability"": 5.905229638614173e-10}, {""token"": "" Typically"", ""token_id"": 50338, ""probability"": 5.905229638614173e-10}, {""token"": "" Some"", ""token_id"": 4943, ""probability"": 3.5817027121964884e-10}, {""token"": "" Several"", ""token_id"": 22624, ""probability"": 3.5817027121964884e-10}, {""token"": "" Multiple"", ""token_id"": 34489, ""probability"": 3.5817027121964884e-10}]"
"[""pair_L7+L22_coarse""]",L7+L22,"[7, 22]",1.0,0.0,4.0,,4.0,4.0,4.0,False,7904.086998470149,"[14209, 137239, 23422, 23422, 60476]","[16, 16, 16, 21, 16]","[0.0, 0.0, 0.0, 0.0, 0.0]","[42685, 1703, 197021]","[16, 16, 16]","[0.0, 7292.462097167969, 1441.7576599121094]","[84.8398208618164, 133.32498168945312, 0.0, 1904.2620849609375, 1805.5799560546875, 551.9099731445312, 7292.462890625, 1441.7576904296875]", Eight,0.9999902248382568,4.785070814250503e-06,0.9999902248382568,4.785070814250503e-06,-12.249999958742938,"[{""token"": "" Eight"", ""token_id"": 38923, ""probability"": 0.9999902248382568}, {""token"": "" Six"", ""token_id"": 19759, ""probability"": 4.785070814250503e-06}, {""token"": "" Four"", ""token_id"": 13038, ""probability"": 4.785070814250503e-06}, {""token"": ""Eight"", ""token_id"": 80357, ""probability"": 2.3823463379812893e-07}, {""token"": "" Many"", ""token_id"": 8732, ""probability"": 9.23735932190084e-09}, {""token"": "" Two"", ""token_id"": 8512, ""probability"": 5.602741826038482e-09}, {""token"": "" Legs"", ""token_id"": 156403, ""probability"": 7.582485750390333e-10}, {""token"": "" Typically"", ""token_id"": 50338, ""probability"": 4.5990106167792533e-10}, {""token"": "" None"", ""token_id"": 5450, ""probability"": 3.581712981759466e-10}, {""token"": "" Several"", ""token_id"": 22624, ""probability"": 2.789440900485829e-10}, {""token"": "" Usually"", ""token_id"": 34645, ""probability"": 2.789440900485829e-10}, {""token"": ""\n\n"", ""token_id"": 108, ""probability"": 2.1724186338722973e-10}]"
"[""pair_L7+L22_coarse""]",L7+L22,"[7, 22]",1.0,1.0,0.0,,1.0,1.0,1.0,False,2497.6776944736603,"[14209, 137239, 23422, 23422, 60476]","[16, 16, 16, 21, 16]","[0.0, 0.0, 0.0, 0.0, 0.0]","[42685, 1703, 197021]","[16, 16, 16]","[126.26797485351562, 0.0, 0.0]","[84.8398208618164, 133.32498168945312, 126.26799011230469, 1784.64599609375, 1673.0087890625, 462.1224670410156, 0.0, 0.0]", Eight,0.999976634979248,6.144068720459472e-06,0.999976634979248,1.6701309505151585e-05,-12.00000001191712,"[{""token"": "" Eight"", ""token_id"": 38923, ""probability"": 0.999976634979248}, {""token"": "" Four"", ""token_id"": 13038, ""probability"": 1.6701309505151585e-05}, {""token"": "" Six"", ""token_id"": 19759, ""probability"": 6.144068720459472e-06}, {""token"": ""Eight"", ""token_id"": 80357, ""probability"": 5.043359010414861e-07}, {""token"": "" Many"", ""token_id"": 8732, ""probability"": 1.955522499486051e-08}, {""token"": "" Two"", ""token_id"": 8512, ""probability"": 4.363360339709743e-09}, {""token"": "" Legs"", ""token_id"": 156403, ""probability"": 3.398188397341073e-09}, {""token"": "" Typically"", ""token_id"": 50338, ""probability"": 1.6051904250247162e-09}, {""token"": "" Usually"", ""token_id"": 34645, ""probability"": 7.582383054760555e-10}, {""token"": "" Some"", ""token_id"": 4943, ""probability"": 5.905165800790257e-10}, {""token"": "" Several"", ""token_id"": 22624, ""probability"": 3.5816641319463827e-10}, {""token"": ""\n\n"", ""token_id"": 108, ""probability"": 3.5816641319463827e-10}]"
"[""pair_L7+L22_coarse""]",L7+L22,"[7, 22]",1.0,1.0,1.0,,2.0,1.4142135623730951,1.0,False,3113.207571145434,"[14209, 137239, 23422, 23422, 60476]","[16, 16, 16, 21, 16]","[0.0, 0.0, 0.0, 0.0, 0.0]","[42685, 1703, 197021]","[16, 16, 16]","[126.26797485351562, 1823.1155242919922, 360.43941497802734]","[84.8398208618164, 133.32498168945312, 126.26799011230469, 1784.64599609375, 1673.0087890625, 462.1224670410156, 1823.11572265625, 360.4394226074219]", Eight,0.9999589920043945,1.3006764675083105e-05,0.9999589920043945,2.7535321351024322e-05,-11.249999967384623,"[{""token"": "" Eight"", ""token_id"": 38923, ""probability"": 0.9999589920043945}, {""token"": "" Four"", ""token_id"": 13038, ""probability"": 2.7535321351024322e-05}, {""token"": "" Six"", ""token_id"": 19759, ""probability"": 1.3006764675083105e-05}, {""token"": ""Eight"", ""token_id"": 80357, ""probability"": 5.043269766247249e-07}, {""token"": "" Many"", ""token_id"": 8732, ""probability"": 2.5108960244324408e-08}, {""token"": "" Two"", ""token_id"": 8512, ""probability"": 7.193838413854792e-09}, {""token"": "" Legs"", ""token_id"": 156403, ""probability"": 4.363283512276439e-09}, {""token"": "" Typically"", ""token_id"": 50338, ""probability"": 2.0610688711286684e-09}, {""token"": "" Usually"", ""token_id"": 34645, ""probability"": 1.2501015778099145e-09}, {""token"": "" Some"", ""token_id"": 4943, ""probability"": 9.735801054233661e-10}, {""token"": "" Several"", ""token_id"": 22624, ""probability"": 4.5988671204533205e-10}, {""token"": ""\n\n"", ""token_id"": 108, ""probability"": 4.5988671204533205e-10}]"
"[""pair_L7+L22_coarse""]",L7+L22,"[7, 22]",1.0,1.0,2.0,,3.0,2.23606797749979,2.0,False,4478.06475251701,"[14209, 137239, 23422, 23422, 60476]","[16, 16, 16, 21, 16]","[0.0, 0.0, 0.0, 0.0, 0.0]","[42685, 1703, 197021]","[16, 16, 16]","[126.26797485351562, 3646.2310485839844, 720.8788299560547]","[84.8398208618164, 133.32498168945312, 126.26799011230469, 1784.64599609375, 1673.0087890625, 462.1224670410156, 3646.2314453125, 720.8788452148438]", Eight,0.9999444484710693,2.7534921173355542e-05,0.9999444484710693,2.7534921173355542e-05,-10.49999994496185,"[{""token"": "" Eight"", ""token_id"": 38923, ""probability"": 0.9999444484710693}, {""token"": "" Six"", ""token_id"": 19759, ""probability"": 2.7534921173355542e-05}, {""token"": "" Four"", ""token_id"": 13038, ""probability"": 2.7534921173355542e-05}, {""token"": ""Eight"", ""token_id"": 80357, ""probability"": 5.043196438236919e-07}, {""token"": "" Many"", ""token_id"": 8732, ""probability"": 2.510859609117233e-08}, {""token"": "" Two"", ""token_id"": 8512, ""probability"": 7.193733608801267e-09}, {""token"": "" Legs"", ""token_id"": 156403, ""probability"": 3.39807915139545e-09}, {""token"": "" Typically"", ""token_id"": 50338, ""probability"": 2.0610388951070036e-09}, {""token"": "" Some"", ""token_id"": 4943, ""probability"": 9.735660055909534e-10}, {""token"": "" Usually"", ""token_id"": 34645, ""probability"": 9.735660055909534e-10}, {""token"": "" Several"", ""token_id"": 22624, ""probability"": 4.598800229516087e-10}, {""token"": ""\n\n"", ""token_id"": 108, ""probability"": 4.598800229516087e-10}]"
"[""pair_L7+L22_coarse""]",L7+L22,"[7, 22]",1.0,1.0,3.0,,4.0,3.1622776601683795,3.0,False,6109.124878468793,"[14209, 137239, 23422, 23422, 60476]","[16, 16, 16, 21, 16]","[0.0, 0.0, 0.0, 0.0, 0.0]","[42685, 1703, 197021]","[16, 16, 16]","[126.26797485351562, 5469.346572875977, 1081.318244934082]","[84.8398208618164, 133.32498168945312, 126.26799011230469, 1784.64599609375, 1673.0087890625, 462.1224670410156, 5469.34765625, 1081.3182373046875]", Eight,0.9999186992645264,3.535462747095153e-05,0.9999186992645264,4.5396238419925794e-05,-10.249999965736729,"[{""token"": "" Eight"", ""token_id"": 38923, ""probability"": 0.9999186992645264}, {""token"": "" Four"", ""token_id"": 13038, ""probability"": 4.5396238419925794e-05}, {""token"": "" Six"", ""token_id"": 19759, ""probability"": 3.535462747095153e-05}, {""token"": ""Eight"", ""token_id"": 80357, ""probability"": 5.043066835241916e-07}, {""token"": "" Many"", ""token_id"": 8732, ""probability"": 2.510794949728279e-08}, {""token"": "" Two"", ""token_id"": 8512, ""probability"": 1.1860155524345828e-08}, {""token"": "" Legs"", ""token_id"": 156403, ""probability"": 5.6023408134819874e-09}, {""token"": "" Typically"", ""token_id"": 50338, ""probability"": 2.6463586877412126e-09}, {""token"": "" Usually"", ""token_id"": 34645, ""probability"": 1.605097499357555e-09}, {""token"": "" Some"", ""token_id"": 4943, ""probability"": 1.250051284706899e-09}, {""token"": ""\n\n"", ""token_id"": 108, ""probability"": 7.581943961554316e-10}, {""token"": "" Several"", ""token_id"": 22624, ""probability"": 5.904823852098673e-10}]"
"[""pair_L7+L22_coarse""]",L7+L22,"[7, 22]",1.0,1.0,4.0,,5.0,4.123105625617661,4.0,False,7842.0070208159805,"[14209, 137239, 23422, 23422, 60476]","[16, 16, 16, 21, 16]","[0.0, 0.0, 0.0, 0.0, 0.0]","[42685, 1703, 197021]","[16, 16, 16]","[126.26797485351562, 7292.462097167969, 1441.7576599121094]","[84.8398208618164, 133.32498168945312, 126.26799011230469, 1784.64599609375, 1673.0087890625, 462.1224670410156, 7292.462890625, 1441.7576904296875]", Eight,0.9999186992645264,3.535462747095153e-05,0.9999186992645264,4.5396238419925794e-05,-10.249999965736729,"[{""token"": "" Eight"", ""token_id"": 38923, ""probability"": 0.9999186992645264}, {""token"": "" Four"", ""token_id"": 13038, ""probability"": 4.5396238419925794e-05}, {""token"": "" Six"", ""token_id"": 19759, ""probability"": 3.535462747095153e-05}, {""token"": ""Eight"", ""token_id"": 80357, ""probability"": 5.043066835241916e-07}, {""token"": "" Many"", ""token_id"": 8732, ""probability"": 3.2239245939535977e-08}, {""token"": "" Two"", ""token_id"": 8512, ""probability"": 1.5228742711315135e-08}, {""token"": "" Legs"", ""token_id"": 156403, ""probability"": 5.6023408134819874e-09}, {""token"": "" Typically"", ""token_id"": 50338, ""probability"": 2.6463586877412126e-09}, {""token"": "" Usually"", ""token_id"": 34645, ""probability"": 1.250051284706899e-09}, {""token"": "" Some"", ""token_id"": 4943, ""probability"": 1.250051284706899e-09}, {""token"": ""\n\n"", ""token_id"": 108, ""probability"": 7.581943961554316e-10}, {""token"": "" Several"", ""token_id"": 22624, ""probability"": 5.904823852098673e-10}]"
"[""pair_L7+L22_coarse""]",L7+L22,"[7, 22]",1.0,2.0,0.0,,2.0,2.0,2.0,False,2228.349316660621,"[14209, 137239, 23422, 23422, 60476]","[16, 16, 16, 21, 16]","[0.0, 0.0, 0.0, 0.0, 0.0]","[42685, 1703, 197021]","[16, 16, 16]","[252.53594970703125, 0.0, 0.0]","[84.8398208618164, 133.32498168945312, 252.53598022460938, 1682.3150634765625, 1379.188232421875, 380.06414794921875, 0.0, 0.0]", Eight,0.9994452595710754,0.00043050359818153083,0.9994452595710754,0.0001233413495356217,-7.7499999816318415,"[{""token"": "" Eight"", ""token_id"": 38923, ""probability"": 0.9994452595710754}, {""token"": "" Six"", ""token_id"": 19759, ""probability"": 0.00043050359818153083}, {""token"": "" Four"", ""token_id"": 13038, ""probability"": 0.0001233413495356217}, {""token"": ""Eight"", ""token_id"": 80357, ""probability"": 6.472359928011429e-07}, {""token"": "" Many"", ""token_id"": 8732, ""probability"": 1.1247274755987746e-07}, {""token"": "" Two"", ""token_id"": 8512, ""probability"": 3.222398348157185e-08}, {""token"": "" Legs"", ""token_id"": 156403, ""probability"": 2.5096062117313522e-08}, {""token"": "" Typically"", ""token_id"": 50338, ""probability"": 1.1854540460376484e-08}, {""token"": "" Usually"", ""token_id"": 34645, ""probability"": 5.599688268631553e-09}, {""token"": "" Some"", ""token_id"": 4943, ""probability"": 3.3963827306138228e-09}, {""token"": ""\n\n"", ""token_id"": 108, ""probability"": 1.6043374406748967e-09}, {""token"": "" Several"", ""token_id"": 22624, ""probability"": 1.2494594248124713e-09}]"
"[""pair_L7+L22_coarse""]",L7+L22,"[7, 22]",1.0,2.0,1.0,,3.0,2.23606797749979,2.0,False,2901.58718508127,"[14209, 137239, 23422, 23422, 60476]","[16, 16, 16, 21, 16]","[0.0, 0.0, 0.0, 0.0, 0.0]","[42685, 1703, 197021]","[16, 16, 16]","[252.53594970703125, 1823.1155242919922, 360.43941497802734]","[84.8398208618164, 133.32498168945312, 252.53598022460938, 1682.3150634765625, 1379.188232421875, 380.06414794921875, 1823.11572265625, 360.4394226074219]", Eight,0.9990862607955933,0.0007095254841260612,0.9990862607955933,0.00020328245591372252,-7.249999986660714,"[{""token"": "" Eight"", ""token_id"": 38923, ""probability"": 0.9990862607955933}, {""token"": "" Six"", ""token_id"": 19759, ""probability"": 0.0007095254841260612}, {""token"": "" Four"", ""token_id"": 13038, ""probability"": 0.00020328245591372252}, {""token"": ""Eight"", ""token_id"": 80357, ""probability"": 6.470035032180022e-07}, {""token"": "" Many"", ""token_id"": 8732, ""probability"": 1.1243234609992214e-07}, {""token"": "" Two"", ""token_id"": 8512, ""probability"": 4.136154885259202e-08}, {""token"": "" Legs"", ""token_id"": 156403, ""probability"": 3.221240874040632e-08}, {""token"": "" Typically"", ""token_id"": 50338, ""probability"": 1.1850282533032441e-08}, {""token"": "" Usually"", ""token_id"": 34645, ""probability"": 5.597676988600142e-09}, {""token"": "" Some"", ""token_id"": 4943, ""probability"": 4.359475447301975e-09}, {""token"": ""\n\n"", ""token_id"": 108, ""probability"": 1.6037612349251162e-09}, {""token"": "" Several"", ""token_id"": 22624, ""probability"": 1.2490105616436153e-09}]"
"[""pair_L7+L22_coarse""]",L7+L22,"[7, 22]",1.0,2.0,2.0,,4.0,2.8284271247461903,2.0,False,4333.614050573243,"[14209, 137239, 23422, 23422, 60476]","[16, 16, 16, 21, 16]","[0.0, 0.0, 0.0, 0.0, 0.0]","[42685, 1703, 197021]","[16, 16, 16]","[252.53594970703125, 3646.2310485839844, 720.8788299560547]","[84.8398208618164, 133.32498168945312, 252.53598022460938, 1682.3150634765625, 1379.188232421875, 380.06414794921875, 3646.2314453125, 720.8788452148438]", Eight,0.9981634020805359,0.0015006778994575143,0.9981634020805359,0.00033484649611636996,-6.500000053459968,"[{""token"": "" Eight"", ""token_id"": 38923, ""probability"": 0.9981634020805359}, {""token"": "" Six"", ""token_id"": 19759, ""probability"": 0.0015006778994575143}, {""token"": "" Four"", ""token_id"": 13038, ""probability"": 0.00033484649611636996}, {""token"": ""Eight"", ""token_id"": 80357, ""probability"": 6.464058515120996e-07}, {""token"": "" Many"", ""token_id"": 8732, ""probability"": 1.8519838818065182e-07}, {""token"": "" Two"", ""token_id"": 8512, ""probability"": 8.748151714144115e-08}, {""token"": "" Legs"", ""token_id"": 156403, ""probability"": 6.813067443545151e-08}, {""token"": "" Typically"", ""token_id"": 50338, ""probability"": 2.506387275502675e-08}, {""token"": "" Usually"", ""token_id"": 34645, ""probability"": 1.1839335734009637e-08}, {""token"": "" Some"", ""token_id"": 4943, ""probability"": 9.220483931926537e-09}, {""token"": ""\n\n"", ""token_id"": 108, ""probability"": 3.3920266595544035e-09}, {""token"": "" Several"", ""token_id"": 22624, ""probability"": 2.641713070516971e-09}]"
"[""pair_L7+L22_coarse""]",L7+L22,"[7, 22]",1.0,2.0,3.0,,5.0,3.605551275463989,3.0,False,6004.044769346489,"[14209, 137239, 23422, 23422, 60476]","[16, 16, 16, 21, 16]","[0.0, 0.0, 0.0, 0.0, 0.0]","[42685, 1703, 197021]","[16, 16, 16]","[252.53594970703125, 5469.346572875977, 1081.318244934082]","[84.8398208618164, 133.32498168945312, 252.53598022460938, 1682.3150634765625, 1379.188232421875, 380.06414794921875, 5469.34765625, 1081.3182373046875]", Eight,0.9950242638587952,0.004066437017172575,0.9950242638587952,0.0009073446854017675,-5.4999999323595254,"[{""token"": "" Eight"", ""token_id"": 38923, ""probability"": 0.9950242638587952}, {""token"": "" Six"", ""token_id"": 19759, ""probability"": 0.004066437017172575}, {""token"": "" Four"", ""token_id"": 13038, ""probability"": 0.0009073446854017675}, {""token"": ""Eight"", ""token_id"": 80357, ""probability"": 1.0623914477037033e-06}, {""token"": "" Many"", ""token_id"": 8732, ""probability"": 3.908319570200547e-07}, {""token"": "" Two"", ""token_id"": 8512, ""probability"": 2.3705156593223364e-07}, {""token"": "" Legs"", ""token_id"": 156403, ""probability"": 1.119752326417256e-07}, {""token"": "" Typically"", ""token_id"": 50338, ""probability"": 5.289335547331575e-08}, {""token"": "" Usually"", ""token_id"": 34645, ""probability"": 2.4985050472992043e-08}, {""token"": "" Some"", ""token_id"": 4943, ""probability"": 1.5154201449263383e-08}, {""token"": ""\n\n"", ""token_id"": 108, ""probability"": 7.158337478330168e-09}, {""token"": "" Several"", ""token_id"": 22624, ""probability"": 5.574918748862956e-09}]"
"[""pair_L7+L22_coarse""]",L7+L22,"[7, 22]",1.0,2.0,4.0,,6.0,4.47213595499958,4.0,False,7760.426594338595,"[14209, 137239, 23422, 23422, 60476]","[16, 16, 16, 21, 16]","[0.0, 0.0, 0.0, 0.0, 0.0]","[42685, 1703, 197021]","[16, 16, 16]","[252.53594970703125, 7292.462097167969, 1441.7576599121094]","[84.8398208618164, 133.32498168945312, 252.53598022460938, 1682.3150634765625, 1379.188232421875, 380.06414794921875, 7292.462890625, 1441.7576904296875]", Eight,0.9947682619094849,0.0040653906762599945,0.9947682619094849,0.0011647538049146533,-5.499999961726244,"[{""token"": "" Eight"", ""token_id"": 38923, ""probability"": 0.9947682619094849}, {""token"": "" Six"", ""token_id"": 19759, ""probability"": 0.0040653906762599945}, {""token"": "" Four"", ""token_id"": 13038, ""probability"": 0.0011647538049146533}, {""token"": ""Eight"", ""token_id"": 80357, ""probability"": 8.271783826785395e-07}, {""token"": "" Many"", ""token_id"": 8732, ""probability"": 3.0430192055064254e-07}, {""token"": "" Two"", ""token_id"": 8512, ""probability"": 2.3699055873294128e-07}, {""token"": "" Legs"", ""token_id"": 156403, ""probability"": 1.1194642013379053e-07}, {""token"": "" Typically"", ""token_id"": 50338, ""probability"": 5.2879745027212266e-08}, {""token"": "" Usually"", ""token_id"": 34645, ""probability"": 2.4978621837590254e-08}, {""token"": "" Some"", ""token_id"": 4943, ""probability"": 1.515030056964406e-08}, {""token"": ""\n\n"", ""token_id"": 108, ""probability"": 7.15649539628771e-09}, {""token"": "" Several"", ""token_id"": 22624, ""probability"": 4.340634074395666e-09}]"
"[""pair_L7+L22_coarse""]",L7+L22,"[7, 22]",1.0,3.0,0.0,,3.0,3.0,3.0,False,1980.7581703890426,"[14209, 137239, 23422, 23422, 60476]","[16, 16, 16, 21, 16]","[0.0, 0.0, 0.0, 0.0, 0.0]","[42685, 1703, 197021]","[16, 16, 16]","[378.8039245605469, 0.0, 0.0]","[84.8398208618164, 133.32498168945312, 378.8039855957031, 1591.051513671875, 1060.6297607421875, 313.93743896484375, 0.0, 0.0]", Eight,0.9394217729568481,0.06005522236227989,0.9394217729568481,0.0005195795092731714,-2.750000039195003,"[{""token"": "" Eight"", ""token_id"": 38923, ""probability"": 0.9394217729568481}, {""token"": "" Six"", ""token_id"": 19759, ""probability"": 0.06005522236227989}, {""token"": "" Four"", ""token_id"": 13038, ""probability"": 0.0005195795092731714}, {""token"": "" Many"", ""token_id"": 8732, ""probability"": 1.2879088444606168e-06}, {""token"": ""Eight"", ""token_id"": 80357, ""probability"": 7.811561886228446e-07}, {""token"": "" Two"", ""token_id"": 8512, ""probability"": 6.083650418986508e-07}, {""token"": "" Legs"", ""token_id"": 156403, ""probability"": 4.7379518264278886e-07}, {""token"": "" Some"", ""token_id"": 4943, ""probability"": 8.233325843320927e-08}, {""token"": "" Typically"", ""token_id"": 50338, ""probability"": 6.412120256982234e-08}, {""token"": "" Usually"", ""token_id"": 34645, ""probability"": 4.9937646906528244e-08}, {""token"": "" Several"", ""token_id"": 22624, ""probability"": 1.1142594402713257e-08}, {""token"": ""Six"", ""token_id"": 44955, ""probability"": 8.677861096373363e-09}]"
"[""pair_L7+L22_coarse""]",L7+L22,"[7, 22]",1.0,3.0,1.0,,4.0,3.1622776601683795,3.0,False,2716.076295896148,"[14209, 137239, 23422, 23422, 60476]","[16, 16, 16, 21, 16]","[0.0, 0.0, 0.0, 0.0, 0.0]","[42685, 1703, 197021]","[16, 16, 16]","[378.8039245605469, 1823.1155242919922, 360.43941497802734]","[84.8398208618164, 133.32498168945312, 378.8039855957031, 1591.051513671875, 1060.6297607421875, 313.93743896484375, 1823.11572265625, 360.4394226074219]", Eight,0.85109943151474,0.14789889752864838,0.85109943151474,0.0009965349454432726,-1.7500000470192814,"[{""token"": "" Eight"", ""token_id"": 38923, ""probability"": 0.85109943151474}, {""token"": "" Six"", ""token_id"": 19759, ""probability"": 0.14789889752864838}, {""token"": "" Four"", ""token_id"": 13038, ""probability"": 0.0009965349454432726}, {""token"": "" Many"", ""token_id"": 8732, ""probability"": 1.9237650121795014e-06}, {""token"": ""Eight"", ""token_id"": 80357, ""probability"": 1.1668225852190517e-06}, {""token"": "" Two"", ""token_id"": 8512, ""probability"": 9.087223133974476e-07}, {""token"": "" Legs"", ""token_id"": 156403, ""probability"": 7.077136388033978e-07}, {""token"": "" Some"", ""token_id"": 4943, ""probability"": 1.579122681505396e-07}, {""token"": "" Typically"", ""token_id"": 50338, ""probability"": 1.229822004233938e-07}, {""token"": "" Usually"", ""token_id"": 34645, ""probability"": 7.459247086671894e-08}, {""token"": ""Six"", ""token_id"": 44955, ""probability"": 2.1371098668510058e-08}, {""token"": "" Several"", ""token_id"": 22624, ""probability"": 2.1371098668510058e-08}]"
"[""pair_L7+L22_coarse""]",L7+L22,"[7, 22]",1.0,3.0,2.0,,5.0,3.605551275463989,3.0,False,4211.659173274461,"[14209, 137239, 23422, 23422, 60476]","[16, 16, 16, 21, 16]","[0.0, 0.0, 0.0, 0.0, 0.0]","[42685, 1703, 197021]","[16, 16, 16]","[378.8039245605469, 3646.2310485839844, 720.8788299560547]","[84.8398208618164, 133.32498168945312, 378.8039855957031, 1591.051513671875, 1060.6297607421875, 313.93743896484375, 3646.2314453125, 720.8788452148438]", Eight,0.678032398223877,0.3202798366546631,0.678032398223877,0.0016806743806228042,-0.7499999685933161,"[{""token"": "" Eight"", ""token_id"": 38923, ""probability"": 0.678032398223877}, {""token"": "" Six"", ""token_id"": 19759, ""probability"": 0.3202798366546631}, {""token"": "" Four"", ""token_id"": 13038, ""probability"": 0.0016806743806228042}, {""token"": "" Many"", ""token_id"": 8732, ""probability"": 3.2444647786178393e-06}, {""token"": "" Two"", ""token_id"": 8512, ""probability"": 1.5325765616580611e-06}, {""token"": "" Legs"", ""token_id"": 156403, ""probability"": 9.295546874454885e-07}, {""token"": ""Eight"", ""token_id"": 80357, ""probability"": 7.239379442580685e-07}, {""token"": "" Some"", ""token_id"": 4943, ""probability"": 2.6632187655195594e-07}, {""token"": "" Typically"", ""token_id"": 50338, ""probability"": 1.615323839132543e-07}, {""token"": "" Usually"", ""token_id"": 34645, ""probability"": 1.258015487337616e-07}, {""token"": ""Six"", ""token_id"": 44955, ""probability"": 3.6042749229636684e-08}, {""token"": "" Several"", ""token_id"": 22624, ""probability"": 2.8070120450252034e-08}]"
"[""pair_L7+L22_coarse""]",L7+L22,"[7, 22]",1.0,3.0,3.0,,6.0,4.242640687119285,3.0,False,5916.621996107072,"[14209, 137239, 23422, 23422, 60476]","[16, 16, 16, 21, 16]","[0.0, 0.0, 0.0, 0.0, 0.0]","[42685, 1703, 197021]","[16, 16, 16]","[378.8039245605469, 5469.346572875977, 1081.318244934082]","[84.8398208618164, 133.32498168945312, 378.8039855957031, 1591.051513671875, 1060.6297607421875, 313.93743896484375, 5469.34765625, 1081.3182373046875]", Eight,0.5605176687240601,0.43653160333633423,0.5605176687240601,0.002941326703876257,-0.2499999908169811,"[{""token"": "" Eight"", ""token_id"": 38923, ""probability"": 0.5605176687240601}, {""token"": "" Six"", ""token_id"": 19759, ""probability"": 0.43653160333633423}, {""token"": "" Four"", ""token_id"": 13038, ""probability"": 0.002941326703876257}, {""token"": "" Many"", ""token_id"": 8732, ""probability"": 3.4439394767105114e-06}, {""token"": "" Two"", ""token_id"": 8512, ""probability"": 2.682142849153024e-06}, {""token"": "" Legs"", ""token_id"": 156403, ""probability"": 1.6268019180643023e-06}, {""token"": ""Eight"", ""token_id"": 80357, ""probability"": 7.68446795973432e-07}, {""token"": "" Typically"", ""token_id"": 50338, ""probability"": 2.8269576546335884e-07}, {""token"": "" Some"", ""token_id"": 4943, ""probability"": 2.8269576546335884e-07}, {""token"": "" Usually"", ""token_id"": 34645, ""probability"": 1.7146365394182794e-07}, {""token"": ""Six"", ""token_id"": 44955, ""probability"": 6.307795530346993e-08}, {""token"": "" Several"", ""token_id"": 22624, ""probability"": 3.825871175422435e-08}]"
"[""pair_L7+L22_coarse""]",L7+L22,"[7, 22]",1.0,3.0,4.0,,7.0,5.0,4.0,True,7692.989222572643,"[14209, 137239, 23422, 23422, 60476]","[16, 16, 16, 21, 16]","[0.0, 0.0, 0.0, 0.0, 0.0]","[42685, 1703, 197021]","[16, 16, 16]","[378.8039245605469, 7292.462097167969, 1441.7576599121094]","[84.8398208618164, 133.32498168945312, 378.8039855957031, 1591.051513671875, 1060.6297607421875, 313.93743896484375, 7292.462890625, 1441.7576904296875]", Six,0.5600497722625732,0.5600497722625732,0.4361672103404999,0.0037735856603831053,0.24999997903683324,"[{""token"": "" Six"", ""token_id"": 19759, ""probability"": 0.5600497722625732}, {""token"": "" Eight"", ""token_id"": 38923, ""probability"": 0.4361672103404999}, {""token"": "" Four"", ""token_id"": 13038, ""probability"": 0.0037735856603831053}, {""token"": "" Many"", ""token_id"": 8732, ""probability"": 3.4410647913318826e-06}, {""token"": "" Two"", ""token_id"": 8512, ""probability"": 2.67990412794461e-06}, {""token"": "" Legs"", ""token_id"": 156403, ""probability"": 1.6254439287877176e-06}, {""token"": ""Eight"", ""token_id"": 80357, ""probability"": 5.979674142508884e-07}, {""token"": "" Typically"", ""token_id"": 50338, ""probability"": 3.62685568688903e-07}, {""token"": "" Some"", ""token_id"": 4943, ""probability"": 3.62685568688903e-07}, {""token"": "" Usually"", ""token_id"": 34645, ""probability"": 2.199798956326049e-07}, {""token"": ""Six"", ""token_id"": 44955, ""probability"": 6.302529698132275e-08}, {""token"": ""\n\n"", ""token_id"": 108, ""probability"": 2.9771044296467153e-08}]"
"[""pair_L7+L22_coarse"", ""pair_L7+L22_refined""]",L7+L22,"[7, 22]",1.0,4.0,0.0,,4.0,4.0,4.0,True,1907.8540745936975,"[14209, 137239, 23422, 23422, 60476]","[16, 16, 16, 21, 16]","[0.0, 0.0, 0.0, 0.0, 0.0]","[42685, 1703, 197021]","[16, 16, 16]","[505.0718994140625, 0.0, 0.0]","[84.8398208618164, 133.32498168945312, 505.07196044921875, 1493.5413818359375, 1033.4327392578125, 247.36016845703125, 0.0, 0.0]", Six,0.5619274377822876,0.5619274377822876,0.4376295506954193,0.00039906648453325033,0.24999994945207404,"[{""token"": "" Six"", ""token_id"": 19759, ""probability"": 0.5619274377822876}, {""token"": "" Eight"", ""token_id"": 38923, ""probability"": 0.4376295506954193}, {""token"": "" Four"", ""token_id"": 13038, ""probability"": 0.00039906648453325033}, {""token"": "" Two"", ""token_id"": 8512, ""probability"": 3.2757372537162155e-05}, {""token"": "" Some"", ""token_id"": 4943, ""probability"": 3.4526015042501967e-06}, {""token"": "" Many"", ""token_id"": 8732, ""probability"": 2.688889026103425e-06}, {""token"": "" None"", ""token_id"": 5450, ""probability"": 1.630893621040741e-06}, {""token"": "" Zero"", ""token_id"": 31234, ""probability"": 1.630893621040741e-06}, {""token"": "" Legs"", ""token_id"": 156403, ""probability"": 9.891869012790266e-07}, {""token"": ""Eight"", ""token_id"": 80357, ""probability"": 3.63901534683464e-07}, {""token"": ""Six"", ""token_id"": 44955, ""probability"": 8.119740613210524e-08}, {""token"": "" Usually"", ""token_id"": 34645, ""probability"": 8.119740613210524e-08}]"
"[""pair_L7+L22_coarse""]",L7+L22,"[7, 22]",1.0,4.0,1.0,,5.0,4.123105625617661,4.0,True,2663.3765572126235,"[14209, 137239, 23422, 23422, 60476]","[16, 16, 16, 21, 16]","[0.0, 0.0, 0.0, 0.0, 0.0]","[42685, 1703, 197021]","[16, 16, 16]","[505.0718994140625, 1823.1155242919922, 360.43941497802734]","[84.8398208618164, 133.32498168945312, 505.07196044921875, 1493.5413818359375, 1033.4327392578125, 247.36016845703125, 1823.11572265625, 360.4394226074219]", Six,0.8172553181648254,0.8172553181648254,0.18235431611537933,0.00035202663275413215,1.4999999665974126,"[{""token"": "" Six"", ""token_id"": 19759, ""probability"": 0.8172553181648254}, {""token"": "" Eight"", ""token_id"": 38923, ""probability"": 0.18235431611537933}, {""token"": "" Four"", ""token_id"": 13038, ""probability"": 0.00035202663275413215}, {""token"": "" Two"", ""token_id"": 8512, ""probability"": 2.8896107323816977e-05}, {""token"": "" Some"", ""token_id"": 4943, ""probability"": 3.0456271815637592e-06}, {""token"": "" Many"", ""token_id"": 8732, ""probability"": 2.3719369437458226e-06}, {""token"": "" Zero"", ""token_id"": 31234, ""probability"": 1.4386524753717822e-06}, {""token"": "" None"", ""token_id"": 5450, ""probability"": 1.1204236898265663e-06}, {""token"": "" Legs"", ""token_id"": 156403, ""probability"": 8.725868383407942e-07}, {""token"": ""Eight"", ""token_id"": 80357, ""probability"": 1.5163286093411443e-07}, {""token"": ""Six"", ""token_id"": 44955, ""probability"": 9.196997297067355e-08}, {""token"": "" Several"", ""token_id"": 22624, ""probability"": 5.5782610530741294e-08}]"
"[""pair_L7+L22_coarse""]",L7+L22,"[7, 22]",1.0,4.0,2.0,,6.0,4.47213595499958,4.0,True,4177.867546034429,"[14209, 137239, 23422, 23422, 60476]","[16, 16, 16, 21, 16]","[0.0, 0.0, 0.0, 0.0, 0.0]","[42685, 1703, 197021]","[16, 16, 16]","[505.0718994140625, 3646.2310485839844, 720.8788299560547]","[84.8398208618164, 133.32498168945312, 505.07196044921875, 1493.5413818359375, 1033.4327392578125, 247.36016845703125, 3646.2314453125, 720.8788452148438]", Six,0.9237358570098877,0.9237358570098877,0.07582485675811768,0.0003978923487011343,2.499999997275101,"[{""token"": "" Six"", ""token_id"": 19759, ""probability"": 0.9237358570098877}, {""token"": "" Eight"", ""token_id"": 38923, ""probability"": 0.07582485675811768}, {""token"": "" Four"", ""token_id"": 13038, ""probability"": 0.0003978923487011343}, {""token"": "" Two"", ""token_id"": 8512, ""probability"": 3.2660991564625874e-05}, {""token"": "" Some"", ""token_id"": 4943, ""probability"": 2.6809775590663776e-06}, {""token"": "" Many"", ""token_id"": 8732, ""probability"": 1.6260950133073493e-06}, {""token"": "" Zero"", ""token_id"": 31234, ""probability"": 1.6260950133073493e-06}, {""token"": "" None"", ""token_id"": 5450, ""probability"": 1.2664040696108714e-06}, {""token"": "" Legs"", ""token_id"": 156403, ""probability"": 9.862765182333533e-07}, {""token"": ""Six"", ""token_id"": 44955, ""probability"": 1.0395277882935261e-07}, {""token"": ""Eight"", ""token_id"": 80357, ""probability"": 8.095850745348798e-08}, {""token"": "" Several"", ""token_id"": 22624, ""probability"": 4.910381790068641e-08}]"
"[""pair_L7+L22_coarse""]",L7+L22,"[7, 22]",1.0,4.0,3.0,,7.0,5.0,4.0,True,5892.615725227537,"[14209, 137239, 23422, 23422, 60476]","[16, 16, 16, 21, 16]","[0.0, 0.0, 0.0, 0.0, 0.0]","[42685, 1703, 197021]","[16, 16, 16]","[505.0718994140625, 5469.346572875977, 1081.318244934082]","[84.8398208618164, 133.32498168945312, 505.07196044921875, 1493.5413818359375, 1033.4327392578125, 247.36016845703125, 5469.34765625, 1081.3182373046875]", Six,0.9393766522407532,0.9393766522407532,0.06005233898758888,0.0005195545381866395,2.7500000209430575,"[{""token"": "" Six"", ""token_id"": 19759, ""probability"": 0.9393766522407532}, {""token"": "" Eight"", ""token_id"": 38923, ""probability"": 0.06005233898758888}, {""token"": "" Four"", ""token_id"": 13038, ""probability"": 0.0005195545381866395}, {""token"": "" Two"", ""token_id"": 8512, ""probability"": 4.2647632653824985e-05}, {""token"": "" Some"", ""token_id"": 4943, ""probability"": 2.726372258621268e-06}, {""token"": "" Many"", ""token_id"": 8732, ""probability"": 1.6536282601009589e-06}, {""token"": "" Zero"", ""token_id"": 31234, ""probability"": 1.6536282601009589e-06}, {""token"": "" None"", ""token_id"": 5450, ""probability"": 1.2878469988208963e-06}, {""token"": "" Legs"", ""token_id"": 156403, ""probability"": 1.0029762051999569e-06}, {""token"": ""Six"", ""token_id"": 44955, ""probability"": 1.3573807677857985e-07}, {""token"": ""Eight"", ""token_id"": 80357, ""probability"": 6.41181259197765e-08}, {""token"": "" Usually"", ""token_id"": 34645, ""probability"": 6.41181259197765e-08}]"
"[""pair_L7+L22_coarse""]",L7+L22,"[7, 22]",1.0,4.0,4.0,,8.0,5.656854249492381,4.0,True,7674.541511973184,"[14209, 137239, 23422, 23422, 60476]","[16, 16, 16, 21, 16]","[0.0, 0.0, 0.0, 0.0, 0.0]","[42685, 1703, 197021]","[16, 16, 16]","[505.0718994140625, 7292.462097167969, 1441.7576599121094]","[84.8398208618164, 133.32498168945312, 505.07196044921875, 1493.5413818359375, 1033.4327392578125, 247.36016845703125, 7292.462890625, 1441.7576904296875]", Six,0.9522210955619812,0.9522210955619812,0.047408293932676315,0.0003194345918018371,3.0000000601875754,"[{""token"": "" Six"", ""token_id"": 19759, ""probability"": 0.9522210955619812}, {""token"": "" Eight"", ""token_id"": 38923, ""probability"": 0.047408293932676315}, {""token"": "" Four"", ""token_id"": 13038, ""probability"": 0.0003194345918018371}, {""token"": "" Two"", ""token_id"": 8512, ""probability"": 4.323077155277133e-05}, {""token"": "" Some"", ""token_id"": 4943, ""probability"": 2.763650854831212e-06}, {""token"": "" Many"", ""token_id"": 8732, ""probability"": 1.3054561804892728e-06}, {""token"": "" Zero"", ""token_id"": 31234, ""probability"": 1.3054561804892728e-06}, {""token"": "" None"", ""token_id"": 5450, ""probability"": 1.3054561804892728e-06}, {""token"": "" Legs"", ""token_id"": 156403, ""probability"": 7.917992093098292e-07}, {""token"": ""Six"", ""token_id"": 44955, ""probability"": 1.0715837106545223e-07}, {""token"": "" Typically"", ""token_id"": 50338, ""probability"": 5.0618030655869006e-08}, {""token"": "" Usually"", ""token_id"": 34645, ""probability"": 5.0618030655869006e-08}]"
"[""pair_L7+L22_refined""]",L7+L22,"[7, 22]",1.0,3.5,0.0,,3.5,3.5,3.5,False,1923.3313345436488,"[14209, 137239, 23422, 23422, 60476]","[16, 16, 16, 21, 16]","[0.0, 0.0, 0.0, 0.0, 0.0]","[42685, 1703, 197021]","[16, 16, 16]","[441.9379119873047, 0.0, 0.0]","[84.8398208618164, 133.32498168945312, 441.93798828125, 1540.106689453125, 1014.5927124023438, 278.55682373046875, 0.0, 0.0]", Eight,0.8805896639823914,0.11917484551668167,0.8805896639823914,0.0002300615597050637,-2.000000050963848,"[{""token"": "" Eight"", ""token_id"": 38923, ""probability"": 0.8805896639823914}, {""token"": "" Six"", ""token_id"": 19759, ""probability"": 0.11917484551668167}, {""token"": "" Four"", ""token_id"": 13038, ""probability"": 0.0002300615597050637}, {""token"": "" Many"", ""token_id"": 8732, ""probability"": 2.5557535536790965e-06}, {""token"": "" Two"", ""token_id"": 8512, ""probability"": 9.402091336596641e-07}, {""token"": ""Eight"", ""token_id"": 80357, ""probability"": 9.402091336596641e-07}, {""token"": "" Legs"", ""token_id"": 156403, ""probability"": 5.702656835637754e-07}, {""token"": "" Some"", ""token_id"": 4943, ""probability"": 2.693744249882002e-07}, {""token"": "" Usually"", ""token_id"": 34645, ""probability"": 6.010555608781942e-08}, {""token"": "" Typically"", ""token_id"": 50338, ""probability"": 6.010555608781942e-08}, {""token"": ""Six"", ""token_id"": 44955, ""probability"": 2.2111597886009804e-08}, {""token"": "" Several"", ""token_id"": 22624, ""probability"": 2.2111597886009804e-08}]"
"[""pair_L7+L22_refined""]",L7+L22,"[7, 22]",1.0,3.5,0.25,,3.75,3.5089172119045497,3.5,False,1978.6504598236465,"[14209, 137239, 23422, 23422, 60476]","[16, 16, 16, 21, 16]","[0.0, 0.0, 0.0, 0.0, 0.0]","[42685, 1703, 197021]","[16, 16, 16]","[441.9379119873047, 455.77888107299805, 90.10985374450684]","[84.8398208618164, 133.32498168945312, 441.93798828125, 1540.106689453125, 1014.5927124023438, 278.55682373046875, 455.7789306640625, 90.10985565185547]", Eight,0.8805898427963257,0.11917487531900406,0.8805898427963257,0.00023006161791272461,-2.0000000039531898,"[{""token"": "" Eight"", ""token_id"": 38923, ""probability"": 0.8805898427963257}, {""token"": "" Six"", ""token_id"": 19759, ""probability"": 0.11917487531900406}, {""token"": "" Four"", ""token_id"": 13038, ""probability"": 0.00023006161791272461}, {""token"": "" Many"", ""token_id"": 8732, ""probability"": 2.5557540084264474e-06}, {""token"": "" Two"", ""token_id"": 8512, ""probability"": 9.402093041899207e-07}, {""token"": "" Legs"", ""token_id"": 156403, ""probability"": 7.322357191696938e-07}, {""token"": ""Eight"", ""token_id"": 80357, ""probability"": 5.702657972506131e-07}, {""token"": "" Some"", ""token_id"": 4943, ""probability"": 2.6937448183161905e-07}, {""token"": "" Usually"", ""token_id"": 34645, ""probability"": 6.010557029867414e-08}, {""token"": "" Typically"", ""token_id"": 50338, ""probability"": 6.010557029867414e-08}, {""token"": "" Several"", ""token_id"": 22624, ""probability"": 2.8391861306431565e-08}, {""token"": ""Six"", ""token_id"": 44955, ""probability"": 1.722053433184101e-08}]"
"[""pair_L7+L22_refined""]",L7+L22,"[7, 22]",1.0,3.5,0.5,,4.0,3.5355339059327378,3.5,False,2136.029096554855,"[14209, 137239, 23422, 23422, 60476]","[16, 16, 16, 21, 16]","[0.0, 0.0, 0.0, 0.0, 0.0]","[42685, 1703, 197021]","[16, 16, 16]","[441.9379119873047, 911.5577621459961, 180.21970748901367]","[84.8398208618164, 133.32498168945312, 441.93798828125, 1540.106689453125, 1014.5927124023438, 278.55682373046875, 911.557861328125, 180.21971130371094]", Eight,0.8173444271087646,0.18237420916557312,0.8173444271087646,0.00027418852550908923,-1.4999999109064344,"[{""token"": "" Eight"", ""token_id"": 38923, ""probability"": 0.8173444271087646}, {""token"": "" Six"", ""token_id"": 19759, ""probability"": 0.18237420916557312}, {""token"": "" Four"", ""token_id"": 13038, ""probability"": 0.00027418852550908923}, {""token"": "" Many"", ""token_id"": 8732, ""probability"": 3.0459593745035818e-06}, {""token"": "" Two"", ""token_id"": 8512, ""probability"": 1.4388092495210003e-06}, {""token"": ""Eight"", ""token_id"": 80357, ""probability"": 1.1205457894902793e-06}, {""token"": "" Legs"", ""token_id"": 156403, ""probability"": 1.1205457894902793e-06}, {""token"": "" Some"", ""token_id"": 4943, ""probability"": 3.210417389709619e-07}, {""token"": "" Usually"", ""token_id"": 34645, ""probability"": 7.163409776467233e-08}, {""token"": "" Typically"", ""token_id"": 50338, ""probability"": 7.163409776467233e-08}, {""token"": "" Several"", ""token_id"": 22624, ""probability"": 3.383755142749578e-08}, {""token"": ""Six"", ""token_id"": 44955, ""probability"": 2.635271201256728e-08}]"
"[""pair_L7+L22_refined""]",L7+L22,"[7, 22]",1.0,3.75,0.0,,3.75,3.75,3.75,False,1892.4480491288214,"[14209, 137239, 23422, 23422, 60476]","[16, 16, 16, 21, 16]","[0.0, 0.0, 0.0, 0.0, 0.0]","[42685, 1703, 197021]","[16, 16, 16]","[473.5049057006836, 0.0, 0.0]","[84.8398208618164, 133.32498168945312, 473.5049743652344, 1501.322265625, 1007.1841430664062, 252.56854248046875, 0.0, 0.0]", Eight,0.6790170669555664,0.32074496150016785,0.6790170669555664,0.00022778483980800956,-0.7499999677935631,"[{""token"": "" Eight"", ""token_id"": 38923, ""probability"": 0.6790170669555664}, {""token"": "" Six"", ""token_id"": 19759, ""probability"": 0.32074496150016785}, {""token"": "" Four"", ""token_id"": 13038, ""probability"": 0.00022778483980800956}, {""token"": "" Two"", ""token_id"": 8512, ""probability"": 4.172025001025759e-06}, {""token"": "" Many"", ""token_id"": 8732, ""probability"": 3.249176415920374e-06}, {""token"": "" Legs"", ""token_id"": 156403, ""probability"": 9.309046618000139e-07}, {""token"": ""Eight"", ""token_id"": 80357, ""probability"": 7.249892632898991e-07}, {""token"": "" Some"", ""token_id"": 4943, ""probability"": 7.249892632898991e-07}, {""token"": "" None"", ""token_id"": 5450, ""probability"": 7.641330768137777e-08}, {""token"": "" Usually"", ""token_id"": 34645, ""probability"": 7.641330768137777e-08}, {""token"": "" Typically"", ""token_id"": 50338, ""probability"": 5.951074300014625e-08}, {""token"": "" Zero"", ""token_id"": 31234, ""probability"": 5.951074300014625e-08}]"
"[""pair_L7+L22_refined""]",L7+L22,"[7, 22]",1.0,3.75,0.25,,4.0,3.758324094593227,3.75,False,1948.6441025426773,"[14209, 137239, 23422, 23422, 60476]","[16, 16, 16, 21, 16]","[0.0, 0.0, 0.0, 0.0, 0.0]","[42685, 1703, 197021]","[16, 16, 16]","[473.5049057006836, 455.77888107299805, 90.10985374450684]","[84.8398208618164, 133.32498168945312, 473.5049743652344, 1501.322265625, 1007.1841430664062, 252.56854248046875, 455.7789306640625, 90.10985565185547]", Eight,0.6790176033973694,0.32074522972106934,0.6790176033973694,0.00022778502898290753,-0.7499999215770428,"[{""token"": "" Eight"", ""token_id"": 38923, ""probability"": 0.6790176033973694}, {""token"": "" Six"", ""token_id"": 19759, ""probability"": 0.32074522972106934}, {""token"": "" Four"", ""token_id"": 13038, ""probability"": 0.00022778502898290753}, {""token"": "" Two"", ""token_id"": 8512, ""probability"": 4.172028639004566e-06}, {""token"": "" Many"", ""token_id"": 8732, ""probability"": 2.5304632345068967e-06}, {""token"": "" Legs"", ""token_id"": 156403, ""probability"": 9.30905400764459e-07}, {""token"": "" Some"", ""token_id"": 4943, ""probability"": 7.249898317240877e-07}, {""token"": ""Eight"", ""token_id"": 80357, ""probability"": 7.249898317240877e-07}, {""token"": "" Typically"", ""token_id"": 50338, ""probability"": 5.9510789185424073e-08}, {""token"": "" Usually"", ""token_id"": 34645, ""probability"": 5.9510789185424073e-08}, {""token"": "" None"", ""token_id"": 5450, ""probability"": 5.9510789185424073e-08}, {""token"": "" Zero"", ""token_id"": 31234, ""probability"": 5.9510789185424073e-08}]"
"[""pair_L7+L22_refined""]",L7+L22,"[7, 22]",1.0,3.75,0.5,,4.25,3.783186487605389,3.75,False,2108.263858615183,"[14209, 137239, 23422, 23422, 60476]","[16, 16, 16, 21, 16]","[0.0, 0.0, 0.0, 0.0, 0.0]","[42685, 1703, 197021]","[16, 16, 16]","[473.5049057006836, 911.5577621459961, 180.21970748901367]","[84.8398208618164, 133.32498168945312, 473.5049743652344, 1501.322265625, 1007.1841430664062, 252.56854248046875, 911.557861328125, 180.21971130371094]", Eight,0.6222840547561646,0.3774343430995941,0.6222840547561646,0.000268044212134555,-0.5000000401667597,"[{""token"": "" Eight"", ""token_id"": 38923, ""probability"": 0.6222840547561646}, {""token"": "" Six"", ""token_id"": 19759, ""probability"": 0.3774343430995941}, {""token"": "" Four"", ""token_id"": 13038, ""probability"": 0.000268044212134555}, {""token"": "" Two"", ""token_id"": 8512, ""probability"": 6.303795089479536e-06}, {""token"": "" Many"", ""token_id"": 8732, ""probability"": 3.823445240414003e-06}, {""token"": "" Legs"", ""token_id"": 156403, ""probability"": 1.0954354365821928e-06}, {""token"": "" Some"", ""token_id"": 4943, ""probability"": 1.0954354365821928e-06}, {""token"": ""Eight"", ""token_id"": 80357, ""probability"": 6.644152108492563e-07}, {""token"": "" Usually"", ""token_id"": 34645, ""probability"": 8.991882083364544e-08}, {""token"": "" None"", ""token_id"": 5450, ""probability"": 8.991882083364544e-08}, {""token"": "" Zero"", ""token_id"": 31234, ""probability"": 8.991882083364544e-08}, {""token"": ""Six"", ""token_id"": 44955, ""probability"": 7.002884672147047e-08}]"
"[""pair_L7+L22_refined""]",L7+L22,"[7, 22]",1.0,4.0,0.25,,4.25,4.00780488547035,4.0,True,1963.6092762223975,"[14209, 137239, 23422, 23422, 60476]","[16, 16, 16, 21, 16]","[0.0, 0.0, 0.0, 0.0, 0.0]","[42685, 1703, 197021]","[16, 16, 16]","[505.0718994140625, 455.77888107299805, 90.10985374450684]","[84.8398208618164, 133.32498168945312, 505.07196044921875, 1493.5413818359375, 1033.4327392578125, 247.36016845703125, 455.7789306640625, 90.10985565185547]", Six,0.6221548318862915,0.6221548318862915,0.3773559629917145,0.0004418384050950408,0.5000000467348651,"[{""token"": "" Six"", ""token_id"": 19759, ""probability"": 0.6221548318862915}, {""token"": "" Eight"", ""token_id"": 38923, ""probability"": 0.3773559629917145}, {""token"": "" Four"", ""token_id"": 13038, ""probability"": 0.0004418384050950408}, {""token"": "" Two"", ""token_id"": 8512, ""probability"": 3.626830584835261e-05}, {""token"": "" Some"", ""token_id"": 4943, ""probability"": 3.822651251539355e-06}, {""token"": "" Many"", ""token_id"": 8732, ""probability"": 2.318555289093638e-06}, {""token"": "" Zero"", ""token_id"": 31234, ""probability"": 1.805692704692774e-06}, {""token"": "" None"", ""token_id"": 5450, ""probability"": 1.4062748050491791e-06}, {""token"": "" Legs"", ""token_id"": 156403, ""probability"": 1.0952079492199118e-06}, {""token"": ""Eight"", ""token_id"": 80357, ""probability"": 3.1378232279166696e-07}, {""token"": ""Six"", ""token_id"": 44955, ""probability"": 8.990014777054967e-08}, {""token"": "" Usually"", ""token_id"": 34645, ""probability"": 7.001430191166946e-08}]"
"[""pair_L7+L22_refined""]",L7+L22,"[7, 22]",1.0,4.0,0.5,,4.5,4.031128874149275,4.0,True,2122.1036847513537,"[14209, 137239, 23422, 23422, 60476]","[16, 16, 16, 21, 16]","[0.0, 0.0, 0.0, 0.0, 0.0]","[42685, 1703, 197021]","[16, 16, 16]","[505.0718994140625, 911.5577621459961, 180.21970748901367]","[84.8398208618164, 133.32498168945312, 505.07196044921875, 1493.5413818359375, 1033.4327392578125, 247.36016845703125, 911.557861328125, 180.21971130371094]", Six,0.678816556930542,0.678816556930542,0.32065024971961975,0.0004820781177841127,0.7499999601471847,"[{""token"": "" Six"", ""token_id"": 19759, ""probability"": 0.678816556930542}, {""token"": "" Eight"", ""token_id"": 38923, ""probability"": 0.32065024971961975}, {""token"": "" Four"", ""token_id"": 13038, ""probability"": 0.0004820781177841127}, {""token"": "" Two"", ""token_id"": 8512, ""probability"": 3.957138324039988e-05}, {""token"": "" Some"", ""token_id"": 4943, ""probability"": 3.248217126383679e-06}, {""token"": "" Many"", ""token_id"": 8732, ""probability"": 2.529713810872636e-06}, {""token"": "" Zero"", ""token_id"": 31234, ""probability"": 2.529713810872636e-06}, {""token"": "" None"", ""token_id"": 5450, ""probability"": 1.5343490531449788e-06}, {""token"": "" Legs"", ""token_id"": 156403, ""probability"": 1.1949522331633489e-06}, {""token"": ""Eight"", ""token_id"": 80357, ""probability"": 2.076515528415257e-07}, {""token"": "" Usually"", ""token_id"": 34645, ""probability"": 7.639074084409003e-08}, {""token"": "" Several"", ""token_id"": 22624, ""probability"": 7.639074084409003e-08}]"
"[""pair_L7+L22_refined""]",L7+L22,"[7, 22]",1.0,4.25,0.0,,4.25,4.25,4.25,True,1953.4908170752728,"[14209, 137239, 23422, 23422, 60476]","[16, 16, 16, 21, 16]","[0.0, 0.0, 0.0, 0.0, 0.0]","[42685, 1703, 197021]","[16, 16, 16]","[536.6388931274414, 0.0, 0.0]","[84.8398208618164, 133.32498168945312, 536.6389770507812, 1481.2469482421875, 1118.5772705078125, 240.54937744140625, 0.0, 0.0]", Six,0.6786491274833679,0.6786491274833679,0.3205711543560028,0.0006188479019328952,0.7499999828868353,"[{""token"": "" Six"", ""token_id"": 19759, ""probability"": 0.6786491274833679}, {""token"": "" Eight"", ""token_id"": 38923, ""probability"": 0.3205711543560028}, {""token"": "" Four"", ""token_id"": 13038, ""probability"": 0.0006188479019328952}, {""token"": "" Two"", ""token_id"": 8512, ""probability"": 8.375195466214791e-05}, {""token"": "" None"", ""token_id"": 5450, ""probability"": 3.081062459386885e-05}, {""token"": "" Zero"", ""token_id"": 31234, ""probability"": 3.081062459386885e-05}, {""token"": "" Some"", ""token_id"": 4943, ""probability"": 8.82739095686702e-06}, {""token"": "" Many"", ""token_id"": 8732, ""probability"": 3.247415861551417e-06}, {""token"": "" Legs"", ""token_id"": 156403, ""probability"": 2.5290898975072196e-06}, {""token"": ""Eight"", ""token_id"": 80357, ""probability"": 2.6656411478143127e-07}, {""token"": ""Six"", ""token_id"": 44955, ""probability"": 9.806345957485973e-08}, {""token"": "" Several"", ""token_id"": 22624, ""probability"": 9.806345957485973e-08}]"
"[""pair_L7+L22_refined""]",L7+L22,"[7, 22]",1.0,4.25,0.25,,4.5,4.257346591481601,4.25,True,2007.979230998242,"[14209, 137239, 23422, 23422, 60476]","[16, 16, 16, 21, 16]","[0.0, 0.0, 0.0, 0.0, 0.0]","[42685, 1703, 197021]","[16, 16, 16]","[536.6388931274414, 455.77888107299805, 90.10985374450684]","[84.8398208618164, 133.32498168945312, 536.6389770507812, 1481.2469482421875, 1118.5772705078125, 240.54937744140625, 455.7789306640625, 90.10985565185547]", Six,0.7305789589881897,0.7305789589881897,0.26876500248908997,0.0005188384675420821,0.9999999132145129,"[{""token"": "" Six"", ""token_id"": 19759, ""probability"": 0.7305789589881897}, {""token"": "" Eight"", ""token_id"": 38923, ""probability"": 0.26876500248908997}, {""token"": "" Four"", ""token_id"": 13038, ""probability"": 0.0005188384675420821}, {""token"": "" Two"", ""token_id"": 8512, ""probability"": 7.021715282462537e-05}, {""token"": "" None"", ""token_id"": 5450, ""probability"": 2.5831446691881865e-05}, {""token"": "" Zero"", ""token_id"": 31234, ""probability"": 2.5831446691881865e-05}, {""token"": "" Some"", ""token_id"": 4943, ""probability"": 9.502858119958546e-06}, {""token"": "" Many"", ""token_id"": 8732, ""probability"": 2.7226144538872177e-06}, {""token"": "" Legs"", ""token_id"": 156403, ""probability"": 2.1203743472142378e-06}, {""token"": ""Eight"", ""token_id"": 80357, ""probability"": 2.2348579875597352e-07}, {""token"": ""Six"", ""token_id"": 44955, ""probability"": 1.055672242955552e-07}, {""token"": "" Several"", ""token_id"": 22624, ""probability"": 1.055672242955552e-07}]"
"[""pair_L7+L22_refined""]",L7+L22,"[7, 22]",1.0,4.25,0.5,,4.75,4.2793106921559225,4.25,True,2163.2251966193708,"[14209, 137239, 23422, 23422, 60476]","[16, 16, 16, 21, 16]","[0.0, 0.0, 0.0, 0.0, 0.0]","[42685, 1703, 197021]","[16, 16, 16]","[536.6388931274414, 911.5577621459961, 180.21970748901367]","[84.8398208618164, 133.32498168945312, 536.6389770507812, 1481.2469482421875, 1118.5772705078125, 240.54937744140625, 911.557861328125, 180.21971130371094]", Six,0.7768600583076477,0.7768600583076477,0.2225741446018219,0.0004296691622585058,1.2499999487469933,"[{""token"": "" Six"", ""token_id"": 19759, ""probability"": 0.7768600583076477}, {""token"": "" Eight"", ""token_id"": 38923, ""probability"": 0.2225741446018219}, {""token"": "" Four"", ""token_id"": 13038, ""probability"": 0.0004296691622585058}, {""token"": "" Two"", ""token_id"": 8512, ""probability"": 7.46653022360988e-05}, {""token"": "" Zero"", ""token_id"": 31234, ""probability"": 2.746783138718456e-05}, {""token"": "" None"", ""token_id"": 5450, ""probability"": 2.1391968402895145e-05}, {""token"": "" Some"", ""token_id"": 4943, ""probability"": 7.869664841564372e-06}, {""token"": "" Many"", ""token_id"": 8732, ""probability"": 2.2546969375980552e-06}, {""token"": "" Legs"", ""token_id"": 156403, ""probability"": 1.7559597154104267e-06}, {""token"": ""Eight"", ""token_id"": 80357, ""probability"": 1.8507678589685383e-07}, {""token"": ""Six"", ""token_id"": 44955, ""probability"": 1.1225475304854626e-07}, {""token"": "" Several"", ""token_id"": 22624, ""probability"": 8.742408397210966e-08}]"
"[""pair_L7+L22_refined""]",L7+L22,"[7, 22]",1.0,4.5,0.0,,4.5,4.5,4.5,True,1966.404415345154,"[14209, 137239, 23422, 23422, 60476]","[16, 16, 16, 21, 16]","[0.0, 0.0, 0.0, 0.0, 0.0]","[42685, 1703, 197021]","[16, 16, 16]","[568.2058868408203, 0.0, 0.0]","[84.8398208618164, 133.32498168945312, 568.2059326171875, 1451.9962158203125, 1167.1842041015625, 219.77947998046875, 0.0, 0.0]", Six,0.7241047620773315,0.7241047620773315,0.2663832902908325,0.0013978510396555066,0.9999998683541829,"[{""token"": "" Six"", ""token_id"": 19759, ""probability"": 0.7241047620773315}, {""token"": "" Eight"", ""token_id"": 38923, ""probability"": 0.2663832902908325}, {""token"": "" Zero"", ""token_id"": 31234, ""probability"": 0.00487897964194417}, {""token"": "" None"", ""token_id"": 5450, ""probability"": 0.0023046669084578753}, {""token"": "" Four"", ""token_id"": 13038, ""probability"": 0.0013978510396555066}, {""token"": "" Two"", ""token_id"": 8512, ""probability"": 0.0008478394593112171}, {""token"": "" Some"", ""token_id"": 4943, ""probability"": 6.959490565350279e-05}, {""token"": "" Many"", ""token_id"": 8732, ""probability"": 4.4490534492069855e-06}, {""token"": "" Legs"", ""token_id"": 156403, ""probability"": 3.4649265217012726e-06}, {""token"": "" Few"", ""token_id"": 56153, ""probability"": 1.274675128115632e-06}, {""token"": "" One"", ""token_id"": 3656, ""probability"": 9.9271801445866e-07}, {""token"": "" Vary"", ""token_id"": 167407, ""probability"": 7.731295568191854e-07}]"
"[""pair_L7+L22_refined""]",L7+L22,"[7, 22]",1.0,4.5,0.25,,4.75,4.5069390943299865,4.5,True,2020.544615793423,"[14209, 137239, 23422, 23422, 60476]","[16, 16, 16, 21, 16]","[0.0, 0.0, 0.0, 0.0, 0.0]","[42685, 1703, 197021]","[16, 16, 16]","[568.2058868408203, 455.77888107299805, 90.10985374450684]","[84.8398208618164, 133.32498168945312, 568.2059326171875, 1451.9962158203125, 1167.1842041015625, 219.77947998046875, 455.7789306640625, 90.10985565185547]", Six,0.7718588709831238,0.7718588709831238,0.2211412787437439,0.00116044282913208,1.2499999561005137,"[{""token"": "" Six"", ""token_id"": 19759, ""probability"": 0.7718588709831238}, {""token"": "" Eight"", ""token_id"": 38923, ""probability"": 0.2211412787437439}, {""token"": "" Zero"", ""token_id"": 31234, ""probability"": 0.003154410980641842}, {""token"": "" None"", ""token_id"": 5450, ""probability"": 0.0019132470479235053}, {""token"": "" Four"", ""token_id"": 13038, ""probability"": 0.00116044282913208}, {""token"": "" Two"", ""token_id"": 8512, ""probability"": 0.0007038441835902631}, {""token"": "" Some"", ""token_id"": 4943, ""probability"": 5.77750543016009e-05}, {""token"": "" Many"", ""token_id"": 8732, ""probability"": 3.693435701279668e-06}, {""token"": "" Legs"", ""token_id"": 156403, ""probability"": 2.8764504804712487e-06}, {""token"": "" Few"", ""token_id"": 56153, ""probability"": 8.241168529821152e-07}, {""token"": "" Vary"", ""token_id"": 167407, ""probability"": 6.41822850866447e-07}, {""token"": "" One"", ""token_id"": 3656, ""probability"": 6.41822850866447e-07}]"
"[""pair_L7+L22_refined""]",L7+L22,"[7, 22]",1.0,4.5,0.5,,5.0,4.527692569068709,4.5,True,2174.8938373126202,"[14209, 137239, 23422, 23422, 60476]","[16, 16, 16, 21, 16]","[0.0, 0.0, 0.0, 0.0, 0.0]","[42685, 1703, 197021]","[16, 16, 16]","[568.2058868408203, 911.5577621459961, 180.21970748901367]","[84.8398208618164, 133.32498168945312, 568.2059326171875, 1451.9962158203125, 1167.1842041015625, 219.77947998046875, 911.557861328125, 180.21971130371094]", Six,0.7712843418121338,0.7712843418121338,0.22097666561603546,0.0011595790274441242,1.2499999912040276,"[{""token"": "" Six"", ""token_id"": 19759, ""probability"": 0.7712843418121338}, {""token"": "" Eight"", ""token_id"": 38923, ""probability"": 0.22097666561603546}, {""token"": "" Zero"", ""token_id"": 31234, ""probability"": 0.0031520628836005926}, {""token"": "" None"", ""token_id"": 5450, ""probability"": 0.0024548291694372892}, {""token"": "" Four"", ""token_id"": 13038, ""probability"": 0.0011595790274441242}, {""token"": "" Two"", ""token_id"": 8512, ""probability"": 0.0009030810906551778}, {""token"": "" Some"", ""token_id"": 4943, ""probability"": 5.773204975412227e-05}, {""token"": "" Many"", ""token_id"": 8732, ""probability"": 4.738934876513667e-06}, {""token"": "" Legs"", ""token_id"": 156403, ""probability"": 2.8743093025696e-06}, {""token"": "" Few"", ""token_id"": 56153, ""probability"": 1.0573993449725094e-06}, {""token"": "" One"", ""token_id"": 3656, ""probability"": 8.235033988057694e-07}, {""token"": "" Vary"", ""token_id"": 167407, ""probability"": 6.413450819309219e-07}]"
"[""isolated_L7""]",L7,[7],1.0,0.0,,,0.0,0.0,0.0,False,158.0295730120097,"[14209, 137239]","[16, 16]","[0.0, 0.0]",[42685],[16],[0.0],"[84.8398208618164, 133.32498168945312, 0.0]", Eight,0.9999916553497314,8.76417516337824e-08,0.9999916553497314,7.889258995419368e-06,-16.249999991040703,"[{""token"": "" Eight"", ""token_id"": 38923, ""probability"": 0.9999916553497314}, {""token"": "" Four"", ""token_id"": 13038, ""probability"": 7.889258995419368e-06}, {""token"": ""Eight"", ""token_id"": 80357, ""probability"": 3.927830789507425e-07}, {""token"": "" Six"", ""token_id"": 19759, ""probability"": 8.76417516337824e-08}, {""token"": "" Many"", ""token_id"": 8732, ""probability"": 4.363426064912801e-09}, {""token"": "" Two"", ""token_id"": 8512, ""probability"": 9.736119688241729e-10}, {""token"": "" Legs"", ""token_id"": 156403, ""probability"": 5.905254618632227e-10}, {""token"": "" Usually"", ""token_id"": 34645, ""probability"": 2.789444786266415e-10}, {""token"": "" Some"", ""token_id"": 4943, ""probability"": 2.172421686985615e-10}, {""token"": "" Typically"", ""token_id"": 50338, ""probability"": 2.172421686985615e-10}, {""token"": "" Multiple"", ""token_id"": 34489, ""probability"": 2.172421686985615e-10}, {""token"": ""\n\n"", ""token_id"": 108, ""probability"": 1.6918838552371085e-10}]"
"[""isolated_L7""]",L7,[7],1.0,0.25,,,0.25,0.25,0.25,False,161.15154755476496,"[14209, 137239]","[16, 16]","[0.0, 0.0]",[42685],[16],[31.566993713378906],"[84.8398208618164, 133.32498168945312, 31.566997528076172]", Eight,0.9999717473983765,1.4449395280280442e-07,0.9999717473983765,2.7535672415979207e-05,-15.749999926384428,"[{""token"": "" Eight"", ""token_id"": 38923, ""probability"": 0.9999717473983765}, {""token"": "" Four"", ""token_id"": 13038, ""probability"": 2.7535672415979207e-05}, {""token"": ""Eight"", ""token_id"": 80357, ""probability"": 6.4757693962747e-07}, {""token"": "" Six"", ""token_id"": 19759, ""probability"": 1.4449395280280442e-07}, {""token"": "" Many"", ""token_id"": 8732, ""probability"": 7.193929896232021e-09}, {""token"": "" Two"", ""token_id"": 8512, ""probability"": 2.0610952944366545e-09}, {""token"": "" Legs"", ""token_id"": 156403, ""probability"": 9.73592539921242e-10}, {""token"": "" Typically"", ""token_id"": 50338, ""probability"": 4.5989256847178694e-10}, {""token"": "" Usually"", ""token_id"": 34645, ""probability"": 4.5989256847178694e-10}, {""token"": "" Some"", ""token_id"": 4943, ""probability"": 4.5989256847178694e-10}, {""token"": ""\n\n"", ""token_id"": 108, ""probability"": 3.581646645933745e-10}, {""token"": "" None"", ""token_id"": 5450, ""probability"": 2.789389275115184e-10}]"
"[""isolated_L7""]",L7,[7],1.0,0.5,,,0.5,0.5,0.5,False,170.17416748175492,"[14209, 137239]","[16, 16]","[0.0, 0.0]",[42685],[16],[63.13398742675781],"[84.8398208618164, 133.32498168945312, 63.133995056152344]", Eight,0.9999713897705078,1.8553383540620416e-07,0.9999713897705078,2.753566332103219e-05,-15.499999959781597,"[{""token"": "" Eight"", ""token_id"": 38923, ""probability"": 0.9999713897705078}, {""token"": "" Four"", ""token_id"": 13038, ""probability"": 2.753566332103219e-05}, {""token"": ""Eight"", ""token_id"": 80357, ""probability"": 8.315049058182922e-07}, {""token"": "" Six"", ""token_id"": 19759, ""probability"": 1.8553383540620416e-07}, {""token"": "" Many"", ""token_id"": 8732, ""probability"": 1.1860780801953297e-08}, {""token"": "" Two"", ""token_id"": 8512, ""probability"": 2.6464981317531056e-09}, {""token"": "" Legs"", ""token_id"": 156403, ""probability"": 1.605181987329729e-09}, {""token"": "" Typically"", ""token_id"": 50338, ""probability"": 9.735922068543346e-10}, {""token"": "" Usually"", ""token_id"": 34645, ""probability"": 9.735922068543346e-10}, {""token"": "" Some"", ""token_id"": 4943, ""probability"": 5.90513526965708e-10}, {""token"": ""\n\n"", ""token_id"": 108, ""probability"": 4.5989240193833325e-10}, {""token"": "" Zero"", ""token_id"": 31234, ""probability"": 3.58164553571072e-10}]"
"[""isolated_L7""]",L7,[7],1.0,0.75,,,0.75,0.75,0.75,False,184.23252879257632,"[14209, 137239]","[16, 16]","[0.0, 0.0]",[42685],[16],[94.70098114013672],"[84.8398208618164, 133.32498168945312, 94.70099639892578]", Eight,0.9999719858169556,1.4449398122451385e-07,0.9999719858169556,2.753567969193682e-05,-15.74999996811147,"[{""token"": "" Eight"", ""token_id"": 38923, ""probability"": 0.9999719858169556}, {""token"": "" Four"", ""token_id"": 13038, ""probability"": 2.753567969193682e-05}, {""token"": ""Eight"", ""token_id"": 80357, ""probability"": 3.927753482457774e-07}, {""token"": "" Six"", ""token_id"": 19759, ""probability"": 1.4449398122451385e-07}, {""token"": "" Many"", ""token_id"": 8732, ""probability"": 9.237191456179517e-09}, {""token"": "" Legs"", ""token_id"": 156403, ""probability"": 1.6051829865304512e-09}, {""token"": "" Two"", ""token_id"": 8512, ""probability"": 1.6051829865304512e-09}, {""token"": "" Typically"", ""token_id"": 50338, ""probability"": 7.582347527623767e-10}, {""token"": "" Usually"", ""token_id"": 34645, ""probability"": 5.905138600326154e-10}, {""token"": "" Some"", ""token_id"": 4943, ""probability"": 4.598926794940894e-10}, {""token"": "" Multiple"", ""token_id"": 34489, ""probability"": 2.789389830226696e-10}, {""token"": ""\n\n"", ""token_id"": 108, ""probability"": 2.172378943399167e-10}]"
"[""isolated_L7""]",L7,[7],1.0,1.0,,,1.0,1.0,1.0,False,202.27938914619844,"[14209, 137239]","[16, 16]","[0.0, 0.0]",[42685],[16],[126.26797485351562],"[84.8398208618164, 133.32498168945312, 126.26799011230469]", Eight,0.9999409914016724,2.3822290984298888e-07,0.9999409914016724,5.8291225286666304e-05,-15.24999999528893,"[{""token"": "" Eight"", ""token_id"": 38923, ""probability"": 0.9999409914016724}, {""token"": "" Four"", ""token_id"": 13038, ""probability"": 5.8291225286666304e-05}, {""token"": ""Eight"", ""token_id"": 80357, ""probability"": 5.043178816777072e-07}, {""token"": "" Six"", ""token_id"": 19759, ""probability"": 2.3822290984298888e-07}, {""token"": "" Many"", ""token_id"": 8732, ""probability"": 9.236904574549953e-09}, {""token"": "" Legs"", ""token_id"": 156403, ""probability"": 4.363204908486296e-09}, {""token"": "" Two"", ""token_id"": 8512, ""probability"": 2.061031789679646e-09}, {""token"": "" Typically"", ""token_id"": 50338, ""probability"": 9.735626749218795e-10}, {""token"": "" Usually"", ""token_id"": 34645, ""probability"": 7.582112715454059e-10}, {""token"": "" Some"", ""token_id"": 4943, ""probability"": 5.904955413527091e-10}, {""token"": "" Multiple"", ""token_id"": 34489, ""probability"": 2.7893035103865316e-10}, {""token"": ""\n\n"", ""token_id"": 108, ""probability"": 2.7893035103865316e-10}]"
"[""isolated_L7""]",L7,[7],1.0,1.25,,,1.25,1.25,1.25,False,223.3500178508672,"[14209, 137239]","[16, 16]","[0.0, 0.0]",[42685],[16],[157.83496856689453],"[84.8398208618164, 133.32498168945312, 157.83499145507812]", Eight,0.9999243021011353,3.058791548937734e-07,0.9999243021011353,7.484616799047217e-05,-15.000000030878642,"[{""token"": "" Eight"", ""token_id"": 38923, ""probability"": 0.9999243021011353}, {""token"": "" Four"", ""token_id"": 13038, ""probability"": 7.484616799047217e-05}, {""token"": ""Eight"", ""token_id"": 80357, ""probability"": 5.043094688517158e-07}, {""token"": "" Six"", ""token_id"": 19759, ""probability"": 3.058791548937734e-07}, {""token"": "" Many"", ""token_id"": 8732, ""probability"": 1.5228827976443426e-08}, {""token"": "" Legs"", ""token_id"": 156403, ""probability"": 4.36313207785588e-09}, {""token"": "" Two"", ""token_id"": 8512, ""probability"": 3.398010761657133e-09}, {""token"": "" Typically"", ""token_id"": 50338, ""probability"": 1.6051064921640545e-09}, {""token"": "" Usually"", ""token_id"": 34645, ""probability"": 1.2500582791119541e-09}, {""token"": "" Some"", ""token_id"": 4943, ""probability"": 9.735463546434175e-10}, {""token"": ""\n\n"", ""token_id"": 108, ""probability"": 4.5987075258935306e-10}, {""token"": "" Multiple"", ""token_id"": 34489, ""probability"": 3.581476781810977e-10}]"
"[""isolated_L7""]",L7,[7],1.0,1.5,,,1.5,1.5,1.5,False,246.6707538849215,"[14209, 137239]","[16, 16]","[0.0, 0.0]",[42685],[16],[189.40196228027344],"[84.8398208618164, 133.32498168945312, 189.40199279785156]", Eight,0.9999241828918457,3.927565614958439e-07,0.9999241828918457,7.484616071451455e-05,-14.750000033422065,"[{""token"": "" Eight"", ""token_id"": 38923, ""probability"": 0.9999241828918457}, {""token"": "" Four"", ""token_id"": 13038, ""probability"": 7.484616071451455e-05}, {""token"": ""Eight"", ""token_id"": 80357, ""probability"": 6.475461304944474e-07}, {""token"": "" Six"", ""token_id"": 19759, ""probability"": 3.927565614958439e-07}, {""token"": "" Many"", ""token_id"": 8732, ""probability"": 2.5108086276759423e-08}, {""token"": "" Legs"", ""token_id"": 156403, ""probability"": 7.193587947540436e-09}, {""token"": "" Two"", ""token_id"": 8512, ""probability"": 3.3980103175679233e-09}, {""token"": "" Typically"", ""token_id"": 50338, ""probability"": 2.0609971507212776e-09}, {""token"": "" Usually"", ""token_id"": 34645, ""probability"": 1.2500580570673492e-09}, {""token"": "" Some"", ""token_id"": 4943, ""probability"": 9.73546243621115e-10}, {""token"": "" Multiple"", ""token_id"": 34489, ""probability"": 4.5987069707820183e-10}, {""token"": ""\n\n"", ""token_id"": 108, ""probability"": 4.5987069707820183e-10}]"
"[""isolated_L7""]",L7,[7],1.0,1.75,,,1.75,1.75,1.75,False,271.6627363439411,"[14209, 137239]","[16, 16]","[0.0, 0.0]",[42685],[16],[220.96895599365234],"[84.8398208618164, 133.32498168945312, 220.968994140625]", Eight,0.9999241828918457,3.927565614958439e-07,0.9999241828918457,7.484616071451455e-05,-14.750000033422065,"[{""token"": "" Eight"", ""token_id"": 38923, ""probability"": 0.9999241828918457}, {""token"": "" Four"", ""token_id"": 13038, ""probability"": 7.484616071451455e-05}, {""token"": ""Eight"", ""token_id"": 80357, ""probability"": 6.475461304944474e-07}, {""token"": "" Six"", ""token_id"": 19759, ""probability"": 3.927565614958439e-07}, {""token"": "" Many"", ""token_id"": 8732, ""probability"": 1.9554198260607336e-08}, {""token"": "" Legs"", ""token_id"": 156403, ""probability"": 7.193587947540436e-09}, {""token"": "" Two"", ""token_id"": 8512, ""probability"": 2.6463731206405328e-09}, {""token"": "" Typically"", ""token_id"": 50338, ""probability"": 2.0609971507212776e-09}, {""token"": "" Usually"", ""token_id"": 34645, ""probability"": 1.6051062701194496e-09}, {""token"": "" Some"", ""token_id"": 4943, ""probability"": 9.73546243621115e-10}, {""token"": "" Multiple"", ""token_id"": 34489, ""probability"": 3.581476504255221e-10}, {""token"": ""\n\n"", ""token_id"": 108, ""probability"": 3.581476504255221e-10}]"
"[""isolated_L7""]",L7,[7],1.0,2.0,,,2.0,2.0,2.0,False,297.90563481472185,"[14209, 137239]","[16, 16]","[0.0, 0.0]",[42685],[16],[252.53594970703125],"[84.8398208618164, 133.32498168945312, 252.53598022460938]", Eight,0.9997937083244324,2.259863094877801e-06,0.9997937083244324,0.0002034263889072463,-13.000000011046046,"[{""token"": "" Eight"", ""token_id"": 38923, ""probability"": 0.9997937083244324}, {""token"": "" Four"", ""token_id"": 13038, ""probability"": 0.0002034263889072463}, {""token"": "" Six"", ""token_id"": 19759, ""probability"": 2.259863094877801e-06}, {""token"": ""Eight"", ""token_id"": 80357, ""probability"": 6.474616611740203e-07}, {""token"": "" Many"", ""token_id"": 8732, ""probability"": 5.314688777957599e-08}, {""token"": "" Legs"", ""token_id"": 156403, ""probability"": 1.5226838456783298e-08}, {""token"": "" Two"", ""token_id"": 8512, ""probability"": 9.235543885210973e-09}, {""token"": "" Typically"", ""token_id"": 50338, ""probability"": 5.601640484798054e-09}, {""token"": "" Usually"", ""token_id"": 34645, ""probability"": 3.397566894491888e-09}, {""token"": "" Some"", ""token_id"": 4943, ""probability"": 2.0607282547047134e-09}, {""token"": ""\n\n"", ""token_id"": 108, ""probability"": 9.73419234107098e-10}, {""token"": "" Several"", ""token_id"": 22624, ""probability"": 5.904085553787297e-10}]"
"[""isolated_L7""]",L7,[7],1.0,2.25,,,2.25,2.25,2.25,False,325.096664719434,"[14209, 137239]","[16, 16]","[0.0, 0.0]",[42685],[16],[284.10294342041016],"[84.8398208618164, 133.32498168945312, 284.10296630859375]", Eight,0.999839186668396,1.7600632418179885e-06,0.999839186668396,0.00015843583969399333,-13.2499999904452,"[{""token"": "" Eight"", ""token_id"": 38923, ""probability"": 0.999839186668396}, {""token"": "" Four"", ""token_id"": 13038, ""probability"": 0.00015843583969399333}, {""token"": "" Six"", ""token_id"": 19759, ""probability"": 1.7600632418179885e-06}, {""token"": ""Eight"", ""token_id"": 80357, ""probability"": 5.042665520704759e-07}, {""token"": "" Many"", ""token_id"": 8732, ""probability"": 3.223668443297356e-08}, {""token"": "" Legs"", ""token_id"": 156403, ""probability"": 1.9552537366962497e-08}, {""token"": "" Two"", ""token_id"": 8512, ""probability"": 5.601895392004508e-09}, {""token"": "" Typically"", ""token_id"": 50338, ""probability"": 2.6461484115003486e-09}, {""token"": "" Usually"", ""token_id"": 34645, ""probability"": 2.060821957527992e-09}, {""token"": "" Some"", ""token_id"": 4943, ""probability"": 2.060821957527992e-09}, {""token"": ""\n\n"", ""token_id"": 108, ""probability"": 4.59831617227735e-10}, {""token"": "" Several"", ""token_id"": 22624, ""probability"": 2.7890195708479837e-10}]"
"[""isolated_L7""]",L7,[7],1.0,2.5,,,2.5,2.5,2.5,False,353.0168325403995,"[14209, 137239]","[16, 16]","[0.0, 0.0]",[42685],[16],[315.66993713378906],"[84.8398208618164, 133.32498168945312, 315.66998291015625]", Eight,0.9997299313545227,7.887193532951642e-06,0.9997299313545227,0.00026118798996321857,-11.750000080507565,"[{""token"": "" Eight"", ""token_id"": 38923, ""probability"": 0.9997299313545227}, {""token"": "" Four"", ""token_id"": 13038, ""probability"": 0.00026118798996321857}, {""token"": "" Six"", ""token_id"": 19759, ""probability"": 7.887193532951642e-06}, {""token"": ""Eight"", ""token_id"": 80357, ""probability"": 8.313041917062947e-07}, {""token"": "" Many"", ""token_id"": 8732, ""probability"": 8.761881531427207e-08}, {""token"": "" Legs"", ""token_id"": 156403, ""probability"": 4.1388197757896705e-08}, {""token"": "" Two"", ""token_id"": 8512, ""probability"": 1.5225868565948986e-08}, {""token"": "" Typically"", ""token_id"": 50338, ""probability"": 9.234955022918712e-09}, {""token"": "" Usually"", ""token_id"": 34645, ""probability"": 5.6012834370733344e-09}, {""token"": "" Some"", ""token_id"": 4943, ""probability"": 4.3622843115542764e-09}, {""token"": "" Several"", ""token_id"": 22624, ""probability"": 9.733571726400214e-10}, {""token"": ""\n\n"", ""token_id"": 108, ""probability"": 7.580512328964062e-10}]"
"[""isolated_L7""]",L7,[7],1.0,2.75,,,2.75,2.75,2.75,False,381.50604003422524,"[14209, 137239]","[16, 16]","[0.0, 0.0]",[42685],[16],[347.23693084716797],"[84.8398208618164, 133.32498168945312, 347.2369689941406]", Eight,0.9994933605194092,7.481391367036849e-05,0.9994933605194092,0.00043052432010881603,-9.499999910780183,"[{""token"": "" Eight"", ""token_id"": 38923, ""probability"": 0.9994933605194092}, {""token"": "" Four"", ""token_id"": 13038, ""probability"": 0.00043052432010881603}, {""token"": "" Six"", ""token_id"": 19759, ""probability"": 7.481391367036849e-05}, {""token"": ""Eight"", ""token_id"": 80357, ""probability"": 8.311074566336174e-07}, {""token"": "" Many"", ""token_id"": 8732, ""probability"": 2.38116271589206e-07}, {""token"": "" Legs"", ""token_id"": 156403, ""probability"": 1.4442483120546967e-07}, {""token"": "" Two"", ""token_id"": 8512, ""probability"": 4.137840292628425e-08}, {""token"": "" Typically"", ""token_id"": 50338, ""probability"": 1.95457747764749e-08}, {""token"": "" Some"", ""token_id"": 4943, ""probability"": 1.1855110670921931e-08}, {""token"": "" Usually"", ""token_id"": 34645, ""probability"": 1.1855110670921931e-08}, {""token"": "" Several"", ""token_id"": 22624, ""probability"": 2.0601091943461824e-09}, {""token"": ""\n\n"", ""token_id"": 108, ""probability"": 2.0601091943461824e-09}]"
"[""isolated_L7""]",L7,[7],1.0,3.0,,,3.0,3.0,3.0,False,410.44586177661455,"[14209, 137239]","[16, 16]","[0.0, 0.0]",[42685],[16],[378.8039245605469],"[84.8398208618164, 133.32498168945312, 378.8039855957031]", Eight,0.9994599223136902,0.0002033584751188755,0.9994599223136902,0.00033528145286254585,-8.500000025402413,"[{""token"": "" Eight"", ""token_id"": 38923, ""probability"": 0.9994599223136902}, {""token"": "" Four"", ""token_id"": 13038, ""probability"": 0.00033528145286254585}, {""token"": "" Six"", ""token_id"": 19759, ""probability"": 0.0002033584751188755}, {""token"": ""Eight"", ""token_id"": 80357, ""probability"": 8.310796033583756e-07}, {""token"": "" Many"", ""token_id"": 8732, ""probability"": 3.057371031900402e-07}, {""token"": "" Legs"", ""token_id"": 156403, ""probability"": 1.444199853040118e-07}, {""token"": "" Two"", ""token_id"": 8512, ""probability"": 8.75951471357439e-08}, {""token"": "" Some"", ""token_id"": 4943, ""probability"": 1.954511930080116e-08}, {""token"": "" Typically"", ""token_id"": 50338, ""probability"": 1.5221754523508935e-08}, {""token"": "" Usually"", ""token_id"": 34645, ""probability"": 1.1854713655168325e-08}, {""token"": "" Several"", ""token_id"": 22624, ""probability"": 2.6451445478414826e-09}, {""token"": ""\n\n"", ""token_id"": 108, ""probability"": 1.6043609774030188e-09}]"
"[""isolated_L7""]",L7,[7],1.0,3.25,,,3.25,3.25,3.25,False,439.7472914569105,"[14209, 137239]","[16, 16]","[0.0, 0.0]",[42685],[16],[410.3709182739258],"[84.8398208618164, 133.32498168945312, 410.3709716796875]", Eight,0.9995338916778564,0.0002611367672216147,0.9995338916778564,0.00020337352179922163,-8.250000058560358,"[{""token"": "" Eight"", ""token_id"": 38923, ""probability"": 0.9995338916778564}, {""token"": "" Six"", ""token_id"": 19759, ""probability"": 0.0002611367672216147}, {""token"": "" Four"", ""token_id"": 13038, ""probability"": 0.00020337352179922163}, {""token"": ""Eight"", ""token_id"": 80357, ""probability"": 1.0672063126548892e-06}, {""token"": "" Many"", ""token_id"": 8732, ""probability"": 3.926032547951763e-07}, {""token"": "" Legs"", ""token_id"": 156403, ""probability"": 1.4443067186675762e-07}, {""token"": "" Two"", ""token_id"": 8512, ""probability"": 5.3133074828792815e-08}, {""token"": "" Some"", ""token_id"": 4943, ""probability"": 1.9546565255268433e-08}, {""token"": "" Usually"", ""token_id"": 34645, ""probability"": 7.190779971466554e-09}, {""token"": "" Typically"", ""token_id"": 50338, ""probability"": 7.190779971466554e-09}, {""token"": "" Several"", ""token_id"": 22624, ""probability"": 2.0601926831176343e-09}, {""token"": "" Multiple"", ""token_id"": 34489, ""probability"": 1.2495701140480264e-09}]"
"[""isolated_L7""]",L7,[7],1.0,3.5,,,3.5,3.5,3.5,False,469.3426588670972,"[14209, 137239]","[16, 16]","[0.0, 0.0]",[42685],[16],[441.9379119873047],"[84.8398208618164, 133.32498168945312, 441.93798828125]", Eight,0.9994719624519348,0.00043051509419456124,0.9994719624519348,9.606090316083282e-05,-7.749999995693887,"[{""token"": "" Eight"", ""token_id"": 38923, ""probability"": 0.9994719624519348}, {""token"": "" Six"", ""token_id"": 19759, ""probability"": 0.00043051509419456124}, {""token"": "" Four"", ""token_id"": 13038, ""probability"": 9.606090316083282e-05}, {""token"": ""Eight"", ""token_id"": 80357, ""probability"": 6.472532732004765e-07}, {""token"": "" Many"", ""token_id"": 8732, ""probability"": 5.040813562118274e-07}, {""token"": "" Legs"", ""token_id"": 156403, ""probability"": 1.8544118063346104e-07}, {""token"": "" Two"", ""token_id"": 8512, ""probability"": 1.1247575315564973e-07}, {""token"": "" Some"", ""token_id"": 4943, ""probability"": 5.3129785015926245e-08}, {""token"": "" Usually"", ""token_id"": 34645, ""probability"": 9.232572040218656e-09}, {""token"": "" Typically"", ""token_id"": 50338, ""probability"": 9.232572040218656e-09}, {""token"": "" Several"", ""token_id"": 22624, ""probability"": 4.3611585454073065e-09}, {""token"": "" Zero"", ""token_id"": 31234, ""probability"": 2.0600650074698024e-09}]"
"[""isolated_L7""]",L7,[7],1.0,3.75,,,3.75,3.75,3.75,False,499.17963369410353,"[14209, 137239]","[16, 16]","[0.0, 0.0]",[42685],[16],[473.5049057006836],"[84.8398208618164, 133.32498168945312, 473.5049743652344]", Eight,0.9987045526504517,0.0011693628039211035,0.9987045526504517,0.0001232499344041571,-6.75000000339388,"[{""token"": "" Eight"", ""token_id"": 38923, ""probability"": 0.9987045526504517}, {""token"": "" Six"", ""token_id"": 19759, ""probability"": 0.0011693628039211035}, {""token"": "" Four"", ""token_id"": 13038, ""probability"": 0.0001232499344041571}, {""token"": ""Eight"", ""token_id"": 80357, ""probability"": 8.304515404233825e-07}, {""token"": "" Many"", ""token_id"": 8732, ""probability"": 8.304515404233825e-07}, {""token"": "" Two"", ""token_id"": 8512, ""probability"": 6.467563480327954e-07}, {""token"": "" Legs"", ""token_id"": 156403, ""probability"": 3.0550603469237103e-07}, {""token"": "" Some"", ""token_id"": 4943, ""probability"": 1.8529880208006944e-07}, {""token"": "" Zero"", ""token_id"": 31234, ""probability"": 1.521025083661698e-08}, {""token"": "" Usually"", ""token_id"": 34645, ""probability"": 1.521025083661698e-08}, {""token"": "" Typically"", ""token_id"": 50338, ""probability"": 1.184575459944881e-08}, {""token"": "" None"", ""token_id"": 5450, ""probability"": 1.184575459944881e-08}]"
"[""isolated_L7""]",L7,[7],1.0,4.0,,,4.0,4.0,4.0,False,529.2173761115325,"[14209, 137239]","[16, 16]","[0.0, 0.0]",[42685],[16],[505.0718994140625],"[84.8398208618164, 133.32498168945312, 505.07196044921875]", Eight,0.9964848756790161,0.003171592950820923,0.9964848756790161,0.00033428342430852354,-5.749999992275986,"[{""token"": "" Eight"", ""token_id"": 38923, ""probability"": 0.9964848756790161}, {""token"": "" Six"", ""token_id"": 19759, ""probability"": 0.003171592950820923}, {""token"": "" Four"", ""token_id"": 13038, ""probability"": 0.00033428342430852354}, {""token"": "" Two"", ""token_id"": 8512, ""probability"": 6.122614649939351e-06}, {""token"": "" Some"", ""token_id"": 4943, ""probability"": 8.286057777695532e-07}, {""token"": "" Many"", ""token_id"": 8732, ""probability"": 6.453188916566432e-07}, {""token"": ""Eight"", ""token_id"": 80357, ""probability"": 5.025748350817594e-07}, {""token"": "" Legs"", ""token_id"": 156403, ""probability"": 3.914056492249074e-07}, {""token"": "" Zero"", ""token_id"": 31234, ""probability"": 3.914056492249074e-07}, {""token"": "" None"", ""token_id"": 5450, ""probability"": 2.3739953292079008e-07}, {""token"": "" Usually"", ""token_id"": 34645, ""probability"": 1.5176444989606352e-08}, {""token"": "" Several"", ""token_id"": 22624, ""probability"": 1.1819427214732059e-08}]"
"[""isolated_L7""]",L7,[7],1.0,4.25,,,4.25,4.25,4.25,False,559.4235762250881,"[14209, 137239]","[16, 16]","[0.0, 0.0]",[42685],[16],[536.6388931274414],"[84.8398208618164, 133.32498168945312, 536.6389770507812]", Eight,0.9970570802688599,0.0024714574683457613,0.9970570802688599,0.0004294748941902071,-5.999999975573636,"[{""token"": "" Eight"", ""token_id"": 38923, ""probability"": 0.9970570802688599}, {""token"": "" Six"", ""token_id"": 19759, ""probability"": 0.0024714574683457613}, {""token"": "" Four"", ""token_id"": 13038, ""probability"": 0.0004294748941902071}, {""token"": "" Two"", ""token_id"": 8512, ""probability"": 2.1382296836236492e-05}, {""token"": "" Zero"", ""token_id"": 31234, ""probability"": 1.0100280633196235e-05}, {""token"": "" None"", ""token_id"": 5450, ""probability"": 4.771035492012743e-06}, {""token"": "" Some"", ""token_id"": 4943, ""probability"": 2.8937793103978038e-06}, {""token"": "" Many"", ""token_id"": 8732, ""probability"": 1.0645618431226467e-06}, {""token"": ""Eight"", ""token_id"": 80357, ""probability"": 8.290816140288371e-07}, {""token"": "" Legs"", ""token_id"": 156403, ""probability"": 8.290816140288371e-07}, {""token"": "" Variable"", ""token_id"": 37785, ""probability"": 2.503609408677221e-08}, {""token"": "" Several"", ""token_id"": 22624, ""probability"": 2.503609408677221e-08}]"
"[""isolated_L7""]",L7,[7],1.0,4.5,,,4.5,4.5,4.5,False,589.7722677506343,"[14209, 137239]","[16, 16]","[0.0, 0.0]",[42685],[16],[568.2058868408203],"[84.8398208618164, 133.32498168945312, 568.2059326171875]", Eight,0.9954972267150879,0.0019217617809772491,0.9954972267150879,0.0009077759459614754,-6.249999978112847,"[{""token"": "" Eight"", ""token_id"": 38923, ""probability"": 0.9954972267150879}, {""token"": "" Six"", ""token_id"": 19759, ""probability"": 0.0019217617809772491}, {""token"": "" Zero"", ""token_id"": 31234, ""probability"": 0.0011656073620542884}, {""token"": "" Four"", ""token_id"": 13038, ""probability"": 0.0009077759459614754}, {""token"": "" None"", ""token_id"": 5450, ""probability"": 0.0003339521063026041}, {""token"": "" Two"", ""token_id"": 8512, ""probability"": 0.0001577477960381657}, {""token"": "" Some"", ""token_id"": 4943, ""probability"": 1.2948728908668272e-05}, {""token"": "" Many"", ""token_id"": 8732, ""probability"": 1.062896330950025e-06}, {""token"": "" Legs"", ""token_id"": 156403, ""probability"": 8.277845040538523e-07}, {""token"": ""Eight"", ""token_id"": 80357, ""probability"": 5.020767162022821e-07}, {""token"": "" Few"", ""token_id"": 56153, ""probability"": 1.4384738733497215e-07}, {""token"": "" One"", ""token_id"": 3656, ""probability"": 1.4384738733497215e-07}]"
"[""isolated_L7""]",L7,[7],1.0,4.75,,,4.75,4.75,4.75,False,620.2426432944734,"[14209, 137239]","[16, 16]","[0.0, 0.0]",[42685],[16],[599.7728805541992],"[84.8398208618164, 133.32498168945312, 599.77294921875]", Eight,0.7734647393226624,0.0007053085719235241,0.7734647393226624,0.0031609737779945135,-6.999999964351967,"[{""token"": "" Eight"", ""token_id"": 38923, ""probability"": 0.7734647393226624}, {""token"": "" Zero"", ""token_id"": 31234, ""probability"": 0.17258331179618835}, {""token"": "" None"", ""token_id"": 5450, ""probability"": 0.049445945769548416}, {""token"": "" Four"", ""token_id"": 13038, ""probability"": 0.0031609737779945135}, {""token"": "" Six"", ""token_id"": 19759, ""probability"": 0.0007053085719235241}, {""token"": "" Two"", ""token_id"": 8512, ""probability"": 0.000549294869415462}, {""token"": "" Some"", ""token_id"": 4943, ""probability"": 7.433897553710267e-05}, {""token"": "" One"", ""token_id"": 3656, ""probability"": 6.102114184614038e-06}, {""token"": "" Few"", ""token_id"": 56153, ""probability"": 3.701119794641272e-06}, {""token"": "" Legs"", ""token_id"": 156403, ""probability"": 1.7482851717431913e-06}, {""token"": "" Many"", ""token_id"": 8732, ""probability"": 1.3615658644994255e-06}, {""token"": ""Eight"", ""token_id"": 80357, ""probability"": 1.0603885129967239e-06}]"
"[""isolated_L7""]",L7,[7],1.0,5.0,,,5.0,5.0,5.0,False,650.8175615242351,"[14209, 137239]","[16, 16]","[0.0, 0.0]",[42685],[16],[631.3398742675781],"[84.8398208618164, 133.32498168945312, 631.3399658203125]", Zero,0.5452860593795776,0.0001829231041483581,0.3307327330112457,0.0017355261370539665,-7.500000006431327,"[{""token"": "" Zero"", ""token_id"": 31234, ""probability"": 0.5452860593795776}, {""token"": "" Eight"", ""token_id"": 38923, ""probability"": 0.3307327330112457}, {""token"": "" None"", ""token_id"": 5450, ""probability"": 0.12166977673768997}, {""token"": "" Four"", ""token_id"": 13038, ""probability"": 0.0017355261370539665}, {""token"": "" Two"", ""token_id"": 8512, ""probability"": 0.0003015891998074949}, {""token"": "" Six"", ""token_id"": 19759, ""probability"": 0.0001829231041483581}, {""token"": "" Some"", ""token_id"": 4943, ""probability"": 6.729364395141602e-05}, {""token"": "" One"", ""token_id"": 3656, ""probability"": 1.1693882697727531e-05}, {""token"": "" Few"", ""token_id"": 56153, ""probability"": 7.092698524502339e-06}, {""token"": "" Legs"", ""token_id"": 156403, ""probability"": 1.2325261877776938e-06}, {""token"": ""Zero"", ""token_id"": 29337, ""probability"": 9.59892304308596e-07}, {""token"": "" Many"", ""token_id"": 8732, ""probability"": 9.59892304308596e-07}]"
"[""isolated_L22""]",L22,[22],1.0,,0.0,,0.0,0.0,0.0,False,2604.846551385964,"[23422, 23422, 60476]","[16, 21, 16]","[0.0, 0.0, 0.0]","[1703, 197021]","[16, 16]","[0.0, 0.0]","[1855.8961181640625, 1739.021240234375, 562.7435302734375, 0.0, 0.0]", Eight,0.9999903440475464,2.9022926355537493e-06,0.9999903440475464,6.144153303466737e-06,-12.749999913319828,"[{""token"": "" Eight"", ""token_id"": 38923, ""probability"": 0.9999903440475464}, {""token"": "" Four"", ""token_id"": 13038, ""probability"": 6.144153303466737e-06}, {""token"": "" Six"", ""token_id"": 19759, ""probability"": 2.9022926355537493e-06}, {""token"": ""Eight"", ""token_id"": 80357, ""probability"": 6.475889904322685e-07}, {""token"": "" Many"", ""token_id"": 8732, ""probability"": 1.1861005511093481e-08}, {""token"": "" Two"", ""token_id"": 8512, ""probability"": 5.602742270127692e-09}, {""token"": "" Legs"", ""token_id"": 156403, ""probability"": 7.582486860613358e-10}, {""token"": "" None"", ""token_id"": 5450, ""probability"": 7.582486860613358e-10}, {""token"": ""\n\n"", ""token_id"": 108, ""probability"": 4.5990111718907656e-10}, {""token"": "" Typically"", ""token_id"": 50338, ""probability"": 4.5990111718907656e-10}, {""token"": "" Several"", ""token_id"": 22624, ""probability"": 4.5990111718907656e-10}, {""token"": "" Some"", ""token_id"": 4943, ""probability"": 3.5817132593152223e-10}]"
"[""isolated_L22""]",L22,[22],1.0,,0.25,,0.25,0.25,0.25,False,2645.9553616775597,"[23422, 23422, 60476]","[16, 21, 16]","[0.0, 0.0, 0.0]","[1703, 197021]","[16, 16]","[455.77888107299805, 90.10985374450684]","[1855.8961181640625, 1739.021240234375, 562.7435302734375, 455.7789306640625, 90.10985565185547]", Eight,0.9999903440475464,2.9022926355537493e-06,0.9999903440475464,6.144153303466737e-06,-12.749999913319828,"[{""token"": "" Eight"", ""token_id"": 38923, ""probability"": 0.9999903440475464}, {""token"": "" Four"", ""token_id"": 13038, ""probability"": 6.144153303466737e-06}, {""token"": "" Six"", ""token_id"": 19759, ""probability"": 2.9022926355537493e-06}, {""token"": ""Eight"", ""token_id"": 80357, ""probability"": 6.475889904322685e-07}, {""token"": "" Many"", ""token_id"": 8732, ""probability"": 9.23736109825768e-09}, {""token"": "" Two"", ""token_id"": 8512, ""probability"": 4.363420291753073e-09}, {""token"": "" Legs"", ""token_id"": 156403, ""probability"": 7.582486860613358e-10}, {""token"": "" None"", ""token_id"": 5450, ""probability"": 5.905246847071055e-10}, {""token"": "" Typically"", ""token_id"": 50338, ""probability"": 4.5990111718907656e-10}, {""token"": ""\n\n"", ""token_id"": 108, ""probability"": 3.5817132593152223e-10}, {""token"": "" Several"", ""token_id"": 22624, ""probability"": 3.5817132593152223e-10}, {""token"": "" Usually"", ""token_id"": 34645, ""probability"": 3.5817132593152223e-10}]"
"[""isolated_L22""]",L22,[22],1.0,,0.5,,0.5,0.5,0.5,False,2765.6179119970366,"[23422, 23422, 60476]","[16, 21, 16]","[0.0, 0.0, 0.0]","[1703, 197021]","[16, 16]","[911.5577621459961, 180.21970748901367]","[1855.8961181640625, 1739.021240234375, 562.7435302734375, 911.557861328125, 180.21971130371094]", Eight,0.9999885559082031,2.902287405959214e-06,0.9999885559082031,7.88923443906242e-06,-12.749999927047199,"[{""token"": "" Eight"", ""token_id"": 38923, ""probability"": 0.9999885559082031}, {""token"": "" Four"", ""token_id"": 13038, ""probability"": 7.88923443906242e-06}, {""token"": "" Six"", ""token_id"": 19759, ""probability"": 2.902287405959214e-06}, {""token"": ""Eight"", ""token_id"": 80357, ""probability"": 6.475878535638913e-07}, {""token"": "" Many"", ""token_id"": 8732, ""probability"": 1.1860984194811408e-08}, {""token"": "" Two"", ""token_id"": 8512, ""probability"": 5.602732500165075e-09}, {""token"": "" Legs"", ""token_id"": 156403, ""probability"": 7.582473537937062e-10}, {""token"": "" None"", ""token_id"": 5450, ""probability"": 7.582473537937062e-10}, {""token"": "" Several"", ""token_id"": 22624, ""probability"": 4.599002845218081e-10}, {""token"": "" Typically"", ""token_id"": 50338, ""probability"": 4.599002845218081e-10}, {""token"": "" Some"", ""token_id"": 4943, ""probability"": 3.5817068755328307e-10}, {""token"": ""\n\n"", ""token_id"": 108, ""probability"": 3.5817068755328307e-10}]"
"[""isolated_L22""]",L22,[22],1.0,,0.75,,0.75,0.75,0.75,False,2954.3042943256187,"[23422, 23422, 60476]","[16, 21, 16]","[0.0, 0.0, 0.0]","[1703, 197021]","[16, 16]","[1367.3366432189941, 270.3295612335205]","[1855.8961181640625, 1739.021240234375, 562.7435302734375, 1367.3369140625, 270.3295593261719]", Eight,0.9999866485595703,4.78505398859852e-06,0.9999866485595703,7.88921897765249e-06,-12.249999898709744,"[{""token"": "" Eight"", ""token_id"": 38923, ""probability"": 0.9999866485595703}, {""token"": "" Four"", ""token_id"": 13038, ""probability"": 7.88921897765249e-06}, {""token"": "" Six"", ""token_id"": 19759, ""probability"": 4.78505398859852e-06}, {""token"": ""Eight"", ""token_id"": 80357, ""probability"": 6.475866030086763e-07}, {""token"": "" Many"", ""token_id"": 8732, ""probability"": 1.1860961990350916e-08}, {""token"": "" Two"", ""token_id"": 8512, ""probability"": 7.1940373658208046e-09}, {""token"": "" None"", ""token_id"": 5450, ""probability"": 9.736070838428645e-10}, {""token"": "" Legs"", ""token_id"": 156403, ""probability"": 9.736070838428645e-10}, {""token"": "" Typically"", ""token_id"": 50338, ""probability"": 5.905225197722075e-10}, {""token"": ""\n\n"", ""token_id"": 108, ""probability"": 4.59899424098964e-10}, {""token"": "" Some"", ""token_id"": 4943, ""probability"": 4.59899424098964e-10}, {""token"": "" Several"", ""token_id"": 22624, ""probability"": 4.59899424098964e-10}]"
"[""isolated_L22""]",L22,[22],1.0,,1.0,,1.0,1.0,1.0,False,3199.827037799597,"[23422, 23422, 60476]","[16, 21, 16]","[0.0, 0.0, 0.0]","[1703, 197021]","[16, 16]","[1823.1155242919922, 360.43941497802734]","[1855.8961181640625, 1739.021240234375, 562.7435302734375, 1823.11572265625, 360.4394226074219]", Eight,0.9999885559082031,4.785063083545538e-06,0.9999885559082031,6.144141934782965e-06,-12.249999905384897,"[{""token"": "" Eight"", ""token_id"": 38923, ""probability"": 0.9999885559082031}, {""token"": "" Four"", ""token_id"": 13038, ""probability"": 6.144141934782965e-06}, {""token"": "" Six"", ""token_id"": 19759, ""probability"": 4.785063083545538e-06}, {""token"": ""Eight"", ""token_id"": 80357, ""probability"": 5.043418696004665e-07}, {""token"": "" Many"", ""token_id"": 8732, ""probability"": 9.237344222867705e-09}, {""token"": "" Two"", ""token_id"": 8512, ""probability"": 5.602732500165075e-09}, {""token"": "" Legs"", ""token_id"": 156403, ""probability"": 7.582473537937062e-10}, {""token"": "" None"", ""token_id"": 5450, ""probability"": 7.582473537937062e-10}, {""token"": "" Typically"", ""token_id"": 50338, ""probability"": 5.905236299952321e-10}, {""token"": "" Several"", ""token_id"": 22624, ""probability"": 4.599002845218081e-10}, {""token"": "" Some"", ""token_id"": 4943, ""probability"": 3.5817068755328307e-10}, {""token"": ""\n\n"", ""token_id"": 108, ""probability"": 3.5817068755328307e-10}]"
"[""isolated_L22""]",L22,[22],1.0,,1.25,,1.25,1.25,1.25,False,3490.212255019096,"[23422, 23422, 60476]","[16, 21, 16]","[0.0, 0.0, 0.0]","[1703, 197021]","[16, 16]","[2278.8944053649902, 450.5492687225342]","[1855.8961181640625, 1739.021240234375, 562.7435302734375, 2278.894775390625, 450.54925537109375]", Eight,0.9999885559082031,4.785063083545538e-06,0.9999885559082031,6.144141934782965e-06,-12.249999905384897,"[{""token"": "" Eight"", ""token_id"": 38923, ""probability"": 0.9999885559082031}, {""token"": "" Four"", ""token_id"": 13038, ""probability"": 6.144141934782965e-06}, {""token"": "" Six"", ""token_id"": 19759, ""probability"": 4.785063083545538e-06}, {""token"": ""Eight"", ""token_id"": 80357, ""probability"": 5.043418696004665e-07}, {""token"": "" Many"", ""token_id"": 8732, ""probability"": 9.237344222867705e-09}, {""token"": "" Two"", ""token_id"": 8512, ""probability"": 4.3634127422365054e-09}, {""token"": "" None"", ""token_id"": 5450, ""probability"": 7.582473537937062e-10}, {""token"": "" Legs"", ""token_id"": 156403, ""probability"": 7.582473537937062e-10}, {""token"": "" Typically"", ""token_id"": 50338, ""probability"": 5.905236299952321e-10}, {""token"": ""\n\n"", ""token_id"": 108, ""probability"": 3.5817068755328307e-10}, {""token"": "" Several"", ""token_id"": 22624, ""probability"": 3.5817068755328307e-10}, {""token"": "" Zero"", ""token_id"": 31234, ""probability"": 3.5817068755328307e-10}]"
"[""isolated_L22""]",L22,[22],1.0,,1.5,,1.5,1.5,1.5,False,3815.2298469530147,"[23422, 23422, 60476]","[16, 21, 16]","[0.0, 0.0, 0.0]","[1703, 197021]","[16, 16]","[2734.6732864379883, 540.659122467041]","[1855.8961181640625, 1739.021240234375, 562.7435302734375, 2734.673828125, 540.6591186523438]", Eight,0.9999812841415405,1.012990378512768e-05,0.9999812841415405,7.889177140896209e-06,-11.500000021728248,"[{""token"": "" Eight"", ""token_id"": 38923, ""probability"": 0.9999812841415405}, {""token"": "" Six"", ""token_id"": 19759, ""probability"": 1.012990378512768e-05}, {""token"": "" Four"", ""token_id"": 13038, ""probability"": 7.889177140896209e-06}, {""token"": ""Eight"", ""token_id"": 80357, ""probability"": 6.475831355601258e-07}, {""token"": "" Many"", ""token_id"": 8732, ""probability"": 1.1860898041504697e-08}, {""token"": "" Two"", ""token_id"": 8512, ""probability"": 9.237276721307808e-09}, {""token"": "" None"", ""token_id"": 5450, ""probability"": 9.736018657946488e-10}, {""token"": "" Legs"", ""token_id"": 156403, ""probability"": 9.736018657946488e-10}, {""token"": "" Typically"", ""token_id"": 50338, ""probability"": 7.582418026785831e-10}, {""token"": ""\n\n"", ""token_id"": 108, ""probability"": 5.905193556365873e-10}, {""token"": "" Several"", ""token_id"": 22624, ""probability"": 5.905193556365873e-10}, {""token"": "" Usually"", ""token_id"": 34645, ""probability"": 5.905193556365873e-10}]"
"[""isolated_L22""]",L22,[22],1.0,,1.75,,1.75,1.75,1.75,False,4166.783302738759,"[23422, 23422, 60476]","[16, 21, 16]","[0.0, 0.0, 0.0]","[1703, 197021]","[16, 16]","[3190.4521675109863, 630.7689762115479]","[1855.8961181640625, 1739.021240234375, 562.7435302734375, 3190.45263671875, 630.7689819335938]", Eight,0.9999803304672241,1.3007042070967145e-05,0.9999803304672241,6.144091457827017e-06,-11.249999979675083,"[{""token"": "" Eight"", ""token_id"": 38923, ""probability"": 0.9999803304672241}, {""token"": "" Six"", ""token_id"": 19759, ""probability"": 1.3007042070967145e-05}, {""token"": "" Four"", ""token_id"": 13038, ""probability"": 6.144091457827017e-06}, {""token"": ""Eight"", ""token_id"": 80357, ""probability"": 5.043377200308896e-07}, {""token"": "" Many"", ""token_id"": 8732, ""probability"": 1.1860886495185241e-08}, {""token"": "" Two"", ""token_id"": 8512, ""probability"": 9.23726783952361e-09}, {""token"": "" Legs"", ""token_id"": 156403, ""probability"": 9.73600977616229e-10}, {""token"": "" None"", ""token_id"": 5450, ""probability"": 9.73600977616229e-10}, {""token"": "" Typically"", ""token_id"": 50338, ""probability"": 7.582410810336171e-10}, {""token"": "" Several"", ""token_id"": 22624, ""probability"": 5.90518800525075e-10}, {""token"": "" Usually"", ""token_id"": 34645, ""probability"": 5.90518800525075e-10}, {""token"": ""\n\n"", ""token_id"": 108, ""probability"": 4.5989650976352436e-10}]"
"[""isolated_L22""]",L22,[22],1.0,,2.0,,2.0,2.0,2.0,False,4538.710788156844,"[23422, 23422, 60476]","[16, 21, 16]","[0.0, 0.0, 0.0]","[1703, 197021]","[16, 16]","[3646.2310485839844, 720.8788299560547]","[1855.8961181640625, 1739.021240234375, 562.7435302734375, 3646.2314453125, 720.8788452148438]", Eight,0.9999802112579346,1.3007040251977742e-05,0.9999802112579346,6.144091003079666e-06,-11.250000000309958,"[{""token"": "" Eight"", ""token_id"": 38923, ""probability"": 0.9999802112579346}, {""token"": "" Six"", ""token_id"": 19759, ""probability"": 1.3007040251977742e-05}, {""token"": "" Four"", ""token_id"": 13038, ""probability"": 6.144091003079666e-06}, {""token"": ""Eight"", ""token_id"": 80357, ""probability"": 6.475824534390995e-07}, {""token"": "" Many"", ""token_id"": 8732, ""probability"": 9.237266951345191e-09}, {""token"": "" Two"", ""token_id"": 8512, ""probability"": 7.19399073645377e-09}, {""token"": "" None"", ""token_id"": 5450, ""probability"": 7.582410255224659e-10}, {""token"": "" Legs"", ""token_id"": 156403, ""probability"": 7.582410255224659e-10}, {""token"": "" Typically"", ""token_id"": 50338, ""probability"": 5.905186895027725e-10}, {""token"": "" Several"", ""token_id"": 22624, ""probability"": 4.5989645425237313e-10}, {""token"": "" Zero"", ""token_id"": 31234, ""probability"": 4.5989645425237313e-10}, {""token"": "" Usually"", ""token_id"": 34645, ""probability"": 4.5989645425237313e-10}]"
"[""isolated_L22""]",L22,[22],1.0,,2.25,,2.25,2.25,2.25,False,4926.399949631087,"[23422, 23422, 60476]","[16, 21, 16]","[0.0, 0.0, 0.0]","[1703, 197021]","[16, 16]","[4102.009929656982, 810.9886837005615]","[1855.8961181640625, 1739.021240234375, 562.7435302734375, 4102.01025390625, 810.98876953125]", Eight,0.9999786615371704,1.3007020243094303e-05,0.9999786615371704,7.889156222518068e-06,-11.249999988870304,"[{""token"": "" Eight"", ""token_id"": 38923, ""probability"": 0.9999786615371704}, {""token"": "" Six"", ""token_id"": 19759, ""probability"": 1.3007020243094303e-05}, {""token"": "" Four"", ""token_id"": 13038, ""probability"": 7.889156222518068e-06}, {""token"": ""Eight"", ""token_id"": 80357, ""probability"": 5.043369242230256e-07}, {""token"": "" Many"", ""token_id"": 8732, ""probability"": 1.1860866955260008e-08}, {""token"": "" Two"", ""token_id"": 8512, ""probability"": 9.237252740490476e-09}, {""token"": "" None"", ""token_id"": 5450, ""probability"": 9.735993122816922e-10}, {""token"": "" Legs"", ""token_id"": 156403, ""probability"": 7.5823985978829e-10}, {""token"": "" Typically"", ""token_id"": 50338, ""probability"": 7.5823985978829e-10}, {""token"": "" Some"", ""token_id"": 4943, ""probability"": 4.5989573260740713e-10}, {""token"": "" Several"", ""token_id"": 22624, ""probability"": 4.5989573260740713e-10}, {""token"": "" Zero"", ""token_id"": 31234, ""probability"": 4.5989573260740713e-10}]"
"[""isolated_L22""]",L22,[22],1.0,,2.5,,2.5,2.5,2.5,False,5326.410580450955,"[23422, 23422, 60476]","[16, 21, 16]","[0.0, 0.0, 0.0]","[1703, 197021]","[16, 16]","[4557.7888107299805, 901.0985374450684]","[1855.8961181640625, 1739.021240234375, 562.7435302734375, 4557.78955078125, 901.0985107421875]", Eight,0.9999727010726929,1.6701244021533057e-05,0.9999727010726929,1.012981647363631e-05,-11.00000004970868,"[{""token"": "" Eight"", ""token_id"": 38923, ""probability"": 0.9999727010726929}, {""token"": "" Six"", ""token_id"": 19759, ""probability"": 1.6701244021533057e-05}, {""token"": "" Four"", ""token_id"": 13038, ""probability"": 1.012981647363631e-05}, {""token"": ""Eight"", ""token_id"": 80357, ""probability"": 5.043339115218259e-07}, {""token"": "" Many"", ""token_id"": 8732, ""probability"": 1.5229565164531778e-08}, {""token"": "" Two"", ""token_id"": 8512, ""probability"": 1.1860795900986432e-08}, {""token"": "" None"", ""token_id"": 5450, ""probability"": 1.2501187862667962e-09}, {""token"": "" Legs"", ""token_id"": 156403, ""probability"": 9.735935391219641e-10}, {""token"": "" Typically"", ""token_id"": 50338, ""probability"": 9.735935391219641e-10}, {""token"": "" Some"", ""token_id"": 4943, ""probability"": 5.905143041218253e-10}, {""token"": "" Several"", ""token_id"": 22624, ""probability"": 5.905143041218253e-10}, {""token"": "" Zero"", ""token_id"": 31234, ""probability"": 5.905143041218253e-10}]"
"[""isolated_L22""]",L22,[22],1.0,,2.75,,2.75,2.75,2.75,False,5736.164869677717,"[23422, 23422, 60476]","[16, 21, 16]","[0.0, 0.0, 0.0]","[1703, 197021]","[16, 16]","[5013.5676918029785, 991.2083911895752]","[1855.8961181640625, 1739.021240234375, 562.7435302734375, 5013.568359375, 991.2084350585938]", Eight,0.9999589920043945,2.7535321351024322e-05,0.9999589920043945,1.3006764675083105e-05,-10.49999995584322,"[{""token"": "" Eight"", ""token_id"": 38923, ""probability"": 0.9999589920043945}, {""token"": "" Six"", ""token_id"": 19759, ""probability"": 2.7535321351024322e-05}, {""token"": "" Four"", ""token_id"": 13038, ""probability"": 1.3006764675083105e-05}, {""token"": ""Eight"", ""token_id"": 80357, ""probability"": 5.043269766247249e-07}, {""token"": "" Many"", ""token_id"": 8732, ""probability"": 1.5229355554424728e-08}, {""token"": "" Two"", ""token_id"": 8512, ""probability"": 1.5229355554424728e-08}, {""token"": "" None"", ""token_id"": 5450, ""probability"": 1.2501015778099145e-09}, {""token"": "" Legs"", ""token_id"": 156403, ""probability"": 1.2501015778099145e-09}, {""token"": "" Typically"", ""token_id"": 50338, ""probability"": 9.735801054233661e-10}, {""token"": ""\n\n"", ""token_id"": 108, ""probability"": 5.905061994937455e-10}, {""token"": "" Some"", ""token_id"": 4943, ""probability"": 5.905061994937455e-10}, {""token"": "" Several"", ""token_id"": 22624, ""probability"": 5.905061994937455e-10}]"
"[""isolated_L22""]",L22,[22],1.0,,3.0,,3.0,3.0,3.0,False,6153.717451388424,"[23422, 23422, 60476]","[16, 21, 16]","[0.0, 0.0, 0.0]","[1703, 197021]","[16, 16]","[5469.346572875977, 1081.318244934082]","[1855.8961181640625, 1739.021240234375, 562.7435302734375, 5469.34765625, 1081.3182373046875]", Eight,0.9999728202819824,1.670124584052246e-05,0.9999728202819824,1.0129817383131012e-05,-11.000000060007816,"[{""token"": "" Eight"", ""token_id"": 38923, ""probability"": 0.9999728202819824}, {""token"": "" Six"", ""token_id"": 19759, ""probability"": 1.670124584052246e-05}, {""token"": "" Four"", ""token_id"": 13038, ""probability"": 1.0129817383131012e-05}, {""token"": ""Eight"", ""token_id"": 80357, ""probability"": 3.9277566088458116e-07}, {""token"": "" Many"", ""token_id"": 8732, ""probability"": 1.1860797677343271e-08}, {""token"": "" Two"", ""token_id"": 8512, ""probability"": 9.237198561606874e-09}, {""token"": "" None"", ""token_id"": 5450, ""probability"": 9.735936501442666e-10}, {""token"": "" Legs"", ""token_id"": 156403, ""probability"": 9.735936501442666e-10}, {""token"": "" Typically"", ""token_id"": 50338, ""probability"": 7.582354188961915e-10}, {""token"": ""\n\n"", ""token_id"": 108, ""probability"": 4.59893068072148e-10}, {""token"": "" Some"", ""token_id"": 4943, ""probability"": 4.59893068072148e-10}, {""token"": "" Several"", ""token_id"": 22624, ""probability"": 4.59893068072148e-10}]"
"[""isolated_L22""]",L22,[22],1.0,,3.25,,3.25,3.25,3.25,False,6577.58260879341,"[23422, 23422, 60476]","[16, 21, 16]","[0.0, 0.0, 0.0]","[1703, 197021]","[16, 16]","[5925.125453948975, 1171.4280986785889]","[1855.8961181640625, 1739.021240234375, 562.7435302734375, 5925.12646484375, 1171.4281005859375]", Eight,0.9999425411224365,3.535547148203477e-05,0.9999425411224365,2.1444177036755718e-05,-10.249999936814952,"[{""token"": "" Eight"", ""token_id"": 38923, ""probability"": 0.9999425411224365}, {""token"": "" Six"", ""token_id"": 19759, ""probability"": 3.535547148203477e-05}, {""token"": "" Four"", ""token_id"": 13038, ""probability"": 2.1444177036755718e-05}, {""token"": ""Eight"", ""token_id"": 80357, ""probability"": 6.475580107689893e-07}, {""token"": "" Two"", ""token_id"": 8512, ""probability"": 1.9554557084688895e-08}, {""token"": "" Many"", ""token_id"": 8732, ""probability"": 1.9554557084688895e-08}, {""token"": "" None"", ""token_id"": 5450, ""probability"": 2.06103512034872e-09}, {""token"": "" Legs"", ""token_id"": 156403, ""probability"": 1.6051356910296022e-09}, {""token"": "" Typically"", ""token_id"": 50338, ""probability"": 1.250081038683959e-09}, {""token"": ""\n\n"", ""token_id"": 108, ""probability"": 9.735641182118115e-10}, {""token"": "" Several"", ""token_id"": 22624, ""probability"": 7.582124372795818e-10}, {""token"": "" Some"", ""token_id"": 4943, ""probability"": 7.582124372795818e-10}]"
"[""isolated_L22""]",L22,[22],1.0,,3.5,,3.5,3.5,3.5,False,7006.615138505041,"[23422, 23422, 60476]","[16, 21, 16]","[0.0, 0.0, 0.0]","[1703, 197021]","[16, 16]","[6380.904335021973, 1261.5379524230957]","[1855.8961181640625, 1739.021240234375, 562.7435302734375, 6380.9052734375, 1261.5379638671875]", Eight,0.9999550580978394,2.7535214030649513e-05,0.9999550580978394,1.6700949345249683e-05,-10.49999991932821,"[{""token"": "" Eight"", ""token_id"": 38923, ""probability"": 0.9999550580978394}, {""token"": "" Six"", ""token_id"": 19759, ""probability"": 2.7535214030649513e-05}, {""token"": "" Four"", ""token_id"": 13038, ""probability"": 1.6700949345249683e-05}, {""token"": ""Eight"", ""token_id"": 80357, ""probability"": 6.475661393778864e-07}, {""token"": "" Many"", ""token_id"": 8732, ""probability"": 1.9554802221932732e-08}, {""token"": "" Two"", ""token_id"": 8512, ""probability"": 1.5229296934649028e-08}, {""token"": "" None"", ""token_id"": 5450, ""probability"": 1.605155786066348e-09}, {""token"": "" Legs"", ""token_id"": 156403, ""probability"": 1.605155786066348e-09}, {""token"": "" Typically"", ""token_id"": 50338, ""probability"": 1.2500966928286061e-09}, {""token"": ""\n\n"", ""token_id"": 108, ""probability"": 7.582219296864423e-10}, {""token"": "" Some"", ""token_id"": 4943, ""probability"": 7.582219296864423e-10}, {""token"": "" Several"", ""token_id"": 22624, ""probability"": 7.582219296864423e-10}]"
"[""isolated_L22""]",L22,[22],1.0,,3.75,,3.75,3.75,3.75,False,7439.921144904824,"[23422, 23422, 60476]","[16, 21, 16]","[0.0, 0.0, 0.0]","[1703, 197021]","[16, 16]","[6836.683216094971, 1351.6478061676025]","[1855.8961181640625, 1739.021240234375, 562.7435302734375, 6836.68408203125, 1351.6478271484375]", Eight,0.9999613761901855,2.1444580852403305e-05,0.9999613761901855,1.670105484663509e-05,-10.749999960867205,"[{""token"": "" Eight"", ""token_id"": 38923, ""probability"": 0.9999613761901855}, {""token"": "" Six"", ""token_id"": 19759, ""probability"": 2.1444580852403305e-05}, {""token"": "" Four"", ""token_id"": 13038, ""probability"": 1.670105484663509e-05}, {""token"": ""Eight"", ""token_id"": 80357, ""probability"": 5.04328170336521e-07}, {""token"": "" Many"", ""token_id"": 8732, ""probability"": 1.955492656691149e-08}, {""token"": "" Two"", ""token_id"": 8512, ""probability"": 1.955492656691149e-08}, {""token"": "" None"", ""token_id"": 5450, ""probability"": 2.0610737561099768e-09}, {""token"": "" Legs"", ""token_id"": 156403, ""probability"": 1.250104575412081e-09}, {""token"": "" Typically"", ""token_id"": 50338, ""probability"": 1.250104575412081e-09}, {""token"": ""\n\n"", ""token_id"": 108, ""probability"": 7.582267036454482e-10}, {""token"": "" Some"", ""token_id"": 4943, ""probability"": 7.582267036454482e-10}, {""token"": "" Several"", ""token_id"": 22624, ""probability"": 7.582267036454482e-10}]"
"[""isolated_L22""]",L22,[22],1.0,,4.0,,4.0,4.0,4.0,False,7876.795402022527,"[23422, 23422, 60476]","[16, 21, 16]","[0.0, 0.0, 0.0]","[1703, 197021]","[16, 16]","[7292.462097167969, 1441.7576599121094]","[1855.8961181640625, 1739.021240234375, 562.7435302734375, 7292.462890625, 1441.7576904296875]", Eight,0.9999611377716064,2.1444575395435095e-05,0.9999611377716064,1.670105120865628e-05,-10.749999976907823,"[{""token"": "" Eight"", ""token_id"": 38923, ""probability"": 0.9999611377716064}, {""token"": "" Six"", ""token_id"": 19759, ""probability"": 2.1444575395435095e-05}, {""token"": "" Four"", ""token_id"": 13038, ""probability"": 1.670105120865628e-05}, {""token"": ""Eight"", ""token_id"": 80357, ""probability"": 6.475700615737878e-07}, {""token"": "" Two"", ""token_id"": 8512, ""probability"": 1.5229389305204677e-08}, {""token"": "" Many"", ""token_id"": 8732, ""probability"": 1.5229389305204677e-08}, {""token"": "" Legs"", ""token_id"": 156403, ""probability"": 1.6051655560289646e-09}, {""token"": "" None"", ""token_id"": 5450, ""probability"": 1.6051655560289646e-09}, {""token"": "" Typically"", ""token_id"": 50338, ""probability"": 1.2501042423451736e-09}, {""token"": "" Zero"", ""token_id"": 31234, ""probability"": 7.582265371119945e-10}, {""token"": "" Usually"", ""token_id"": 34645, ""probability"": 7.582265371119945e-10}, {""token"": ""\n\n"", ""token_id"": 108, ""probability"": 5.905074762502238e-10}]"
"[""isolated_L22""]",L22,[22],1.0,,4.25,,4.25,4.25,4.25,False,8316.67606406156,"[23422, 23422, 60476]","[16, 21, 16]","[0.0, 0.0, 0.0]","[1703, 197021]","[16, 16]","[7748.240978240967, 1531.8675136566162]","[1855.8961181640625, 1739.021240234375, 562.7435302734375, 7748.2421875, 1531.8675537109375]", Eight,0.9999727010726929,1.6701244021533057e-05,0.9999727010726929,1.012981647363631e-05,-11.00000004970868,"[{""token"": "" Eight"", ""token_id"": 38923, ""probability"": 0.9999727010726929}, {""token"": "" Six"", ""token_id"": 19759, ""probability"": 1.6701244021533057e-05}, {""token"": "" Four"", ""token_id"": 13038, ""probability"": 1.012981647363631e-05}, {""token"": ""Eight"", ""token_id"": 80357, ""probability"": 5.043339115218259e-07}, {""token"": "" Two"", ""token_id"": 8512, ""probability"": 1.1860795900986432e-08}, {""token"": "" Many"", ""token_id"": 8732, ""probability"": 1.1860795900986432e-08}, {""token"": "" None"", ""token_id"": 5450, ""probability"": 1.2501187862667962e-09}, {""token"": "" Legs"", ""token_id"": 156403, ""probability"": 9.735935391219641e-10}, {""token"": "" Typically"", ""token_id"": 50338, ""probability"": 7.58235307873889e-10}, {""token"": ""\n\n"", ""token_id"": 108, ""probability"": 5.905143041218253e-10}, {""token"": "" Several"", ""token_id"": 22624, ""probability"": 4.598930125609968e-10}, {""token"": "" Some"", ""token_id"": 4943, ""probability"": 4.598930125609968e-10}]"
"[""isolated_L22""]",L22,[22],1.0,,4.5,,4.5,4.5,4.5,False,8759.108926488965,"[23422, 23422, 60476]","[16, 21, 16]","[0.0, 0.0, 0.0]","[1703, 197021]","[16, 16]","[8204.019859313965, 1621.977367401123]","[1855.8961181640625, 1739.021240234375, 562.7435302734375, 8204.0205078125, 1621.9775390625]", Eight,0.9999696016311646,1.6701193089829758e-05,0.9999696016311646,1.3006902008783072e-05,-10.999999999757808,"[{""token"": "" Eight"", ""token_id"": 38923, ""probability"": 0.9999696016311646}, {""token"": "" Six"", ""token_id"": 19759, ""probability"": 1.6701193089829758e-05}, {""token"": "" Four"", ""token_id"": 13038, ""probability"": 1.3006902008783072e-05}, {""token"": ""Eight"", ""token_id"": 80357, ""probability"": 6.475755753854173e-07}, {""token"": "" Two"", ""token_id"": 8512, ""probability"": 1.9555086439027036e-08}, {""token"": "" Many"", ""token_id"": 8732, ""probability"": 1.5229517202897114e-08}, {""token"": "" None"", ""token_id"": 5450, ""probability"": 1.605179100749865e-09}, {""token"": "" Legs"", ""token_id"": 156403, ""probability"": 1.25011490048621e-09}, {""token"": "" Typically"", ""token_id"": 50338, ""probability"": 9.735904304974952e-10}, {""token"": ""\n\n"", ""token_id"": 108, ""probability"": 7.582329764055373e-10}, {""token"": "" Some"", ""token_id"": 4943, ""probability"": 7.582329764055373e-10}, {""token"": "" Zero"", ""token_id"": 31234, ""probability"": 7.582329764055373e-10}]"
"[""isolated_L22""]",L22,[22],1.0,,4.75,,4.75,4.75,4.75,False,9203.728482657425,"[23422, 23422, 60476]","[16, 21, 16]","[0.0, 0.0, 0.0]","[1703, 197021]","[16, 16]","[8659.798740386963, 1712.0872211456299]","[1855.8961181640625, 1739.021240234375, 562.7435302734375, 8659.80078125, 1712.0872802734375]", Eight,0.9999698400497437,1.6701196727808565e-05,0.9999698400497437,1.300690564676188e-05,-11.00000002035615,"[{""token"": "" Eight"", ""token_id"": 38923, ""probability"": 0.9999698400497437}, {""token"": "" Six"", ""token_id"": 19759, ""probability"": 1.6701196727808565e-05}, {""token"": "" Four"", ""token_id"": 13038, ""probability"": 1.300690564676188e-05}, {""token"": ""Eight"", ""token_id"": 80357, ""probability"": 5.043324335929356e-07}, {""token"": "" Many"", ""token_id"": 8732, ""probability"": 1.5229520755610793e-08}, {""token"": "" Two"", ""token_id"": 8512, ""probability"": 1.5229520755610793e-08}, {""token"": "" None"", ""token_id"": 5450, ""probability"": 1.6051795448390749e-09}, {""token"": "" Legs"", ""token_id"": 156403, ""probability"": 1.6051795448390749e-09}, {""token"": "" Typically"", ""token_id"": 50338, ""probability"": 9.735907635644026e-10}, {""token"": ""\n\n"", ""token_id"": 108, ""probability"": 7.58233142938991e-10}, {""token"": "" Zero"", ""token_id"": 31234, ""probability"": 7.58233142938991e-10}, {""token"": "" Usually"", ""token_id"": 34645, ""probability"": 7.58233142938991e-10}]"
"[""isolated_L22""]",L22,[22],1.0,,5.0,,5.0,5.0,5.0,False,9650.229117350402,"[23422, 23422, 60476]","[16, 21, 16]","[0.0, 0.0, 0.0]","[1703, 197021]","[16, 16]","[9115.577621459961, 1802.1970748901367]","[1855.8961181640625, 1739.021240234375, 562.7435302734375, 9115.5791015625, 1802.197021484375]", Eight,0.9999611377716064,2.1444575395435095e-05,0.9999611377716064,1.670105120865628e-05,-10.749999976907823,"[{""token"": "" Eight"", ""token_id"": 38923, ""probability"": 0.9999611377716064}, {""token"": "" Six"", ""token_id"": 19759, ""probability"": 2.1444575395435095e-05}, {""token"": "" Four"", ""token_id"": 13038, ""probability"": 1.670105120865628e-05}, {""token"": ""Eight"", ""token_id"": 80357, ""probability"": 6.475700615737878e-07}, {""token"": "" Two"", ""token_id"": 8512, ""probability"": 1.9554921237840972e-08}, {""token"": "" Many"", ""token_id"": 8732, ""probability"": 1.5229389305204677e-08}, {""token"": "" None"", ""token_id"": 5450, ""probability"": 1.6051655560289646e-09}, {""token"": "" Legs"", ""token_id"": 156403, ""probability"": 1.2501042423451736e-09}, {""token"": "" Typically"", ""token_id"": 50338, ""probability"": 1.2501042423451736e-09}, {""token"": ""\n\n"", ""token_id"": 108, ""probability"": 7.582265371119945e-10}, {""token"": "" Several"", ""token_id"": 22624, ""probability"": 7.582265371119945e-10}, {""token"": "" Zero"", ""token_id"": 31234, ""probability"": 7.582265371119945e-10}]"
"[""isolated_L27""]",L27,[27],1.0,,,0.0,0.0,0.0,0.0,False,1669.688573339575,"[129426, 129426, 144881, 144881]","[16, 21, 16, 21]","[0.0, 0.0, 0.0, 0.0]",[248182],[16],[0.0],"[704.1505737304688, 703.5153198242188, 943.4799194335938, 952.3359375, 0.0]", Eight,0.9999778270721436,1.4449483387579676e-07,0.9999778270721436,2.1444933736347593e-05,-15.749999908583943,"[{""token"": "" Eight"", ""token_id"": 38923, ""probability"": 0.9999778270721436}, {""token"": "" Four"", ""token_id"": 13038, ""probability"": 2.1444933736347593e-05}, {""token"": ""Eight"", ""token_id"": 80357, ""probability"": 6.475808618233714e-07}, {""token"": "" Six"", ""token_id"": 19759, ""probability"": 1.4449483387579676e-07}, {""token"": "" Many"", ""token_id"": 8732, ""probability"": 5.6026721040325356e-09}, {""token"": "" Two"", ""token_id"": 8512, ""probability"": 2.0611077289345303e-09}, {""token"": "" Legs"", ""token_id"": 156403, ""probability"": 7.582391936544752e-10}, {""token"": "" None"", ""token_id"": 5450, ""probability"": 4.598953717849241e-10}, {""token"": "" Typically"", ""token_id"": 50338, ""probability"": 3.581668572838481e-10}, {""token"": "" Usually"", ""token_id"": 34645, ""probability"": 3.581668572838481e-10}, {""token"": ""\n\n"", ""token_id"": 108, ""probability"": 3.581668572838481e-10}, {""token"": "" Some"", ""token_id"": 4943, ""probability"": 3.581668572838481e-10}]"
"[""isolated_L27""]",L27,[27],1.0,,,0.25,0.25,0.25,0.25,False,1686.310130989668,"[129426, 129426, 144881, 144881]","[16, 21, 16, 21]","[0.0, 0.0, 0.0, 0.0]",[248182],[16],[236.18194580078125],"[704.1505737304688, 703.5153198242188, 943.4799194335938, 952.3359375, 236.18197631835938]", Eight,0.9999861717224121,1.1253361975605003e-07,0.9999861717224121,1.3007117559027392e-05,-15.999999989297198,"[{""token"": "" Eight"", ""token_id"": 38923, ""probability"": 0.9999861717224121}, {""token"": "" Four"", ""token_id"": 13038, ""probability"": 1.3007117559027392e-05}, {""token"": ""Eight"", ""token_id"": 80357, ""probability"": 6.475862619481632e-07}, {""token"": "" Six"", ""token_id"": 19759, ""probability"": 1.1253361975605003e-07}, {""token"": "" Many"", ""token_id"": 8732, ""probability"": 4.363402084095469e-09}, {""token"": "" Two"", ""token_id"": 8512, ""probability"": 1.250135550634468e-09}, {""token"": "" Legs"", ""token_id"": 156403, ""probability"": 5.905222422164513e-10}, {""token"": "" None"", ""token_id"": 5450, ""probability"": 2.7894295206998265e-10}, {""token"": "" Usually"", ""token_id"": 34645, ""probability"": 2.7894295206998265e-10}, {""token"": "" Typically"", ""token_id"": 50338, ""probability"": 2.7894295206998265e-10}, {""token"": "" Some"", ""token_id"": 4943, ""probability"": 2.1724098908659784e-10}, {""token"": ""\n\n"", ""token_id"": 108, ""probability"": 2.1724098908659784e-10}]"
"[""isolated_L27""]",L27,[27],1.0,,,0.5,0.5,0.5,0.5,False,1735.2197658196872,"[129426, 129426, 144881, 144881]","[16, 21, 16, 21]","[0.0, 0.0, 0.0, 0.0]",[248182],[16],[472.3638916015625],"[704.1505737304688, 703.5153198242188, 943.4799194335938, 952.3359375, 472.36395263671875]", Eight,0.9999778270721436,1.4449483387579676e-07,0.9999778270721436,2.1444933736347593e-05,-15.749999908583943,"[{""token"": "" Eight"", ""token_id"": 38923, ""probability"": 0.9999778270721436}, {""token"": "" Four"", ""token_id"": 13038, ""probability"": 2.1444933736347593e-05}, {""token"": ""Eight"", ""token_id"": 80357, ""probability"": 6.475808618233714e-07}, {""token"": "" Six"", ""token_id"": 19759, ""probability"": 1.4449483387579676e-07}, {""token"": "" Many"", ""token_id"": 8732, ""probability"": 5.6026721040325356e-09}, {""token"": "" Two"", ""token_id"": 8512, ""probability"": 2.0611077289345303e-09}, {""token"": "" Legs"", ""token_id"": 156403, ""probability"": 7.582391936544752e-10}, {""token"": "" None"", ""token_id"": 5450, ""probability"": 3.581668572838481e-10}, {""token"": "" Typically"", ""token_id"": 50338, ""probability"": 3.581668572838481e-10}, {""token"": "" Usually"", ""token_id"": 34645, ""probability"": 3.581668572838481e-10}, {""token"": "" Some"", ""token_id"": 4943, ""probability"": 3.581668572838481e-10}, {""token"": ""\n\n"", ""token_id"": 108, ""probability"": 3.581668572838481e-10}]"
"[""isolated_L27""]",L27,[27],1.0,,,0.75,0.75,0.75,0.75,False,1813.8073828643849,"[129426, 129426, 144881, 144881]","[16, 21, 16, 21]","[0.0, 0.0, 0.0, 0.0]",[248182],[16],[708.5458374023438],"[704.1505737304688, 703.5153198242188, 943.4799194335938, 952.3359375, 708.5458984375]", Eight,0.9999775886535645,1.444947912432326e-07,0.9999775886535645,2.1444928279379383e-05,-15.749999965205687,"[{""token"": "" Eight"", ""token_id"": 38923, ""probability"": 0.9999775886535645}, {""token"": "" Four"", ""token_id"": 13038, ""probability"": 2.1444928279379383e-05}, {""token"": ""Eight"", ""token_id"": 80357, ""probability"": 8.315100785694085e-07}, {""token"": "" Six"", ""token_id"": 19759, ""probability"": 1.444947912432326e-07}, {""token"": "" Many"", ""token_id"": 8732, ""probability"": 5.602670771764906e-09}, {""token"": "" Two"", ""token_id"": 8512, ""probability"": 2.0611072848453205e-09}, {""token"": "" Legs"", ""token_id"": 156403, ""probability"": 9.735982020586675e-10}, {""token"": "" None"", ""token_id"": 5450, ""probability"": 4.5989526076262166e-10}, {""token"": "" Typically"", ""token_id"": 50338, ""probability"": 3.5816677401712127e-10}, {""token"": "" Usually"", ""token_id"": 34645, ""probability"": 3.5816677401712127e-10}, {""token"": ""\n\n"", ""token_id"": 108, ""probability"": 3.5816677401712127e-10}, {""token"": "" Some"", ""token_id"": 4943, ""probability"": 3.5816677401712127e-10}]"
"[""isolated_L27""]",L27,[27],1.0,,,1.0,1.0,1.0,1.0,False,1918.429239493363,"[129426, 129426, 144881, 144881]","[16, 21, 16, 21]","[0.0, 0.0, 0.0, 0.0]",[248182],[16],[944.727783203125],"[704.1505737304688, 703.5153198242188, 943.4799194335938, 952.3359375, 944.7279052734375]", Eight,0.9999775886535645,1.444947912432326e-07,0.9999775886535645,2.1444928279379383e-05,-15.749999965205687,"[{""token"": "" Eight"", ""token_id"": 38923, ""probability"": 0.9999775886535645}, {""token"": "" Four"", ""token_id"": 13038, ""probability"": 2.1444928279379383e-05}, {""token"": ""Eight"", ""token_id"": 80357, ""probability"": 8.315100785694085e-07}, {""token"": "" Six"", ""token_id"": 19759, ""probability"": 1.444947912432326e-07}, {""token"": "" Many"", ""token_id"": 8732, ""probability"": 5.602670771764906e-09}, {""token"": "" Two"", ""token_id"": 8512, ""probability"": 1.6051919793369507e-09}, {""token"": "" Legs"", ""token_id"": 156403, ""probability"": 7.582390271210215e-10}, {""token"": "" None"", ""token_id"": 5450, ""probability"": 3.5816677401712127e-10}, {""token"": "" Typically"", ""token_id"": 50338, ""probability"": 3.5816677401712127e-10}, {""token"": "" Usually"", ""token_id"": 34645, ""probability"": 3.5816677401712127e-10}, {""token"": "" Some"", ""token_id"": 4943, ""probability"": 3.5816677401712127e-10}, {""token"": ""\n\n"", ""token_id"": 108, ""probability"": 3.5816677401712127e-10}]"
"[""isolated_L27""]",L27,[27],1.0,,,1.25,1.25,1.25,1.25,False,2045.093607674438,"[129426, 129426, 144881, 144881]","[16, 21, 16, 21]","[0.0, 0.0, 0.0, 0.0]",[248182],[16],[1180.9097290039062],"[704.1505737304688, 703.5153198242188, 943.4799194335938, 952.3359375, 1180.9097900390625]", Eight,0.999982476234436,1.4449550178596837e-07,0.999982476234436,1.6701407730579376e-05,-15.74999993546822,"[{""token"": "" Eight"", ""token_id"": 38923, ""probability"": 0.999982476234436}, {""token"": "" Four"", ""token_id"": 13038, ""probability"": 1.6701407730579376e-05}, {""token"": ""Eight"", ""token_id"": 80357, ""probability"": 6.47583874524571e-07}, {""token"": "" Six"", ""token_id"": 19759, ""probability"": 1.4449550178596837e-07}, {""token"": "" Many"", ""token_id"": 8732, ""probability"": 5.602698305295917e-09}, {""token"": "" Two"", ""token_id"": 8512, ""probability"": 2.061117276852542e-09}, {""token"": "" Legs"", ""token_id"": 156403, ""probability"": 7.58242746368154e-10}, {""token"": "" None"", ""token_id"": 5450, ""probability"": 3.5816852261838505e-10}, {""token"": "" Typically"", ""token_id"": 50338, ""probability"": 3.5816852261838505e-10}, {""token"": "" Usually"", ""token_id"": 34645, ""probability"": 3.5816852261838505e-10}, {""token"": "" Some"", ""token_id"": 4943, ""probability"": 3.5816852261838505e-10}, {""token"": ""\n\n"", ""token_id"": 108, ""probability"": 3.5816852261838505e-10}]"
"[""isolated_L27""]",L27,[27],1.0,,,1.5,1.5,1.5,1.5,False,2189.9792448128733,"[129426, 129426, 144881, 144881]","[16, 21, 16, 21]","[0.0, 0.0, 0.0, 0.0]",[248182],[16],[1417.0916748046875],"[704.1505737304688, 703.5153198242188, 943.4799194335938, 952.3359375, 1417.091796875]", Eight,0.9999775886535645,1.444947912432326e-07,0.9999775886535645,2.1444928279379383e-05,-15.749999965205687,"[{""token"": "" Eight"", ""token_id"": 38923, ""probability"": 0.9999775886535645}, {""token"": "" Four"", ""token_id"": 13038, ""probability"": 2.1444928279379383e-05}, {""token"": ""Eight"", ""token_id"": 80357, ""probability"": 8.315100785694085e-07}, {""token"": "" Six"", ""token_id"": 19759, ""probability"": 1.444947912432326e-07}, {""token"": "" Many"", ""token_id"": 8732, ""probability"": 5.602670771764906e-09}, {""token"": "" Two"", ""token_id"": 8512, ""probability"": 1.6051919793369507e-09}, {""token"": "" Legs"", ""token_id"": 156403, ""probability"": 7.582390271210215e-10}, {""token"": "" Typically"", ""token_id"": 50338, ""probability"": 3.5816677401712127e-10}, {""token"": "" None"", ""token_id"": 5450, ""probability"": 3.5816677401712127e-10}, {""token"": ""\n\n"", ""token_id"": 108, ""probability"": 3.5816677401712127e-10}, {""token"": "" Usually"", ""token_id"": 34645, ""probability"": 3.5816677401712127e-10}, {""token"": "" Some"", ""token_id"": 4943, ""probability"": 2.789405650904797e-10}]"
"[""isolated_L27""]",L27,[27],1.0,,,1.75,1.75,1.75,1.75,False,2349.7179842714936,"[129426, 129426, 144881, 144881]","[16, 21, 16, 21]","[0.0, 0.0, 0.0, 0.0]",[248182],[16],[1653.2736206054688],"[704.1505737304688, 703.5153198242188, 943.4799194335938, 952.3359375, 1653.27392578125]", Eight,0.999982476234436,1.1253320053583593e-07,0.999982476234436,1.6701407730579376e-05,-16.000000019046855,"[{""token"": "" Eight"", ""token_id"": 38923, ""probability"": 0.999982476234436}, {""token"": "" Four"", ""token_id"": 13038, ""probability"": 1.6701407730579376e-05}, {""token"": ""Eight"", ""token_id"": 80357, ""probability"": 6.47583874524571e-07}, {""token"": "" Six"", ""token_id"": 19759, ""probability"": 1.1253320053583593e-07}, {""token"": "" Many"", ""token_id"": 8732, ""probability"": 5.602698305295917e-09}, {""token"": "" Two"", ""token_id"": 8512, ""probability"": 1.6051998619204255e-09}, {""token"": "" Legs"", ""token_id"": 156403, ""probability"": 7.58242746368154e-10}, {""token"": "" Typically"", ""token_id"": 50338, ""probability"": 3.5816852261838505e-10}, {""token"": "" None"", ""token_id"": 5450, ""probability"": 3.5816852261838505e-10}, {""token"": ""\n\n"", ""token_id"": 108, ""probability"": 3.5816852261838505e-10}, {""token"": "" Usually"", ""token_id"": 34645, ""probability"": 3.5816852261838505e-10}, {""token"": "" Some"", ""token_id"": 4943, ""probability"": 2.789419251136849e-10}]"
"[""isolated_L27""]",L27,[27],1.0,,,2.0,2.0,2.0,2.0,False,2521.4882890765316,"[129426, 129426, 144881, 144881]","[16, 21, 16, 21]","[0.0, 0.0, 0.0, 0.0]",[248182],[16],[1889.45556640625],"[704.1505737304688, 703.5153198242188, 943.4799194335938, 952.3359375, 1889.455810546875]", Eight,0.999982476234436,1.1253320053583593e-07,0.999982476234436,1.6701407730579376e-05,-16.000000019046855,"[{""token"": "" Eight"", ""token_id"": 38923, ""probability"": 0.999982476234436}, {""token"": "" Four"", ""token_id"": 13038, ""probability"": 1.6701407730579376e-05}, {""token"": ""Eight"", ""token_id"": 80357, ""probability"": 6.47583874524571e-07}, {""token"": "" Six"", ""token_id"": 19759, ""probability"": 1.1253320053583593e-07}, {""token"": "" Many"", ""token_id"": 8732, ""probability"": 5.602698305295917e-09}, {""token"": "" Two"", ""token_id"": 8512, ""probability"": 1.6051998619204255e-09}, {""token"": "" Legs"", ""token_id"": 156403, ""probability"": 5.905200772815533e-10}, {""token"": "" None"", ""token_id"": 5450, ""probability"": 3.5816852261838505e-10}, {""token"": "" Typically"", ""token_id"": 50338, ""probability"": 2.789419251136849e-10}, {""token"": "" Usually"", ""token_id"": 34645, ""probability"": 2.789419251136849e-10}, {""token"": ""\n\n"", ""token_id"": 108, ""probability"": 2.789419251136849e-10}, {""token"": "" Some"", ""token_id"": 4943, ""probability"": 2.789419251136849e-10}]"
"[""isolated_L27""]",L27,[27],1.0,,,2.25,2.25,2.25,2.25,False,2702.9975108523836,"[129426, 129426, 144881, 144881]","[16, 21, 16, 21]","[0.0, 0.0, 0.0, 0.0]",[248182],[16],[2125.6375122070312],"[704.1505737304688, 703.5153198242188, 943.4799194335938, 952.3359375, 2125.6376953125]", Eight,0.999982476234436,1.4449550178596837e-07,0.999982476234436,1.6701407730579376e-05,-15.74999993546822,"[{""token"": "" Eight"", ""token_id"": 38923, ""probability"": 0.999982476234436}, {""token"": "" Four"", ""token_id"": 13038, ""probability"": 1.6701407730579376e-05}, {""token"": ""Eight"", ""token_id"": 80357, ""probability"": 6.47583874524571e-07}, {""token"": "" Six"", ""token_id"": 19759, ""probability"": 1.4449550178596837e-07}, {""token"": "" Many"", ""token_id"": 8732, ""probability"": 5.602698305295917e-09}, {""token"": "" Two"", ""token_id"": 8512, ""probability"": 1.6051998619204255e-09}, {""token"": "" Legs"", ""token_id"": 156403, ""probability"": 7.58242746368154e-10}, {""token"": "" Typically"", ""token_id"": 50338, ""probability"": 3.5816852261838505e-10}, {""token"": "" None"", ""token_id"": 5450, ""probability"": 3.5816852261838505e-10}, {""token"": ""\n\n"", ""token_id"": 108, ""probability"": 3.5816852261838505e-10}, {""token"": "" Usually"", ""token_id"": 34645, ""probability"": 3.5816852261838505e-10}, {""token"": "" Some"", ""token_id"": 4943, ""probability"": 2.789419251136849e-10}]"
"[""isolated_L27""]",L27,[27],1.0,,,2.5,2.5,2.5,2.5,False,2892.4127749650734,"[129426, 129426, 144881, 144881]","[16, 21, 16, 21]","[0.0, 0.0, 0.0, 0.0]",[248182],[16],[2361.8194580078125],"[704.1505737304688, 703.5153198242188, 943.4799194335938, 952.3359375, 2361.819580078125]", Eight,0.9999775886535645,1.444947912432326e-07,0.9999775886535645,2.1444928279379383e-05,-15.749999965205687,"[{""token"": "" Eight"", ""token_id"": 38923, ""probability"": 0.9999775886535645}, {""token"": "" Four"", ""token_id"": 13038, ""probability"": 2.1444928279379383e-05}, {""token"": ""Eight"", ""token_id"": 80357, ""probability"": 8.315100785694085e-07}, {""token"": "" Six"", ""token_id"": 19759, ""probability"": 1.444947912432326e-07}, {""token"": "" Many"", ""token_id"": 8732, ""probability"": 5.602670771764906e-09}, {""token"": "" Two"", ""token_id"": 8512, ""probability"": 2.0611072848453205e-09}, {""token"": "" Legs"", ""token_id"": 156403, ""probability"": 7.582390271210215e-10}, {""token"": "" None"", ""token_id"": 5450, ""probability"": 4.5989526076262166e-10}, {""token"": "" Typically"", ""token_id"": 50338, ""probability"": 3.5816677401712127e-10}, {""token"": "" Usually"", ""token_id"": 34645, ""probability"": 3.5816677401712127e-10}, {""token"": ""\n\n"", ""token_id"": 108, ""probability"": 3.5816677401712127e-10}, {""token"": "" Some"", ""token_id"": 4943, ""probability"": 3.5816677401712127e-10}]"
"[""isolated_L27""]",L27,[27],1.0,,,2.75,2.75,2.75,2.75,False,3088.279911508424,"[129426, 129426, 144881, 144881]","[16, 21, 16, 21]","[0.0, 0.0, 0.0, 0.0]",[248182],[16],[2598.0014038085938],"[704.1505737304688, 703.5153198242188, 943.4799194335938, 952.3359375, 2598.001708984375]", Eight,0.9999775886535645,1.444947912432326e-07,0.9999775886535645,2.1444928279379383e-05,-15.749999965205687,"[{""token"": "" Eight"", ""token_id"": 38923, ""probability"": 0.9999775886535645}, {""token"": "" Four"", ""token_id"": 13038, ""probability"": 2.1444928279379383e-05}, {""token"": ""Eight"", ""token_id"": 80357, ""probability"": 8.315100785694085e-07}, {""token"": "" Six"", ""token_id"": 19759, ""probability"": 1.444947912432326e-07}, {""token"": "" Many"", ""token_id"": 8732, ""probability"": 5.602670771764906e-09}, {""token"": "" Two"", ""token_id"": 8512, ""probability"": 1.6051919793369507e-09}, {""token"": "" Legs"", ""token_id"": 156403, ""probability"": 7.582390271210215e-10}, {""token"": "" None"", ""token_id"": 5450, ""probability"": 4.5989526076262166e-10}, {""token"": "" Typically"", ""token_id"": 50338, ""probability"": 3.5816677401712127e-10}, {""token"": "" Usually"", ""token_id"": 34645, ""probability"": 3.5816677401712127e-10}, {""token"": ""\n\n"", ""token_id"": 108, ""probability"": 3.5816677401712127e-10}, {""token"": "" Some"", ""token_id"": 4943, ""probability"": 3.5816677401712127e-10}]"
"[""isolated_L27""]",L27,[27],1.0,,,3.0,3.0,3.0,3.0,False,3289.446241394197,"[129426, 129426, 144881, 144881]","[16, 21, 16, 21]","[0.0, 0.0, 0.0, 0.0]",[248182],[16],[2834.183349609375],"[704.1505737304688, 703.5153198242188, 943.4799194335938, 952.3359375, 2834.18359375]", Eight,0.999982476234436,1.1253320053583593e-07,0.999982476234436,1.6701407730579376e-05,-16.000000019046855,"[{""token"": "" Eight"", ""token_id"": 38923, ""probability"": 0.999982476234436}, {""token"": "" Four"", ""token_id"": 13038, ""probability"": 1.6701407730579376e-05}, {""token"": ""Eight"", ""token_id"": 80357, ""probability"": 6.47583874524571e-07}, {""token"": "" Six"", ""token_id"": 19759, ""probability"": 1.1253320053583593e-07}, {""token"": "" Many"", ""token_id"": 8732, ""probability"": 4.3633860968839144e-09}, {""token"": "" Two"", ""token_id"": 8512, ""probability"": 1.6051998619204255e-09}, {""token"": "" Legs"", ""token_id"": 156403, ""probability"": 5.905200772815533e-10}, {""token"": "" None"", ""token_id"": 5450, ""probability"": 3.5816852261838505e-10}, {""token"": "" Usually"", ""token_id"": 34645, ""probability"": 3.5816852261838505e-10}, {""token"": ""\n\n"", ""token_id"": 108, ""probability"": 2.789419251136849e-10}, {""token"": "" Some"", ""token_id"": 4943, ""probability"": 2.789419251136849e-10}, {""token"": "" Typically"", ""token_id"": 50338, ""probability"": 2.789419251136849e-10}]"
"[""isolated_L27""]",L27,[27],1.0,,,3.25,3.25,3.25,3.25,False,3494.997010528225,"[129426, 129426, 144881, 144881]","[16, 21, 16, 21]","[0.0, 0.0, 0.0, 0.0]",[248182],[16],[3070.3652954101562],"[704.1505737304688, 703.5153198242188, 943.4799194335938, 952.3359375, 3070.365478515625]", Eight,0.9999775886535645,1.444947912432326e-07,0.9999775886535645,2.1444928279379383e-05,-15.749999965205687,"[{""token"": "" Eight"", ""token_id"": 38923, ""probability"": 0.9999775886535645}, {""token"": "" Four"", ""token_id"": 13038, ""probability"": 2.1444928279379383e-05}, {""token"": ""Eight"", ""token_id"": 80357, ""probability"": 8.315100785694085e-07}, {""token"": "" Six"", ""token_id"": 19759, ""probability"": 1.444947912432326e-07}, {""token"": "" Many"", ""token_id"": 8732, ""probability"": 5.602670771764906e-09}, {""token"": "" Two"", ""token_id"": 8512, ""probability"": 2.0611072848453205e-09}, {""token"": "" Legs"", ""token_id"": 156403, ""probability"": 9.735982020586675e-10}, {""token"": "" Usually"", ""token_id"": 34645, ""probability"": 4.5989526076262166e-10}, {""token"": "" Typically"", ""token_id"": 50338, ""probability"": 3.5816677401712127e-10}, {""token"": "" None"", ""token_id"": 5450, ""probability"": 3.5816677401712127e-10}, {""token"": ""\n\n"", ""token_id"": 108, ""probability"": 3.5816677401712127e-10}, {""token"": "" Some"", ""token_id"": 4943, ""probability"": 3.5816677401712127e-10}]"
"[""isolated_L27""]",L27,[27],1.0,,,3.5,3.5,3.5,3.5,False,3704.2028328121196,"[129426, 129426, 144881, 144881]","[16, 21, 16, 21]","[0.0, 0.0, 0.0, 0.0]",[248182],[16],[3306.5472412109375],"[704.1505737304688, 703.5153198242188, 943.4799194335938, 952.3359375, 3306.5478515625]", Eight,0.999982476234436,1.1253320053583593e-07,0.999982476234436,1.6701407730579376e-05,-16.000000019046855,"[{""token"": "" Eight"", ""token_id"": 38923, ""probability"": 0.999982476234436}, {""token"": "" Four"", ""token_id"": 13038, ""probability"": 1.6701407730579376e-05}, {""token"": ""Eight"", ""token_id"": 80357, ""probability"": 6.47583874524571e-07}, {""token"": "" Six"", ""token_id"": 19759, ""probability"": 1.1253320053583593e-07}, {""token"": "" Many"", ""token_id"": 8732, ""probability"": 4.3633860968839144e-09}, {""token"": "" Two"", ""token_id"": 8512, ""probability"": 1.6051998619204255e-09}, {""token"": "" Legs"", ""token_id"": 156403, ""probability"": 5.905200772815533e-10}, {""token"": "" Typically"", ""token_id"": 50338, ""probability"": 2.789419251136849e-10}, {""token"": "" None"", ""token_id"": 5450, ""probability"": 2.789419251136849e-10}, {""token"": ""\n\n"", ""token_id"": 108, ""probability"": 2.789419251136849e-10}, {""token"": "" Usually"", ""token_id"": 34645, ""probability"": 2.789419251136849e-10}, {""token"": "" Some"", ""token_id"": 4943, ""probability"": 2.1724018417490498e-10}]"
"[""isolated_L27""]",L27,[27],1.0,,,3.75,3.75,3.75,3.75,False,3916.4772329996113,"[129426, 129426, 144881, 144881]","[16, 21, 16, 21]","[0.0, 0.0, 0.0, 0.0]",[248182],[16],[3542.7291870117188],"[704.1505737304688, 703.5153198242188, 943.4799194335938, 952.3359375, 3542.729736328125]", Eight,0.999982476234436,1.4449550178596837e-07,0.999982476234436,1.6701407730579376e-05,-15.74999993546822,"[{""token"": "" Eight"", ""token_id"": 38923, ""probability"": 0.999982476234436}, {""token"": "" Four"", ""token_id"": 13038, ""probability"": 1.6701407730579376e-05}, {""token"": ""Eight"", ""token_id"": 80357, ""probability"": 6.47583874524571e-07}, {""token"": "" Six"", ""token_id"": 19759, ""probability"": 1.4449550178596837e-07}, {""token"": "" Many"", ""token_id"": 8732, ""probability"": 5.602698305295917e-09}, {""token"": "" Two"", ""token_id"": 8512, ""probability"": 1.6051998619204255e-09}, {""token"": "" Legs"", ""token_id"": 156403, ""probability"": 5.905200772815533e-10}, {""token"": ""\n\n"", ""token_id"": 108, ""probability"": 3.5816852261838505e-10}, {""token"": "" None"", ""token_id"": 5450, ""probability"": 3.5816852261838505e-10}, {""token"": "" Usually"", ""token_id"": 34645, ""probability"": 3.5816852261838505e-10}, {""token"": "" Zero"", ""token_id"": 31234, ""probability"": 2.789419251136849e-10}, {""token"": "" Some"", ""token_id"": 4943, ""probability"": 2.789419251136849e-10}]"
"[""isolated_L27""]",L27,[27],1.0,,,4.0,4.0,4.0,4.0,False,4131.347597573719,"[129426, 129426, 144881, 144881]","[16, 21, 16, 21]","[0.0, 0.0, 0.0, 0.0]",[248182],[16],[3778.9111328125],"[704.1505737304688, 703.5153198242188, 943.4799194335938, 952.3359375, 3778.91162109375]", Eight,0.999982476234436,1.1253320053583593e-07,0.999982476234436,1.6701407730579376e-05,-16.000000019046855,"[{""token"": "" Eight"", ""token_id"": 38923, ""probability"": 0.999982476234436}, {""token"": "" Four"", ""token_id"": 13038, ""probability"": 1.6701407730579376e-05}, {""token"": ""Eight"", ""token_id"": 80357, ""probability"": 6.47583874524571e-07}, {""token"": "" Six"", ""token_id"": 19759, ""probability"": 1.1253320053583593e-07}, {""token"": "" Many"", ""token_id"": 8732, ""probability"": 4.3633860968839144e-09}, {""token"": "" Two"", ""token_id"": 8512, ""probability"": 1.6051998619204255e-09}, {""token"": "" Legs"", ""token_id"": 156403, ""probability"": 5.905200772815533e-10}, {""token"": "" None"", ""token_id"": 5450, ""probability"": 3.5816852261838505e-10}, {""token"": "" Typically"", ""token_id"": 50338, ""probability"": 2.789419251136849e-10}, {""token"": "" Usually"", ""token_id"": 34645, ""probability"": 2.789419251136849e-10}, {""token"": ""\n\n"", ""token_id"": 108, ""probability"": 2.789419251136849e-10}, {""token"": "" Some"", ""token_id"": 4943, ""probability"": 2.789419251136849e-10}]"
"[""isolated_L27""]",L27,[27],1.0,,,4.25,4.25,4.25,4.25,False,4348.429117823455,"[129426, 129426, 144881, 144881]","[16, 21, 16, 21]","[0.0, 0.0, 0.0, 0.0]",[248182],[16],[4015.0930786132812],"[704.1505737304688, 703.5153198242188, 943.4799194335938, 952.3359375, 4015.093505859375]", Eight,0.9999778270721436,1.4449483387579676e-07,0.9999778270721436,2.1444933736347593e-05,-15.749999908583943,"[{""token"": "" Eight"", ""token_id"": 38923, ""probability"": 0.9999778270721436}, {""token"": "" Four"", ""token_id"": 13038, ""probability"": 2.1444933736347593e-05}, {""token"": ""Eight"", ""token_id"": 80357, ""probability"": 6.475808618233714e-07}, {""token"": "" Six"", ""token_id"": 19759, ""probability"": 1.4449483387579676e-07}, {""token"": "" Many"", ""token_id"": 8732, ""probability"": 5.6026721040325356e-09}, {""token"": "" Two"", ""token_id"": 8512, ""probability"": 2.0611077289345303e-09}, {""token"": "" Legs"", ""token_id"": 156403, ""probability"": 7.582391936544752e-10}, {""token"": "" Typically"", ""token_id"": 50338, ""probability"": 3.581668572838481e-10}, {""token"": "" None"", ""token_id"": 5450, ""probability"": 3.581668572838481e-10}, {""token"": ""\n\n"", ""token_id"": 108, ""probability"": 3.581668572838481e-10}, {""token"": "" Usually"", ""token_id"": 34645, ""probability"": 3.581668572838481e-10}, {""token"": "" Some"", ""token_id"": 4943, ""probability"": 2.7894062060163094e-10}]"
"[""isolated_L27""]",L27,[27],1.0,,,4.5,4.5,4.5,4.5,False,4567.406526561271,"[129426, 129426, 144881, 144881]","[16, 21, 16, 21]","[0.0, 0.0, 0.0, 0.0]",[248182],[16],[4251.2750244140625],"[704.1505737304688, 703.5153198242188, 943.4799194335938, 952.3359375, 4251.275390625]", Eight,0.999982476234436,1.1253320053583593e-07,0.999982476234436,1.6701407730579376e-05,-16.000000019046855,"[{""token"": "" Eight"", ""token_id"": 38923, ""probability"": 0.999982476234436}, {""token"": "" Four"", ""token_id"": 13038, ""probability"": 1.6701407730579376e-05}, {""token"": ""Eight"", ""token_id"": 80357, ""probability"": 6.47583874524571e-07}, {""token"": "" Six"", ""token_id"": 19759, ""probability"": 1.1253320053583593e-07}, {""token"": "" Many"", ""token_id"": 8732, ""probability"": 5.602698305295917e-09}, {""token"": "" Two"", ""token_id"": 8512, ""probability"": 1.6051998619204255e-09}, {""token"": "" Legs"", ""token_id"": 156403, ""probability"": 5.905200772815533e-10}, {""token"": "" None"", ""token_id"": 5450, ""probability"": 3.5816852261838505e-10}, {""token"": "" Typically"", ""token_id"": 50338, ""probability"": 2.789419251136849e-10}, {""token"": "" Usually"", ""token_id"": 34645, ""probability"": 2.789419251136849e-10}, {""token"": ""\n\n"", ""token_id"": 108, ""probability"": 2.789419251136849e-10}, {""token"": "" Some"", ""token_id"": 4943, ""probability"": 2.789419251136849e-10}]"
"[""isolated_L27""]",L27,[27],1.0,,,4.75,4.75,4.75,4.75,False,4788.01993746249,"[129426, 129426, 144881, 144881]","[16, 21, 16, 21]","[0.0, 0.0, 0.0, 0.0]",[248182],[16],[4487.456970214844],"[704.1505737304688, 703.5153198242188, 943.4799194335938, 952.3359375, 4487.45751953125]", Eight,0.999982476234436,1.4449550178596837e-07,0.999982476234436,1.6701407730579376e-05,-15.74999993546822,"[{""token"": "" Eight"", ""token_id"": 38923, ""probability"": 0.999982476234436}, {""token"": "" Four"", ""token_id"": 13038, ""probability"": 1.6701407730579376e-05}, {""token"": ""Eight"", ""token_id"": 80357, ""probability"": 6.47583874524571e-07}, {""token"": "" Six"", ""token_id"": 19759, ""probability"": 1.4449550178596837e-07}, {""token"": "" Many"", ""token_id"": 8732, ""probability"": 5.602698305295917e-09}, {""token"": "" Two"", ""token_id"": 8512, ""probability"": 1.6051998619204255e-09}, {""token"": "" Legs"", ""token_id"": 156403, ""probability"": 5.905200772815533e-10}, {""token"": ""\n\n"", ""token_id"": 108, ""probability"": 3.5816852261838505e-10}, {""token"": "" None"", ""token_id"": 5450, ""probability"": 3.5816852261838505e-10}, {""token"": "" Usually"", ""token_id"": 34645, ""probability"": 3.5816852261838505e-10}, {""token"": "" Typically"", ""token_id"": 50338, ""probability"": 2.789419251136849e-10}, {""token"": "" Some"", ""token_id"": 4943, ""probability"": 2.789419251136849e-10}]"
"[""isolated_L27""]",L27,[27],1.0,,,5.0,5.0,5.0,5.0,False,5010.05257929519,"[129426, 129426, 144881, 144881]","[16, 21, 16, 21]","[0.0, 0.0, 0.0, 0.0]",[248182],[16],[4723.638916015625],"[704.1505737304688, 703.5153198242188, 943.4799194335938, 952.3359375, 4723.63916015625]", Eight,0.9999775886535645,1.444947912432326e-07,0.9999775886535645,2.1444928279379383e-05,-15.749999965205687,"[{""token"": "" Eight"", ""token_id"": 38923, ""probability"": 0.9999775886535645}, {""token"": "" Four"", ""token_id"": 13038, ""probability"": 2.1444928279379383e-05}, {""token"": ""Eight"", ""token_id"": 80357, ""probability"": 8.315100785694085e-07}, {""token"": "" Six"", ""token_id"": 19759, ""probability"": 1.444947912432326e-07}, {""token"": "" Many"", ""token_id"": 8732, ""probability"": 5.602670771764906e-09}, {""token"": "" Two"", ""token_id"": 8512, ""probability"": 1.6051919793369507e-09}, {""token"": "" Legs"", ""token_id"": 156403, ""probability"": 7.582390271210215e-10}, {""token"": "" None"", ""token_id"": 5450, ""probability"": 3.5816677401712127e-10}, {""token"": "" Typically"", ""token_id"": 50338, ""probability"": 3.5816677401712127e-10}, {""token"": "" Usually"", ""token_id"": 34645, ""probability"": 3.5816677401712127e-10}, {""token"": "" Some"", ""token_id"": 4943, ""probability"": 3.5816677401712127e-10}, {""token"": ""\n\n"", ""token_id"": 108, ""probability"": 3.5816677401712127e-10}]"
