condition,phase,method,target_name,target_surface,target_token_id,target_tier,ant_L7,spider_L7,ant_L22,spider_L22,p_six,p_eight,p_four,log_p_six_minus_log_p_eight,output_kl_from_clean,top_token,top_token_id,causal_flip,strong_reproduction,semantic_coherence,all_coordinate_signs_valid,total_residual_delta_norm,total_normalized_residual_delta_norm,L7_P16_delta_norm,L22_P16_delta_norm,L22_P21_delta_norm,L7_P16_sae_cosine,L22_P16_sae_cosine,L22_P21_sae_cosine
hook_transport_L7_P16,hook_transport_validation,additive,ants, ants,63272,ant,0.0,0.0,0.0,0.0,2.144302925444208e-05,0.9998890161514282,2.7533395041245967e-05,-10.7499999518817,0.000658421020489186, Eight,38923,False,False,True,True,1769.1512451171875,0.18935204018386562,1769.1512451171875,0.0,0.0,0.022132985293865204,0.0,0.0
hook_transport_L22_P16,hook_transport_validation,additive,ants, ants,63272,ant,0.0,0.0,0.0,0.0,1.1253320053583593e-07,0.999982476234436,1.6701407730579376e-05,-16.000000019046855,5.688890691857296e-09, Eight,38923,False,False,True,True,7956.0126953125,0.16772953579746416,0.0,7956.0126953125,0.0,0.0,0.031329043209552765,0.0
hook_transport_L22_P21,hook_transport_validation,additive,ants, ants,63272,ant,0.0,0.0,0.0,0.0,1.754756908667332e-06,0.9968248605728149,0.003172675147652626,-13.250000033342289,0.013498819433152676, Eight,38923,False,False,True,True,5929.82177734375,0.12501315573082988,0.0,0.0,5929.82177734375,0.0,0.0,0.0883404016494751
primary_grid_ants_a0_s0,primary_grid,additive,ants, ants,63272,ant,0.0,0.0,0.0,0.0,1.1253320053583593e-07,0.999982476234436,1.6701407730579376e-05,-16.000000019046855,0.0, Eight,38923,False,False,True,True,0.0,0.0,0.0,0.0,0.0,0.0,0.0,0.0
primary_grid_ants_a0_s0.03125,primary_grid,additive,ants, ants,63272,ant,0.0,0.03125,0.0,0.03125,4.139516462942083e-08,0.9998981952667236,9.610186680220068e-05,-16.999999949411443,0.00013139063958078623, Eight,38923,False,False,True,True,2116.7901177640283,0.05413174989367014,291.9834899902344,1481.8311767578125,1483.1461181640625,0.0037068859674036503,0.015526523813605309,0.08842331171035767
primary_grid_ants_a0_s0.0625,primary_grid,additive,ants, ants,63272,ant,0.0,0.0625,0.0,0.0625,0.00018051608640234917,0.887194812297821,0.0028237467631697655,-8.499999972581906,2.0595524311065674, Eight,38923,False,False,False,True,4233.337347152252,0.10825373943708186,583.8737182617188,2964.56640625,2965.060302734375,0.003744368674233556,0.01567254215478897,0.08809606730937958
primary_grid_ants_a0_s0.125,primary_grid,additive,ants, ants,63272,ant,0.0,0.125,0.0,0.125,3.925676139715506e-07,0.9994431138038635,0.0005527763860300183,-14.750000008349325,0.001411450793966651, Eight,38923,False,False,True,True,8464.89776574022,0.21648444826258004,1167.879638671875,5927.08984375,5929.60009765625,0.00385106448084116,0.015556316822767258,0.09089231491088867
primary_grid_ants_a0_s0.25,primary_grid,additive,ants, ants,63272,ant,0.0,0.25,0.0,0.25,2.817226913975901e-06,0.970680832862854,0.029312020167708397,-12.749999956527367,0.19012948870658875, Eight,38923,False,False,False,True,16927.39753434684,0.4329264541412217,2335.746337890625,11851.6650390625,11858.29296875,0.003829285269603133,0.015555259771645069,0.08828084170818329
primary_grid_ants_a0_s0.5,primary_grid,additive,ants, ants,63272,ant,0.0,0.5,0.0,0.5,2.4906854378059506e-05,0.9045048952102661,0.09533411264419556,-10.499999954048645,0.7356247901916504, Eight,38923,False,False,False,True,33866.73657435039,0.8660698668061573,4671.6513671875,23718.541015625,23718.396484375,0.0037288516759872437,0.01551924180239439,0.0882735624909401
primary_grid_ants_a0_s1,primary_grid,additive,ants, ants,63272,ant,0.0,1.0,0.0,1.0,5.386632983572781e-05,0.43648338317871094,0.5604557394981384,-8.999999980868346,5.527212619781494, Four,13038,False,False,False,True,67733.97555923686,1.7320817084211715,9342.1787109375,47412.59765625,47462.203125,0.0037053818814456463,0.015594309195876122,0.08821355551481247
primary_grid_ants_a0.03125_s0,primary_grid,additive,ants, ants,63272,ant,0.03125,0.0,0.03125,0.0,1.855388234162092e-07,0.9999982118606567,8.315272452819045e-07,-15.499999898002795,1.4568568985851016e-05, Eight,38923,False,False,True,True,1510.6757730625554,0.044178913874538296,291.7868347167969,1482.2286376953125,0.0,0.03003043308854103,0.02649088390171528,0.0
primary_grid_ants_a0.03125_s0.03125,primary_grid,additive,ants, ants,63272,ant,0.03125,0.03125,0.03125,0.03125,2.256444076920161e-06,0.9982811212539673,9.59464450716041e-05,-13.000000043379847,0.02276550605893135, Eight,38923,False,False,True,True,2519.8809479941615,0.07053637968001182,442.209228515625,1989.39892578125,1482.0738525390625,0.02228851616382599,0.03165159374475479,0.0883568599820137
primary_grid_ants_a0.03125_s0.0625,primary_grid,additive,ants, ants,63272,ant,0.03125,0.0625,0.03125,0.0625,7.820071004971396e-06,0.9912219047546387,0.008575749583542347,-11.750000073845117,0.04725027456879616, Eight,38923,False,False,True,True,4409.16625215712,0.11784327704375248,690.275390625,3190.309326171875,2964.1513671875,0.015888402238488197,0.019348882138729095,0.08833425492048264
primary_grid_ants_a0.03125_s0.125,primary_grid,additive,ants, ants,63272,ant,0.03125,0.125,0.03125,0.125,8.311675401273533e-07,0.9995656609535217,0.00043055546120740473,-14.000000016344767,0.0009937755530700088, Eight,38923,False,False,True,True,8502.105209235693,0.22179729265744497,1244.9635009765625,5966.40576171875,5927.7197265625,0.010606328025460243,0.02207047864794731,0.088315948843956
primary_grid_ants_a0.03125_s0.25,primary_grid,additive,ants, ants,63272,ant,0.03125,0.25,0.03125,0.25,4.699005785369081e-06,0.9820042252540588,0.017986034974455833,-12.249999938718585,0.10780660808086395, Eight,38923,False,False,False,True,16902.40442581064,0.4361275263273077,2396.34912109375,11807.857421875,11854.251953125,0.007332708220928907,0.01693391427397728,0.0883362740278244
primary_grid_ants_a0.03125_s0.5,primary_grid,additive,ants, ants,63272,ant,0.03125,0.5,0.03125,0.5,2.5442583137191832e-05,0.9239600896835327,0.07584326714277267,-10.499999884978914,0.5678954720497131, Eight,38923,False,False,False,False,33804.549469423335,0.8681371265217573,4724.3818359375,23619.72265625,23717.8515625,0.005593085661530495,0.017289405688643456,0.08831090480089188
primary_grid_ants_a0.03125_s1,primary_grid,additive,ants, ants,63272,ant,0.03125,1.0,0.03125,1.0,3.272372850915417e-05,0.5613502860069275,0.4371800720691681,-9.749999928151421,4.145204544067383, Eight,38923,False,False,False,False,67674.28224754398,1.7339476308514092,9390.94921875,47320.890625,47458.94921875,0.0046857246197760105,0.01638628914952278,0.0885533019900322
primary_grid_ants_a0.0625_s0,primary_grid,additive,ants, ants,63272,ant,0.0625,0.0,0.0625,0.0,6.475793270510621e-07,0.9999754428863525,2.260273959109327e-06,-14.24999998064145,0.00021170808759052306, Eight,38923,False,False,True,True,3021.445361943742,0.08838311907836799,583.9017944335938,2964.48828125,0.0,0.029741719365119934,0.02662533149123192,0.0
primary_grid_ants_a0.0625_s0.03125,primary_grid,additive,ants, ants,63272,ant,0.0625,0.03125,0.0625,0.03125,3.05871139971714e-07,0.9998980760574341,4.539530345937237e-05,-15.000000005752637,0.0006023619207553566, Eight,38923,False,False,True,True,3576.3201600906064,0.1045608889030796,690.3985595703125,3179.880859375,1483.83740234375,0.026894988492131233,0.03187111020088196,0.08869952708482742
primary_grid_ants_a0.0625_s0.0625,primary_grid,additive,ants, ants,63272,ant,0.0625,0.0625,0.0625,0.0625,1.0109073627972975e-05,0.9979250431060791,0.0019264485454186797,-11.500000045811237,0.00882994569838047, Eight,38923,False,False,True,True,5041.2798759086545,0.14110916471556542,884.5966796875,3980.754638671875,2964.048583984375,0.022052234038710594,0.031401485204696655,0.0881301537156105
primary_grid_ants_a0.0625_s0.125,primary_grid,additive,ants, ants,63272,ant,0.0625,0.125,0.0625,0.125,6.1369551076495554e-06,0.9988188147544861,0.0011694965651258826,-11.999999966221294,0.003858818905428052, Eight,38923,False,False,True,True,8801.586089496126,0.2353988208300774,1380.406005859375,6356.71923828125,5929.12451171875,0.015805451199412346,0.026843082159757614,0.08827779442071915
primary_grid_ants_a0.0625_s0.25,primary_grid,additive,ants, ants,63272,ant,0.0625,0.25,0.0625,0.25,1.2625684576050844e-05,0.9706615805625916,0.029311440885066986,-11.249999962274877,0.1902536004781723, Eight,38923,False,False,False,True,17005.517514823467,0.4436071683330663,2489.770263671875,11930.4970703125,11859.67578125,0.010605229996144772,0.022080564871430397,0.08824637532234192
primary_grid_ants_a0.0625_s0.5,primary_grid,additive,ants, ants,63272,ant,0.0625,0.5,0.0625,0.5,4.265797542757355e-05,0.9396044611930847,0.06006690114736557,-10.000000026140714,0.43728113174438477, Eight,38923,False,False,False,True,33809.98348202148,0.8723562996377852,4792.8984375,23611.859375,23719.6796875,0.007291000802069902,0.0189169030636549,0.08824095129966736
primary_grid_ants_a0.0625_s1,primary_grid,additive,ants, ants,63272,ant,0.0625,1.0,0.0625,1.0,3.7345365853980184e-05,0.4989238381385803,0.4989238381385803,-9.499999903744076,4.82757043838501, Eight,38923,False,False,False,False,67616.8961794483,1.7364025299280668,9448.65234375,47228.01171875,47458.21875,0.005549303255975246,0.01724638044834137,0.08854368329048157
primary_grid_ants_a0.125_s0,primary_grid,additive,ants, ants,63272,ant,0.125,0.0,0.125,0.0,1.3707834796150564e-06,0.9998718500137329,4.784504653798649e-06,-13.499999940458089,0.001383101800456643, Eight,38923,False,False,True,True,6041.678652721191,0.1767404252673002,1167.701904296875,5927.76123046875,0.0,0.029747653752565384,0.026543185114860535,0.0
primary_grid_ants_a0.125_s0.03125,primary_grid,additive,ants, ants,63272,ant,0.125,0.03125,0.125,0.03125,6.472678251157049e-07,0.9994944334030151,4.537697896012105e-05,-14.24999998448577,0.0059402030892670155, Eight,38923,False,False,True,True,6273.605133258916,0.18587470957331223,1244.6077880859375,5967.58154296875,1482.24267578125,0.028787309303879738,0.030208827927708626,0.08780357241630554
primary_grid_ants_a0.125_s0.0625,primary_grid,additive,ants, ants,63272,ant,0.125,0.0625,0.125,0.0625,0.0003267655265517533,0.9740743041038513,0.006563261151313782,-7.999999997782003,0.35170087218284607, Eight,38923,False,False,True,True,7152.8752087158955,0.20910314514148548,1380.49169921875,6360.8681640625,2966.01123046875,0.02677600458264351,0.03195296227931976,0.08796482533216476
primary_grid_ants_a0.125_s0.125,primary_grid,additive,ants, ants,63272,ant,0.125,0.125,0.125,0.125,0.00042487666360102594,0.9863818883895874,0.010957714170217514,-7.749999945823686,0.09516554325819016, Eight,38923,False,False,False,True,10078.067869761804,0.28214410355190295,1769.1512451171875,7954.685546875,5929.6318359375,0.022132985293865204,0.03144368901848793,0.08817141503095627
primary_grid_ants_a0.125_s0.25,primary_grid,additive,ants, ants,63272,ant,0.125,0.25,0.125,0.25,7.348827784880996e-05,0.9817832112312317,0.017981987446546555,-9.49999989202183,0.10993991792201996, Eight,38923,False,False,False,True,17607.687502668094,0.47090373385000106,2761.29296875,12721.2001953125,11856.5166015625,0.015811936929821968,0.026934970170259476,0.0882204920053482
primary_grid_ants_a0.125_s0.5,primary_grid,additive,ants, ants,63272,ant,0.125,0.5,0.125,0.5,6.373257201630622e-05,0.8514496684074402,0.14795975387096405,-9.499999901483127,1.2156553268432617, Eight,38923,False,False,False,True,34019.01020617234,0.8873603007078501,4979.70361328125,23873.56640625,23718.103515625,0.01047380268573761,0.02095896005630493,0.08891454339027405
primary_grid_ants_a0.125_s1,primary_grid,additive,ants, ants,63272,ant,0.125,1.0,0.125,1.0,4.191645348328166e-05,0.5599923133850098,0.43612244725227356,-9.49999990210605,4.173677921295166, Eight,38923,False,False,False,True,67635.01442035734,1.744956041773939,9585.5361328125,47221.62890625,47462.9375,0.007260611280798912,0.018428336828947067,0.08823402225971222
primary_grid_ants_a0.25_s0,primary_grid,additive,ants, ants,63272,ant,0.25,0.0,0.25,0.0,1.7602952766537783e-06,0.9999710321426392,7.88909619586775e-06,-13.250000023883217,0.00016993418103083968, Eight,38923,False,False,True,True,12093.861489661107,0.35372626857142586,2336.58349609375,11865.99609375,0.0,0.029755955561995506,0.024544740095734596,0.0
primary_grid_ants_a0.25_s0.03125,primary_grid,additive,ants, ants,63272,ant,0.25,0.03125,0.25,0.03125,5.042016368861368e-07,0.9997103810310364,0.0002611828676890582,-14.499999914779565,0.0007401084876619279, Eight,38923,False,False,True,True,12136.71910631255,0.3588156675081406,2397.30078125,11804.935546875,1482.0244140625,0.029488418251276016,0.026672888547182083,0.08843280375003815
primary_grid_ants_a0.25_s0.0625,primary_grid,additive,ants, ants,63272,ant,0.25,0.0625,0.25,0.0625,0.00024957768619060516,0.9552900195121765,0.03704061359167099,-8.250000024488678,0.36671707034111023, Eight,38923,False,False,False,True,12551.17085442949,0.3718826156324314,2490.21630859375,11939.0341796875,2964.822998046875,0.028823712840676308,0.030124176293611526,0.08842901885509491
primary_grid_ants_a0.25_s0.125,primary_grid,additive,ants, ants,63272,ant,0.25,0.125,0.25,0.125,0.0003300633979961276,0.9839051365852356,0.014034653082489967,-8.000000014329173,0.10718193650245667, Eight,38923,False,False,False,True,14303.80532180485,0.4182646561086593,2762.19287109375,12719.412109375,5931.7529296875,0.026808839291334152,0.03202959895133972,0.0882532000541687
primary_grid_ants_a0.25_s0.25,primary_grid,additive,ants, ants,63272,ant,0.25,0.25,0.25,0.25,0.00015237503976095468,0.9615914225578308,0.03728494420647621,-8.75000007401146,0.26485735177993774, Eight,38923,False,False,False,True,20158.38307986612,0.5643678970695238,3538.93994140625,15911.5,11860.037109375,0.02214580588042736,0.03143664076924324,0.08829239010810852
primary_grid_ants_a0.25_s0.5,primary_grid,additive,ants, ants,63272,ant,0.25,0.5,0.25,0.5,0.00017300000763498247,0.8502550721168518,0.14775216579437256,-8.500000029662779,1.2338675260543823, Eight,38923,False,False,False,True,35216.45995476282,0.9417051138175974,5520.72119140625,25431.36328125,23726.9140625,0.015742098912596703,0.02686549723148346,0.08891043066978455
primary_grid_ants_a0.25_s1,primary_grid,additive,ants, ants,63272,ant,0.25,1.0,0.25,1.0,8.863205584930256e-05,0.5593292713165283,0.43560609221458435,-8.750000018723949,4.187404632568359, Eight,38923,False,False,False,True,68061.93996376841,1.7751086503824798,9959.0908203125,47752.5234375,47465.15234375,0.01052212156355381,0.021560654044151306,0.0885758101940155
primary_grid_ants_a0.5_s0,primary_grid,additive,ants, ants,63272,ant,0.5,0.0,0.5,0.0,3.058994764160161e-07,0.999990701675415,6.144155122456141e-06,-14.999999999041327,1.4969506992201786e-05, Eight,38923,False,False,True,True,24168.311089263523,0.7068605117318105,4669.0830078125,23713.01171875,0.0,0.02974649891257286,0.026567639783024788,0.0
primary_grid_ants_a0.5_s0.03125,primary_grid,additive,ants, ants,63272,ant,0.5,0.03125,0.5,0.03125,1.4189812702625204e-07,0.9820073246955872,0.01798609271645546,-15.749999940420064,0.10781911015510559, Eight,38923,False,False,False,False,24135.84910883353,0.7101614538018691,4721.06298828125,23623.083984375,1483.46875,0.029649481177330017,0.027606738731265068,0.08782152086496353
primary_grid_ants_a0.5_s0.0625,primary_grid,additive,ants, ants,63272,ant,0.5,0.0625,0.5,0.0625,5.129500641487539e-05,0.8799262642860413,0.11908506602048874,-9.749999985761557,0.9578292965888977, Eight,38923,False,False,False,True,24266.065674168316,0.7172916599908379,4791.49072265625,23602.857421875,2964.571044921875,0.029486849904060364,0.028669200837612152,0.08831750601530075
primary_grid_ants_a0.5_s0.125,primary_grid,additive,ants, ants,63272,ant,0.5,0.125,0.5,0.125,5.550020432565361e-05,0.9520632028579712,0.04740043357014656,-9.749999998837586,0.3370644450187683, Eight,38923,False,False,False,True,25092.892847700125,0.7434453209876067,4978.01611328125,23868.107421875,5931.78515625,0.028846243396401405,0.030253861099481583,0.08825936168432236
primary_grid_ants_a0.5_s0.25,primary_grid,additive,ants, ants,63272,ant,0.5,0.25,0.5,0.25,0.00011857863864861429,0.9608526825904846,0.03725630044937134,-9.00000002248329,0.27630364894866943, Eight,38923,False,False,False,True,28595.769540394325,0.8361069404716794,5521.05224609375,25428.3515625,11858.9609375,0.026787135750055313,0.03105355240404606,0.08957339823246002
primary_grid_ants_a0.5_s0.5,primary_grid,additive,ants, ants,63272,ant,0.5,0.5,0.5,0.5,0.0003984678478445858,0.7204468250274658,0.2650375962257385,-7.500000076795996,2.5772526264190674, Eight,38923,False,False,False,True,40332.72541264665,1.128812976356982,7075.3271484375,31844.783203125,23718.732421875,0.022109799087047577,0.030588794499635696,0.08827722072601318
primary_grid_ants_a0.5_s1,primary_grid,additive,ants, ants,63272,ant,0.5,1.0,0.5,1.0,0.00010656306403689086,0.6724863052368164,0.31766003370285034,-8.750000065812019,3.0321059226989746, Eight,38923,False,False,False,True,70452.94700144607,1.8838383553666371,11042.91796875,50896.2578125,47447.26171875,0.01575799286365509,0.026327457278966904,0.0882481187582016
primary_grid_ants_a1_s0,primary_grid,additive,ants, ants,63272,ant,1.0,0.0,1.0,0.0,3.0589933430746896e-07,0.9999902248382568,6.1441523939720355e-06,-14.999999986759358,1.7875678167911246e-05, Eight,38923,False,False,True,True,48350.52620159636,1.4143215558332276,9343.517578125,47439.140625,0.0,0.029734864830970764,0.026533223688602448,0.0
primary_grid_ants_a1_s0.03125,primary_grid,additive,ants, ants,63272,ant,1.0,0.03125,1.0,0.03125,1.307186181520592e-07,0.9046393632888794,0.0953482836484909,-15.749999868637437,0.7342130541801453, Eight,38923,False,False,False,False,48272.07337307741,1.4168171219306587,9394.091796875,47325.9453125,1482.905029296875,0.029703224077820778,0.02663012035191059,0.08804065734148026
primary_grid_ants_a1_s0.0625,primary_grid,additive,ants, ants,63272,ant,1.0,0.0625,1.0,0.0625,5.130208592163399e-05,0.8800477385520935,0.11910150945186615,-9.750000020747144,0.9559164047241211, Eight,38923,False,False,False,False,48256.820042064006,1.4203990675972937,9446.2353515625,47230.27734375,2964.83056640625,0.029618214815855026,0.027673888951539993,0.08844052255153656
primary_grid_ants_a1_s0.125,primary_grid,additive,ants, ants,63272,ant,1.0,0.125,1.0,0.125,4.366870780359022e-05,0.9618672728538513,0.037295639514923096,-9.999999973088451,0.2618055045604706, Eight,38923,False,False,False,True,48535.70869134247,1.4349189845515269,9586.8134765625,47208.578125,5929.43310546875,0.029439914971590042,0.028078747913241386,0.08836071193218231
primary_grid_ants_a1_s0.25,primary_grid,additive,ants, ants,63272,ant,1.0,0.25,1.0,0.25,9.133997809840366e-05,0.9503527879714966,0.04731527715921402,-9.249999982424884,0.3625568151473999, Eight,38923,False,False,False,True,50185.53404187682,1.4871599167216702,9959.7353515625,47736.41796875,11858.5791015625,0.02877906523644924,0.02965795248746872,0.08835868537425995
primary_grid_ants_a1_s0.5,primary_grid,additive,ants, ants,63272,ant,1.0,0.5,1.0,0.5,0.0003890616644639522,0.7034400105476379,0.2587811350822449,-7.500000027518963,2.943052053451538, Eight,38923,False,False,False,True,57192.51802349675,1.6726438337640726,11047.8125,50854.37890625,23722.607421875,0.026739180088043213,0.03154660761356354,0.08823640644550323
primary_grid_ants_a1_s1,primary_grid,additive,ants, ants,63272,ant,1.0,1.0,1.0,1.0,0.0004980358644388616,0.4253518879413605,0.5461626052856445,-6.749999985576799,5.829366207122803, Four,13038,False,False,False,True,80640.75753337663,2.257564649933179,14155.4462890625,63658.640625,47435.5625,0.022151190787553787,0.031023889780044556,0.08855684101581573
primary_grid_overdrive_ant_ants_a1.5_s0,primary_grid_overdrive_ant,additive,ants, ants,63272,ant,1.5,0.0,1.5,0.0,3.927815726001427e-07,0.9999878406524658,6.144137842056807e-06,-14.750000015077514,3.573982394300401e-05, Eight,38923,False,False,True,True,72510.08026132299,2.121205009737267,14014.7451171875,71142.8046875,0.0,0.02971971221268177,0.02657514438033104,0.0
primary_grid_overdrive_ant_ants_a1.5_s0.03125,primary_grid_overdrive_ant,additive,ants, ants,63272,ant,1.5,0.03125,1.5,0.03125,1.741598651960885e-07,0.2689332664012909,0.7310363054275513,-14.250000183593894,7.459528923034668, Four,13038,False,False,False,False,72410.629240556,2.122958068794049,14059.5361328125,71017.1171875,1482.4766845703125,0.029712850227952003,0.026964431628584862,0.08812013268470764
primary_grid_overdrive_ant_ants_a1.5_s0.0625,primary_grid_overdrive_ant,additive,ants, ants,63272,ant,1.5,0.0625,1.5,0.0625,4.19014977524057e-05,0.9229419231414795,0.07575968652963638,-10.000000017495081,0.5826700925827026, Eight,38923,False,False,False,False,72393.2551806653,2.1265258716874853,14112.017578125,70942.59375,2963.570068359375,0.029663367196917534,0.027327198535203934,0.08813289552927017
primary_grid_overdrive_ant_ants_a1.5_s0.125,primary_grid_overdrive_ant,additive,ants, ants,63272,ant,1.5,0.125,1.5,0.125,5.4699237807653844e-05,0.9383232593536377,0.059984996914863586,-9.75000001951068,0.45627617835998535, Eight,38923,False,False,False,False,72455.54332938838,2.136357554414641,14233.453125,70795.9453125,5928.6337890625,0.029564864933490753,0.0279313363134861,0.08836504817008972
primary_grid_overdrive_ant_ants_a1.5_s0.25,primary_grid_overdrive_ant,additive,ants, ants,63272,ant,1.5,0.25,1.5,0.25,0.00014275866851676255,0.900905430316925,0.0949547290802002,-8.74999999842555,0.791301965713501, Eight,38923,False,False,False,True,73392.78846041027,2.1733066308557847,14544.2529296875,70953.1171875,11858.3837890625,0.029248084872961044,0.02890053763985634,0.08957956731319427
primary_grid_overdrive_ant_ants_a1.5_s0.5,primary_grid_overdrive_ant,additive,ants, ants,63272,ant,1.5,0.5,1.5,0.5,0.0004604077839758247,0.648302435874939,0.3062363862991333,-7.250000004793133,3.5668351650238037, Eight,38923,False,False,False,True,78030.5616018356,2.307192227578024,15416.4912109375,72723.1484375,23715.90234375,0.028177816420793533,0.03071456402540207,0.08823177963495255
primary_grid_overdrive_ant_ants_a1.5_s1,primary_grid_overdrive_ant,additive,ants, ants,63272,ant,1.5,1.0,1.5,1.0,0.0005715441075153649,0.23057736456394196,0.6267741918563843,-6.000000064365107,9.10437297821045, Four,13038,False,False,False,True,95985.95352286923,2.7650805634289344,17957.62890625,81483.0,47448.3671875,0.025192903354763985,0.031923044472932816,0.08858387917280197
primary_grid_overdrive_ant_ants_a2_s0,primary_grid_overdrive_ant,additive,ants, ants,63272,ant,2.0,0.0,2.0,0.0,5.043403348281572e-07,0.9999854564666748,6.144123290141579e-06,-14.499999985610296,4.7119028749875724e-05, Eight,38923,False,False,True,True,96650.09640701507,2.8276649010115182,18684.23046875,94826.8984375,0.0,0.029715195298194885,0.026331668719649315,0.0
primary_grid_overdrive_ant_ants_a2_s0.03125,primary_grid_overdrive_ant,additive,ants, ants,63272,ant,2.0,0.03125,2.0,0.03125,9.911804710327488e-08,0.11919979006052017,0.8807739019393921,-14.000000016577843,9.323463439941406, Four,13038,False,False,False,False,96532.25883938125,2.8291933112867653,18729.77734375,94686.203125,1481.6798095703125,0.029711954295635223,0.026668421924114227,0.08883638679981232
primary_grid_overdrive_ant_ants_a2_s0.0625,primary_grid_overdrive_ant,additive,ants, ants,63272,ant,2.0,0.0625,2.0,0.0625,8.165758481482044e-05,0.8496116995811462,0.14764036238193512,-9.249999990724842,1.2449491024017334, Eight,38923,False,False,False,False,96495.45665463344,2.8326656880783245,18785.015625,94602.875,2965.195556640625,0.029701758176088333,0.02695906162261963,0.0882401317358017
primary_grid_overdrive_ant_ants_a2_s0.125,primary_grid_overdrive_ant,additive,ants, ants,63272,ant,2.0,0.125,2.0,0.125,7.022391218924895e-05,0.9381722211837769,0.05997534468770027,-9.499999933301426,0.45842722058296204, Eight,38923,False,False,False,False,96528.26969234513,2.84082813745553,18889.86328125,94475.890625,5931.779296875,0.02961319498717785,0.027406269684433937,0.09086603671312332
primary_grid_overdrive_ant_ants_a2_s0.25,primary_grid_overdrive_ant,additive,ants, ants,63272,ant,2.0,0.25,2.0,0.25,0.00018297396309208125,0.8992747068405151,0.09478285163640976,-8.499999971587672,0.8186015486717224, Eight,38923,False,False,False,True,97088.6357813311,2.869941245577233,19171.51171875,94434.984375,11861.2841796875,0.029419787228107452,0.02832237258553505,0.08827757090330124
primary_grid_overdrive_ant_ants_a2_s0.5,primary_grid_overdrive_ant,additive,ants, ants,63272,ant,2.0,0.5,2.0,0.5,0.0006077062571421266,0.40421074628829956,0.5190168619155884,-6.500000034639131,6.46682071685791, Four,13038,False,False,False,True,100407.82582005489,2.974785948679408,19918.314453125,95511.8203125,23716.75390625,0.02877545729279518,0.030214941129088402,0.08826174587011337
primary_grid_overdrive_ant_ants_a2_s1,primary_grid_overdrive_ant,additive,ants, ants,63272,ant,2.0,1.0,2.0,1.0,0.0006157532916404307,0.31896811723709106,0.52588951587677,-6.250000048078794,8.179512023925781, Four,13038,False,False,False,True,114399.40512511917,3.3452846176116666,22092.580078125,101723.3359375,47450.0234375,0.02675734832882881,0.03179342299699783,0.088584765791893
primary_grid_ant_a0_s0,primary_grid,additive,ant, ant,2314,ant,0.0,0.0,0.0,0.0,1.1253320053583593e-07,0.999982476234436,1.6701407730579376e-05,-16.000000019046855,0.0, Eight,38923,False,False,True,True,0.0,0.0,0.0,0.0,0.0,0.0,0.0,0.0
primary_grid_ant_a0_s0.03125,primary_grid,additive,ant, ant,2314,ant,0.0,0.03125,0.0,0.03125,4.139516462942083e-08,0.9998981952667236,9.610186680220068e-05,-16.999999949411443,0.00013139063958078623, Eight,38923,False,False,True,True,2116.7901177640283,0.05413174989367014,291.9834899902344,1481.8311767578125,1483.1461181640625,0.0037068859674036503,0.015526523813605309,0.08842331171035767
primary_grid_ant_a0_s0.0625,primary_grid,additive,ant, ant,2314,ant,0.0,0.0625,0.0,0.0625,0.00018051608640234917,0.887194812297821,0.0028237467631697655,-8.499999972581906,2.0595524311065674, Eight,38923,False,False,False,True,4233.337347152252,0.10825373943708186,583.8737182617188,2964.56640625,2965.060302734375,0.003744368674233556,0.01567254215478897,0.08809606730937958
primary_grid_ant_a0_s0.125,primary_grid,additive,ant, ant,2314,ant,0.0,0.125,0.0,0.125,3.925676139715506e-07,0.9994431138038635,0.0005527763860300183,-14.750000008349325,0.001411450793966651, Eight,38923,False,False,True,True,8464.89776574022,0.21648444826258004,1167.879638671875,5927.08984375,5929.60009765625,0.00385106448084116,0.015556316822767258,0.09089231491088867
primary_grid_ant_a0_s0.25,primary_grid,additive,ant, ant,2314,ant,0.0,0.25,0.0,0.25,2.817226913975901e-06,0.970680832862854,0.029312020167708397,-12.749999956527367,0.19012948870658875, Eight,38923,False,False,False,True,16927.39753434684,0.4329264541412217,2335.746337890625,11851.6650390625,11858.29296875,0.003829285269603133,0.015555259771645069,0.08828084170818329
primary_grid_ant_a0_s0.5,primary_grid,additive,ant, ant,2314,ant,0.0,0.5,0.0,0.5,2.4906854378059506e-05,0.9045048952102661,0.09533411264419556,-10.499999954048645,0.7356247901916504, Eight,38923,False,False,False,True,33866.73657435039,0.8660698668061573,4671.6513671875,23718.541015625,23718.396484375,0.0037288516759872437,0.01551924180239439,0.0882735624909401
primary_grid_ant_a0_s1,primary_grid,additive,ant, ant,2314,ant,0.0,1.0,0.0,1.0,5.386632983572781e-05,0.43648338317871094,0.5604557394981384,-8.999999980868346,5.527212619781494, Four,13038,False,False,False,True,67733.97555923686,1.7320817084211715,9342.1787109375,47412.59765625,47462.203125,0.0037053818814456463,0.015594309195876122,0.08821355551481247
primary_grid_ant_a0.03125_s0,primary_grid,additive,ant, ant,2314,ant,0.03125,0.0,0.03125,0.0,1.855382691928753e-07,0.999995231628418,3.7266354411258362e-06,-15.499999904866941,7.291023848665645e-06, Eight,38923,False,False,True,True,1510.5486107434647,0.04418975398377192,291.9624328613281,1482.064453125,0.0,0.012639708817005157,0.032484956085681915,0.0
primary_grid_ant_a0.03125_s0.03125,primary_grid,additive,ant, ant,2314,ant,0.03125,0.03125,0.03125,0.03125,6.825560916468021e-08,0.9999938011169434,8.315235504596785e-07,-16.500000021793042,3.67931388609577e-05, Eight,38923,False,False,True,True,2729.208348233028,0.08123009284116178,546.434814453125,2225.05810546875,1482.9375,0.00866711512207985,0.03168511763215065,0.08816034346818924
primary_grid_ant_a0.03125_s0.0625,primary_grid,additive,ant, ant,2314,ant,0.03125,0.0625,0.03125,0.0625,3.0585204058297677e-07,0.9998356103897095,0.00015843527216929942,-14.999999976314019,0.00024468873743899167, Eight,38923,False,False,True,True,4645.04816518865,0.13077837575151804,826.0387573242188,3479.582763671875,2964.22607421875,0.007103448733687401,0.026942053809762,0.08806558698415756
primary_grid_ant_a0.03125_s0.125,primary_grid,additive,ant, ant,2314,ant,0.03125,0.125,0.03125,0.125,3.9219563063852547e-07,0.9984960556030273,0.0015011780196800828,-14.749999987435986,0.005276825278997421, Eight,38923,False,False,True,True,8758.648098526404,0.23599374078411856,1400.5089111328125,6292.033203125,5929.82373046875,0.0058075012639164925,0.022261420264840126,0.09095966070890427
primary_grid_ant_a0.03125_s0.25,primary_grid,additive,ant, ant,2314,ant,0.03125,0.25,0.03125,0.25,4.644794898922555e-06,0.9706751704216003,0.029311850666999817,-12.249999944275178,0.19016169011592865, Eight,38923,False,False,False,True,17159.6287915033,0.450712208414057,2561.93359375,12138.2294921875,11855.494140625,0.004892531782388687,0.019092638045549393,0.08831314742565155
primary_grid_ant_a0.03125_s0.5,primary_grid,additive,ant, ant,2314,ant,0.03125,0.5,0.03125,0.5,3.1135354220168665e-05,0.8805869817733765,0.11917448788881302,-10.250000023662599,0.9482803344726562, Eight,38923,False,False,False,True,34062.776679295144,0.8828609900305683,4894.26416015625,23952.8359375,23718.78125,0.004323468543589115,0.017394237220287323,0.08825565129518509
primary_grid_ant_a0.03125_s1,primary_grid,additive,ant, ant,2314,ant,0.03125,1.0,0.03125,1.0,2.266197043354623e-05,0.49916312098503113,0.49916312098503113,-10.00000000878992,4.822576999664307, Eight,38923,False,False,False,True,67913.12162372208,1.74842499614761,9563.5478515625,47626.46484375,47459.98828125,0.0040657417848706245,0.016542192548513412,0.08819489181041718
primary_grid_ant_a0.0625_s0,primary_grid,additive,ant, ant,2314,ant,0.0625,0.0,0.0625,0.0,2.3823523065402696e-07,0.9999927282333374,2.9022994567640126e-06,-15.25000001549948,2.8801736334571615e-05, Eight,38923,False,False,True,True,3022.4213791831858,0.08840196743489533,583.95703125,2965.47216796875,0.0,0.01260683685541153,0.0325159952044487,0.0
primary_grid_ant_a0.0625_s0.03125,primary_grid,additive,ant, ant,2314,ant,0.0625,0.03125,0.0625,0.03125,1.186109610529229e-08,0.9999979734420776,8.31527017908229e-07,-18.250000000742304,1.662925751588773e-05, Eight,38923,False,False,True,True,3870.3692223183252,0.11904215660617892,826.03857421875,3478.091796875,1483.33935546875,0.010230325162410736,0.034311648458242416,0.0884554535150528
primary_grid_ant_a0.0625_s0.0625,primary_grid,additive,ant, ant,2314,ant,0.0625,0.0625,0.0625,0.0625,3.0587148103222717e-07,0.99989914894104,9.610196138964966e-05,-14.999999963699256,0.00011042829282814637, Eight,38923,False,False,True,True,5456.869645596212,0.16241632352466026,1092.58935546875,4450.015625,2963.28125,0.008732648566365242,0.03186635300517082,0.0883357971906662
primary_grid_ant_a0.0625_s0.125,primary_grid,additive,ant, ant,2314,ant,0.0625,0.125,0.0625,0.125,1.365371758765832e-06,0.9959244728088379,0.004070115741342306,-13.499999960877851,0.018340155482292175, Eight,38923,False,False,True,True,9289.779898451106,0.261550024276371,1652.0526123046875,6958.06005859375,5929.2607421875,0.007156115025281906,0.02700529806315899,0.08827269822359085
primary_grid_ant_a0.0625_s0.25,primary_grid,additive,ant, ant,2314,ant,0.0625,0.25,0.0625,0.25,6.002950613037683e-06,0.9770089983940125,0.02297705039381981,-12.00000002402279,0.1434183418750763, Eight,38923,False,False,False,True,17511.369575103112,0.47186090936391684,2800.576904296875,12580.4462890625,11854.8388671875,0.005785892717540264,0.020457498729228973,0.08827335387468338
primary_grid_ant_a0.0625_s0.5,primary_grid,additive,ant, ant,2314,ant,0.0625,0.5,0.0625,0.5,4.193921995465644e-05,0.9237728118896484,0.07582788914442062,-10.00000001959089,0.5702999830245972, Eight,38923,False,False,False,True,34326.57684388202,0.9015318041207613,5123.60400390625,24277.75390625,23720.3125,0.0048088873736560345,0.019133305177092552,0.08830835670232773
primary_grid_ant_a0.0625_s1,primary_grid,additive,ant, ant,2314,ant,0.0625,1.0,0.0625,1.0,1.8669376004254445e-05,0.6779877543449402,0.3202587366104126,-10.49999997070142,2.9215662479400635, Eight,38923,False,False,False,True,68118.71981618946,1.7656146957966168,9788.6904296875,47875.44140625,47458.23046875,0.004340379498898983,0.017396148294210434,0.08822553604841232
primary_grid_ant_a0.125_s0,primary_grid,additive,ant, ant,2314,ant,0.125,0.0,0.125,0.0,6.825573706237265e-08,0.9999955892562866,3.9278461372305173e-07,-16.49999993613876,3.116243169642985e-05, Eight,38923,False,False,True,True,6044.331786218451,0.17678542699376582,1167.766357421875,5930.45263671875,0.0,0.012470558285713196,0.03260652348399162,0.0
primary_grid_ant_a0.125_s0.03125,primary_grid,additive,ant, ant,2314,ant,0.125,0.03125,0.125,0.03125,1.955522677121735e-08,0.9999767541885376,2.1444910089485347e-05,-17.749999986139642,1.8930468286271207e-06, Eight,38923,False,False,True,True,6614.515011972305,0.20257994973979165,1400.3719482421875,6292.158203125,1483.0753173828125,0.01117953471839428,0.03434687852859497,0.08839186280965805
primary_grid_ant_a0.125_s0.0625,primary_grid,additive,ant, ant,2314,ant,0.125,0.0625,0.125,0.0625,1.7511462147012935e-06,0.9947736859321594,0.005220093298703432,-13.24999998558623,0.024820035323500633, Eight,38923,False,False,True,True,7744.765029158507,0.2381346278491029,1651.9739990234375,6960.80224609375,2966.411865234375,0.010197307914495468,0.030781859531998634,0.0882822796702385
primary_grid_ant_a0.125_s0.125,primary_grid,additive,ant, ant,2314,ant,0.125,0.125,0.125,0.125,2.887148411900853e-06,0.9947723746299744,0.0052200863137841225,-12.749999914430909,0.02482522279024124, Eight,38923,False,False,True,True,10917.50445772817,0.32490173213721174,2185.352294921875,8902.4189453125,5929.84619140625,0.008694032207131386,0.03194107115268707,0.0882655531167984
primary_grid_ant_a0.125_s0.25,primary_grid,additive,ant, ant,2314,ant,0.125,0.25,0.125,0.25,9.947526450559963e-06,0.9819777607917786,0.017985550686717033,-11.500000017897369,0.10801886767148972, Eight,38923,False,False,False,True,18577.0136544668,0.5230710804252373,3304.2666015625,13916.443359375,11854.107421875,0.0071103558875620365,0.027017734944820404,0.08829204738140106
primary_grid_ant_a0.125_s0.5,primary_grid,additive,ant, ant,2314,ant,0.125,0.5,0.125,0.5,3.710110831889324e-05,0.8172063231468201,0.18234337866306305,-10.000000036479527,1.536285400390625, Eight,38923,False,False,False,True,35034.55610536679,0.9439032809313036,5600.94775390625,25168.51953125,23719.087890625,0.0057107084430754185,0.022247718647122383,0.08826861530542374
primary_grid_ant_a0.125_s1,primary_grid,additive,ant, ant,2314,ant,0.125,1.0,0.125,1.0,4.643247666535899e-05,0.6203251481056213,0.37624621391296387,-9.49999990945358,3.529273509979248, Eight,38923,False,False,False,True,68677.95425865261,1.8034601190142352,10246.8369140625,48570.83984375,47460.90234375,0.004848047625273466,0.01867411658167839,0.08857515454292297
primary_grid_ant_a0.25_s0,primary_grid,additive,ant, ant,2314,ant,0.25,0.0,0.25,0.0,1.8553787128894328e-07,0.999993085861206,4.785084456671029e-06,-15.499999903681733,1.011346739687724e-05, Eight,38923,False,False,True,True,12091.79970227979,0.35361744837820364,2335.51806640625,11864.1044921875,0.0,0.012456383556127548,0.032444048672914505,0.0
primary_grid_ant_a0.25_s0.03125,primary_grid,additive,ant, ant,2314,ant,0.25,0.03125,0.25,0.03125,1.521915748980973e-08,0.9992892742156982,0.0007096696645021439,-17.99999986304129,0.0019687265157699585, Eight,38923,False,False,True,True,12492.678373204884,0.3763439604076496,2561.9267578125,12137.00390625,1482.1202392578125,0.01182157825678587,0.03360006585717201,0.08782391250133514
primary_grid_ant_a0.25_s0.0625,primary_grid,additive,ant, ant,2314,ant,0.25,0.0625,0.25,0.0625,9.947615581040736e-06,0.9819866418838501,0.017985712736845016,-11.500000101918662,0.10794636607170105, Eight,38923,False,False,False,True,13233.015838107482,0.4051853996347362,2800.31884765625,12588.9814453125,2964.53515625,0.011191843077540398,0.03422895818948746,0.08823952078819275
primary_grid_ant_a0.25_s0.125,primary_grid,additive,ant, ant,2314,ant,0.25,0.125,0.25,0.125,1.0062033652502578e-05,0.9932814836502075,0.006692678201943636,-11.500000074205753,0.03361489996314049, Eight,38923,False,False,True,True,15481.279493499687,0.47614023758619317,3303.820068359375,13913.361328125,5930.69677734375,0.010154054500162601,0.034188512712717056,0.09093578904867172
primary_grid_ant_a0.25_s0.25,primary_grid,additive,ant, ant,2314,ant,0.25,0.25,0.25,0.25,2.1141897377674468e-05,0.9858472943305969,0.014062355272471905,-10.750000018307242,0.08157023787498474, Eight,38923,False,False,False,True,21826.650704598054,0.6496878713330677,4370.8291015625,17796.45703125,11856.83984375,0.008621674962341785,0.03196530044078827,0.0882750004529953
primary_grid_ant_a0.25_s0.5,primary_grid,additive,ant, ant,2314,ant,0.25,0.5,0.25,0.5,3.112001286353916e-05,0.8801530003547668,0.11911575496196747,-10.249999922718391,0.9545707702636719, Eight,38923,False,False,False,True,37165.16066525637,1.046200766912448,6606.8486328125,27842.029296875,23715.3984375,0.0070212241262197495,0.027019020169973373,0.08829936385154724
primary_grid_ant_a0.25_s1,primary_grid,additive,ant, ant,2314,ant,0.25,1.0,0.25,1.0,3.620857387431897e-05,0.6211301684379578,0.37673449516296387,-9.750000011816805,3.5131611824035645, Eight,38923,False,False,False,True,70079.22222183652,1.8880838549773404,11203.5869140625,50329.26171875,47460.95703125,0.005700725130736828,0.022279221564531326,0.08819447457790375
primary_grid_ant_a0.5_s0,primary_grid,additive,ant, ant,2314,ant,0.5,0.0,0.5,0.0,3.0590092592319706e-07,0.9999954700469971,2.902307414842653e-06,-15.000000028948893,1.231839087267872e-05, Eight,38923,False,False,True,True,24182.15243893803,0.7071594649401718,4670.30126953125,23726.87890625,0.0,0.012389013543725014,0.03142616152763367,0.0
primary_grid_ant_a0.5_s0.03125,primary_grid,additive,ant, ant,2314,ant,0.5,0.03125,0.5,0.03125,5.307799000320301e-08,0.9984976053237915,0.0015011803479865193,-16.74999997110629,0.005274113267660141, Eight,38923,False,False,True,True,24492.36473393947,0.7282827619235633,4894.4833984375,23952.474609375,1482.87646484375,0.012073525227606297,0.03308127075433731,0.08846483379602432
primary_grid_ant_a0.5_s0.0625,primary_grid,additive,ant, ant,2314,ant,0.5,0.0625,0.5,0.0625,3.4542172215878963e-05,0.976940393447876,0.022975435480475426,-10.249999958782388,0.14398163557052612, Eight,38923,False,False,False,True,24999.549173208317,0.7529152333291432,5124.09228515625,24288.412109375,2965.497314453125,0.01175818033516407,0.03362559527158737,0.08840838074684143
primary_grid_ant_a0.5_s0.125,primary_grid,additive,ant, ant,2314,ant,0.5,0.125,0.5,0.125,4.4756525312550366e-05,0.9858280420303345,0.014062081463634968,-9.999999967681019,0.08164779841899872, Eight,38923,False,False,False,True,26465.18279463253,0.8103665779236672,5600.744140625,25177.318359375,5927.91748046875,0.011125858873128891,0.033312782645225525,0.08832596987485886
primary_grid_ant_a0.5_s0.25,primary_grid,additive,ant, ant,2314,ant,0.5,0.25,0.5,0.25,4.4755277485819533e-05,0.985800564289093,0.014061689376831055,-9.999999975259303,0.08195038139820099, Eight,38923,False,False,False,True,30969.060270149123,0.9522990087635901,6606.65283203125,27835.765625,11857.697265625,0.01011161133646965,0.034227095544338226,0.0896105021238327
primary_grid_ant_a0.5_s0.5,primary_grid,additive,ant, ant,2314,ant,0.5,0.5,0.5,0.5,6.584773655049503e-05,0.8797077536582947,0.11905549466609955,-9.499999978392983,0.9610128998756409, Eight,38923,False,False,False,True,43665.82098395639,1.2994743103440523,8740.46484375,35605.11328125,23718.85546875,0.008595110848546028,0.0319562591612339,0.08831194788217545
primary_grid_ant_a0.5_s1,primary_grid,additive,ant, ant,2314,ant,0.5,1.0,0.5,1.0,2.5766952603589743e-05,0.7287548780441284,0.2680939733982086,-10.249999946310915,2.4154012203216553, Eight,38923,False,False,False,True,74333.90848595757,2.092723899136399,13217.5185546875,55660.42578125,47463.08203125,0.007079527713358402,0.02707100100815296,0.08824273943901062
primary_grid_ant_a1_s0,primary_grid,additive,ant, ant,2314,ant,1.0,0.0,1.0,0.0,6.475921736637247e-07,0.999995231628418,2.260318751723389e-06,-14.249999931972406,1.529769906483125e-05, Eight,38923,False,False,True,True,48355.601587784375,1.4142186884023338,9341.04296875,47444.80078125,0.0,0.012392930686473846,0.03248289227485657,0.0
primary_grid_ant_a1_s0.03125,primary_grid,additive,ant, ant,2314,ant,1.0,0.03125,1.0,0.03125,6.808712527117677e-08,0.9975253939628601,0.0024726183619350195,-16.500000024952584,0.009912298992276192, Eight,38923,False,False,True,True,48617.28683951545,1.434509869054087,9564.5419921875,47644.078125,1483.89208984375,0.012224969454109669,0.032794419676065445,0.08810749650001526
primary_grid_ant_a1_s0.0625,primary_grid,additive,ant, ant,2314,ant,1.0,0.0625,1.0,0.0625,5.789799979538657e-05,0.9931955337524414,0.006692098919302225,-9.74999999764608,0.034298039972782135, Eight,38923,False,False,True,True,48975.18536573739,1.4564699960007947,9789.603515625,47895.15625,2964.195068359375,0.012085013091564178,0.033122338354587555,0.08833567798137665
primary_grid_ant_a1_s0.125,primary_grid,additive,ant, ant,2314,ant,1.0,0.125,1.0,0.125,7.420018664561212e-05,0.9912942051887512,0.008576375432312489,-9.499999980725649,0.045957088470458984, Eight,38923,False,False,True,True,49982.481819969995,1.505619742231044,10248.64453125,48559.75,5929.96240234375,0.01175549253821373,0.033132754266262054,0.08832304179668427
primary_grid_ant_a1_s0.25,primary_grid,additive,ant, ant,2314,ant,1.0,0.25,1.0,0.25,0.00015554603305645287,0.9816024899482727,0.01797867752611637,-8.749999988670051,0.1117151752114296, Eight,38923,False,False,False,True,52919.21307884062,1.6205781223219375,11201.578125,50342.640625,11856.9091796875,0.011132065206766129,0.03376413881778717,0.0883454754948616
primary_grid_ant_a1_s0.5,primary_grid,additive,ant, ant,2314,ant,1.0,0.5,1.0,0.5,0.00022949436970520765,0.8784186244010925,0.11888103187084198,-8.250000055830288,0.9803390502929688, Eight,38923,False,False,False,True,61917.976980631865,1.9044467900160353,13215.13671875,55646.80078125,23719.814453125,0.01012919470667839,0.033855654299259186,0.0889376848936081
primary_grid_ant_a1_s1,primary_grid,additive,ant, ant,2314,ant,1.0,1.0,1.0,1.0,6.1021401052130386e-05,0.8152291774749756,0.1819022297859192,-9.49999991248507,1.568691611289978, Eight,38923,False,False,False,True,87302.28192455001,2.5987807253961654,17484.58203125,71158.0234375,47460.65234375,0.008682169020175934,0.03193216025829315,0.08825390785932541
primary_grid_overdrive_ant_ant_a1.5_s0,primary_grid_overdrive_ant,additive,ant, ant,2314,ant,1.5,0.0,1.5,0.0,1.0676967576728202e-06,0.9999932050704956,2.260313976876205e-06,-13.749999997554065,2.226821015938185e-05, Eight,38923,False,False,True,True,72514.03543671203,2.121210257961494,14013.9912109375,71146.984375,0.0,0.012479208409786224,0.03212824463844299,0.0
primary_grid_overdrive_ant_ant_a1.5_s0.03125,primary_grid_overdrive_ant,additive,ant, ant,2314,ant,1.5,0.03125,1.5,0.03125,2.374802363647177e-07,0.9968236684799194,0.0031726714223623276,-15.250000045472108,0.013514251448214054, Eight,38923,False,False,True,True,72781.04135304938,2.1413845360975703,14235.025390625,71359.96875,1482.8663330078125,0.012317775748670101,0.032732803374528885,0.08853551000356674
primary_grid_overdrive_ant_ant_a1.5_s0.0625,primary_grid_overdrive_ant,additive,ant, ant,2314,ant,1.5,0.0625,1.5,0.0625,0.0001223263971041888,0.9912210702896118,0.008575743064284325,-9.000000008067277,0.046558719128370285, Eight,38923,False,False,True,True,73118.51206768553,2.162862999693263,14458.3740234375,71613.4296875,2964.610595703125,0.012185744941234589,0.032898515462875366,0.08824162930250168
primary_grid_overdrive_ant_ant_a1.5_s0.125,primary_grid_overdrive_ant,additive,ant, ant,2314,ant,1.5,0.125,1.5,0.125,0.00020117213716730475,0.9887145161628723,0.010983627289533615,-8.49999996447571,0.06268797814846039, Eight,38923,False,False,False,True,73902.67675720312,2.208145471571111,14911.9658203125,72139.34375,5929.080078125,0.01199718564748764,0.033297114074230194,0.08826453983783722
primary_grid_overdrive_ant_ant_a1.5_s0.25,primary_grid_overdrive_ant,additive,ant, ant,2314,ant,1.5,0.25,1.5,0.25,0.00025746284518390894,0.9854714870452881,0.014056994579732418,-8.25000005353577,0.08485373109579086, Eight,38923,False,False,False,True,76215.97020284993,2.312255532258631,15845.830078125,73601.6953125,11856.400390625,0.011583247222006321,0.03355374187231064,0.08833388984203339
primary_grid_overdrive_ant_ant_a1.5_s0.5,primary_grid_overdrive_ant,additive,ant, ant,2314,ant,1.5,0.5,1.5,0.5,0.0008004269911907613,0.8777747750282288,0.11879388988018036,-6.999999994972875,0.9861012101173401, Eight,38923,False,False,False,True,83242.43651210118,2.562090620687905,17789.375,77784.1328125,23716.451171875,0.010839248076081276,0.0344788022339344,0.08897731453180313
primary_grid_overdrive_ant_ant_a1.5_s1,primary_grid_overdrive_ant,additive,ant, ant,2314,ant,1.5,1.0,1.5,1.0,0.00017263962945435196,0.8484838604927063,0.14744438230991364,-8.499999987094236,1.2630655765533447, Eight,38923,False,False,False,True,104364.65359211179,3.1828301359665905,21917.517578125,90335.9765625,47444.859375,0.009621256962418556,0.033756036311388016,0.08820746839046478
primary_grid_overdrive_ant_ant_a2_s0,primary_grid_overdrive_ant,additive,ant, ant,2314,ant,2.0,0.0,2.0,0.0,8.31524175737286e-07,0.9999945163726807,1.760336658662709e-06,-13.999999980244327,2.0799752746825106e-05, Eight,38923,False,False,True,True,96720.99737058315,2.828709516518777,18683.78125,94899.25,0.0,0.012456033378839493,0.032486144453287125,0.0
primary_grid_overdrive_ant_ant_a2_s0.03125,primary_grid_overdrive_ant,additive,ant, ant,2314,ant,2.0,0.03125,2.0,0.03125,1.8456985628745315e-07,0.9947757720947266,0.0052201044745743275,-15.4999998983635,0.02482014335691929, Eight,38923,False,False,True,True,96954.1101449156,2.8484120631437824,18905.546875,95081.453125,1482.2425537109375,0.012330621480941772,0.03258100524544716,0.08838915824890137
primary_grid_overdrive_ant_ant_a2_s0.0625,primary_grid_overdrive_ant,additive,ant, ant,2314,ant,2.0,0.0625,2.0,0.0625,0.00015668434207327664,0.9887861013412476,0.010984421707689762,-8.75000008808343,0.062077004462480545, Eight,38923,False,False,False,True,97257.1341388279,2.8693968655367357,19129.591796875,95311.1015625,2966.947509765625,0.012297078967094421,0.03258277475833893,0.0883103460073471
primary_grid_overdrive_ant_ant_a2_s0.125,primary_grid_overdrive_ant,additive,ant, ant,2314,ant,2.0,0.125,2.0,0.125,0.00012288654397707433,0.9957600235939026,0.004069443792104721,-9.000000044366098,0.019476696848869324, Eight,38923,False,False,True,True,97985.15701041711,2.9134827618817387,19579.515625,95825.796875,5928.76171875,0.0121436957269907,0.032875724136829376,0.08823560178279877
primary_grid_overdrive_ant_ant_a2_s0.25,primary_grid_overdrive_ant,additive,ant, ant,2314,ant,2.0,0.25,2.0,0.25,0.00042439313256181777,0.9852594137191772,0.014053970575332642,-7.750000024575546,0.0867462232708931, Eight,38923,False,False,False,True,99973.28580978262,3.0114117557933664,20497.94921875,97128.484375,11855.3564453125,0.011812232434749603,0.03336327522993088,0.08826396614313126
primary_grid_overdrive_ant_ant_a2_s0.5,primary_grid_overdrive_ant,additive,ant, ant,2314,ant,2.0,0.5,2.0,0.5,0.0010544689139351249,0.9005784392356873,0.09492026269435883,-6.750000026069866,0.7890325784683228, Eight,38923,False,False,False,True,105851.0558349542,3.241619304504563,22406.83203125,100696.375,23719.611328125,0.011195763945579529,0.033977434039115906,0.08826529234647751
primary_grid_overdrive_ant_ant_a2_s1,primary_grid_overdrive_ant,additive,ant, ant,2314,ant,2.0,1.0,2.0,1.0,0.00029443702078424394,0.877704381942749,0.11878437548875809,-7.999999992201458,0.9912354946136475, Eight,38923,False,False,False,True,123869.52376192328,3.809494497273492,26431.7890625,111325.6875,47451.140625,0.010178156197071075,0.03403282165527344,0.08828207850456238
primary_grid_Ants_a0_s0,primary_grid,additive,Ants, Ants,190788,ant,0.0,0.0,0.0,0.0,1.1253320053583593e-07,0.999982476234436,1.6701407730579376e-05,-16.000000019046855,0.0, Eight,38923,False,False,True,True,0.0,0.0,0.0,0.0,0.0,0.0,0.0,0.0
primary_grid_Ants_a0_s0.03125,primary_grid,additive,Ants, Ants,190788,ant,0.0,0.03125,0.0,0.03125,4.139516462942083e-08,0.9998981952667236,9.610186680220068e-05,-16.999999949411443,0.00013139063958078623, Eight,38923,False,False,True,True,2116.7901177640283,0.05413174989367014,291.9834899902344,1481.8311767578125,1483.1461181640625,0.0037068859674036503,0.015526523813605309,0.08842331171035767
primary_grid_Ants_a0_s0.0625,primary_grid,additive,Ants, Ants,190788,ant,0.0,0.0625,0.0,0.0625,0.00018051608640234917,0.887194812297821,0.0028237467631697655,-8.499999972581906,2.0595524311065674, Eight,38923,False,False,False,True,4233.337347152252,0.10825373943708186,583.8737182617188,2964.56640625,2965.060302734375,0.003744368674233556,0.01567254215478897,0.08809606730937958
primary_grid_Ants_a0_s0.125,primary_grid,additive,Ants, Ants,190788,ant,0.0,0.125,0.0,0.125,3.925676139715506e-07,0.9994431138038635,0.0005527763860300183,-14.750000008349325,0.001411450793966651, Eight,38923,False,False,True,True,8464.89776574022,0.21648444826258004,1167.879638671875,5927.08984375,5929.60009765625,0.00385106448084116,0.015556316822767258,0.09089231491088867
primary_grid_Ants_a0_s0.25,primary_grid,additive,Ants, Ants,190788,ant,0.0,0.25,0.0,0.25,2.817226913975901e-06,0.970680832862854,0.029312020167708397,-12.749999956527367,0.19012948870658875, Eight,38923,False,False,False,True,16927.39753434684,0.4329264541412217,2335.746337890625,11851.6650390625,11858.29296875,0.003829285269603133,0.015555259771645069,0.08828084170818329
primary_grid_Ants_a0_s0.5,primary_grid,additive,Ants, Ants,190788,ant,0.0,0.5,0.0,0.5,2.4906854378059506e-05,0.9045048952102661,0.09533411264419556,-10.499999954048645,0.7356247901916504, Eight,38923,False,False,False,True,33866.73657435039,0.8660698668061573,4671.6513671875,23718.541015625,23718.396484375,0.0037288516759872437,0.01551924180239439,0.0882735624909401
primary_grid_Ants_a0_s1,primary_grid,additive,Ants, Ants,190788,ant,0.0,1.0,0.0,1.0,5.386632983572781e-05,0.43648338317871094,0.5604557394981384,-8.999999980868346,5.527212619781494, Four,13038,False,False,False,True,67733.97555923686,1.7320817084211715,9342.1787109375,47412.59765625,47462.203125,0.0037053818814456463,0.015594309195876122,0.08821355551481247
primary_grid_Ants_a0.03125_s0,primary_grid,additive,Ants, Ants,190788,ant,0.03125,0.0,0.03125,0.0,1.8553711811364337e-07,0.9999890327453613,1.0129982001672033e-05,-15.499999909953333,1.6081759213193436e-06, Eight,38923,False,False,True,True,1511.3875681779919,0.04420149869827293,291.9486389160156,1482.9222412109375,0.0,0.01693025417625904,0.016293644905090332,0.0
primary_grid_Ants_a0.03125_s0.03125,primary_grid,additive,Ants, Ants,190788,ant,0.03125,0.03125,0.03125,0.03125,1.1253234788455302e-07,0.9999748468399048,2.9022476155660115e-06,-15.999999966404681,0.00021242881484795362, Eight,38923,False,False,True,True,2793.671802855947,0.08201456966001024,543.9214477539062,2304.6630859375,1482.3223876953125,0.011167440563440323,0.02043917216360569,0.0883776918053627
primary_grid_Ants_a0.03125_s0.0625,primary_grid,additive,Ants, Ants,190788,ant,0.03125,0.0625,0.03125,0.0625,3.9270480556297116e-07,0.9997923970222473,0.00020342612697277218,-14.750000013670086,0.0003388621553312987, Eight,38923,False,False,True,True,4724.130061197564,0.13180579518065297,822.7598876953125,3581.843994140625,2968.31005859375,0.008766120299696922,0.01957879774272442,0.09345343708992004
primary_grid_Ants_a0.03125_s0.125,primary_grid,additive,Ants, Ants,190788,ant,0.03125,0.125,0.03125,0.125,5.033744514548744e-07,0.9980704188346863,0.0019267291063442826,-14.500000062304617,0.007247693371027708, Eight,38923,False,False,True,True,8842.919984785318,0.23715340724123793,1396.9190673828125,6407.65283203125,5931.93359375,0.0067456988617777824,0.01804782636463642,0.09080872684717178
primary_grid_Ants_a0.03125_s0.25,primary_grid,additive,Ants, Ants,190788,ant,0.03125,0.25,0.03125,0.25,3.6742130760103464e-06,0.9859283566474915,0.014063512906432152,-12.4999999895848,0.08081140369176865, Eight,38923,False,False,False,True,17235.530050692247,0.4517572670056487,2558.081298828125,12244.6962890625,11856.9443359375,0.0054456875659525394,0.016992349177598953,0.08831493556499481
primary_grid_Ants_a0.03125_s0.5,primary_grid,additive,Ants, Ants,190788,ant,0.03125,0.5,0.03125,0.5,3.198066769982688e-05,0.9044945240020752,0.09533301740884781,-10.249999943771268,0.7356919050216675, Eight,38923,False,False,False,True,34151.96610988019,0.8841419492883263,4890.17431640625,24078.671875,23720.466796875,0.004578941967338324,0.016260646283626556,0.08833630383014679
primary_grid_Ants_a0.03125_s1,primary_grid,additive,Ants, Ants,190788,ant,0.03125,1.0,0.03125,1.0,3.0765077099204063e-05,0.6776458621025085,0.32009726762771606,-9.999999916921652,2.927811861038208, Eight,38923,False,False,False,True,67996.0327978252,1.749551982573949,9558.484375,47744.828125,47460.796875,0.0041556102223694324,0.015919454395771027,0.08822739124298096
primary_grid_Ants_a0.0625_s0,primary_grid,additive,Ants, Ants,190788,ant,0.0625,0.0,0.0625,0.0,1.2999264072277583e-05,0.9993823766708374,7.48056045267731e-05,-11.249999997792916,0.006553034298121929, Eight,38923,False,False,True,True,3021.136687220947,0.08839622280282651,584.1463623046875,2964.12548828125,0.0,0.016885612159967422,0.016014736145734787,0.0
primary_grid_Ants_a0.0625_s0.03125,primary_grid,additive,Ants, Ants,190788,ant,0.0625,0.03125,0.0625,0.03125,4.1396901906409767e-08,0.9999401569366455,5.8291174354963005e-05,-16.999999947239772,3.440769432927482e-05, Eight,38923,False,False,True,True,3962.9756809584087,0.1201562386937454,822.958251953125,3581.690185546875,1483.041259765625,0.013381035067141056,0.019574975594878197,0.08805825561285019
primary_grid_Ants_a0.0625_s0.0625,primary_grid,additive,Ants, Ants,190788,ant,0.0625,0.0625,0.0625,0.0625,5.041293889007648e-07,0.9995672106742859,0.00043055613059550524,-14.499999994807514,0.0009908579522743821, Eight,38923,False,False,True,True,5590.249180960472,0.16406611161434834,1087.7467041015625,4612.640625,2965.00244140625,0.011163602583110332,0.02028050646185875,0.08825099468231201
primary_grid_Ants_a0.0625_s0.125,primary_grid,additive,Ants, Ants,190788,ant,0.0625,0.125,0.0625,0.125,1.754752815941174e-06,0.9968224763870239,0.0031726674642413855,-13.24999997392288,0.013508878648281097, Eight,38923,False,False,True,True,9436.38575623198,0.26341181993094204,1645.36474609375,7156.91748046875,5925.93310546875,0.008666975423693657,0.019489843398332596,0.08819597959518433
primary_grid_Ants_a0.0625_s0.25,primary_grid,additive,Ants, Ants,190788,ant,0.0625,0.25,0.0625,0.25,6.033633326296695e-06,0.9820027351379395,0.017986007034778595,-12.000000001647418,0.10781295597553253, Eight,38923,False,False,False,True,17680.585296767407,0.47418614569839496,2793.3203125,12810.318359375,11861.54296875,0.006744810380041599,0.018116336315870285,0.08959031850099564
primary_grid_Ants_a0.0625_s0.5,primary_grid,additive,Ants, Ants,190788,ant,0.0625,0.5,0.0625,0.5,4.1946728742914274e-05,0.9239381551742554,0.07584145665168762,-9.999999966788273,0.5680398941040039, Eight,38923,False,False,False,True,34475.40388747808,0.9035612833133109,5115.73095703125,24491.57421875,23718.04296875,0.005296811461448669,0.016962140798568726,0.08830486983060837
primary_grid_Ants_a0.0625_s1,primary_grid,additive,Ants, Ants,190788,ant,0.0625,1.0,0.0625,1.0,2.9098577215336263e-05,0.4991636574268341,0.4991636574268341,-9.750000011719873,4.822553634643555, Eight,38923,False,False,False,True,68310.19122042078,1.7684144300789963,9780.7275390625,48146.1171875,47461.2578125,0.0045988005585968494,0.016247067600488663,0.08820740133523941
primary_grid_Ants_a0.125_s0,primary_grid,additive,Ants, Ants,190788,ant,0.125,0.0,0.125,0.0,1.370946165479836e-06,0.9999905824661255,3.7266181607265025e-06,-13.500000007185266,2.050423609034624e-05, Eight,38923,False,False,True,True,6039.489287621351,0.17672140316869175,1167.8975830078125,5925.4912109375,0.0,0.016845261678099632,0.0159459188580513,0.0
primary_grid_Ants_a0.125_s0.03125,primary_grid,additive,Ants, Ants,190788,ant,0.125,0.03125,0.125,0.03125,5.312837458859576e-08,0.999445378780365,0.0005527776083908975,-16.749999914972687,0.0013998576905578375, Eight,38923,False,False,True,True,6724.5305377804825,0.20392165913113108,1396.9034423828125,6408.716796875,1481.9989013671875,0.014959015883505344,0.018436335027217865,0.08856828510761261
primary_grid_Ants_a0.125_s0.0625,primary_grid,additive,Ants, Ants,190788,ant,0.125,0.0625,0.125,0.0625,7.821565304766409e-06,0.9914112091064453,0.008577387779951096,-11.74999996946924,0.045049335807561874, Eight,38923,False,False,True,True,7923.941641509581,0.2402515788481738,1645.4996337890625,7162.29638671875,2963.560791015625,0.013345500454306602,0.01958712562918663,0.0883367657661438
primary_grid_Ants_a0.125_s0.125,primary_grid,additive,Ants, Ants,190788,ant,0.125,0.125,0.125,0.125,4.7440335038118064e-06,0.9914141297340393,0.00857741292566061,-12.24999989274548,0.04503757506608963, Eight,38923,False,False,True,True,11181.19483929591,0.3281260363220339,2175.26416015625,9228.4013671875,5926.54638671875,0.01110151968896389,0.017680814489722252,0.08825498819351196
primary_grid_Ants_a0.125_s0.25,primary_grid,additive,Ants, Ants,190788,ant,0.125,0.25,0.125,0.25,7.802525942679495e-06,0.9889979958534241,0.01098677609115839,-11.750000064089269,0.060452308505773544, Eight,38923,False,False,False,True,18875.20699609281,0.5269110297923716,3291.436279296875,14310.6083984375,11859.4423828125,0.008694427087903023,0.019519658759236336,0.08825448155403137
primary_grid_Ants_a0.125_s0.5,primary_grid,additive,Ants, Ants,190788,ant,0.125,0.5,0.125,0.5,3.266851126682013e-05,0.9239485263824463,0.07584231346845627,-10.249999985933925,0.5679712295532227, Eight,38923,False,False,False,True,35350.19206567326,0.9481629019364503,5586.21728515625,25608.0859375,23720.375,0.006646520458161831,0.01812501810491085,0.08827895671129227
primary_grid_Ants_a0.125_s1,primary_grid,additive,Ants, Ants,190788,ant,0.125,1.0,0.125,1.0,4.202960553811863e-05,0.5615040063858032,0.4372997581958771,-9.499999924556365,4.141908168792725, Eight,38923,False,False,False,True,68985.82297026484,1.8077534182802368,10232.0556640625,49007.41796875,47461.79296875,0.005343411583453417,0.01645367406308651,0.08857447654008865
primary_grid_Ants_a0.25_s0,primary_grid,additive,Ants, Ants,190788,ant,0.25,0.0,0.25,0.0,1.0676950523702544e-06,0.9999915361404419,4.785077180713415e-06,-13.749999925791297,1.1727213859558105e-05, Eight,38923,False,False,True,True,12085.062884956867,0.35361245025002874,2336.8564453125,11856.974609375,0.0,0.01689278893172741,0.01600717194378376,0.0
primary_grid_Ants_a0.25_s0.03125,primary_grid,additive,Ants, Ants,190788,ant,0.25,0.03125,0.25,0.03125,6.812445718651361e-08,0.9980722665786743,0.001926732831634581,-16.49999995800836,0.007240773178637028, Eight,38923,False,False,True,True,12608.304893892318,0.3777830158591197,2558.29541015625,12256.7685546875,1481.9249267578125,0.015868259593844414,0.017280403524637222,0.08793362230062485
primary_grid_Ants_a0.25_s0.0625,primary_grid,additive,Ants, Ants,190788,ant,0.25,0.0625,0.25,0.0625,1.0062132787425071e-05,0.9932912588119507,0.006692743860185146,-11.500000063112036,0.0335257314145565, Eight,38923,False,False,True,True,13440.017342289671,0.40775478398631027,2794.389892578125,12807.6083984375,2964.897705078125,0.01492597721517086,0.01659761741757393,0.08818330615758896
primary_grid_Ants_a0.25_s0.125,primary_grid,additive,Ants, Ants,190788,ant,0.25,0.125,0.25,0.125,1.2954101293871645e-05,0.9959102869033813,0.004070057533681393,-11.250000018884252,0.018409565091133118, Eight,38923,False,False,True,True,15847.21010630604,0.48056648330879354,3291.9697265625,14323.2685546875,5927.98291015625,0.013343148864805698,0.017987005412578583,0.08833584189414978
primary_grid_Ants_a0.25_s0.25,primary_grid,additive,Ants, Ants,190788,ant,0.25,0.25,0.25,0.25,2.126071194652468e-05,0.9913875460624695,0.00857718288898468,-10.749999942559134,0.04520503804087639, Eight,38923,False,False,True,True,22349.341555424224,0.6561169867550297,4351.38427734375,18438.083984375,11857.30078125,0.011064627207815647,0.02032303623855114,0.08827908337116241
primary_grid_Ants_a0.25_s0.5,primary_grid,additive,Ants, Ants,190788,ant,0.25,0.5,0.25,0.5,6.913837569300085e-05,0.9236697554588318,0.07581943273544312,-9.499999938023096,0.5716168284416199, Eight,38923,False,False,False,True,37751.87759544393,1.0536583549669227,6580.1533203125,28622.728515625,23720.14453125,0.00861416943371296,0.018661251291632652,0.08826099336147308
primary_grid_Ants_a0.25_s1,primary_grid,additive,Ants, Ants,190788,ant,0.25,1.0,0.25,1.0,4.201528281555511e-05,0.5613126754760742,0.4371507465839386,-9.499999954373507,4.1455278396606445, Eight,38923,False,False,False,True,70735.55813747806,1.8970355102423877,11174.3896484375,51250.2890625,47455.875,0.00667926762253046,0.01808297075331211,0.08852420747280121
primary_grid_Ants_a0.5_s0,primary_grid,additive,Ants, Ants,190788,ant,0.5,0.0,0.5,0.0,8.315225841215579e-07,0.9999926090240479,4.785082182934275e-06,-13.999999986979601,1.0172283509746194e-05, Eight,38923,False,False,True,True,24159.535002220546,0.7069437603540754,4672.06005859375,23703.48046875,0.0,0.01684131659567356,0.014969180338084698,0.0
primary_grid_Ants_a0.5_s0.03125,primary_grid,additive,Ants, Ants,190788,ant,0.5,0.03125,0.5,0.03125,1.4325837582873646e-07,0.9914209246635437,0.008577471598982811,-15.749999925610503,0.04501562938094139, Eight,38923,False,False,True,True,24597.145237974324,0.7295010545874169,4889.74853515625,24060.5390625,1483.365478515625,0.01636180281639099,0.01675698533654213,0.08832138031721115
primary_grid_Ants_a0.5_s0.0625,primary_grid,additive,Ants, Ants,190788,ant,0.5,0.0625,0.5,0.0625,1.658947076066397e-05,0.9932803511619568,0.006692670285701752,-11.000000028046292,0.03359805420041084, Eight,38923,False,False,True,True,25212.90488490058,0.755399812824917,5115.0986328125,24509.951171875,2964.562744140625,0.01581493206322193,0.017377598211169243,0.08814437687397003
primary_grid_Ants_a0.5_s0.125,primary_grid,additive,Ants, Ants,190788,ant,0.5,0.125,0.5,0.125,2.137664705514908e-05,0.9967936873435974,0.0031725759617984295,-10.750000027007644,0.01367644127458334, Eight,38923,False,False,True,True,26876.40694973876,0.8153276144387457,5587.07275390625,25611.884765625,5929.35302734375,0.014864173717796803,0.018452268093824387,0.08835750073194504
primary_grid_Ants_a0.5_s0.25,primary_grid,additive,Ants, Ants,190788,ant,0.5,0.25,0.5,0.25,4.509243808570318e-05,0.9932270646095276,0.0066923112608492374,-10.000000019643391,0.03399249538779259, Eight,38923,False,False,True,True,31681.24680203818,0.960715415629411,6580.96337890625,28631.9375,11857.67578125,0.013285058550536633,0.018825450912117958,0.08830183744430542
primary_grid_Ants_a0.5_s0.5,primary_grid,additive,Ants, Ants,190788,ant,0.5,0.5,0.5,0.5,9.149229299509898e-05,0.9519375562667847,0.04739417880773544,-9.249999980293298,0.33863699436187744, Eight,38923,False,False,False,True,44706.55651220751,1.312114038092218,8699.4931640625,36883.42578125,23719.357421875,0.01103341206908226,0.01964554749429226,0.0882803350687027
primary_grid_Ants_a0.5_s1,primary_grid,additive,Ants, Ants,190788,ant,0.5,1.0,0.5,1.0,7.905627717263997e-05,0.4988994896411896,0.4988994896411896,-8.749999962754064,4.82764196395874, Eight,38923,False,False,False,True,75516.1034009504,2.1078352197875376,13164.9873046875,57261.6796875,47439.06640625,0.008686428889632225,0.019520774483680725,0.08856968581676483
primary_grid_Ants_a1_s0,primary_grid,additive,Ants, Ants,190788,ant,1.0,0.0,1.0,0.0,3.726602926690248e-06,0.9999865293502808,4.785053079103818e-06,-12.500000012061633,3.0741259251954034e-05, Eight,38923,False,False,True,True,48337.83154140245,1.4141701023745983,9344.0869140625,47426.08984375,0.0,0.016797389835119247,0.01548662967979908,0.0
primary_grid_Ants_a1_s0.03125,primary_grid,additive,Ants, Ants,190788,ant,1.0,0.03125,1.0,0.03125,9.658887165642227e-07,0.9046408534049988,0.09534844011068344,-13.74999994850088,0.7341756820678711, Eight,38923,False,False,False,True,48738.012985405505,1.4357258589329518,9556.3076171875,47768.94921875,1482.6951904296875,0.01655547320842743,0.01581040769815445,0.08871418982744217
primary_grid_Ants_a1_s0.0625,primary_grid,additive,Ants, Ants,190788,ant,1.0,0.0625,1.0,0.0625,3.5211553040426224e-05,0.9958721995353699,0.004069902002811432,-10.249999974484092,0.01867292821407318, Eight,38923,False,False,True,True,49228.616731745475,1.4595175492751962,9779.509765625,48156.29296875,2964.682373046875,0.016324009746313095,0.01626119390130043,0.08807621896266937
primary_grid_Ants_a1_s0.125,primary_grid,additive,Ants, Ants,190788,ant,1.0,0.125,1.0,0.125,5.814532414660789e-05,0.9974381923675537,0.0024724022950977087,-9.749999997760513,0.010458861477673054, Eight,38923,False,False,True,True,50407.99101851544,1.5105384476600388,10230.2392578125,49001.3984375,5930.490234375,0.01578669436275959,0.016884101554751396,0.08828627318143845
primary_grid_Ants_a1_s0.25,primary_grid,additive,Ants, Ants,190788,ant,1.0,0.25,1.0,0.25,0.0001220282501890324,0.9888051748275757,0.010984634049236774,-9.000000022259874,0.0619555301964283, Eight,38923,False,False,False,True,53743.44699008984,1.6304907351144127,11173.7841796875,51213.89453125,11859.2431640625,0.014861752279102802,0.017979875206947327,0.08829066157341003
primary_grid_Ants_a1_s0.5,primary_grid,additive,Ants, Ants,190788,ant,1.0,0.5,1.0,0.5,0.00030307500855997205,0.9034538865089417,0.0952233374118805,-8.000000021107168,0.7485522031784058, Eight,38923,False,False,False,True,63329.10404944031,1.9212840689877153,13166.466796875,57220.2734375,23728.8828125,0.013285533525049686,0.01932603307068348,0.08822061866521835
primary_grid_Ants_a1_s1,primary_grid,additive,Ants, Ants,190788,ant,1.0,1.0,1.0,1.0,0.00014638304128311574,0.43636173009872437,0.5602995157241821,-8.000000077959088,5.528185844421387, Four,13038,False,False,False,True,89426.14435110262,2.62496227804455,17406.33984375,73775.1796875,47447.62890625,0.01113001350313425,0.020027656108140945,0.08862659335136414
primary_grid_overdrive_ant_Ants_a1.5_s0,primary_grid_overdrive_ant,additive,Ants, Ants,190788,ant,1.5,0.0,1.5,0.0,1.0129850124940276e-05,0.9999760389328003,6.144065082480665e-06,-11.500000073627639,6.633674638578668e-05, Eight,38923,False,False,True,True,72490.49737269837,2.12096001550734,14015.466796875,71122.703125,0.0,0.016852492466568947,0.015641480684280396,0.0
primary_grid_overdrive_ant_Ants_a1.5_s0.03125,primary_grid_overdrive_ant,additive,Ants, Ants,190788,ant,1.5,0.03125,1.5,0.03125,2.689985421966412e-06,0.562156617641449,0.43780800700187683,-12.249999994873617,4.13080358505249, Eight,38923,False,False,False,True,72866.60056232964,2.1425932181629372,14233.875,71447.4765625,1482.0164794921875,0.01667952723801136,0.015924759209156036,0.08834996819496155
primary_grid_overdrive_ant_Ants_a1.5_s0.0625,primary_grid_overdrive_ant,additive,Ants, Ants,190788,ant,1.5,0.0625,1.5,0.0625,9.545548527967185e-05,0.993172824382782,0.006691946182399988,-9.249999954473424,0.03432905673980713, Eight,38923,False,False,True,True,73280.13223207014,2.1646901945982693,14450.177734375,71780.1015625,2964.31494140625,0.01649799942970276,0.016148358583450317,0.0883394256234169
primary_grid_overdrive_ant_Ants_a1.5_s0.125,primary_grid_overdrive_ant,additive,Ants, Ants,190788,ant,1.5,0.125,1.5,0.125,0.00015736231580376625,0.9930645823478699,0.006691216491162777,-8.750000087953692,0.035203106701374054, Eight,38923,False,False,True,True,74355.6031331519,2.2135071496740837,14893.263671875,72607.0234375,5930.14013671875,0.016168812289834023,0.016664795577526093,0.08833702653646469
primary_grid_overdrive_ant_Ants_a1.5_s0.25,primary_grid_overdrive_ant,additive,Ants, Ants,190788,ant,1.5,0.25,1.5,0.25,9.545101784169674e-05,0.993126392364502,0.006691633258014917,-9.250000004549229,0.03478911146521568, Eight,38923,False,False,True,True,77040.47587612417,2.3217164091886078,15810.484375,74462.6796875,11856.341796875,0.015513441525399685,0.017727328464388847,0.08834391832351685
primary_grid_overdrive_ant_Ants_a1.5_s0.5,primary_grid_overdrive_ant,additive,Ants, Ants,190788,ant,1.5,0.5,1.5,0.5,0.0008011386962607503,0.8785552382469177,0.11889952421188354,-6.999999976583412,0.9731603860855103, Eight,38923,False,False,False,True,84813.42180068493,2.580964031519095,17737.544921875,79475.4609375,23713.859375,0.01437925174832344,0.01890983246266842,0.08827625215053558
primary_grid_overdrive_ant_Ants_a1.5_s1,primary_grid_overdrive_ant,additive,Ants, Ants,190788,ant,1.5,1.0,1.5,1.0,0.00039768664282746613,0.5599845051765442,0.43611636757850647,-7.250000027402437,4.168006896972656, Eight,38923,False,False,False,True,106934.93016192745,3.2139146589161602,21829.197265625,93313.5390625,47446.2734375,0.012498592026531696,0.019900402054190636,0.0885346382856369
primary_grid_overdrive_ant_Ants_a2_s0,primary_grid_overdrive_ant,additive,Ants, Ants,190788,ant,2.0,0.0,2.0,0.0,1.670113852014765e-05,0.9999663829803467,7.889058906584978e-06,-11.000000048421507,9.933204273693264e-05, Eight,38923,False,False,True,True,96595.03142862929,2.827388175203697,18691.919921875,94769.2578125,0.0,0.016882840543985367,0.01548292301595211,0.0
primary_grid_overdrive_ant_Ants_a2_s0.03125,primary_grid_overdrive_ant,additive,Ants, Ants,190788,ant,2.0,0.03125,2.0,0.03125,5.6945232245197985e-06,0.5621392726898193,0.4377945363521576,-11.50000003921211,4.130958080291748, Eight,38923,False,False,False,True,97023.44942922547,2.8491196658417177,18900.87109375,95153.0703125,1483.246826171875,0.016783077269792557,0.015952464193105698,0.08795186132192612
primary_grid_overdrive_ant_Ants_a2_s0.0625,primary_grid_overdrive_ant,additive,Ants, Ants,190788,ant,2.0,0.0625,2.0,0.0625,7.453747093677521e-05,0.9958001971244812,0.004069607704877853,-9.499999946611082,0.019201673567295074, Eight,38923,False,False,True,True,97435.75429263501,2.8711484323148277,19116.765625,95495.9765625,2965.458984375,0.016642391681671143,0.016100086271762848,0.08791759610176086
primary_grid_overdrive_ant_Ants_a2_s0.125,primary_grid_overdrive_ant,additive,Ants, Ants,190788,ant,2.0,0.125,2.0,0.125,0.00015667799743823707,0.9887459874153137,0.010983976535499096,-8.750000012321292,0.06241261214017868, Eight,38923,False,False,False,True,98356.11346804613,2.917800726885141,19562.828125,96208.234375,5932.65966796875,0.016411686316132545,0.01649118959903717,0.0908396989107132
primary_grid_overdrive_ant_Ants_a2_s0.25,primary_grid_overdrive_ant,additive,Ants, Ants,190788,ant,2.0,0.25,2.0,0.25,0.0002564341120887548,0.981533944606781,0.01797742210328579,-8.250000117854155,0.1118151992559433, Eight,38923,False,False,False,True,100778.38179846028,3.0207793091571653,20463.96484375,97963.8984375,11856.76953125,0.01587137207388878,0.017136698588728905,0.08960361778736115
primary_grid_overdrive_ant_Ants_a2_s0.5,primary_grid_overdrive_ant,additive,Ants, Ants,190788,ant,2.0,0.5,2.0,0.5,0.0006244481191970408,0.8792884349822998,0.11899875104427338,-7.250000012383471,0.962410032749176, Eight,38923,False,False,False,True,107496.83298037566,3.261661493486057,22354.650390625,102437.7421875,23713.87109375,0.014947953633964062,0.018192633986473083,0.08896017074584961
primary_grid_overdrive_ant_Ants_a2_s1,primary_grid_overdrive_ant,additive,Ants, Ants,190788,ant,2.0,1.0,2.0,1.0,0.00034347097971476614,0.37666165828704834,0.6210100650787354,-6.999999981346462,6.199294567108154, Four,13038,False,False,False,True,126754.2866276252,3.843769723636225,26330.19921875,114551.25,47448.71875,0.013330146670341492,0.019358810037374496,0.08856085687875748
secondary_grid_insects_a0_s0,secondary_grid,additive,insects, insects,30348,insect_surrogate,0.0,0.0,0.0,0.0,1.1253320053583593e-07,0.999982476234436,1.6701407730579376e-05,-16.000000019046855,0.0, Eight,38923,False,False,True,True,0.0,0.0,0.0,0.0,0.0,0.0,0.0,0.0
secondary_grid_insects_a0_s0.03125,secondary_grid,additive,insects, insects,30348,insect_surrogate,0.0,0.03125,0.0,0.03125,4.139516462942083e-08,0.9998981952667236,9.610186680220068e-05,-16.999999949411443,0.00013139063958078623, Eight,38923,False,False,True,True,2116.7901177640283,0.05413174989367014,291.9834899902344,1481.8311767578125,1483.1461181640625,0.0037068859674036503,0.015526523813605309,0.08842331171035767
secondary_grid_insects_a0_s0.0625,secondary_grid,additive,insects, insects,30348,insect_surrogate,0.0,0.0625,0.0,0.0625,0.00018051608640234917,0.887194812297821,0.0028237467631697655,-8.499999972581906,2.0595524311065674, Eight,38923,False,False,False,True,4233.337347152252,0.10825373943708186,583.8737182617188,2964.56640625,2965.060302734375,0.003744368674233556,0.01567254215478897,0.08809606730937958
secondary_grid_insects_a0_s0.125,secondary_grid,additive,insects, insects,30348,insect_surrogate,0.0,0.125,0.0,0.125,3.925676139715506e-07,0.9994431138038635,0.0005527763860300183,-14.750000008349325,0.001411450793966651, Eight,38923,False,False,True,True,8464.89776574022,0.21648444826258004,1167.879638671875,5927.08984375,5929.60009765625,0.00385106448084116,0.015556316822767258,0.09089231491088867
secondary_grid_insects_a0_s0.25,secondary_grid,additive,insects, insects,30348,insect_surrogate,0.0,0.25,0.0,0.25,2.817226913975901e-06,0.970680832862854,0.029312020167708397,-12.749999956527367,0.19012948870658875, Eight,38923,False,False,False,True,16927.39753434684,0.4329264541412217,2335.746337890625,11851.6650390625,11858.29296875,0.003829285269603133,0.015555259771645069,0.08828084170818329
secondary_grid_insects_a0_s0.5,secondary_grid,additive,insects, insects,30348,insect_surrogate,0.0,0.5,0.0,0.5,2.4906854378059506e-05,0.9045048952102661,0.09533411264419556,-10.499999954048645,0.7356247901916504, Eight,38923,False,False,False,True,33866.73657435039,0.8660698668061573,4671.6513671875,23718.541015625,23718.396484375,0.0037288516759872437,0.01551924180239439,0.0882735624909401
secondary_grid_insects_a0_s1,secondary_grid,additive,insects, insects,30348,insect_surrogate,0.0,1.0,0.0,1.0,5.386632983572781e-05,0.43648338317871094,0.5604557394981384,-8.999999980868346,5.527212619781494, Four,13038,False,False,False,True,67733.97555923686,1.7320817084211715,9342.1787109375,47412.59765625,47462.203125,0.0037053818814456463,0.015594309195876122,0.08821355551481247
secondary_grid_insects_a0.03125_s0,secondary_grid,additive,insects, insects,30348,insect_surrogate,0.03125,0.0,0.03125,0.0,2.3823585593163443e-07,0.9999953508377075,3.726635895873187e-06,-15.250000013500172,7.589261713292217e-06, Eight,38923,False,False,True,True,1510.360714467911,0.04418447268109003,291.9290771484375,1481.8795166015625,0.0,0.008071262389421463,0.0011463342234492302,0.0
secondary_grid_insects_a0.03125_s0.03125,secondary_grid,additive,insects, insects,30348,insect_surrogate,0.03125,0.03125,0.03125,0.03125,1.4449548757511366e-07,0.9999823570251465,4.785033070220379e-06,-15.749999914604915,0.0001134908088715747, Eight,38923,False,False,True,True,2745.000190527962,0.08150662038764539,546.9812622070312,2244.522705078125,1482.55029296875,0.0062973108142614365,0.010836347937583923,0.08824893087148666
secondary_grid_insects_a0.03125_s0.0625,secondary_grid,additive,insects, insects,30348,insect_surrogate,0.03125,0.0625,0.03125,0.0625,5.04126830946916e-07,0.9995620846748352,0.0004305539187043905,-14.499999940590985,0.0010256957029923797, Eight,38923,False,False,True,True,4665.112833867901,0.13114479072894217,826.7501220703125,3505.740478515625,2964.716796875,0.005479149986058474,0.013539016246795654,0.08820730447769165
secondary_grid_insects_a0.03125_s0.125,secondary_grid,additive,insects, insects,30348,insect_surrogate,0.03125,0.125,0.03125,0.125,5.038861559114594e-07,0.9990849494934082,0.0009110475657507777,-14.500000006097206,0.0027623982168734074, Eight,38923,False,False,True,True,8777.49639400167,0.23637121035374836,1401.526611328125,6319.2353515625,5928.52685546875,0.004831931088119745,0.014836637303233147,0.08829989284276962
secondary_grid_insects_a0.03125_s0.25,secondary_grid,additive,insects, insects,30348,insect_surrogate,0.03125,0.25,0.03125,0.25,3.640989007180906e-06,0.977013111114502,0.02297714538872242,-12.500000000691132,0.143394336104393, Eight,38923,False,False,False,True,17180.068954457598,0.4511132381703279,2562.814208984375,12168.365234375,11854.013671875,0.004429610446095467,0.015291417017579079,0.08836180716753006
secondary_grid_insects_a0.03125_s0.5,secondary_grid,additive,insects, insects,30348,insect_surrogate,0.03125,0.5,0.03125,0.5,2.544229027989786e-05,0.9239495396614075,0.07584239542484283,-10.499999977231244,0.567983865737915, Eight,38923,False,False,False,True,34080.47181210843,0.8832370404359076,4895.45361328125,23981.130859375,23715.36328125,0.004049843177199364,0.015420574694871902,0.08831144124269485
secondary_grid_insects_a0.03125_s1,secondary_grid,additive,insects, insects,30348,insect_surrogate,0.03125,1.0,0.03125,1.0,2.3981065169209614e-05,0.678245484828949,0.3203805088996887,-10.250000005730216,2.916814088821411, Eight,38923,False,False,False,True,67942.37726037714,1.7490389377388713,9565.35546875,47669.02734375,47458.765625,0.003899539355188608,0.015431993640959263,0.08828632533550262
secondary_grid_insects_a0.0625_s0,secondary_grid,additive,insects, insects,30348,insect_surrogate,0.0625,0.0,0.0625,0.0,3.7260406315908767e-06,0.9998356103897095,1.3005159416934475e-05,-12.499999977838446,0.0015446747420355678, Eight,38923,False,False,True,True,3023.187410599306,0.0884073766947333,583.871337890625,2966.269775390625,0.0,0.0080128638073802,0.0012445300817489624,0.0
secondary_grid_insects_a0.0625_s0.03125,secondary_grid,additive,insects, insects,30348,insect_surrogate,0.0625,0.03125,0.0625,0.03125,5.315456519383588e-08,0.9999381303787231,5.829105793964118e-05,-16.74999997167136,4.8131932999240234e-05, Eight,38923,False,False,True,True,3897.206917600288,0.119481557954358,826.7064819335938,3508.293212890625,1482.1123046875,0.006965259090065956,0.007360255345702171,0.08828818053007126
secondary_grid_insects_a0.0625_s0.0625,secondary_grid,additive,insects, insects,30348,insect_surrogate,0.0625,0.0625,0.0625,0.0625,6.474598421846167e-07,0.9997909665107727,0.00020342583593446761,-14.250000009748351,0.0003447403432801366, Eight,38923,False,False,True,True,5490.6218762878325,0.16302218308901295,1093.9576416015625,4489.87646484375,2964.994873046875,0.006288018077611923,0.0110414307564497,0.08831275254487991
secondary_grid_insects_a0.0625_s0.125,secondary_grid,additive,insects, insects,30348,insect_surrogate,0.0625,0.125,0.0625,0.125,1.7559834759595105e-06,0.9975215792655945,0.0024726090487092733,-13.249999975738312,0.00992483552545309, Eight,38923,False,False,True,True,9332.192718483939,0.26230346731555815,1653.252197265625,7015.10888671875,5928.30712890625,0.005476352293044329,0.010225348174571991,0.08819521963596344
secondary_grid_insects_a0.0625_s0.25,secondary_grid,additive,insects, insects,30348,insect_surrogate,0.0625,0.25,0.0625,0.25,6.002951522532385e-06,0.977009117603302,0.022977052256464958,-11.999999994529379,0.14341571927070618, Eight,38923,False,False,False,True,17556.13197529013,0.47274244749872874,2802.765625,12637.826171875,11859.4951171875,0.00490676611661911,0.014865552075207233,0.08960670232772827
secondary_grid_insects_a0.0625_s0.5,secondary_grid,additive,insects, insects,30348,insect_surrogate,0.0625,0.5,0.0625,0.5,5.3859832405578345e-05,0.923923909664154,0.0758402943611145,-9.750000022673728,0.5681291222572327, Eight,38923,False,False,False,True,34366.47279420066,0.9022900670887143,5124.9306640625,24339.150390625,23714.875,0.0043152570724487305,0.015261050313711166,0.08893466740846634
secondary_grid_insects_a0.0625_s1,secondary_grid,additive,insects, insects,30348,insect_surrogate,0.0625,1.0,0.0625,1.0,2.3987997337826528e-05,0.6784415245056152,0.3204731047153473,-10.249999976731456,2.9132471084594727, Eight,38923,False,False,False,True,68182.07991027295,1.7668554104683902,9791.2158203125,47965.64453125,47457.61328125,0.0040917545557022095,0.015468548983335495,0.08824081718921661
secondary_grid_insects_a0.125_s0,secondary_grid,additive,insects, insects,30348,insect_surrogate,0.125,0.0,0.125,0.0,8.315158197547134e-07,0.9999845027923584,1.3709378663406824e-06,-14.000000015604796,8.399329817621037e-05, Eight,38923,False,False,True,True,6038.6210220846715,0.1766785737925268,1167.490234375,5924.6865234375,0.0,0.007919463329017162,0.0010430770926177502,0.0
secondary_grid_insects_a0.125_s0.03125,secondary_grid,additive,insects, insects,30348,insect_surrogate,0.125,0.03125,0.125,0.03125,1.12530976537073e-07,0.9999626874923706,3.5356180887902156e-05,-15.999999993003001,1.1170304787810892e-05, Eight,38923,False,False,True,True,6644.633015424825,0.2030682487345637,1401.0394287109375,6323.7265625,1482.8077392578125,0.007421685382723808,0.004731782246381044,0.08829962462186813
secondary_grid_insects_a0.125_s0.0625,secondary_grid,additive,insects, insects,30348,insect_surrogate,0.125,0.0625,0.125,0.0625,1.2987507034267765e-05,0.9984784722328186,0.001501151593402028,-11.249999973454736,0.0053543634712696075, Eight,38923,False,False,True,True,7791.770258915082,0.23892636714369841,1653.43359375,7013.4375,2964.715087890625,0.006958771497011185,0.0074877189472317696,0.08838199079036713
secondary_grid_insects_a0.125_s0.125,secondary_grid,additive,insects, insects,30348,insect_surrogate,0.125,0.125,0.125,0.125,6.1246423683769535e-06,0.9968149065971375,0.003172643482685089,-12.000000015465211,0.013540715910494328, Eight,38923,False,False,True,True,10984.509737759648,0.3260746462994627,2187.663330078125,8985.666015625,5927.173828125,0.006269569508731365,0.011051971465349197,0.08831797540187836
secondary_grid_insects_a0.125_s0.25,secondary_grid,additive,insects, insects,30348,insect_surrogate,0.125,0.25,0.125,0.25,7.848004315746948e-06,0.9947625994682312,0.005220035091042519,-11.750000121993809,0.02488136664032936, Eight,38923,False,False,True,True,18661.304076191147,0.5245850532113032,3306.89111328125,14023.8623046875,11859.1748046875,0.005474166013300419,0.01360220555216074,0.08965180814266205
secondary_grid_insects_a0.125_s0.5,secondary_grid,additive,insects, insects,30348,insect_surrogate,0.125,0.5,0.125,0.5,2.0813438823097385e-05,0.9705312252044678,0.029307503253221512,-10.749999980080753,0.1917542815208435, Eight,38923,False,False,False,True,35111.30708308514,0.9454408917739073,5605.09912109375,25273.419921875,23720.0546875,0.004766077734529972,0.013895262964069843,0.08824675530195236
secondary_grid_insects_a0.125_s1,secondary_grid,additive,insects, insects,30348,insect_surrogate,0.125,1.0,0.125,1.0,1.711864933895413e-05,0.6216723322868347,0.3770633339881897,-10.4999999620999,3.503291368484497, Eight,38923,False,False,False,True,68744.99696302736,1.8048543216658308,10250.9833984375,48667.7265625,47457.81640625,0.004353153519332409,0.015278259292244911,0.08829899877309799
secondary_grid_insects_a0.25_s0,secondary_grid,additive,insects, insects,30348,insect_surrogate,0.25,0.0,0.25,0.0,1.760320742505428e-06,0.9999854564666748,4.785048076882958e-06,-13.24999998181893,3.6944798921467736e-05, Eight,38923,False,False,True,True,12089.93467365032,0.3536004866795472,2335.674560546875,11862.1728515625,0.0,0.007937994785606861,0.0011252807453274727,0.0
secondary_grid_insects_a0.25_s0.03125,secondary_grid,additive,insects, insects,30348,insect_surrogate,0.25,0.03125,0.25,0.03125,2.3801931092748418e-07,0.9990863800048828,0.0009110488463193178,-15.24999999061546,0.0027542738243937492, Eight,38923,False,False,True,True,12529.561737801874,0.37702122012441197,2563.69921875,12174.529296875,1482.6328125,0.0076264250092208385,0.0010347506031394005,0.08830766379833221
secondary_grid_insects_a0.25_s0.0625,secondary_grid,additive,insects, insects,30348,insect_surrogate,0.25,0.0625,0.25,0.0625,2.744786615949124e-05,0.9967830181121826,0.003172541968524456,-10.499999961069577,0.013725393451750278, Eight,38923,False,False,True,True,13287.19673589308,0.4061501438353728,2802.654541015625,12645.646484375,2963.5029296875,0.007481469307094812,0.004707779735326767,0.08832822740077972
secondary_grid_insects_a0.25_s0.125,secondary_grid,additive,insects, insects,30348,insect_surrogate,0.25,0.125,0.25,0.125,1.6676118320901878e-05,0.9984682202339172,0.001501136226579547,-10.999999948550022,0.005421349313110113, Eight,38923,False,False,True,True,15587.56468378812,0.47794105162843903,3307.2607421875,14031.3564453125,5929.18505859375,0.0069920942187309265,0.007578842341899872,0.08828110247850418
secondary_grid_insects_a0.25_s0.25,secondary_grid,additive,insects, insects,30348,insect_surrogate,0.25,0.25,0.25,0.25,1.661384703766089e-05,0.994739830493927,0.0052199154160916805,-10.999999998518607,0.025044459849596024, Eight,38923,False,False,True,True,21965.62841170563,0.6521256141158367,4375.693359375,17964.298828125,11858.587890625,0.006241237744688988,0.010935819707810879,0.08821700513362885
secondary_grid_insects_a0.25_s0.5,secondary_grid,additive,insects, insects,30348,insect_surrogate,0.25,0.5,0.25,0.5,4.3689909944077954e-05,0.9623342752456665,0.03731374815106392,-9.999999967042895,0.2550579905509949, Eight,38923,False,False,False,True,37336.43449155387,1.0492304681843951,6611.50146484375,28065.611328125,23719.587890625,0.005442412570118904,0.013536348938941956,0.08824190497398376
secondary_grid_insects_a0.25_s1,secondary_grid,additive,insects, insects,30348,insect_surrogate,0.25,1.0,0.25,1.0,7.654969522263855e-05,0.620288610458374,0.3762240707874298,-9.000000008768527,3.529536247253418, Eight,38923,False,False,False,True,70250.55526368269,1.8914363230802242,11211.6279296875,50566.375,47460.31640625,0.004824609961360693,0.014397324062883854,0.08822645246982574
secondary_grid_insects_a0.5_s0,secondary_grid,additive,insects, insects,30348,insect_surrogate,0.5,0.0,0.5,0.0,2.2602876015298534e-06,0.9999815225601196,6.144098733784631e-06,-13.00000001785192,5.085999146103859e-05, Eight,38923,False,False,True,True,24175.261447259007,0.707050476624131,4670.24267578125,23719.8671875,0.0,0.007923293858766556,0.00010211160406470299,0.0
secondary_grid_insects_a0.5_s0.03125,secondary_grid,additive,insects, insects,30348,insect_surrogate,0.5,0.03125,0.5,0.03125,8.271803153547808e-07,0.9947705864906311,0.005220077000558376,-13.999999995444377,0.024846354499459267, Eight,38923,False,False,True,True,24523.17019495382,0.7286714688867942,4893.51123046875,23984.12890625,1483.5716552734375,0.007741316221654415,0.001089281402528286,0.08797336369752884
secondary_grid_insects_a0.5_s0.0625,secondary_grid,additive,insects, insects,30348,insect_surrogate,0.5,0.0625,0.5,0.0625,3.528649904183112e-05,0.9979919195175171,0.0019265776500105858,-10.250000031207737,0.007791037205606699, Eight,38923,False,False,True,True,25032.45520258292,0.7535331350322437,5125.8564453125,24321.953125,2965.131591796875,0.00762084499001503,0.0030008526518940926,0.08829067647457123
secondary_grid_insects_a0.5_s0.125,secondary_grid,additive,insects, insects,30348,insect_surrogate,0.5,0.125,0.5,0.125,4.530765363597311e-05,0.9979674220085144,0.001926530385389924,-9.99999993882847,0.007957782596349716, Eight,38923,False,False,True,True,26588.564641968813,0.8124323028350572,5604.333984375,25306.189453125,5927.89892578125,0.007360160816460848,0.004702622536569834,0.08829721808433533
secondary_grid_insects_a0.5_s0.25,secondary_grid,additive,insects, insects,30348,insect_surrogate,0.5,0.25,0.5,0.25,4.5207874791231006e-05,0.995769739151001,0.004069483373314142,-10.000000031539466,0.019647380337119102, Eight,38923,False,False,True,True,31171.76268797917,0.9556610169160239,6612.26025390625,28059.23828125,11859.0029296875,0.006906010210514069,0.007540164981037378,0.0895831435918808
secondary_grid_insects_a0.5_s0.5,secondary_grid,additive,insects, insects,30348,insect_surrogate,0.5,0.5,0.5,0.5,0.0001487551926402375,0.9387477040290833,0.060012128204107285,-8.75000008396063,0.44836097955703735, Eight,38923,False,False,False,True,43962.86074331861,1.3045990253839244,8749.6884765625,35962.5859375,23724.849609375,0.006181742995977402,0.010968188755214214,0.08821506053209305
secondary_grid_insects_a0.5_s1,secondary_grid,additive,insects, insects,30348,insect_surrogate,0.5,1.0,0.5,1.0,0.00012984618660993874,0.4970026910305023,0.4970026910305023,-8.25000014959034,4.869571685791016, Eight,38923,False,False,False,True,74660.93447766911,2.098564613268068,13227.216796875,56112.8359375,47440.96875,0.005436223465949297,0.013617822900414467,0.08861348778009415
secondary_grid_insects_a1_s0,secondary_grid,additive,insects, insects,30348,insect_surrogate,1.0,0.0,1.0,0.0,1.670068559178617e-05,0.9999392032623291,1.012947723211255e-05,-10.999999987397995,0.0002659906749613583, Eight,38923,False,False,True,True,48359.21298431754,1.4142090154136084,9340.1552734375,47448.65625,0.0,0.007878546603024006,0.00112106092274189,0.0
secondary_grid_insects_a1_s0.03125,secondary_grid,additive,insects, insects,30348,insect_surrogate,1.0,0.03125,1.0,0.03125,9.359811883768998e-06,0.9239611029624939,0.07584334909915924,-11.500000060977198,0.5676730275154114, Eight,38923,False,False,False,True,48653.11779782094,1.435008699750014,9563.9833984375,47680.77734375,1483.093017578125,0.007815671153366566,0.0015781326219439507,0.08796653151512146
secondary_grid_insects_a1_s0.0625,secondary_grid,additive,insects, insects,30348,insect_surrogate,1.0,0.0625,1.0,0.0625,0.00015789640019647777,0.9964349269866943,0.003171434160321951,-8.74999999192794,0.01683133654296398, Eight,38923,False,False,True,True,49056.29352336223,1.4575227282498595,9787.4404296875,47978.58984375,2963.251708984375,0.007710388861596584,0.0015369309112429619,0.08831197023391724
secondary_grid_insects_a1_s0.125,secondary_grid,additive,insects, insects,30348,insect_surrogate,1.0,0.125,1.0,0.125,0.00015774391067679971,0.9954726099967957,0.004068269394338131,-8.749999988714164,0.022387543693184853, Eight,38923,False,False,True,True,50106.99909141094,1.5077224936671174,10252.17578125,48687.00390625,5931.2646484375,0.007578495889902115,0.0024755955673754215,0.08819033950567245
secondary_grid_insects_a1_s0.25,secondary_grid,additive,insects, insects,30348,insect_surrogate,1.0,0.25,1.0,0.25,0.00025877292500808835,0.9904859662055969,0.008569383062422276,-8.250000036906235,0.054531946778297424, Eight,38923,False,False,True,True,53127.65221637974,1.624183466735552,11209.1728515625,50559.6796875,11858.3583984375,0.00739399204030633,0.004298036452382803,0.08830268681049347
secondary_grid_insects_a1_s0.5,secondary_grid,additive,insects, insects,30348,insect_surrogate,1.0,0.5,1.0,0.5,0.0010236540110781789,0.874260663986206,0.11831831187009811,-6.749999984020607,1.040164589881897, Eight,38923,False,False,False,True,62320.10749149081,1.9112693042848266,13228.283203125,56089.12109375,23723.802734375,0.006939363665878773,0.007089944556355476,0.08899208903312683
secondary_grid_insects_a1_s1,secondary_grid,additive,insects, insects,30348,insect_surrogate,1.0,1.0,1.0,1.0,0.00027424932341091335,0.4958544075489044,0.4958544075489044,-7.49999999735022,4.89291524887085, Eight,38923,False,False,False,True,87876.32048317103,2.6088094451348356,17504.130859375,71872.859375,47435.6953125,0.006247362121939659,0.01066803652793169,0.08862289786338806
secondary_grid_overdrive_ant_insects_a1.5_s0,secondary_grid_overdrive_ant,additive,insects, insects,30348,insect_surrogate,1.5,0.0,1.5,0.0,0.00012338221131358296,0.9997764229774475,2.1440613636514172e-05,-9.000000009535775,0.0013133735628798604, Eight,38923,False,False,True,True,72552.48046448831,2.1219372147047744,14015.9541015625,71185.78125,0.0,0.00794081948697567,0.0007485440000891685,0.0
secondary_grid_overdrive_ant_insects_a1.5_s0.03125,secondary_grid_overdrive_ant,additive,insects, insects,30348,insect_surrogate,1.5,0.03125,1.5,0.03125,3.954699423047714e-05,0.32045263051986694,0.6783981919288635,-9.000000053633425,6.849616050720215, Four,13038,False,False,False,True,72834.81813592777,2.1421900359894526,14234.9296875,71414.8359375,1482.807373046875,0.007914967834949493,0.0011366656981408596,0.08837775141000748
secondary_grid_overdrive_ant_insects_a1.5_s0.0625,secondary_grid_overdrive_ant,additive,insects, insects,30348,insect_surrogate,1.5,0.0625,1.5,0.0625,0.0008967508911155164,0.9834067225456238,0.014027543365955353,-6.9999999598315545,0.10859640687704086, Eight,38923,False,False,False,True,73181.52264666383,2.1639724907111377,14460.5830078125,71677.34375,2963.98193359375,0.007864866405725479,0.0014265920035541058,0.08822888880968094
secondary_grid_overdrive_ant_insects_a1.5_s0.125,secondary_grid_overdrive_ant,additive,insects, insects,30348,insect_surrogate,1.5,0.125,1.5,0.125,0.000698421208653599,0.9834502935409546,0.014028164558112621,-7.250000003606526,0.10890588909387589, Eight,38923,False,False,False,True,74050.73944304447,2.210410837337183,14912.7978515625,72290.484375,5933.4931640625,0.007766480091959238,0.0020313947461545467,0.08829385787248611
secondary_grid_overdrive_ant_insects_a1.5_s0.25,secondary_grid_overdrive_ant,additive,insects, insects,30348,insect_surrogate,1.5,0.25,1.5,0.25,0.0006953036063350737,0.9790604114532471,0.017932116985321045,-7.250000033091545,0.1422077864408493, Eight,38923,False,False,False,True,76439.83339767704,2.3161366726106634,15853.779296875,73831.1171875,11860.5205078125,0.007638297509402037,0.003253015223890543,0.08827579021453857
secondary_grid_overdrive_ant_insects_a1.5_s0.5,secondary_grid_overdrive_ant,additive,insects, insects,30348,insect_surrogate,1.5,0.5,1.5,0.5,0.002428792417049408,0.7631039023399353,0.21863293647766113,-5.750000011964681,2.1428332328796387, Eight,38923,False,False,False,True,83700.28138873869,2.5697303036019914,17802.73046875,78269.765625,23720.111328125,0.00731170317158103,0.005414178129285574,0.08830340951681137
secondary_grid_overdrive_ant_insects_a1.5_s1,secondary_grid_overdrive_ant,additive,insects, insects,30348,insect_surrogate,1.5,1.0,1.5,1.0,0.0010687123285606503,0.5536066889762878,0.43114930391311646,-6.2499999944016285,4.293978691101074, Eight,38923,False,False,False,True,105086.0341993719,3.194986508272055,21939.005859375,91168.5,47434.7890625,0.006699678488075733,0.008839476853609085,0.08858279883861542
secondary_grid_overdrive_ant_insects_a2_s0,secondary_grid_overdrive_ant,additive,insects, insects,30348,insect_surrogate,2.0,0.0,2.0,0.0,0.0003352977801114321,0.9995086193084717,2.7522919481270947e-05,-8.000000023659563,0.0034305527806282043, Eight,38923,False,False,True,True,96739.66389606285,2.8291062668179183,18685.3359375,94917.96875,0.0,0.007982618175446987,0.0009430251084268093,0.0
secondary_grid_overdrive_ant_insects_a2_s0.03125,secondary_grid_overdrive_ant,additive,insects, insects,30348,insect_surrogate,2.0,0.03125,2.0,0.03125,5.804370084661059e-05,0.22216956317424774,0.7754479050636292,-8.249999977682936,8.032514572143555, Four,13038,False,False,False,True,97038.75311334159,2.850153577348484,18911.853515625,95166.5078125,1482.293212890625,0.007950270548462868,0.0011663786135613918,0.0882512629032135
secondary_grid_overdrive_ant_insects_a2_s0.0625,secondary_grid_overdrive_ant,additive,insects, insects,30348,insect_surrogate,2.0,0.0625,2.0,0.0625,0.0011495966464281082,0.9818230867385864,0.01400495320558548,-6.749999997439439,0.13089151680469513, Eight,38923,False,False,False,True,97325.09149797141,2.8707137611622615,19133.583984375,95379.6796875,2965.822265625,0.007916894741356373,0.0013237735256552696,0.08820901811122894
secondary_grid_overdrive_ant_insects_a2_s0.125,secondary_grid_overdrive_ant,additive,insects, insects,30348,insect_surrogate,2.0,0.125,2.0,0.125,0.0008910416509024799,0.977145791053772,0.017897048965096474,-6.999999970458122,0.1701774150133133, Eight,38923,False,False,False,True,98115.92957937112,2.9154822175355117,19580.111328125,95959.2109375,5931.67041015625,0.007789584342390299,0.0018657585605978966,0.08834021538496017
secondary_grid_overdrive_ant_insects_a2_s0.25,secondary_grid_overdrive_ant,additive,insects, insects,30348,insect_surrogate,2.0,0.25,2.0,0.25,0.001796109601855278,0.9304078221321106,0.05947897955775261,-6.250000014897904,0.5655052661895752, Eight,38923,False,False,False,True,100154.99628277082,3.014799323251144,20507.365234375,97313.40625,11856.3154296875,0.007648362312465906,0.002790336962789297,0.08828265964984894
secondary_grid_overdrive_ant_insects_a2_s0.5,secondary_grid_overdrive_ant,additive,insects, insects,30348,insect_surrogate,2.0,0.5,2.0,0.5,0.002912899712100625,0.7127630114555359,0.2622109055519104,-5.499999933231305,2.6833865642547607, Eight,38923,False,False,False,True,106357.6910102285,3.250181039136403,22422.626953125,101225.21875,23720.01953125,0.007429464254528284,0.004441604018211365,0.0882498249411583
secondary_grid_overdrive_ant_insects_a2_s1,secondary_grid_overdrive_ant,additive,insects, insects,30348,insect_surrogate,2.0,1.0,2.0,1.0,0.0015584781067445874,0.48965924978256226,0.48965924978256226,-5.749999968107785,5.014299392700195, Eight,38923,False,False,False,True,124632.8343100754,3.822462757730926,26456.974609375,112171.0390625,47445.01953125,0.00696788914501667,0.007257930934429169,0.08857765048742294
secondary_grid_insect_a0_s0,secondary_grid,additive,insect, insect,16368,insect_surrogate,0.0,0.0,0.0,0.0,1.1253320053583593e-07,0.999982476234436,1.6701407730579376e-05,-16.000000019046855,0.0, Eight,38923,False,False,True,True,0.0,0.0,0.0,0.0,0.0,0.0,0.0,0.0
secondary_grid_insect_a0_s0.03125,secondary_grid,additive,insect, insect,16368,insect_surrogate,0.0,0.03125,0.0,0.03125,4.139516462942083e-08,0.9998981952667236,9.610186680220068e-05,-16.999999949411443,0.00013139063958078623, Eight,38923,False,False,True,True,2116.7901177640283,0.05413174989367014,291.9834899902344,1481.8311767578125,1483.1461181640625,0.0037068859674036503,0.015526523813605309,0.08842331171035767
secondary_grid_insect_a0_s0.0625,secondary_grid,additive,insect, insect,16368,insect_surrogate,0.0,0.0625,0.0,0.0625,0.00018051608640234917,0.887194812297821,0.0028237467631697655,-8.499999972581906,2.0595524311065674, Eight,38923,False,False,False,True,4233.337347152252,0.10825373943708186,583.8737182617188,2964.56640625,2965.060302734375,0.003744368674233556,0.01567254215478897,0.08809606730937958
secondary_grid_insect_a0_s0.125,secondary_grid,additive,insect, insect,16368,insect_surrogate,0.0,0.125,0.0,0.125,3.925676139715506e-07,0.9994431138038635,0.0005527763860300183,-14.750000008349325,0.001411450793966651, Eight,38923,False,False,True,True,8464.89776574022,0.21648444826258004,1167.879638671875,5927.08984375,5929.60009765625,0.00385106448084116,0.015556316822767258,0.09089231491088867
secondary_grid_insect_a0_s0.25,secondary_grid,additive,insect, insect,16368,insect_surrogate,0.0,0.25,0.0,0.25,2.817226913975901e-06,0.970680832862854,0.029312020167708397,-12.749999956527367,0.19012948870658875, Eight,38923,False,False,False,True,16927.39753434684,0.4329264541412217,2335.746337890625,11851.6650390625,11858.29296875,0.003829285269603133,0.015555259771645069,0.08828084170818329
secondary_grid_insect_a0_s0.5,secondary_grid,additive,insect, insect,16368,insect_surrogate,0.0,0.5,0.0,0.5,2.4906854378059506e-05,0.9045048952102661,0.09533411264419556,-10.499999954048645,0.7356247901916504, Eight,38923,False,False,False,True,33866.73657435039,0.8660698668061573,4671.6513671875,23718.541015625,23718.396484375,0.0037288516759872437,0.01551924180239439,0.0882735624909401
secondary_grid_insect_a0_s1,secondary_grid,additive,insect, insect,16368,insect_surrogate,0.0,1.0,0.0,1.0,5.386632983572781e-05,0.43648338317871094,0.5604557394981384,-8.999999980868346,5.527212619781494, Four,13038,False,False,False,True,67733.97555923686,1.7320817084211715,9342.1787109375,47412.59765625,47462.203125,0.0037053818814456463,0.015594309195876122,0.08821355551481247
secondary_grid_insect_a0.03125_s0,secondary_grid,additive,insect, insect,16368,insect_surrogate,0.03125,0.0,0.03125,0.0,1.0676847068680217e-06,0.9999818801879883,1.670139863563236e-05,-13.74999995932396,1.515712483524112e-06, Eight,38923,False,False,True,True,1511.7126397467805,0.044217716452836876,292.10369873046875,1483.2230224609375,0.0,0.0038879266940057278,-0.00030216388404369354,0.0
secondary_grid_insect_a0.03125_s0.03125,secondary_grid,additive,insect, insect,16368,insect_surrogate,0.03125,0.03125,0.03125,0.03125,1.8545865998476074e-07,0.9995661377906799,0.00043055566493421793,-15.499999880605532,0.0010050325654447079, Eight,38923,False,False,True,True,2219.309581676441,0.05728708001165243,315.022705078125,1621.6983642578125,1481.954833984375,0.007238165475428104,0.013436883687973022,0.08854690194129944
secondary_grid_insect_a0.03125_s0.0625,secondary_grid,additive,insect, insect,16368,insect_surrogate,0.03125,0.0625,0.03125,0.0625,0.00012163456995040178,0.9856151342391968,0.005172033794224262,-9.000000005515897,0.1698141247034073, Eight,38923,False,False,True,True,4066.3265759255137,0.10234714864579846,532.8106079101562,2732.040283203125,2964.301025390625,0.006432239897549152,0.016498472541570663,0.08816365152597427
secondary_grid_insect_a0.03125_s0.125,secondary_grid,additive,insect, insect,16368,insect_surrogate,0.03125,0.125,0.03125,0.125,6.475557370322349e-07,0.99993896484375,5.829110523336567e-05,-14.249999929699785,3.703536276589148e-05, Eight,38923,False,False,True,False,8162.9218438148255,0.20600791938713353,1079.18310546875,5504.97265625,5929.91845703125,0.005146726034581661,0.016470184549689293,0.08842397481203079
secondary_grid_insect_a0.03125_s0.25,secondary_grid,additive,insect, insect,16368,insect_surrogate,0.03125,0.25,0.03125,0.25,7.657955393369775e-06,0.970673143863678,0.02931179106235504,-11.7500000443474,0.19016633927822113, Eight,38923,False,False,False,False,16563.83195117627,0.42035242148750684,2229.9765625,11348.57421875,11857.3857421875,0.004501414019614458,0.016124863177537918,0.0896640196442604
secondary_grid_insect_a0.03125_s0.5,secondary_grid,additive,insect, insect,16368,insect_surrogate,0.03125,0.5,0.03125,0.5,2.6226103727822192e-05,0.9524140954017639,0.04741790518164635,-10.499999953107547,0.33248430490493774, Eight,38923,False,False,False,False,33461.76997483406,0.8522756159125232,4557.6533203125,23160.060546875,23717.703125,0.004096693824976683,0.015877604484558105,0.08825350552797318
secondary_grid_insect_a0.03125_s1,secondary_grid,additive,insect, insect,16368,insect_surrogate,0.03125,1.0,0.03125,1.0,2.3987733584363014e-05,0.6784340739250183,0.32046958804130554,-10.249999990052746,2.913315534591675, Eight,38923,False,False,False,False,67299.26199727374,1.7175687639512605,9224.9091796875,46821.1171875,47453.921875,0.003953989129513502,0.01574227213859558,0.08822595328092575
secondary_grid_insect_a0.0625_s0,secondary_grid,additive,insect, insect,16368,insect_surrogate,0.0625,0.0,0.0625,0.0,2.9022687613178277e-06,0.9999821186065674,1.300706480833469e-05,-12.749999913791399,1.483937830926152e-05, Eight,38923,False,False,True,True,3020.4523204460256,0.08837419139607006,583.9864501953125,2963.45947265625,0.0,0.0038326752837747335,-0.0006553763523697853,0.0
secondary_grid_insect_a0.0625_s0.03125,secondary_grid,additive,insect, insect,16368,insect_surrogate,0.0625,0.03125,0.0625,0.03125,0.0006232325104065239,0.8775767683982849,0.11876709759235382,-7.25000005576273,0.9914265871047974, Eight,38923,False,False,False,True,3153.2518546354945,0.08687126553089997,532.9413452148438,2731.562255859375,1482.40966796875,0.006329711526632309,0.0076145026832818985,0.08816315233707428
secondary_grid_insect_a0.0625_s0.0625,secondary_grid,additive,insect, insect,16368,insect_surrogate,0.0625,0.0625,0.0625,0.0625,0.00012122230691602454,0.9822745323181152,0.014011393301188946,-9.000000005582214,0.13440169394016266, Eight,38923,False,False,False,True,4438.495041428402,0.11457734493689187,630.13330078125,3242.58984375,2964.587890625,0.007097399793565273,0.013655171729624271,0.08823931962251663
secondary_grid_insect_a0.0625_s0.125,secondary_grid,additive,insect, insect,16368,insect_surrogate,0.0625,0.125,0.0625,0.125,2.902135520344018e-06,0.9999362230300903,5.829094516229816e-05,-12.749999926641953,4.336655547376722e-05, Eight,38923,False,False,True,True,8132.622451638896,0.2047013336150786,1065.75341796875,5465.4111328125,5927.3095703125,0.006145135965198278,0.01660074107348919,0.0883018895983696
secondary_grid_insect_a0.0625_s0.25,secondary_grid,additive,insect, insect,16368,insect_surrogate,0.0625,0.25,0.0625,0.25,1.004305431706598e-05,0.9914079308509827,0.008577359840273857,-11.50000008133773,0.04506751894950867, Eight,38923,False,False,True,False,16322.216392962493,0.4119369603551746,2158.106201171875,11007.650390625,11857.021484375,0.005159026477485895,0.01649443805217743,0.08832361549139023
secondary_grid_insect_a0.0625_s0.5,secondary_grid,additive,insect, insect,16368,insect_surrogate,0.0625,0.5,0.0625,0.5,3.367457611602731e-05,0.9524025917053223,0.047417331486940384,-10.249999980107434,0.33256709575653076, Eight,38923,False,False,False,False,33125.79970521692,0.8406768722887954,4460.033203125,22695.056640625,23714.154296875,0.004401502665132284,0.015152412466704845,0.08828195184469223
secondary_grid_insect_a0.0625_s1,secondary_grid,additive,insect, insect,16368,insect_surrogate,0.0625,1.0,0.0625,1.0,5.3928932175040245e-05,0.4369906485080719,0.5611070990562439,-8.999999965603841,5.51512336730957, Four,13038,False,False,False,False,66945.11002248412,1.7048241755029752,9113.548828125,46326.67578125,47459.7734375,0.00407648179680109,0.015889503061771393,0.0885692909359932
secondary_grid_insect_a0.125_s0,secondary_grid,additive,insect, insect,16368,insect_surrogate,0.125,0.0,0.125,0.0,3.726383511093445e-06,0.9999276399612427,3.5354943975107744e-05,-12.500000000058304,0.0003369961050339043, Eight,38923,False,False,True,True,6041.258457089383,0.17677134435432623,1168.214599609375,5927.23193359375,0.0,0.0038414569571614265,-0.0006172587163746357,0.0
secondary_grid_insect_a0.125_s0.03125,secondary_grid,additive,insect, insect,16368,insect_surrogate,0.125,0.03125,0.125,0.03125,2.253454340461758e-06,0.7764319181442261,0.22245147824287415,-12.749999938536941,1.9325945377349854, Eight,38923,False,False,False,False,5801.297155036798,0.16667547158971813,1079.1329345703125,5503.72216796875,1483.0924072265625,0.005194237921386957,0.003482018131762743,0.08819125592708588
secondary_grid_insect_a0.125_s0.0625,secondary_grid,additive,insect, insect,16368,insect_surrogate,0.125,0.0625,0.125,0.0625,8.816686022328213e-05,0.9173378348350525,0.07529968023300171,-9.249999938538554,0.6762517094612122, Eight,38923,False,False,False,True,6307.5581868262625,0.17373941051288128,1065.5845947265625,5463.201171875,2967.027587890625,0.006283776834607124,0.007708932738751173,0.09341829270124435
secondary_grid_insect_a0.125_s0.125,secondary_grid,additive,insect, insect,16368,insect_surrogate,0.125,0.125,0.125,0.125,5.827841960126534e-05,0.999721348285675,0.0002034116769209504,-9.75000000380276,0.0007503639790229499, Eight,38923,False,False,True,True,8880.68177054733,0.22920576667202994,1260.060302734375,6488.98486328125,5930.58447265625,0.007028484717011452,0.013583925552666187,0.08824173361063004
secondary_grid_insect_a0.125_s0.25,secondary_grid,additive,insect, insect,16368,insect_surrogate,0.125,0.25,0.125,0.25,0.00026035576593130827,0.9965445399284363,0.0031717829406261444,-8.250000087792364,0.015416371636092663, Eight,38923,False,False,True,True,16261.3673209619,0.40933590764927613,2131.53662109375,10927.1572265625,11852.6728515625,0.006253015249967575,0.016499420627951622,0.08826134353876114
secondary_grid_insect_a0.125_s0.5,secondary_grid,additive,insect, insect,16368,insect_surrogate,0.125,0.5,0.125,0.5,5.6102984672179446e-05,0.9624034762382507,0.03731643036007881,-9.750000041861384,0.2541447579860687, Eight,38923,False,False,False,False,32655.512241133823,0.8241152894549932,4317.01416015625,22022.73828125,23722.244140625,0.005112476646900177,0.016556374728679657,0.088277168571949
secondary_grid_insect_a0.125_s1,secondary_grid,additive,insect, insect,16368,insect_surrogate,0.125,1.0,0.125,1.0,6.508825026685372e-05,0.6772149205207825,0.3198936879634857,-9.249999916191088,2.935847520828247, Eight,38923,False,False,False,False,66274.2563367764,1.6816634755007465,8918.5751953125,45391.67578125,47458.73828125,0.004428797867149115,0.016138190403580666,0.0885503813624382
secondary_grid_insect_a0.25_s0,secondary_grid,additive,insect, insect,16368,insect_surrogate,0.25,0.0,0.25,0.0,1.7601639683562098e-06,0.9998964071273804,9.610169945517555e-05,-13.249999991176207,0.00012297643115743995, Eight,38923,False,False,True,True,12082.863893777294,0.3535094288663576,2335.899658203125,11854.921875,0.0,0.0037440864834934473,-0.0006474843248724937,0.0
secondary_grid_insect_a0.25_s0.03125,secondary_grid,additive,insect, insect,16368,insect_surrogate,0.25,0.03125,0.25,0.03125,2.2016223510945565e-07,0.9241313338279724,0.07585731893777847,-15.25000004878457,0.5660108327865601, Eight,38923,False,False,False,False,11656.702123717017,0.33932318882466966,2229.835205078125,11345.072265625,1481.848388671875,0.004419652745127678,0.0013804894406348467,0.08827141672372818
secondary_grid_insect_a0.25_s0.0625,secondary_grid,additive,insect, insect,16368,insect_surrogate,0.25,0.0625,0.25,0.0625,0.00010753907554317266,0.6786456108093262,0.3205694854259491,-8.750000067228227,2.908719062805176, Eight,38923,False,False,False,False,11605.704282644161,0.33334135648590235,2157.456298828125,11011.095703125,2965.387939453125,0.005087544210255146,0.0034807613119482994,0.08833295106887817
secondary_grid_insect_a0.25_s0.125,secondary_grid,additive,insect, insect,16368,insect_surrogate,0.25,0.125,0.25,0.125,0.00012046917981933802,0.9761718511581421,0.022957362234592438,-8.999999975819703,0.15359707176685333, Eight,38923,False,False,False,True,12607.584807672507,0.347349935687332,2131.06005859375,10920.9228515625,5928.171875,0.006232840940356255,0.0077632516622543335,0.08822744339704514
secondary_grid_insect_a0.25_s0.25,secondary_grid,additive,insect, insect,16368,insect_surrogate,0.25,0.25,0.25,0.25,0.0009068704675883055,0.9945042133331299,0.004064311273396015,-6.999999988110933,0.03216726332902908, Eight,38923,False,False,True,True,17758.376306672526,0.4584086950460907,2520.92333984375,12978.2919921875,11856.171875,0.0069828275591135025,0.011763451620936394,0.08956851065158844
secondary_grid_insect_a0.25_s0.5,secondary_grid,additive,insect, insect,16368,insect_surrogate,0.25,0.5,0.25,0.5,0.00019957082986366004,0.9808444976806641,0.017964795231819153,-8.500000001666022,0.12233837693929672, Eight,38923,False,False,False,True,32538.26723644985,0.8189557423485707,4263.24169921875,21856.322265625,23724.771484375,0.006185617763549089,0.01647464744746685,0.08893543481826782
secondary_grid_insect_a0.25_s1,secondary_grid,additive,insect, insect,16368,insect_surrogate,0.25,1.0,0.25,1.0,0.00012275805056560785,0.7746878266334534,0.22195178270339966,-8.7500000732642,1.9626039266586304, Eight,38923,False,False,False,False,65316.73800696354,1.648274375417495,8633.04296875,44034.1796875,47463.015625,0.005064512602984905,0.016556348651647568,0.08856574445962906
secondary_grid_insect_a0.5_s0,secondary_grid,additive,insect, insect,16368,insect_surrogate,0.5,0.0,0.5,0.0,2.9010354865022236e-06,0.9995571970939636,0.00043055182322859764,-12.74999991942083,0.001059529953636229, Eight,38923,False,False,True,True,24166.148340997053,0.7070558704857473,4672.22021484375,23710.189453125,0.0,0.003755431156605482,-0.0006333002820611,0.0
secondary_grid_insect_a0.5_s0.03125,secondary_grid,additive,insect, insect,16368,insect_surrogate,0.5,0.03125,0.5,0.03125,4.6744909809603996e-07,0.43780776858329773,0.5621562600135803,-13.750000025766926,5.498724460601807, Four,13038,False,False,False,False,23651.66473289421,0.6908640750273441,4557.08349609375,23161.126953125,1482.0367431640625,0.004005767870694399,0.00030733970925211906,0.08848728239536285
secondary_grid_insect_a0.5_s0.0625,secondary_grid,additive,insect, insect,16368,insect_surrogate,0.5,0.0625,0.5,0.0625,2.6218025595881045e-05,0.04740329831838608,0.9521207213401794,-7.499999915991893,10.288360595703125, Four,13038,False,False,False,False,23326.15040380338,0.6788191871166048,4459.36865234375,22703.021484375,2965.82861328125,0.004420085810124874,0.0013195406645536423,0.08839815855026245
secondary_grid_insect_a0.5_s0.125,secondary_grid,additive,insect, insect,16368,insect_surrogate,0.5,0.125,0.5,0.125,6.114951247582212e-05,0.18228411674499512,0.8169407248497009,-7.999999940348538,8.521344184875488, Four,13038,False,False,False,False,23207.98495866659,0.6666987498917577,4315.880859375,22018.70703125,5929.6103515625,0.005059308838099241,0.0035054474137723446,0.08827930688858032
secondary_grid_insect_a0.5_s0.25,secondary_grid,additive,insect, insect,16368,insect_surrogate,0.5,0.25,0.5,0.25,0.00010737666161730886,0.6776206493377686,0.320085346698761,-8.750000041000991,2.9268088340759277, Eight,38923,False,False,False,True,25215.335438511807,0.6947440437976751,4262.734375,21842.923828125,11854.4892578125,0.006192028522491455,0.007751146797090769,0.0883675292134285
secondary_grid_insect_a0.5_s0.5,secondary_grid,additive,insect, insect,16368,insect_surrogate,0.5,0.5,0.5,0.5,0.0005237905425019562,0.947035551071167,0.04715012386441231,-7.500000035834641,0.41443806886672974, Eight,38923,False,False,False,True,35508.62868060181,0.9166142706681123,5040.80224609375,25937.923828125,23720.81640625,0.006990109570324421,0.013613889925181866,0.08820284157991409
secondary_grid_insect_a0.5_s1,secondary_grid,additive,insect, insect,16368,insect_surrogate,0.5,1.0,0.5,1.0,0.00014585809549316764,0.9204649925231934,0.07555636763572693,-8.750000047612836,0.6232113838195801, Eight,38923,False,False,False,True,65081.63706153612,1.637919259849786,8525.046875,43700.671875,47467.82421875,0.006176528055220842,0.016474952921271324,0.0881720632314682
secondary_grid_insect_a1_s0,secondary_grid,additive,insect, insect,16368,insect_surrogate,1.0,0.0,1.0,0.0,1.011767380987294e-05,0.998773992061615,0.0011694440618157387,-11.50000002111051,0.00431704381480813, Eight,38923,False,False,True,True,48322.02817260568,1.4139755172187694,9344.7119140625,47409.859375,0.0,0.003731203731149435,-0.0011436359491199255,0.0
secondary_grid_insect_a1_s0.03125,secondary_grid,additive,insect, insect,16368,insect_surrogate,1.0,0.03125,1.0,0.03125,6.131210284365807e-06,0.22265800833702087,0.7771527767181396,-10.500000111645512,8.020668029785156, Four,13038,False,False,False,False,47760.83736908879,1.396817006972583,9226.052734375,46837.7734375,1483.413818359375,0.003913531079888344,-0.0001429785043001175,0.08796332776546478
secondary_grid_insect_a1_s0.0625,secondary_grid,additive,insect, insect,16368,insect_surrogate,1.0,0.0625,1.0,0.0625,2.134984970325604e-05,0.004068561363965273,0.9955441355705261,-5.2500000427333315,10.929192543029785, Four,13038,False,False,False,False,47274.94120787482,1.3812860428511375,9114.0263671875,46293.296875,2963.992919921875,0.004076427314430475,0.0003102235496044159,0.08843322843313217
secondary_grid_insect_a1_s0.125,secondary_grid,additive,insect, insect,16368,insect_surrogate,1.0,0.125,1.0,0.125,2.7216934540774673e-05,0.010980094783008099,0.9883965849876404,-5.999999974376599,10.81977367401123, Four,13038,False,False,False,False,46615.71726775108,1.357074588529979,8918.666015625,45368.49609375,5931.4462890625,0.004442354664206505,0.0012863418087363243,0.08815331757068634
secondary_grid_insect_a1_s0.25,secondary_grid,additive,insect, insect,16368,insect_surrogate,1.0,0.25,1.0,0.25,2.7124526241095737e-05,0.014050851576030254,0.9850407242774963,-6.249999937376729,10.773476600646973, Four,13038,False,False,False,False,46415.99330543834,1.3333316655924436,8630.8330078125,44038.4140625,11856.2744140625,0.005122276023030281,0.003457513405010104,0.08830656111240387
secondary_grid_insect_a1_s0.5,secondary_grid,additive,insect, insect,16368,insect_surrogate,1.0,0.5,1.0,0.5,7.797012221999466e-05,0.1810133010149002,0.8112452626228333,-7.750000088971962,8.573907852172852, Four,13038,False,False,False,True,50436.54713924819,1.3894762767277766,8523.890625,43686.9375,23720.03515625,0.006143839098513126,0.007663162425160408,0.08822701871395111
secondary_grid_insect_a1_s1,secondary_grid,additive,insect, insect,16368,insect_surrogate,1.0,1.0,1.0,1.0,0.0002180812880396843,0.8347336053848267,0.14505493640899658,-8.250000043260817,1.525383710861206, Eight,38923,False,False,False,True,71042.19654925313,1.8336113175653914,10080.833984375,51902.453125,47450.03515625,0.006953305099159479,0.013177499175071716,0.08857528865337372
secondary_grid_overdrive_ant_insect_a1.5_s0,secondary_grid_overdrive_ant,additive,insect, insect,16368,insect_surrogate,1.5,0.0,1.5,0.0,5.804380271001719e-05,0.9956966638565063,0.004069184884428978,-9.749999991169526,0.02064839005470276, Eight,38923,False,False,True,True,72524.9022353408,2.121310944767289,14013.10546875,71158.234375,0.0,0.0036988151259720325,-0.0006631086580455303,0.0
secondary_grid_overdrive_ant_insect_a1.5_s0.03125,secondary_grid_overdrive_ant,additive,insect, insect,16368,insect_surrogate,1.5,0.03125,1.5,0.03125,1.8261685909237713e-05,0.14797595143318176,0.8515428900718689,-8.999999850324391,8.95383358001709, Four,13038,False,False,False,False,71924.23453167085,2.1034940328210916,13893.6396484375,70553.9765625,1482.795166015625,0.0038550561293959618,-0.0003061797469854355,0.08838070183992386
secondary_grid_overdrive_ant_insect_a1.5_s0.0625,secondary_grid_overdrive_ant,additive,insect, insect,16368,insect_surrogate,1.5,0.0625,1.5,0.0625,7.436054875142872e-05,0.005213076714426279,0.9934365749359131,-4.249999958159332,10.913095474243164, Four,13038,False,False,False,False,71433.26032620716,2.087983574017438,13782.9609375,70028.1875,2965.404541015625,0.0039656441658735275,-4.297029227018356e-05,0.08804354816675186
secondary_grid_overdrive_ant_insect_a1.5_s0.125,secondary_grid_overdrive_ant,additive,insect, insect,16368,insect_surrogate,1.5,0.125,1.5,0.125,4.5116172259440646e-05,0.005214720498770475,0.9937498569488525,-4.750000001449298,10.912205696105957, Four,13038,False,False,False,False,70560.35414934487,2.059051776504129,13567.482421875,68989.234375,5930.64404296875,0.004163949750363827,0.0006790277548134327,0.08822326362133026
secondary_grid_overdrive_ant_insect_a1.5_s0.25,secondary_grid_overdrive_ant,additive,insect, insect,16368,insect_surrogate,1.5,0.25,1.5,0.25,3.5151682823197916e-05,0.004062981810420752,0.9941788911819458,-4.749999926500975,10.93393611907959, Four,13038,False,False,False,False,69550.22863231169,2.0178623216907527,13211.3046875,67246.796875,11855.970703125,0.004633964039385319,0.0017011105082929134,0.08829627931118011
secondary_grid_overdrive_ant_insect_a1.5_s0.5,secondary_grid_overdrive_ant,additive,insect, insect,16368,insect_surrogate,1.5,0.5,1.5,0.5,2.7268897611065768e-05,0.005196531768888235,0.9902836680412292,-5.249999943455939,10.929356575012207, Four,13038,False,False,False,False,70667.22880038586,2.005135579536239,12789.31640625,65328.92578125,23715.439453125,0.005461124703288078,0.004887200426310301,0.08821991086006165
secondary_grid_overdrive_ant_insect_a1.5_s1,secondary_grid_overdrive_ant,additive,insect, insect,16368,insect_surrogate,1.5,1.0,1.5,1.0,0.00012169686669949442,0.36277323961257935,0.5981119275093079,-7.999999980226682,6.6315202713012695, Four,13038,False,False,False,True,83857.27897000461,2.246001883768692,13201.888671875,67869.21875,47450.2109375,0.006657774560153484,0.010203377343714237,0.08861945569515228
secondary_grid_overdrive_ant_insect_a2_s0,secondary_grid_overdrive_ant,additive,insect, insect,16368,insect_surrogate,2.0,0.0,2.0,0.0,7.432587153743953e-05,0.9929732084274292,0.006690600886940956,-9.499999867378804,0.03697339445352554, Eight,38923,False,False,True,True,96657.69201428544,2.828062795806901,18688.11328125,94833.875,0.0,0.0037569610867649317,-0.0009462283924221992,0.0
secondary_grid_overdrive_ant_insect_a2_s0.03125,secondary_grid_overdrive_ant,additive,insect, insect,16368,insect_surrogate,2.0,0.03125,2.0,0.03125,9.577594755683094e-05,0.2223508059978485,0.7760805487632751,-7.750000036728784,8.028375625610352, Four,13038,False,False,False,False,96108.2570651677,2.810971588523774,18567.923828125,94285.890625,1483.2767333984375,0.0038417689502239227,-0.0004516635090112686,0.08817999809980392
secondary_grid_overdrive_ant_insect_a2_s0.0625,secondary_grid_overdrive_ant,additive,insect, insect,16368,insect_surrogate,2.0,0.0625,2.0,0.0625,9.562083141645417e-05,0.003166527021676302,0.9948931932449341,-3.499999991364197,10.948898315429688, Four,13038,False,False,False,False,95523.36449274454,2.7936595513693834,18452.103515625,93677.3359375,2964.7548828125,0.0039240219630301,-0.0001321127638220787,0.08822734653949738
secondary_grid_overdrive_ant_insect_a2_s0.125,secondary_grid_overdrive_ant,additive,insect, insect,16368,insect_surrogate,2.0,0.125,2.0,0.125,0.00012224027886986732,0.006674093194305897,0.9905232787132263,-4.000000016253217,10.895092964172363, Four,13038,False,False,False,False,94583.12260842613,2.7630807449005808,18228.09375,92620.328125,5931.146484375,0.004056269768625498,0.00037196557968854904,0.08829065412282944
secondary_grid_overdrive_ant_insect_a2_s0.25,secondary_grid_overdrive_ant,additive,insect, insect,16368,insect_surrogate,2.0,0.25,2.0,0.25,7.433648715959862e-05,0.003160867840051651,0.9931151270866394,-3.7499999917559803,10.957318305969238, Four,13038,False,False,False,False,93216.80291695097,2.7139956292462815,17838.296875,90722.296875,11858.8515625,0.004417089745402336,0.001238331664353609,0.08828441798686981
secondary_grid_overdrive_ant_insect_a2_s0.5,secondary_grid_overdrive_ant,additive,insect, insect,16368,insect_surrogate,2.0,0.5,2.0,0.5,3.510577880661003e-05,0.0024611051194369793,0.9928805828094482,-4.250000008308448,10.975171089172363, Four,13038,False,False,False,False,92814.47178108207,2.666436202449644,17262.28125,88056.8671875,23717.671875,0.005086284596472979,0.0035592340864241123,0.08825679123401642
secondary_grid_overdrive_ant_insect_a2_s1,secondary_grid_overdrive_ant,additive,insect, insect,16368,insect_surrogate,2.0,1.0,2.0,1.0,3.1966665119398385e-05,0.0742129310965538,0.9040985703468323,-7.750000042691335,10.052197456359863, Four,13038,False,False,False,True,100888.44858144544,2.7791939443318596,17047.6875,87386.15625,47450.1328125,0.006211252883076668,0.007744317874312401,0.0885734111070633
secondary_grid_termite_a0_s0,secondary_grid,additive,termite, termite,212513,insect_surrogate,0.0,0.0,0.0,0.0,1.1253320053583593e-07,0.999982476234436,1.6701407730579376e-05,-16.000000019046855,0.0, Eight,38923,False,False,True,True,0.0,0.0,0.0,0.0,0.0,0.0,0.0,0.0
secondary_grid_termite_a0_s0.03125,secondary_grid,additive,termite, termite,212513,insect_surrogate,0.0,0.03125,0.0,0.03125,4.139516462942083e-08,0.9998981952667236,9.610186680220068e-05,-16.999999949411443,0.00013139063958078623, Eight,38923,False,False,True,True,2116.7901177640283,0.05413174989367014,291.9834899902344,1481.8311767578125,1483.1461181640625,0.0037068859674036503,0.015526523813605309,0.08842331171035767
secondary_grid_termite_a0_s0.0625,secondary_grid,additive,termite, termite,212513,insect_surrogate,0.0,0.0625,0.0,0.0625,0.00018051608640234917,0.887194812297821,0.0028237467631697655,-8.499999972581906,2.0595524311065674, Eight,38923,False,False,False,True,4233.337347152252,0.10825373943708186,583.8737182617188,2964.56640625,2965.060302734375,0.003744368674233556,0.01567254215478897,0.08809606730937958
secondary_grid_termite_a0_s0.125,secondary_grid,additive,termite, termite,212513,insect_surrogate,0.0,0.125,0.0,0.125,3.925676139715506e-07,0.9994431138038635,0.0005527763860300183,-14.750000008349325,0.001411450793966651, Eight,38923,False,False,True,True,8464.89776574022,0.21648444826258004,1167.879638671875,5927.08984375,5929.60009765625,0.00385106448084116,0.015556316822767258,0.09089231491088867
secondary_grid_termite_a0_s0.25,secondary_grid,additive,termite, termite,212513,insect_surrogate,0.0,0.25,0.0,0.25,2.817226913975901e-06,0.970680832862854,0.029312020167708397,-12.749999956527367,0.19012948870658875, Eight,38923,False,False,False,True,16927.39753434684,0.4329264541412217,2335.746337890625,11851.6650390625,11858.29296875,0.003829285269603133,0.015555259771645069,0.08828084170818329
secondary_grid_termite_a0_s0.5,secondary_grid,additive,termite, termite,212513,insect_surrogate,0.0,0.5,0.0,0.5,2.4906854378059506e-05,0.9045048952102661,0.09533411264419556,-10.499999954048645,0.7356247901916504, Eight,38923,False,False,False,True,33866.73657435039,0.8660698668061573,4671.6513671875,23718.541015625,23718.396484375,0.0037288516759872437,0.01551924180239439,0.0882735624909401
secondary_grid_termite_a0_s1,secondary_grid,additive,termite, termite,212513,insect_surrogate,0.0,1.0,0.0,1.0,5.386632983572781e-05,0.43648338317871094,0.5604557394981384,-8.999999980868346,5.527212619781494, Four,13038,False,False,False,True,67733.97555923686,1.7320817084211715,9342.1787109375,47412.59765625,47462.203125,0.0037053818814456463,0.015594309195876122,0.08821355551481247
secondary_grid_termite_a0.03125_s0,secondary_grid,additive,termite, termite,212513,insect_surrogate,0.03125,0.0,0.03125,0.0,3.0589961852456327e-07,0.9999911785125732,7.88925444794586e-06,-15.000000011323285,3.2966570415737806e-06, Eight,38923,False,False,True,True,1511.691517867886,0.044212509968319574,292.0365295410156,1483.2147216796875,0.0,0.01177293248474598,-0.001141904853284359,0.0
secondary_grid_termite_a0.03125_s0.03125,secondary_grid,additive,termite, termite,212513,insect_surrogate,0.03125,0.03125,0.03125,0.03125,8.762177827748019e-08,0.9997637867927551,2.2597955648961943e-06,-16.25000001831903,0.0028313458897173405, Eight,38923,False,False,True,True,2794.3589036065196,0.08084434470279735,527.6240844726562,2309.4306640625,1482.087890625,0.008524313569068909,0.009249827824532986,0.08878526091575623
secondary_grid_termite_a0.03125_s0.0625,secondary_grid,additive,termite, termite,212513,insect_surrogate,0.03125,0.0625,0.03125,0.0625,3.927705733985931e-07,0.9999598264694214,3.5356082662474364e-05,-14.750000003907843,2.864249108824879e-05, Eight,38923,False,False,True,True,4722.720664158719,0.13030791124642196,801.1331787109375,3587.93359375,2964.626220703125,0.007129941135644913,0.012492936104536057,0.08820585906505585
secondary_grid_termite_a0.03125_s0.125,secondary_grid,additive,termite, termite,212513,insect_surrogate,0.03125,0.125,0.03125,0.125,8.302761784761969e-07,0.9984936714172363,0.001501174527220428,-13.999999982114863,0.005288995336741209, Eight,38923,False,False,True,True,8838.520589598234,0.235424452398654,1371.246826171875,6410.962890625,5927.7890625,0.0057585579343140125,0.014093169942498207,0.08829078823328018
secondary_grid_termite_a0.03125_s0.25,secondary_grid,additive,termite, termite,212513,insect_surrogate,0.03125,0.25,0.03125,0.25,6.002953796269139e-06,0.9770094752311707,0.022977059707045555,-11.999999981803112,0.14341415464878082, Eight,38923,False,False,False,True,17244.50723288877,0.45018849148096657,2530.371826171875,12264.171875,11855.814453125,0.004885468166321516,0.01303176861256361,0.08829836547374725
secondary_grid_termite_a0.03125_s0.5,secondary_grid,additive,termite, termite,212513,insect_surrogate,0.03125,0.5,0.03125,0.5,2.5441557227168232e-05,0.9239228963851929,0.07584020495414734,-10.49999995331317,0.5684118270874023, Eight,38923,False,False,False,True,34146.21908722492,0.8822096081652236,4860.0068359375,24076.638671875,23720.45703125,0.004314240999519825,0.015238732099533081,0.08828400075435638
secondary_grid_termite_a0.03125_s1,secondary_grid,additive,termite, termite,212513,insect_surrogate,0.03125,1.0,0.03125,1.0,4.197928137728013e-05,0.5608316659927368,0.43677616119384766,-9.499999882828952,4.155716419219971, Eight,38923,False,False,False,True,67998.54757954723,1.7478580831954595,9529.57421875,47758.5859375,47456.37109375,0.004049054812639952,0.01535525731742382,0.08821539580821991
secondary_grid_termite_a0.0625_s0,secondary_grid,additive,termite, termite,212513,insect_surrogate,0.0625,0.0,0.0625,0.0,2.902160076700966e-06,0.9999446868896484,7.888887921581045e-06,-12.749999929562945,0.0004165812861174345, Eight,38923,False,False,True,True,3023.7915189978658,0.08841573773404189,583.8600463867188,2966.8876953125,0.0,0.011893092654645443,-0.0010682204738259315,0.0
secondary_grid_termite_a0.0625_s0.03125,secondary_grid,additive,termite, termite,212513,insect_surrogate,0.0625,0.03125,0.0625,0.03125,1.9555592700726265e-08,0.9999954700469971,2.902307414842653e-06,-17.749999989814064,1.531835187051911e-05, Eight,38923,False,False,True,True,3970.5880742120953,0.11863837001195299,801.1893920898438,3594.86572265625,1483.44384765625,0.009986042976379395,-0.0010811812244355679,0.08810464292764664
secondary_grid_termite_a0.0625_s0.0625,secondary_grid,additive,termite, termite,212513,insect_surrogate,0.0625,0.0625,0.0625,0.0625,6.475622740254039e-07,0.9999490976333618,4.539762085187249e-05,-14.249999968234125,4.040055500809103e-05, Eight,38923,False,False,True,True,5589.430438803458,0.1616997515366316,1055.249755859375,4619.68310546875,2964.23828125,0.00865325890481472,0.009157668799161911,0.08859285712242126
secondary_grid_termite_a0.0625_s0.125,secondary_grid,additive,termite, termite,212513,insect_surrogate,0.0625,0.125,0.0625,0.125,2.8904769351356663e-06,0.9959192872047424,0.00407009432092309,-12.74999997837285,0.018370307981967926, Eight,38923,False,False,True,True,9448.232620686296,0.2606654894508433,1602.3358154296875,7179.50927734375,5929.27197265625,0.007045769598335028,0.009077342227101326,0.08833007514476776
secondary_grid_termite_a0.0625_s0.25,secondary_grid,additive,termite, termite,212513,insect_surrogate,0.0625,0.25,0.0625,0.25,7.707893928454723e-06,0.9770030975341797,0.022976910695433617,-11.750000112245077,0.14346155524253845, Eight,38923,False,False,False,True,17682.8426404644,0.47091576932721274,2742.026611328125,12829.775390625,11855.845703125,0.005763806868344545,0.014025711454451084,0.08823181688785553
secondary_grid_termite_a0.0625_s0.5,secondary_grid,additive,termite, termite,212513,insect_surrogate,0.0625,0.5,0.0625,0.5,3.8660698919557035e-05,0.8515585660934448,0.14797867834568024,-10.000000004390186,1.2141658067703247, Eight,38923,False,False,False,True,34489.516508691115,0.900341321835806,5060.029296875,24522.966796875,23718.072265625,0.004816363099962473,0.01493512187153101,0.08827860653400421
secondary_grid_termite_a0.0625_s1,secondary_grid,additive,termite, termite,212513,insect_surrogate,0.0625,1.0,0.0625,1.0,3.271013338235207e-05,0.4369984269142151,0.5611171126365662,-9.499999955066631,5.515137195587158, Four,13038,False,False,False,True,68291.63392673232,1.76446462001111,9720.990234375,48132.23828125,47460.90234375,0.004318790044635534,0.01525252778083086,0.08818773925304413
secondary_grid_termite_a0.125_s0,secondary_grid,additive,termite, termite,212513,insect_surrogate,0.125,0.0,0.125,0.0,3.9277716723518097e-07,0.999976634979248,1.855348159551795e-07,-14.750000025081901,0.00018118825391866267, Eight,38923,False,False,True,True,6042.02152665846,0.17676577599826246,1167.978759765625,5928.05615234375,0.0,0.011738520115613937,-0.001107516698539257,0.0
secondary_grid_termite_a0.125_s0.03125,secondary_grid,additive,termite, termite,212513,insect_surrogate,0.125,0.03125,0.125,0.03125,1.4449625496126828e-07,0.9999877214431763,1.0129968359251507e-05,-15.749999968320633,7.870598892623093e-06, Eight,38923,False,False,True,True,6723.781136798677,0.2019587363480886,1370.9083251953125,6413.34228515625,1482.8634033203125,0.010918768122792244,0.0025856532156467438,0.08797568827867508
secondary_grid_termite_a0.125_s0.0625,secondary_grid,additive,termite, termite,212513,insect_surrogate,0.125,0.0625,0.125,0.0625,1.2995057659281883e-05,0.9990590214729309,0.0009110238752327859,-11.25000003131945,0.0029148084577172995, Eight,38923,False,False,True,True,7934.570843810568,0.23716650193377242,1602.2174072265625,7183.56494140625,2964.23828125,0.009995933622121811,0.0022363276220858097,0.08843164891004562
secondary_grid_termite_a0.125_s0.125,secondary_grid,additive,termite, termite,212513,insect_surrogate,0.125,0.125,0.125,0.125,2.739119554462377e-05,0.9947249293327332,0.0052198376506567,-10.49999989372051,0.025133227929472923, Eight,38923,False,False,True,True,11180.188839419008,0.32339806645720853,2110.195556640625,9241.19140625,5928.244140625,0.008609545417129993,0.00923485029488802,0.08827131986618042
secondary_grid_termite_a0.125_s0.25,secondary_grid,additive,termite, termite,212513,insect_surrogate,0.125,0.25,0.125,0.25,1.6211584807024337e-05,0.9706547260284424,0.02931123413145542,-10.99999999986063,0.1903035193681717, Eight,38923,False,False,False,True,18900.45163722491,0.5213676601926325,3204.2646484375,14365.876953125,11856.7001953125,0.0071447622030973434,0.012350453063845634,0.08825165033340454
secondary_grid_termite_a0.125_s0.5,secondary_grid,additive,termite, termite,212513,insect_surrogate,0.125,0.5,0.125,0.5,4.9635989853413776e-05,0.8514671325683594,0.1479627788066864,-9.75000000639749,1.215516209602356, Eight,38923,False,False,False,True,35366.6833144182,0.9418042758366858,5483.3681640625,25653.083984375,23720.333984375,0.005673080682754517,0.013208289630711079,0.08895551413297653
secondary_grid_termite_a0.125_s1,secondary_grid,additive,termite, termite,212513,insect_surrogate,0.125,1.0,0.125,1.0,4.20003998442553e-05,0.5611138343811035,0.43699589371681213,-9.499999938916638,4.149819374084473, Eight,38923,False,False,False,True,68982.96077377179,1.8008392002379332,10121.5078125,49027.6953125,47460.39453125,0.004799241665750742,0.014423780143260956,0.08820086717605591
secondary_grid_termite_a0.25_s0,secondary_grid,additive,termite, termite,212513,insect_surrogate,0.25,0.0,0.25,0.0,1.760327222655178e-06,0.9999891519546509,2.260304881929187e-06,-13.249999996128201,4.6115543227642775e-05, Eight,38923,False,False,True,True,12093.29985844311,0.3536393962061747,2335.50634765625,11865.6357421875,0.0,0.011758668348193169,-0.001040327362716198,0.0
secondary_grid_termite_a0.25_s0.03125,secondary_grid,additive,termite, termite,212513,insect_surrogate,0.25,0.03125,0.25,0.03125,1.8547642355315475e-07,0.999661922454834,0.0003353492065798491,-15.499999925018626,0.0006997576565481722, Eight,38923,False,False,True,True,12605.012657561412,0.3756181506872813,2529.841796875,12259.0947265625,1483.523193359375,0.01125979796051979,0.0007416671141982079,0.08817900717258453
secondary_grid_termite_a0.25_s0.0625,secondary_grid,additive,termite, termite,212513,insect_surrogate,0.25,0.0625,0.25,0.0625,5.763944500358775e-05,0.988760232925415,0.01098413486033678,-9.750000004948951,0.0629340186715126, Eight,38923,False,False,False,True,13441.663335447245,0.40379728816897825,2741.37646484375,12820.6572265625,2965.453857421875,0.010859841480851173,0.002625076100230217,0.08825750648975372
secondary_grid_termite_a0.25_s0.125,secondary_grid,additive,termite, termite,212513,insect_surrogate,0.25,0.125,0.25,0.125,2.1300185835571028e-05,0.9932282567024231,0.006692319177091122,-10.74999998502297,0.03413211554288864, Eight,38923,False,False,True,True,15854.955773124202,0.47409651377638007,3204.0908203125,14351.5537109375,5928.43408203125,0.009960081428289413,0.005585890728980303,0.0883299931883812
secondary_grid_termite_a0.25_s0.25,secondary_grid,additive,termite, termite,212513,insect_surrogate,0.25,0.25,0.25,0.25,2.672626760613639e-05,0.9705778360366821,0.02930891141295433,-10.499999993110707,0.1911119669675827, Eight,38923,False,False,False,True,22352.0739280621,0.6466506247791908,4220.1416015625,18471.7265625,11857.5263671875,0.00860943365842104,0.009293475188314915,0.08829805254936218
secondary_grid_termite_a0.25_s0.5,secondary_grid,additive,termite, termite,212513,insect_surrogate,0.25,0.5,0.25,0.5,0.00011559933045646176,0.7295113801956177,0.2683722674846649,-8.750000082494907,2.400449275970459, Eight,38923,False,False,False,True,37781.900321062785,1.0423492219791808,6407.34814453125,28701.708984375,23719.818359375,0.006992042064666748,0.0124290119856596,0.08827173709869385
secondary_grid_termite_a0.25_s1,secondary_grid,additive,termite, termite,212513,insect_surrogate,0.25,1.0,0.25,1.0,2.9068318326608278e-05,0.4986445903778076,0.4986445903778076,-9.750000013440161,4.833944320678711, Eight,38923,False,False,False,True,70710.75868676018,1.8832965551775884,10967.7548828125,51272.2109375,47443.44140625,0.005695954896509647,0.01409799326211214,0.08863277733325958
secondary_grid_termite_a0.5_s0,secondary_grid,additive,termite, termite,212513,insect_surrogate,0.5,0.0,0.5,0.0,6.475906957348343e-07,0.9999929666519165,3.726627028299845e-06,-14.249999949175928,2.3192620574263856e-05, Eight,38923,False,False,True,True,24183.174721977073,0.7072063557660859,4670.732421875,23727.8359375,0.0,0.011769848875701427,-0.0010325703769922256,0.0
secondary_grid_termite_a0.5_s0.03125,secondary_grid,additive,termite, termite,212513,insect_surrogate,0.5,0.03125,0.5,0.03125,1.8127487066976755e-07,0.9770168662071228,0.022977234795689583,-15.499999971310503,0.14339859783649445, Eight,38923,False,False,False,True,24610.20244730339,0.7275129023452511,4860.10546875,24079.91796875,1482.899169921875,0.011496851220726967,-8.551869541406631e-05,0.08803358674049377
secondary_grid_termite_a0.5_s0.0625,secondary_grid,additive,termite, termite,212513,insect_surrogate,0.5,0.0625,0.5,0.0625,4.405496656545438e-05,0.9703751802444458,0.029302790760993958,-9.999999965064143,0.19365327060222626, Eight,38923,False,False,False,True,25232.81512380045,0.7516242126244399,5060.330078125,24541.44140625,2967.435302734375,0.011213068850338459,0.0008867699652910233,0.09344012290239334
secondary_grid_termite_a0.5_s0.125,secondary_grid,additive,termite, termite,212513,insect_surrogate,0.5,0.125,0.5,0.125,4.434317088453099e-05,0.9767233729362488,0.022970331832766533,-10.000000037077907,0.14673538506031036, Eight,38923,False,False,False,True,26887.047078118947,0.8076909754101038,5483.30615234375,25645.236328125,5930.30419921875,0.010829473845660686,0.002627255395054817,0.08825265616178513
secondary_grid_termite_a0.5_s0.25,secondary_grid,additive,termite, termite,212513,insect_surrogate,0.5,0.25,0.5,0.25,7.125506090233102e-05,0.9519480466842651,0.04739470034837723,-9.499999892639318,0.33848321437835693, Eight,38923,False,False,False,True,31697.73977942463,0.9479904678254336,6407.890625,28688.71875,11859.302734375,0.009936898946762085,0.004737257957458496,0.08824555575847626
secondary_grid_termite_a0.5_s0.5,secondary_grid,additive,termite, termite,212513,insect_surrogate,0.5,0.5,0.5,0.5,0.000162139258463867,0.6206084489822388,0.3764180541038513,-8.250000059001492,3.522083282470703, Eight,38923,False,False,False,True,44703.069431900236,1.2933399816702529,8441.052734375,36943.44921875,23712.751953125,0.008554939180612564,0.009270094335079193,0.08834142982959747
secondary_grid_termite_a0.5_s1,secondary_grid,additive,termite, termite,212513,insect_surrogate,0.5,1.0,0.5,1.0,8.862766844686121e-05,0.5593016147613525,0.43558454513549805,-8.750000074103292,4.187684535980225, Eight,38923,False,False,False,True,75564.46752649079,2.0848702106201906,12817.0751953125,57393.91015625,47451.55859375,0.007045876234769821,0.012424745596945286,0.08828773349523544
secondary_grid_termite_a1_s0,secondary_grid,additive,termite, termite,212513,insect_surrogate,1.0,0.0,1.0,0.0,1.0676901638362324e-06,0.999987006187439,6.1441323850885965e-06,-13.749999974386553,4.620683830580674e-05, Eight,38923,False,False,True,True,48362.20486634013,1.4144155597387704,9342.3701171875,47451.26953125,0.0,0.011771032586693764,-0.0010609785094857216,0.0
secondary_grid_termite_a1_s0.03125,secondary_grid,additive,termite, termite,212513,insect_surrogate,1.0,0.03125,1.0,0.03125,1.4026070971340232e-07,0.970675528049469,0.029311861842870712,-15.74999990466262,0.19021561741828918, Eight,38923,False,False,False,True,48740.079033901035,1.433957435169286,9531.736328125,47775.98828125,1481.9752197265625,0.01164771243929863,-0.0005690492689609528,0.08860901743173599
secondary_grid_termite_a1_s0.0625,secondary_grid,additive,termite, termite,212513,insect_surrogate,1.0,0.0625,1.0,0.0625,3.483854015939869e-05,0.9853224754333496,0.01405487023293972,-10.250000002975556,0.0885733887553215, Eight,38923,False,False,False,True,49227.90021597121,1.4552874807075769,9722.236328125,48167.1328125,2965.062744140625,0.011522484011948109,-0.00011985469609498978,0.08787393569946289
secondary_grid_termite_a1_s0.125,secondary_grid,additive,termite, termite,212513,insect_surrogate,1.0,0.125,1.0,0.125,5.744290683651343e-05,0.9853888154029846,0.014055815525352955,-9.750000048771254,0.08739479631185532, Eight,38923,False,False,False,True,50437.53055081437,1.503034955413619,10123.4345703125,49054.41015625,5926.6689453125,0.01124885305762291,0.0008215699344873428,0.08835955709218979
secondary_grid_termite_a1_s0.25,secondary_grid,additive,termite, termite,212513,insect_surrogate,1.0,0.25,1.0,0.25,0.00015217646432574838,0.9603381752967834,0.037236351519823074,-8.749999970370073,0.28400665521621704, Eight,38923,False,False,False,True,53740.81047266865,1.6151411635188582,10969.9765625,51255.08203125,11859.6328125,0.010799426585435867,0.0025379881262779236,0.08829985558986664
secondary_grid_termite_a1_s0.5,secondary_grid,additive,termite, termite,212513,insect_surrogate,1.0,0.5,1.0,0.5,0.0002429692685836926,0.7242811918258667,0.2664481997489929,-8.000000013855974,2.499208927154541, Eight,38923,False,False,False,True,63391.07489741307,1.8960319248878943,12817.345703125,57371.46875,23720.42578125,0.009940098971128464,0.005534951575100422,0.0889207124710083
secondary_grid_termite_a1_s1,secondary_grid,additive,termite, termite,212513,insect_surrogate,1.0,1.0,1.0,1.0,0.0002047509333351627,0.3701983690261841,0.610353946685791,-7.499999992319643,6.3883466720581055, Four,13038,False,False,False,True,89426.8510264757,2.5870948616246197,16883.451171875,73889.1953125,47460.484375,0.008621172979474068,0.009166540578007698,0.08859385550022125
secondary_grid_overdrive_ant_termite_a1.5_s0,secondary_grid_overdrive_ant,additive,termite, termite,212513,insect_surrogate,1.5,0.0,1.5,0.0,1.067687094291614e-06,0.9999841451644897,7.889198968769051e-06,-13.749999988265959,5.571462315856479e-05, Eight,38923,False,False,True,True,72556.588644248,2.121797452786574,14013.173828125,71190.515625,0.0,0.011723303236067295,-0.0014228280633687973,0.0
secondary_grid_overdrive_ant_termite_a1.5_s0.03125,secondary_grid_overdrive_ant,additive,termite, termite,212513,insect_surrogate,1.5,0.03125,1.5,0.03125,2.500897835489013e-07,0.8175479173660278,0.18241959810256958,-15.000000085948336,1.531913161277771, Eight,38923,False,False,False,True,72885.13146647562,2.1405084054214734,14201.521484375,71472.8046875,1482.3516845703125,0.011634612455964088,-0.0010880259796977043,0.08834636211395264
secondary_grid_overdrive_ant_termite_a1.5_s0.0625,secondary_grid_overdrive_ant,additive,termite, termite,212513,insect_surrogate,1.5,0.0625,1.5,0.0625,4.486516991164535e-05,0.9882211089134216,0.010978145524859428,-9.999999978219828,0.0706285685300827, Eight,38923,False,False,False,True,73287.27984938503,2.160588887098726,14392.85546875,71798.953125,2963.34765625,0.0115746995434165,-0.0007155574858188629,0.08821074664592743
secondary_grid_overdrive_ant_termite_a1.5_s0.125,secondary_grid_overdrive_ant,additive,termite, termite,212513,insect_surrogate,1.5,0.125,1.5,0.125,7.393728446913883e-05,0.9877818822860718,0.010973266325891018,-9.499999958747347,0.07690464705228806, Eight,38923,False,False,False,True,74348.15008075943,2.205101407362544,14781.0986328125,72622.359375,5929.54150390625,0.01143287867307663,-9.664706885814667e-05,0.08824612200260162
secondary_grid_overdrive_ant_termite_a1.5_s0.25,secondary_grid_overdrive_ant,additive,termite, termite,212513,insect_surrogate,1.5,0.25,1.5,0.25,0.00015207772958092391,0.9597151279449463,0.03721219301223755,-8.750000008724914,0.29378628730773926, Eight,38923,False,False,False,True,77109.57968327195,2.3067360021496865,15596.294921875,74578.5,11861.2900390625,0.01112072542309761,0.0011129537597298622,0.08835747838020325
secondary_grid_overdrive_ant_termite_a1.5_s0.5,secondary_grid_overdrive_ant,additive,termite, termite,212513,insect_surrogate,1.5,0.5,1.5,0.5,0.0003964971983805299,0.7168837189674377,0.2637268304824829,-7.499999954082428,2.648456335067749, Eight,38923,False,False,False,True,84918.82429505086,2.553563511348441,17352.84375,79672.1484375,23715.697265625,0.010517982766032219,0.003383512608706951,0.08830823749303818
secondary_grid_overdrive_ant_termite_a1.5_s1,secondary_grid_overdrive_ant,additive,termite, termite,212513,insect_surrogate,1.5,1.0,1.5,1.0,0.0003435025573708117,0.4836876094341278,0.4836876094341278,-7.249999985588997,5.211836338043213, Eight,38923,False,False,False,True,107050.99374939941,3.1684571049165635,21193.451171875,93594.5859375,47442.6640625,0.00943343061953783,0.006809059996157885,0.08859031647443771
secondary_grid_overdrive_ant_termite_a2_s0,secondary_grid_overdrive_ant,additive,termite, termite,212513,insect_surrogate,2.0,0.0,2.0,0.0,1.0676881174731534e-06,0.9999850988388062,6.144121016404824e-06,-13.74999998363948,6.584775837836787e-05, Eight,38923,False,False,True,True,96682.27337157012,2.8284821212394,18688.744140625,94858.8046875,0.0,0.01173323392868042,-0.0010559530928730965,0.0
secondary_grid_overdrive_ant_termite_a2_s0.03125,secondary_grid_overdrive_ant,additive,termite, termite,212513,insect_surrogate,2.0,0.03125,2.0,0.03125,4.2965646684933745e-07,0.851905345916748,0.14803893864154816,-14.500000007198453,1.2097384929656982, Eight,38923,False,False,False,True,97014.49216937962,2.847074225269496,18874.716796875,95149.15625,1481.4930419921875,0.011687272228300571,-0.0008143996819853783,0.08851612359285355
secondary_grid_overdrive_ant_termite_a2_s0.0625,secondary_grid_overdrive_ant,additive,termite, termite,212513,insect_surrogate,2.0,0.0625,2.0,0.0625,3.51000162481796e-05,0.9927176237106323,0.006688878871500492,-10.249999942347207,0.040893375873565674, Eight,38923,False,False,True,True,97416.35708774411,2.867122502101191,19065.8125,95486.3515625,2966.156982421875,0.011652546934783459,-0.0005918396636843681,0.09338477998971939
secondary_grid_overdrive_ant_termite_a2_s0.125,secondary_grid_overdrive_ant,additive,termite, termite,212513,insect_surrogate,2.0,0.125,2.0,0.125,5.759805208072066e-05,0.9880501627922058,0.010976246558129787,-9.749999998411077,0.07303999364376068, Eight,38923,False,False,False,True,98426.40403079212,2.9103488681531218,19447.40625,96303.5703125,5931.0830078125,0.011524872854351997,-0.00013886205852031708,0.08826569467782974
secondary_grid_overdrive_ant_termite_a2_s0.25,secondary_grid_overdrive_ant,additive,termite, termite,212513,insect_surrogate,2.0,0.25,2.0,0.25,0.0002503632567822933,0.9582968950271606,0.037157200276851654,-8.250000029873274,0.31559523940086365, Eight,38923,False,False,False,True,100902.12552021116,3.0064675112352353,20246.787109375,98136.0234375,11858.64453125,0.011246686801314354,0.000862879678606987,0.08834056556224823
secondary_grid_overdrive_ant_termite_a2_s0.5,secondary_grid_overdrive_ant,additive,termite, termite,212513,insect_surrogate,2.0,0.5,2.0,0.5,0.0008338808547705412,0.7121832370758057,0.26199761033058167,-6.749999980561502,2.7416813373565674, Eight,38923,False,False,False,True,107509.4439401855,3.2306425500193834,21939.267578125,102539.1171875,23720.845703125,0.010834822431206703,0.0025880122557282448,0.08827664703130722
secondary_grid_overdrive_ant_termite_a2_s1,secondary_grid_overdrive_ant,additive,termite, termite,212513,insect_surrogate,2.0,1.0,2.0,1.0,0.0005444264388643205,0.36212071776390076,0.5970361232757568,-6.500000074961635,6.641060829162598, Four,13038,False,False,False,True,126801.45921786565,3.7925906609407996,25637.9140625,114762.0234375,47444.55078125,0.00998116284608841,0.0053640492260456085,0.08826393634080887
secondary_grid_wasp_a0_s0,secondary_grid,additive,wasp, wasp,186153,insect_surrogate,0.0,0.0,0.0,0.0,1.1253320053583593e-07,0.999982476234436,1.6701407730579376e-05,-16.000000019046855,0.0, Eight,38923,False,False,True,True,0.0,0.0,0.0,0.0,0.0,0.0,0.0,0.0
secondary_grid_wasp_a0_s0.03125,secondary_grid,additive,wasp, wasp,186153,insect_surrogate,0.0,0.03125,0.0,0.03125,4.139516462942083e-08,0.9998981952667236,9.610186680220068e-05,-16.999999949411443,0.00013139063958078623, Eight,38923,False,False,True,True,2116.7901177640283,0.05413174989367014,291.9834899902344,1481.8311767578125,1483.1461181640625,0.0037068859674036503,0.015526523813605309,0.08842331171035767
secondary_grid_wasp_a0_s0.0625,secondary_grid,additive,wasp, wasp,186153,insect_surrogate,0.0,0.0625,0.0,0.0625,0.00018051608640234917,0.887194812297821,0.0028237467631697655,-8.499999972581906,2.0595524311065674, Eight,38923,False,False,False,True,4233.337347152252,0.10825373943708186,583.8737182617188,2964.56640625,2965.060302734375,0.003744368674233556,0.01567254215478897,0.08809606730937958
secondary_grid_wasp_a0_s0.125,secondary_grid,additive,wasp, wasp,186153,insect_surrogate,0.0,0.125,0.0,0.125,3.925676139715506e-07,0.9994431138038635,0.0005527763860300183,-14.750000008349325,0.001411450793966651, Eight,38923,False,False,True,True,8464.89776574022,0.21648444826258004,1167.879638671875,5927.08984375,5929.60009765625,0.00385106448084116,0.015556316822767258,0.09089231491088867
secondary_grid_wasp_a0_s0.25,secondary_grid,additive,wasp, wasp,186153,insect_surrogate,0.0,0.25,0.0,0.25,2.817226913975901e-06,0.970680832862854,0.029312020167708397,-12.749999956527367,0.19012948870658875, Eight,38923,False,False,False,True,16927.39753434684,0.4329264541412217,2335.746337890625,11851.6650390625,11858.29296875,0.003829285269603133,0.015555259771645069,0.08828084170818329
secondary_grid_wasp_a0_s0.5,secondary_grid,additive,wasp, wasp,186153,insect_surrogate,0.0,0.5,0.0,0.5,2.4906854378059506e-05,0.9045048952102661,0.09533411264419556,-10.499999954048645,0.7356247901916504, Eight,38923,False,False,False,True,33866.73657435039,0.8660698668061573,4671.6513671875,23718.541015625,23718.396484375,0.0037288516759872437,0.01551924180239439,0.0882735624909401
secondary_grid_wasp_a0_s1,secondary_grid,additive,wasp, wasp,186153,insect_surrogate,0.0,1.0,0.0,1.0,5.386632983572781e-05,0.43648338317871094,0.5604557394981384,-8.999999980868346,5.527212619781494, Four,13038,False,False,False,True,67733.97555923686,1.7320817084211715,9342.1787109375,47412.59765625,47462.203125,0.0037053818814456463,0.015594309195876122,0.08821355551481247
secondary_grid_wasp_a0.03125_s0,secondary_grid,additive,wasp, wasp,186153,insect_surrogate,0.03125,0.0,0.03125,0.0,5.043431769991003e-07,0.9999910593032837,7.889253538451158e-06,-14.499999953105933,3.4983345358341467e-06, Eight,38923,False,False,True,True,1510.8898707181568,0.04419184239025351,291.91986083984375,1482.420654296875,0.0,0.007252993993461132,-0.0026893792673945427,0.0
secondary_grid_wasp_a0.03125_s0.03125,secondary_grid,additive,wasp, wasp,186153,insect_surrogate,0.03125,0.03125,0.03125,0.03125,4.13990584036128e-08,0.9999922513961792,6.1441646721505094e-06,-16.999999951614033,1.0284076779498719e-05, Eight,38923,False,False,True,True,2462.0166854005815,0.07255097812073567,483.07855224609375,1905.3822021484375,1482.4573974609375,0.006788336671888828,0.009608479216694832,0.08814243972301483
secondary_grid_wasp_a0.03125_s0.0625,secondary_grid,additive,wasp, wasp,186153,insect_surrogate,0.03125,0.0625,0.03125,0.0625,8.30552210118185e-07,0.9988256096839905,0.0011695044813677669,-13.999999963530508,0.0038367444649338722, Eight,38923,False,False,True,True,4336.294249118648,0.12015293660497633,743.0523681640625,3075.96435546875,2964.753662109375,0.005857938434928656,0.013599416241049767,0.08835332840681076
secondary_grid_wasp_a0.03125_s0.125,secondary_grid,additive,wasp, wasp,186153,insect_surrogate,0.03125,0.125,0.03125,0.125,6.471333904300991e-07,0.9992868304252625,0.0007096678600646555,-14.24999997210497,0.0019779126159846783, Eight,38923,False,False,True,True,8434.665032924373,0.22437415693451498,1304.015380859375,5855.4169921875,5929.3515625,0.005019012372940779,0.01498489361256361,0.08840363472700119
secondary_grid_wasp_a0.03125_s0.25,secondary_grid,additive,wasp, wasp,186153,insect_surrogate,0.03125,0.25,0.03125,0.25,3.5875148114428157e-06,0.962664008140564,0.03732653334736824,-12.5000000189937,0.2512938976287842, Eight,38923,False,False,False,False,16834.29851986805,0.43877963393464386,2458.8544921875,11692.5498046875,11858.8330078125,0.004511288367211819,0.015420947223901749,0.08822866529226303
secondary_grid_wasp_a0.03125_s0.5,secondary_grid,additive,wasp, wasp,186153,insect_surrogate,0.03125,0.5,0.03125,0.5,2.587657218100503e-05,0.939720630645752,0.0600743293762207,-10.499999898274163,0.4358401894569397, Eight,38923,False,False,False,False,33735.74185197131,0.8707043696588547,4786.73046875,23509.951171875,23716.443359375,0.004093276336789131,0.01548941433429718,0.0882609635591507
secondary_grid_wasp_a0.03125_s1,secondary_grid,additive,wasp, wasp,186153,insect_surrogate,0.03125,1.0,0.03125,1.0,1.985449853236787e-05,0.561535656452179,0.4373244345188141,-10.249999945512375,4.141705513000488, Eight,38923,False,False,False,False,67584.24222845685,1.7361431218959176,9453.751953125,47178.78125,47459.65625,0.0038882680237293243,0.015540879219770432,0.08826698362827301
secondary_grid_wasp_a0.0625_s0,secondary_grid,additive,wasp, wasp,186153,insect_surrogate,0.0625,0.0,0.0625,0.0,3.0589924904234067e-07,0.9999899864196777,7.889245352998842e-06,-15.000000027074366,6.557948381669121e-06, Eight,38923,False,False,True,True,3021.1730116546178,0.08837447446064979,583.83984375,2964.222900390625,0.0,0.007225207984447479,-0.002699103206396103,0.0
secondary_grid_wasp_a0.0625_s0.03125,secondary_grid,additive,wasp, wasp,186153,insect_surrogate,0.0625,0.03125,0.0625,0.03125,3.0554383556591347e-07,0.998828113079071,0.0011695073917508125,-15.000000006570037,0.003819966921582818, Eight,38923,False,False,True,True,3492.6398096723915,0.10723948125071521,743.0015258789062,3074.0751953125,1482.073974609375,0.007216228172183037,0.0045819031074643135,0.08847737312316895
secondary_grid_wasp_a0.0625_s0.0625,secondary_grid,additive,wasp, wasp,186153,insect_surrogate,0.0625,0.0625,0.0625,0.0625,8.312460977322189e-07,0.9996601343154907,0.00033534862450324,-14.000000015992907,0.0007046574610285461, Eight,38923,False,False,True,True,4923.085895719248,0.14508300335718355,966.093505859375,3809.83984375,2964.55029296875,0.00675673084333539,0.009693870320916176,0.08821676671504974
secondary_grid_wasp_a0.0625_s0.125,secondary_grid,additive,wasp, wasp,186153,insect_surrogate,0.0625,0.125,0.0625,0.125,2.8871506856376072e-06,0.9947732090950012,0.005220090504735708,-12.749999965743898,0.024815738201141357, Eight,38923,False,False,True,True,8670.884691703854,0.24026750517439185,1485.942626953125,6150.59521484375,5928.439453125,0.005833187140524387,0.013551225885748863,0.08824595808982849
secondary_grid_wasp_a0.0625_s0.25,secondary_grid,additive,wasp, wasp,186153,insect_surrogate,0.0625,0.25,0.0625,0.25,7.707924851274583e-06,0.9770069718360901,0.02297700196504593,-11.750000065903546,0.14342941343784332, Eight,38923,False,False,False,True,16873.072524343122,0.4487935844159009,2607.760986328125,11720.9755859375,11854.06640625,0.005054370500147343,0.015023401007056236,0.08830451965332031
secondary_grid_wasp_a0.0625_s0.5,secondary_grid,additive,wasp, wasp,186153,insect_surrogate,0.0625,0.5,0.0625,0.5,4.1945088014472276e-05,0.9239020347595215,0.07583849132061005,-9.999999987388913,0.5685461759567261, Eight,38923,False,False,False,False,33662.459157528305,0.8774351727255154,4917.39404296875,23379.486328125,23714.552734375,0.004430381581187248,0.01535593532025814,0.08826983720064163
secondary_grid_wasp_a0.0625_s1,secondary_grid,additive,wasp, wasp,186153,insect_surrogate,0.0625,1.0,0.0625,1.0,2.5799467039178126e-05,0.7296745181083679,0.26843228936195374,-10.250000013773967,2.3988444805145264, Eight,38923,False,False,False,False,67479.11714600462,1.7415576907605574,9573.75,47007.31640625,47456.15625,0.004084326792508364,0.015500291250646114,0.08825034648180008
secondary_grid_wasp_a0.125_s0,secondary_grid,additive,wasp, wasp,186153,insect_surrogate,0.125,0.0,0.125,0.0,1.7603200603844016e-06,0.9999850988388062,3.7265976970957126e-06,-13.250000011684019,6.290965393418446e-05, Eight,38923,False,False,True,True,6043.347813711451,0.1767511991988997,1167.5013427734375,5929.501953125,0.0,0.007263120263814926,-0.0028698942624032497,0.0
secondary_grid_wasp_a0.125_s0.03125,secondary_grid,additive,wasp, wasp,186153,insect_surrogate,0.125,0.03125,0.125,0.03125,1.0674814348021755e-06,0.9997915625572205,0.00020342595234978944,-13.750000024111998,0.00033653571153990924, Eight,38923,False,False,True,True,6181.753574137981,0.18898418620769167,1304.2574462890625,5857.97265625,1482.27734375,0.007344340439885855,0.0009418074041604996,0.08819638937711716
secondary_grid_wasp_a0.125_s0.0625,secondary_grid,additive,wasp, wasp,186153,insect_surrogate,0.125,0.0625,0.125,0.0625,1.2995184988540132e-05,0.9990687966346741,0.0009110327810049057,-11.250000017404771,0.002832291880622506, Eight,38923,False,False,True,True,6987.993988180178,0.21451731741455787,1485.99072265625,6151.52099609375,2963.558837890625,0.007217535749077797,0.004704001359641552,0.0882454663515091
secondary_grid_wasp_a0.125_s0.125,secondary_grid,additive,wasp, wasp,186153,insect_surrogate,0.125,0.125,0.125,0.125,1.658955261518713e-05,0.9932852983474731,0.0066927033476531506,-11.000000074574778,0.033548470586538315, Eight,38923,False,False,True,True,9844.876371627954,0.29016349538473085,1932.419189453125,7617.86962890625,5929.19970703125,0.006676884368062019,0.00985032506287098,0.09092360734939575
secondary_grid_wasp_a0.125_s0.25,secondary_grid,additive,wasp, wasp,186153,insect_surrogate,0.125,0.25,0.125,0.25,2.0951911210431717e-05,0.9769881963729858,0.02297656051814556,-10.749999980014948,0.1435423344373703, Eight,38923,False,False,False,True,17344.02290047862,0.48056221343542754,2971.75390625,12306.8544921875,11854.330078125,0.005840248428285122,0.011537443846464157,0.08826892822980881
secondary_grid_wasp_a0.125_s0.5,secondary_grid,additive,wasp, wasp,186153,insect_surrogate,0.125,0.5,0.125,0.5,4.1055336623685434e-05,0.9043039083480835,0.0953129306435585,-9.99999993421703,0.7382697463035583, Eight,38923,False,False,False,True,33745.22742069056,0.8975886744626196,5215.78515625,23430.451171875,23718.134765625,0.0049549913965165615,0.013933708891272545,0.08831145614385605
secondary_grid_wasp_a0.125_s1,secondary_grid,additive,wasp, wasp,186153,insect_surrogate,0.125,1.0,0.125,1.0,3.952287443098612e-05,0.6779844760894775,0.32025718688964844,-9.750000066224919,2.921525716781616, Eight,38923,False,False,False,False,67351.11009762662,1.7553737351360954,9835.7080078125,46769.859375,47455.359375,0.004395290277898312,0.015374330803751945,0.08823413401842117
secondary_grid_wasp_a0.25_s0,secondary_grid,additive,wasp, wasp,186153,insect_surrogate,0.25,0.0,0.25,0.0,1.3709449149246211e-06,0.9999896287918091,4.785068085766397e-06,-13.499999965685971,1.8893171727540903e-05, Eight,38923,False,False,True,True,12086.80891410723,0.3535611943287307,2335.787353515625,11858.96484375,0.0,0.007315061520785093,-0.0029898923821747303,0.0
secondary_grid_wasp_a0.25_s0.03125,secondary_grid,additive,wasp, wasp,186153,insect_surrogate,0.25,0.03125,0.25,0.03125,1.1245510478374854e-07,0.9992884397506714,0.0007096690824255347,-15.999999950011418,0.0019706683233380318, Eight,38923,False,False,True,False,12041.137154585664,0.36195624223196493,2458.843994140625,11693.7861328125,1482.71240234375,0.007337271701544523,-0.001027519814670086,0.08825130015611649
secondary_grid_wasp_a0.25_s0.0625,secondary_grid,additive,wasp, wasp,186153,insect_surrogate,0.25,0.0625,0.25,0.0625,3.517123332130723e-05,0.9947319030761719,0.00521987397223711,-10.250000022394394,0.025053419172763824, Eight,38923,False,False,True,True,12362.26935645504,0.37796099013416373,2608.654541015625,11714.40625,2965.351806640625,0.007394962944090366,0.000869820243678987,0.0882936641573906
secondary_grid_wasp_a0.25_s0.125,secondary_grid,additive,wasp, wasp,186153,insect_surrogate,0.25,0.125,0.25,0.125,3.5243425372755155e-05,0.9967736601829529,0.0031725121662020683,-10.250000004676897,0.013804522342979908, Eight,38923,False,False,True,True,13977.797040092879,0.4290465089761245,2971.793701171875,12303.306640625,5930.92724609375,0.007156552281230688,0.00472433865070343,0.08819116652011871
secondary_grid_wasp_a0.25_s0.25,secondary_grid,additive,wasp, wasp,186153,insect_surrogate,0.25,0.25,0.25,0.25,4.475737296161242e-05,0.9858466982841492,0.014062347821891308,-9.999999953014791,0.08144271373748779, Eight,38923,False,False,False,True,19692.869458684276,0.5803469615334198,3864.4697265625,15241.0654296875,11856.8505859375,0.006686411798000336,0.009761740453541279,0.08830982446670532
secondary_grid_wasp_a0.25_s0.5,secondary_grid,additive,wasp, wasp,186153,insect_surrogate,0.25,0.5,0.25,0.5,8.688058005645871e-05,0.9039546847343445,0.0952761173248291,-9.249999977923677,0.7431606650352478, Eight,38923,False,False,False,True,34676.6613756342,0.9609000245442807,5942.89404296875,24591.623046875,23715.078125,0.0057652797549963,0.013582790270447731,0.08826158940792084
secondary_grid_wasp_a0.25_s1,secondary_grid,additive,wasp, wasp,186153,insect_surrogate,0.25,1.0,0.25,1.0,8.993651863420382e-05,0.7287631630897522,0.26809701323509216,-9.000000006096426,2.4150917530059814, Eight,38923,False,False,False,True,67479.18172675857,1.795050229014278,10432.52734375,46822.20703125,47458.2265625,0.004971400368958712,0.014968056231737137,0.08860189467668533
secondary_grid_wasp_a0.5_s0,secondary_grid,additive,wasp, wasp,186153,insect_surrogate,0.5,0.0,0.5,0.0,5.043451665187604e-07,0.9999949932098389,2.260318069602363e-06,-14.499999942274082,1.6080504792626016e-05, Eight,38923,False,False,True,True,24171.437394288634,0.7070439365789343,4670.95166015625,23715.830078125,0.0,0.007225524168461561,-0.002941661747172475,0.0
secondary_grid_wasp_a0.5_s0.03125,secondary_grid,additive,wasp, wasp,186153,insect_surrogate,0.5,0.03125,0.5,0.03125,8.758017600030144e-08,0.9992890357971191,0.0007096694898791611,-16.24999994892272,0.001971522578969598, Eight,38923,False,False,True,False,24010.68486430693,0.713087155252527,4786.423828125,23482.017578125,1482.560302734375,0.007268739864230156,-0.001944883493706584,0.08816555142402649
secondary_grid_wasp_a0.5_s0.0625,secondary_grid,additive,wasp, wasp,186153,insect_surrogate,0.5,0.0625,0.5,0.0625,3.505186759866774e-05,0.9913559556007385,0.008576909080147743,-10.250000041211623,0.04547998309135437, Eight,38923,False,False,True,False,24070.150041448665,0.7237512897318218,4917.92919921875,23375.123046875,2964.745849609375,0.007289531175047159,-0.0010015356820076704,0.0882222130894661
secondary_grid_wasp_a0.5_s0.125,secondary_grid,additive,wasp, wasp,186153,insect_surrogate,0.5,0.125,0.5,0.125,4.515916953096166e-05,0.994696855545044,0.005219690036028624,-9.999999952296461,0.02538846619427204, Eight,38923,False,False,True,True,24722.48578671717,0.7558438224851932,5216.67333984375,23426.49609375,5931.85498046875,0.007268209010362625,0.000884684850461781,0.08817359060049057
secondary_grid_wasp_a0.5_s0.25,secondary_grid,additive,wasp, wasp,186153,insect_surrogate,0.5,0.25,0.5,0.25,5.77872633584775e-05,0.9912959337234497,0.008576390333473682,-9.749999995772573,0.04604316130280495, Eight,38923,False,False,True,True,27949.10461655664,0.8579678476290414,5943.17822265625,24600.94140625,11858.53125,0.00711964862421155,0.004723759368062019,0.08829179406166077
secondary_grid_wasp_a0.5_s0.5,secondary_grid,additive,wasp, wasp,186153,insect_surrogate,0.5,0.5,0.5,0.5,9.148011304205284e-05,0.9518108367919922,0.04738787189126015,-9.249999988324939,0.3406355679035187, Eight,38923,False,False,False,True,39383.23568450948,1.1607565648740343,7730.30859375,30478.865234375,23713.294921875,0.006575475446879864,0.009793248027563095,0.08828581869602203
secondary_grid_wasp_a0.5_s1,secondary_grid,additive,wasp, wasp,186153,insect_surrogate,0.5,1.0,0.5,1.0,7.836232543922961e-05,0.815325915813446,0.18192380666732788,-9.249999939997572,1.5675890445709229, Eight,38923,False,False,False,True,69374.98259126947,1.922331675458212,11888.4931640625,49183.78515625,47460.5859375,0.005782805383205414,0.013530302792787552,0.08823579549789429
secondary_grid_wasp_a1_s0,secondary_grid,additive,wasp, wasp,186153,insect_surrogate,1.0,0.0,1.0,0.0,6.475922873505624e-07,0.9999954700469971,2.26031920647074e-06,-14.249999994838971,1.5680796423112042e-05, Eight,38923,False,False,True,True,48327.44617184281,1.4140977499926306,9345.2607421875,47415.2734375,0.0,0.007235032506287098,-0.002899627899751067,0.0
secondary_grid_wasp_a1_s0.03125,secondary_grid,additive,wasp, wasp,186153,insect_surrogate,1.0,0.03125,1.0,0.03125,6.815348996269677e-08,0.9984976053237915,0.0015011803479865193,-16.499999945694736,0.005275577772408724, Eight,38923,False,False,True,False,48144.981074615745,1.419509500102007,9457.1201171875,47183.73828125,1482.2022705078125,0.007243163883686066,-0.002456255257129669,0.08803030848503113
secondary_grid_wasp_a1_s0.0625,secondary_grid,additive,wasp, wasp,186153,insect_surrogate,1.0,0.0625,1.0,0.0625,3.505116910673678e-05,0.9913361072540283,0.008576737716794014,-10.249999947178356,0.045700423419475555, Eight,38923,False,False,True,False,48038.05723021639,1.4266870561850509,9576.40625,46980.34375,2965.583740234375,0.007234117016196251,-0.0024251965805888176,0.08813852816820145
secondary_grid_wasp_a1_s0.125,secondary_grid,additive,wasp, wasp,186153,insect_surrogate,1.0,0.125,1.0,0.125,2.746690734056756e-05,0.9974744915962219,0.002472492167726159,-10.49999994447633,0.01026181597262621, Eight,38923,False,False,True,False,48148.0662709779,1.4477458988504581,9837.576171875,46758.02734375,5928.34375,0.007275950629264116,-0.0009760723914951086,0.0883641466498375
secondary_grid_wasp_a1_s0.25,secondary_grid,additive,wasp, wasp,186153,insect_surrogate,1.0,0.25,1.0,0.25,5.789111673948355e-05,0.9930775165557861,0.0066913035698235035,-9.750000054357601,0.03576016053557396, Eight,38923,False,False,True,True,49441.250836419465,1.5118576312172456,10436.294921875,46850.01171875,11857.37890625,0.007276034913957119,0.001023129909299314,0.08963364362716675
secondary_grid_wasp_a1_s0.5,secondary_grid,additive,wasp, wasp,186153,insect_surrogate,1.0,0.5,1.0,0.5,0.00019092469301540405,0.9383507370948792,0.05998675525188446,-8.500000005348847,0.455189049243927, Eight,38923,False,False,False,True,55880.19404654186,1.7158880311283198,11889.150390625,49182.9921875,23712.390625,0.007144832517951727,0.004679590929299593,0.08830506354570389
secondary_grid_wasp_a1_s1,secondary_grid,additive,wasp, wasp,186153,insect_surrogate,1.0,1.0,1.0,1.0,0.00010828804806806147,0.877467155456543,0.11875226348638535,-9.000000015507958,0.9988689422607422, Eight,38923,False,False,False,True,78780.76050823693,2.3215972994543876,15458.826171875,60948.89453125,47462.25,0.0066519794054329395,0.009823602624237537,0.08853890001773834
secondary_grid_overdrive_ant_wasp_a1.5_s0,secondary_grid_overdrive_ant,additive,wasp, wasp,186153,insect_surrogate,1.5,0.0,1.5,0.0,6.475922873505624e-07,0.9999954700469971,2.26031920647074e-06,-14.249999994838971,1.4435951925406698e-05, Eight,38923,False,False,True,True,72486.29366954583,2.1210420467088387,14017.4716796875,71118.0234375,0.0,0.0072271935641765594,-0.0028847805224359035,0.0
secondary_grid_overdrive_ant_wasp_a1.5_s0.03125,secondary_grid_overdrive_ant,additive,wasp, wasp,186153,insect_surrogate,1.5,0.03125,1.5,0.03125,1.4403931913875567e-07,0.9968254566192627,0.0031726770102977753,-15.74999993213388,0.013504881411790848, Eight,38923,False,False,True,False,72295.2832459371,2.1260951697756485,14126.3896484375,70886.2265625,1481.883544921875,0.0071908170357346535,-0.002623319625854492,0.08805523812770844
secondary_grid_overdrive_ant_wasp_a1.5_s0.0625,secondary_grid_overdrive_ant,additive,wasp, wasp,186153,insect_surrogate,1.5,0.0625,1.5,0.0625,2.7350395612302236e-05,0.9932432770729065,0.006692420691251755,-10.499999911474504,0.03393885865807533, Eight,38923,False,False,True,False,72151.0858156764,2.1324916340370876,14243.2275390625,70669.046875,2965.71533203125,0.007239875849336386,-0.0022667848970741034,0.08830837905406952
secondary_grid_overdrive_ant_wasp_a1.5_s0.125,secondary_grid_overdrive_ant,additive,wasp, wasp,186153,insect_surrogate,1.5,0.125,1.5,0.125,3.5169749025953934e-05,0.99468994140625,0.005219653714448214,-10.25000004046693,0.02553080953657627, Eight,38923,False,False,True,False,72088.09347027731,2.1495070376581604,14486.3154296875,70368.1796875,5929.51708984375,0.007299955002963543,-0.0015689809806644917,0.08830917626619339
secondary_grid_overdrive_ant_wasp_a1.5_s0.25,secondary_grid_overdrive_ant,additive,wasp, wasp,186153,insect_surrogate,1.5,0.25,1.5,0.25,5.778348713647574e-05,0.9912311434745789,0.008575829677283764,-9.749999983592879,0.04683456942439079, Eight,38923,False,False,True,False,72633.97352994715,2.1986616326262607,15035.8037109375,70064.296875,11858.0361328125,0.0073185088112950325,-0.00029869191348552704,0.08832486718893051
secondary_grid_overdrive_ant_wasp_a1.5_s0.5,secondary_grid_overdrive_ant,additive,wasp, wasp,186153,insect_surrogate,1.5,0.5,1.5,0.5,0.0001908408448798582,0.9379386305809021,0.05996040999889374,-8.499999992226586,0.4616253077983856, Eight,38923,False,False,False,True,76586.07222409156,2.353931781052738,16323.8798828125,70968.4296875,23715.8046875,0.007294631563127041,0.002279683481901884,0.08895839750766754
secondary_grid_overdrive_ant_wasp_a1.5_s1,secondary_grid_overdrive_ant,additive,wasp, wasp,186153,insect_surrogate,1.5,1.0,1.5,1.0,0.00020127202151343226,0.7703940272331238,0.22072158753871918,-8.250000052641767,2.043849468231201, Eight,38923,False,False,False,True,93642.12940896997,2.8435962418162437,19504.1171875,78330.1171875,47463.9921875,0.007023037411272526,0.006741230376064777,0.08859501779079437
secondary_grid_overdrive_ant_wasp_a2_s0,secondary_grid_overdrive_ant,additive,wasp, wasp,186153,insect_surrogate,2.0,0.0,2.0,0.0,5.043457917963678e-07,0.9999963045120239,1.7603398418941651e-06,-14.500000013801637,1.536280797154177e-05, Eight,38923,False,False,True,True,96670.62681260242,2.8278250616005227,18682.14453125,94848.234375,0.0,0.007224468979984522,-0.0029258334543555975,0.0
secondary_grid_overdrive_ant_wasp_a2_s0.03125,secondary_grid_overdrive_ant,additive,wasp, wasp,186153,insect_surrogate,2.0,0.03125,2.0,0.03125,1.1178174474935076e-07,0.9933049082756042,0.006692836061120033,-15.999999970057202,0.03346965089440346, Eight,38923,False,False,True,False,96450.68209945361,2.8325222798980354,18792.33203125,94590.6171875,1482.3880615234375,0.007220487110316753,-0.0026610689237713814,0.08847777545452118
secondary_grid_overdrive_ant_wasp_a2_s0.0625,secondary_grid_overdrive_ant,additive,wasp, wasp,186153,insect_surrogate,2.0,0.0625,2.0,0.0625,2.729847255977802e-05,0.991357684135437,0.008576924912631512,-10.499999930285478,0.04549722746014595, Eight,38923,False,False,True,False,96294.49448310012,2.8385936492721218,18907.509765625,94373.484375,2963.30712890625,0.00724245049059391,-0.002477129688486457,0.08843199908733368
secondary_grid_overdrive_ant_wasp_a2_s0.125,secondary_grid_overdrive_ant,additive,wasp, wasp,186153,insect_surrogate,2.0,0.125,2.0,0.125,2.746628706518095e-05,0.9974519610404968,0.002472436288371682,-10.499999939519187,0.010503781959414482, Eight,38923,False,False,True,False,96086.17275610205,2.852938945737571,19144.88671875,93972.59375,5931.06494140625,0.007248047739267349,-0.002203343203291297,0.08817580342292786
secondary_grid_overdrive_ant_wasp_a2_s0.25,secondary_grid_overdrive_ant,additive,wasp, wasp,186153,insect_surrogate,2.0,0.25,2.0,0.25,4.500368959270418e-05,0.9912721514701843,0.008576184511184692,-9.999999921329769,0.046400055289268494, Eight,38923,False,False,True,False,96292.0402674895,2.894973789943929,19669.037109375,93513.34375,11854.9794921875,0.007284779567271471,-0.001029690494760871,0.08830638974905014
secondary_grid_overdrive_ant_wasp_a2_s0.5,secondary_grid_overdrive_ant,additive,wasp, wasp,186153,insect_surrogate,2.0,0.5,2.0,0.5,0.0002408026484772563,0.92170250415802,0.07565794885158539,-8.25000007483473,0.6012043356895447, Eight,38923,False,False,False,True,98844.75906625763,3.0226799079160296,20866.185546875,93661.75,23714.2421875,0.0073272972367703915,0.0009170122211799026,0.08834238350391388
secondary_grid_overdrive_ant_wasp_a2_s1,secondary_grid_overdrive_ant,additive,wasp, wasp,186153,insect_surrogate,2.0,1.0,2.0,1.0,0.00024316884810104966,0.7248761057853699,0.26666706800460815,-7.999999980463984,2.48956561088562, Eight,38923,False,False,False,True,111768.4838589118,3.431456982405068,23772.58203125,98359.1640625,47460.859375,0.00716774258762598,0.004755410365760326,0.08856669068336487
secondary_grid_bee_a0_s0,secondary_grid,additive,bee, bee,32737,insect_surrogate,0.0,0.0,0.0,0.0,1.1253320053583593e-07,0.999982476234436,1.6701407730579376e-05,-16.000000019046855,0.0, Eight,38923,False,False,True,True,0.0,0.0,0.0,0.0,0.0,0.0,0.0,0.0
secondary_grid_bee_a0_s0.03125,secondary_grid,additive,bee, bee,32737,insect_surrogate,0.0,0.03125,0.0,0.03125,4.139516462942083e-08,0.9998981952667236,9.610186680220068e-05,-16.999999949411443,0.00013139063958078623, Eight,38923,False,False,True,True,2116.7901177640283,0.05413174989367014,291.9834899902344,1481.8311767578125,1483.1461181640625,0.0037068859674036503,0.015526523813605309,0.08842331171035767
secondary_grid_bee_a0_s0.0625,secondary_grid,additive,bee, bee,32737,insect_surrogate,0.0,0.0625,0.0,0.0625,0.00018051608640234917,0.887194812297821,0.0028237467631697655,-8.499999972581906,2.0595524311065674, Eight,38923,False,False,False,True,4233.337347152252,0.10825373943708186,583.8737182617188,2964.56640625,2965.060302734375,0.003744368674233556,0.01567254215478897,0.08809606730937958
secondary_grid_bee_a0_s0.125,secondary_grid,additive,bee, bee,32737,insect_surrogate,0.0,0.125,0.0,0.125,3.925676139715506e-07,0.9994431138038635,0.0005527763860300183,-14.750000008349325,0.001411450793966651, Eight,38923,False,False,True,True,8464.89776574022,0.21648444826258004,1167.879638671875,5927.08984375,5929.60009765625,0.00385106448084116,0.015556316822767258,0.09089231491088867
secondary_grid_bee_a0_s0.25,secondary_grid,additive,bee, bee,32737,insect_surrogate,0.0,0.25,0.0,0.25,2.817226913975901e-06,0.970680832862854,0.029312020167708397,-12.749999956527367,0.19012948870658875, Eight,38923,False,False,False,True,16927.39753434684,0.4329264541412217,2335.746337890625,11851.6650390625,11858.29296875,0.003829285269603133,0.015555259771645069,0.08828084170818329
secondary_grid_bee_a0_s0.5,secondary_grid,additive,bee, bee,32737,insect_surrogate,0.0,0.5,0.0,0.5,2.4906854378059506e-05,0.9045048952102661,0.09533411264419556,-10.499999954048645,0.7356247901916504, Eight,38923,False,False,False,True,33866.73657435039,0.8660698668061573,4671.6513671875,23718.541015625,23718.396484375,0.0037288516759872437,0.01551924180239439,0.0882735624909401
secondary_grid_bee_a0_s1,secondary_grid,additive,bee, bee,32737,insect_surrogate,0.0,1.0,0.0,1.0,5.386632983572781e-05,0.43648338317871094,0.5604557394981384,-8.999999980868346,5.527212619781494, Four,13038,False,False,False,True,67733.97555923686,1.7320817084211715,9342.1787109375,47412.59765625,47462.203125,0.0037053818814456463,0.015594309195876122,0.08821355551481247
secondary_grid_bee_a0.03125_s0,secondary_grid,additive,bee, bee,32737,insect_surrogate,0.03125,0.0,0.03125,0.0,2.38235827509925e-07,0.999995231628418,3.7266354411258362e-06,-15.250000013591048,7.469676802429603e-06, Eight,38923,False,False,True,True,1511.5079490655085,0.04419873218361144,291.88543701171875,1483.057373046875,0.0,0.01303764246404171,0.010478338226675987,0.0
secondary_grid_bee_a0.03125_s0.03125,secondary_grid,additive,bee, bee,32737,insect_surrogate,0.03125,0.03125,0.03125,0.03125,2.3822586570076965e-07,0.9999533891677856,2.2602241642744048e-06,-15.249999985837507,0.0004563580732792616, Eight,38923,False,False,True,True,2654.4159912544005,0.07846819893254954,524.2009887695312,2139.241943359375,1481.4794921875,0.00933260191231966,0.017819659784436226,0.0887172520160675
secondary_grid_bee_a0.03125_s0.0625,secondary_grid,additive,bee, bee,32737,insect_surrogate,0.03125,0.0625,0.03125,0.0625,5.042837187829718e-07,0.999873161315918,0.00012339414388407022,-14.499999946441013,0.00015348110173363239, Eight,38923,False,False,True,True,4559.339581724164,0.12738897401427188,796.6895751953125,3367.82861328125,2968.264404296875,0.007617495022714138,0.01807878166437149,0.09340444952249527
secondary_grid_bee_a0.03125_s0.125,secondary_grid,additive,bee, bee,32737,insect_surrogate,0.03125,0.125,0.03125,0.125,1.0621248520692461e-06,0.9947746396064758,0.005220097955316305,-13.75000001856608,0.024817492812871933, Eight,38923,False,False,True,True,8667.895070488592,0.23225839808945936,1366.1673583984375,6170.3125,5932.388671875,0.006073077209293842,0.017303980886936188,0.09077304601669312
secondary_grid_bee_a0.03125_s0.25,secondary_grid,additive,bee, bee,32737,insect_surrogate,0.03125,0.25,0.03125,0.25,5.852736649103463e-06,0.9525609612464905,0.04742521420121193,-12.000000030120168,0.3308938145637512, Eight,38923,False,False,False,True,17064.683772974575,0.4467524282429201,2524.265869140625,12012.388671875,11854.705078125,0.005041234660893679,0.01649877056479454,0.08832996338605881
secondary_grid_bee_a0.03125_s0.5,secondary_grid,additive,bee, bee,32737,insect_surrogate,0.03125,0.5,0.03125,0.5,4.194496796117164e-05,0.9238993525505066,0.07583827525377274,-9.999999946411368,0.5685712099075317, Eight,38923,False,False,False,True,33966.463340787785,0.8787955272057181,4854.673828125,23824.255859375,23718.296875,0.004412786569446325,0.016065936535596848,0.08826826512813568
secondary_grid_bee_a0.03125_s1,secondary_grid,additive,bee, bee,32737,insect_surrogate,0.03125,1.0,0.03125,1.0,3.3140797313535586e-05,0.729974627494812,0.26854270696640015,-9.999999985007149,2.393479824066162, Eight,38923,False,False,False,True,67829.33888384812,1.74457052158049,9523.537109375,47516.68359375,47458.2578125,0.004095365758985281,0.015782009810209274,0.08817271888256073
secondary_grid_bee_a0.0625_s0,secondary_grid,additive,bee, bee,32737,insect_surrogate,0.0625,0.0,0.0625,0.0,4.76880768474075e-06,0.9965915679931641,6.123269940871978e-06,-12.249999991635741,0.05052968114614487, Eight,38923,False,False,True,True,3021.308826079577,0.08838014324856339,583.889404296875,2964.3515625,0.0,0.013081620447337627,0.009972773492336273,0.0
secondary_grid_bee_a0.0625_s0.03125,secondary_grid,additive,bee, bee,32737,insect_surrogate,0.0625,0.03125,0.0625,0.03125,1.4449668128690973e-07,0.999990701675415,6.144155122456141e-06,-15.74999999816245,1.4925257346476428e-05, Eight,38923,False,False,True,True,3765.275668029185,0.11526919945547667,796.5191650390625,3368.23681640625,1482.510986328125,0.010958666913211346,0.015825515612959862,0.08884239941835403
secondary_grid_bee_a0.0625_s0.0625,secondary_grid,additive,bee, bee,32737,insect_surrogate,0.0625,0.0625,0.0625,0.0625,1.3706747949981946e-06,0.9997926354408264,0.00020342617062851787,-13.500000002231964,0.000333319854689762, Eight,38923,False,False,True,True,5310.3974821454285,0.1569523687008852,1048.299072265625,4279.25341796875,2964.68896484375,0.00940520130097866,0.01759842410683632,0.08804669231176376
secondary_grid_bee_a0.0625_s0.125,secondary_grid,additive,bee, bee,32737,insect_surrogate,0.0625,0.125,0.0625,0.125,2.88287628791295e-06,0.9933004379272461,0.006692805793136358,-12.749999946235874,0.03348007798194885, Eight,38923,False,False,True,True,9118.361205396133,0.2547735122523158,1593.38818359375,6741.921875,5928.921875,0.00754115916788578,0.01803654246032238,0.08831314742565155
secondary_grid_bee_a0.0625_s0.25,secondary_grid,additive,bee, bee,32737,insect_surrogate,0.0625,0.25,0.0625,0.25,7.657949936401565e-06,0.9706724882125854,0.0293117705732584,-11.750000081475353,0.1901787966489792, Eight,38923,False,False,False,True,17331.53443682021,0.4644346335266078,2732.156005859375,12343.537109375,11855.568359375,0.006091021467000246,0.017306920140981674,0.08827073872089386
secondary_grid_bee_a0.0625_s0.5,secondary_grid,additive,bee, bee,32737,insect_surrogate,0.0625,0.5,0.0625,0.5,4.5293087168829516e-05,0.7769680023193359,0.22260506451129913,-9.750000027730964,1.923604965209961, Eight,38923,False,False,False,True,34136.6994077525,0.893597502868615,5048.02001953125,24024.296875,23720.55859375,0.004964527208358049,0.01651937887072563,0.0882900282740593
secondary_grid_bee_a0.0625_s1,secondary_grid,additive,bee, bee,32737,insect_surrogate,0.0625,1.0,0.0625,1.0,3.079173984588124e-05,0.6782331466674805,0.32037466764450073,-9.999999914763222,2.916903257369995, Eight,38923,False,False,False,True,67934.23392097704,1.7576464197354984,9709.888671875,47633.19140625,47453.73828125,0.004402797203511,0.016078367829322815,0.08822815120220184
secondary_grid_bee_a0.125_s0,secondary_grid,additive,bee, bee,32737,insect_surrogate,0.125,0.0,0.125,0.0,1.0676810688892147e-06,0.9999785423278809,3.7265731407387648e-06,-13.750000028756714,0.00012983556371182203, Eight,38923,False,False,True,True,6042.965332725364,0.1767693075736994,1167.8302001953125,5929.04736328125,0.0,0.01304670237004757,0.010087876580655575,0.0
secondary_grid_bee_a0.125_s0.03125,secondary_grid,additive,bee, bee,32737,insect_surrogate,0.125,0.03125,0.125,0.03125,8.314636943396181e-07,0.9999217987060547,7.484598609153181e-05,-13.999999997765583,5.9084683016408235e-05, Eight,38923,False,False,True,True,6489.31982442052,0.19814570232877363,1365.9737548828125,6168.296875,1482.3970947265625,0.011914871633052826,0.013408634811639786,0.08826844394207001
secondary_grid_bee_a0.125_s0.0625,secondary_grid,additive,bee, bee,32737,insect_surrogate,0.125,0.0625,0.125,0.0625,5.805317414342426e-05,0.9958574175834656,0.004069841932505369,-9.749999985160075,0.018723823130130768, Eight,38923,False,False,True,True,7531.202546982267,0.23056107927658714,1593.212158203125,6737.17822265625,2964.981689453125,0.010980913415551186,0.015787651762366295,0.08807563781738281
secondary_grid_bee_a0.125_s0.125,secondary_grid,additive,bee, bee,32737,insect_surrogate,0.125,0.125,0.125,0.125,2.1058991478639655e-05,0.9819813370704651,0.017985615879297256,-10.749999964580764,0.10792192816734314, Eight,38923,False,False,False,True,10623.383330325898,0.31392201324269686,2096.3037109375,8561.796875,5929.369140625,0.00938814040273428,0.017697829753160477,0.08831709623336792
secondary_grid_bee_a0.125_s0.25,secondary_grid,additive,bee, bee,32737,insect_surrogate,0.125,0.25,0.125,0.25,2.064387263089884e-05,0.9626243710517883,0.037324994802474976,-10.750000002993943,0.25158971548080444, Eight,38923,False,False,False,True,18226.432273793496,0.5093770011831127,3186.68408203125,13473.0537109375,11854.3115234375,0.007563022896647453,0.01799996942281723,0.08839722722768784
secondary_grid_bee_a0.125_s0.5,secondary_grid,additive,bee, bee,32737,insect_surrogate,0.125,0.5,0.125,0.5,4.5293061702977866e-05,0.7769675850868225,0.22260494530200958,-9.750000052975963,1.9235762357711792, Eight,38923,False,False,False,True,34664.41308193686,0.9288539267127346,5463.73095703125,24680.9296875,23719.630859375,0.005944115109741688,0.017295295372605324,0.08827506750822067
secondary_grid_bee_a0.125_s1,secondary_grid,additive,bee, bee,32737,insect_surrogate,0.125,1.0,0.125,1.0,5.386560951592401e-05,0.5604482889175415,0.43647754192352295,-9.250000026490422,4.163585186004639, Eight,38923,False,False,False,True,68276.26084569638,1.7873065311554015,10097.0517578125,48035.171875,47458.609375,0.004956419579684734,0.01654154434800148,0.08819157630205154
secondary_grid_bee_a0.25_s0,secondary_grid,additive,bee, bee,32737,insect_surrogate,0.25,0.0,0.25,0.0,4.784945303981658e-06,0.9999639987945557,1.6701098502380773e-05,-12.24999996199602,0.00010314406972611323, Eight,38923,False,False,True,True,12088.1225702829,0.3535620469939255,2335.524658203125,11860.35546875,0.0,0.013036972843110561,0.010007389821112156,0.0
secondary_grid_bee_a0.25_s0.03125,secondary_grid,additive,bee, bee,32737,insect_surrogate,0.25,0.03125,0.25,0.03125,2.3815616145839158e-07,0.999660849571228,0.00033534885733388364,-15.25000002990629,0.0007072139997035265, Eight,38923,False,False,True,True,12365.514326754143,0.37166892016107533,2524.57373046875,12013.958984375,1482.3162841796875,0.012432519346475601,0.011797300539910793,0.08836057782173157
secondary_grid_bee_a0.25_s0.0625,secondary_grid,additive,bee, bee,32737,insect_surrogate,0.25,0.0625,0.25,0.0625,7.204271241789684e-05,0.9624708294868469,0.03731904178857803,-9.499999866505943,0.2531259059906006, Eight,38923,False,False,False,True,12982.12126786607,0.3963225569504423,2731.690185546875,12340.50390625,2964.00146484375,0.011932732537388802,0.013347571715712547,0.08817467093467712
secondary_grid_bee_a0.25_s0.125,secondary_grid,additive,bee, bee,32737,insect_surrogate,0.25,0.125,0.25,0.125,4.475763489608653e-05,0.9858524799346924,0.014062429778277874,-9.999999965349376,0.08137480169534683, Eight,38923,False,False,False,True,15064.448543312386,0.4611291842111264,3186.126708984375,13476.7333984375,5929.91259765625,0.010911483317613602,0.015775753185153008,0.09093433618545532
secondary_grid_bee_a0.25_s0.25,secondary_grid,additive,bee, bee,32737,insect_surrogate,0.25,0.25,0.25,0.25,5.610950029222295e-05,0.9625152349472046,0.03732076659798622,-9.750000029671668,0.2526734471321106, Eight,38923,False,False,False,True,21233.91274053359,0.6277063556523106,4193.36376953125,17110.013671875,11855.048828125,0.009326480329036713,0.017713069915771484,0.08839432150125504
secondary_grid_bee_a0.25_s0.5,secondary_grid,additive,bee, bee,32737,insect_surrogate,0.25,0.5,0.25,0.5,0.00010505877435207367,0.851300060749054,0.14793376624584198,-8.999999993945726,1.2176532745361328, Eight,38923,False,False,False,True,36457.7302058588,1.0187618023751128,6372.35791015625,26942.48828125,23720.486328125,0.007507782895117998,0.018082691356539726,0.08823196589946747
secondary_grid_bee_a0.25_s1,secondary_grid,additive,bee, bee,32737,insect_surrogate,0.25,1.0,0.25,1.0,5.381980736274272e-05,0.436106413602829,0.5599716901779175,-8.999999994443066,5.536342620849609, Four,13038,False,False,False,True,69335.63853252295,1.8579304637426493,10929.154296875,49354.44140625,47456.54296875,0.005983554292470217,0.01734064891934395,0.0882018506526947
secondary_grid_bee_a0.5_s0,secondary_grid,additive,bee, bee,32737,insect_surrogate,0.5,0.0,0.5,0.0,1.0676952797439299e-06,0.999991774559021,3.726622480826336e-06,-13.749999951254383,1.9151997548760846e-05, Eight,38923,False,False,True,True,24175.01176248168,0.7071200559584949,4671.25146484375,23719.4140625,0.0,0.013031994923949242,0.010115696117281914,0.0
secondary_grid_bee_a0.5_s0.03125,secondary_grid,additive,bee, bee,32737,insect_surrogate,0.5,0.03125,0.5,0.03125,1.4421934224628785e-07,0.9980713725090027,0.0019267309689894319,-15.749999996546768,0.007247219327837229, Eight,38923,False,False,True,True,24357.385130738658,0.7233612434496486,4855.23291015625,23822.5,1482.368896484375,0.012711184099316597,0.009960686787962914,0.08840383589267731
secondary_grid_bee_a0.5_s0.0625,secondary_grid,additive,bee, bee,32737,insect_surrogate,0.5,0.0625,0.5,0.0625,4.457734030438587e-05,0.9818812012672424,0.017983783036470413,-9.99999993871889,0.1089436486363411, Eight,38923,False,False,False,True,24718.87875597365,0.7431437719491099,5048.95458984375,24015.296875,2965.896240234375,0.012386137619614601,0.011871217750012875,0.08831139653921127
secondary_grid_bee_a0.5_s0.125,secondary_grid,additive,bee, bee,32737,insect_surrogate,0.5,0.125,0.5,0.125,4.5005268475506455e-05,0.9913069605827332,0.008576485328376293,-9.999999953516818,0.045973893254995346, Eight,38923,False,False,True,True,25959.788657965793,0.7925802367169402,5463.3798828125,24676.125,5928.82470703125,0.011903723701834679,0.013439971953630447,0.08832891285419464
secondary_grid_bee_a0.5_s0.25,secondary_grid,additive,bee, bee,32737,insect_surrogate,0.5,0.25,0.5,0.25,0.00011876274948008358,0.9623445272445679,0.037314146757125854,-9.000000000766711,0.2544705271720886, Eight,38923,False,False,False,True,30124.18141501174,0.9221540511179449,6371.7822265625,26950.009765625,11855.955078125,0.010856705717742443,0.015734000131487846,0.08828988671302795
secondary_grid_bee_a0.5_s0.5,secondary_grid,additive,bee, bee,32737,insect_surrogate,0.5,0.5,0.5,0.5,0.00020271273388061672,0.7759085297584534,0.22230152785778046,-8.25000004539495,1.9399160146713257, Eight,38923,False,False,False,True,42488.095745332546,1.2557156419838302,8386.7021484375,34243.890625,23711.96875,0.009291683323681355,0.01774103194475174,0.08829503506422043
secondary_grid_bee_a0.5_s1,secondary_grid,additive,bee, bee,32737,insect_surrogate,0.5,1.0,0.5,1.0,7.655306399101391e-05,0.37624064087867737,0.6203159093856812,-8.500000072682784,6.214099884033203, Four,13038,False,False,False,True,72941.6036161474,2.0381876786482738,12748.3203125,53905.8125,47456.51953125,0.007497879676520824,0.017651109024882317,0.08854945749044418
secondary_grid_bee_a1_s0,secondary_grid,additive,bee, bee,32737,insect_surrogate,1.0,0.0,1.0,0.0,1.7603252899789368e-06,0.9999880790710449,6.14413920629886e-06,-13.250000021140359,1.8446491594659165e-05, Eight,38923,False,False,True,True,48344.73469270777,1.4142867716962606,9344.2490234375,47433.09375,0.0,0.012937488034367561,0.009559855796396732,0.0
secondary_grid_bee_a1_s0.03125,secondary_grid,additive,bee, bee,32737,insect_surrogate,1.0,0.03125,1.0,0.03125,3.894152769134962e-07,0.9914175271987915,0.008577442727982998,-14.7499999985363,0.04504051059484482, Eight,38923,False,False,True,True,48478.81929884617,1.4295460816086105,9525.3359375,47510.6796875,1482.973876953125,0.01280400063842535,0.010061281733214855,0.0883479118347168
secondary_grid_bee_a1_s0.0625,secondary_grid,additive,bee, bee,32737,insect_surrogate,1.0,0.0625,1.0,0.0625,5.746580063714646e-05,0.9857814908027649,0.014061417430639267,-9.749999997934689,0.08213939517736435, Eight,38923,False,False,False,True,48719.861668869366,1.4469237625035716,9712.158203125,47649.8125,2965.513916015625,0.012681268155574799,0.010499351657927036,0.08797457814216614
secondary_grid_bee_a1_s0.125,secondary_grid,additive,bee, bee,32737,insect_surrogate,1.0,0.125,1.0,0.125,0.00012163649807916954,0.9856308102607727,0.014059267938137054,-9.000000058509638,0.08366677165031433, Eight,38923,False,False,False,True,49438.003839998644,1.4864413216096266,10099.916015625,48030.671875,5929.7958984375,0.012355716899037361,0.011868063360452652,0.0883214995265007
secondary_grid_bee_a1_s0.25,secondary_grid,additive,bee, bee,32737,insect_surrogate,1.0,0.25,1.0,0.25,0.00019372579117771238,0.9521174430847168,0.047403134405612946,-8.49999995908299,0.33530721068382263, Eight,38923,False,False,False,True,51925.819741198036,1.5853610468236234,10928.205078125,49358.89453125,11855.9951171875,0.011869645677506924,0.013400220312178135,0.08833030611276627
secondary_grid_bee_a1_s0.5,secondary_grid,additive,bee, bee,32737,insect_surrogate,1.0,0.5,1.0,0.5,0.00024417316308245063,0.7278699278831482,0.26776841282844543,-7.999999982374975,2.429985284805298, Eight,38923,False,False,False,True,60255.407568732735,1.8446419783633905,12746.6083984375,53906.60546875,23713.203125,0.010896213352680206,0.015758143737912178,0.08827004581689835
secondary_grid_bee_a1_s1,secondary_grid,additive,bee, bee,32737,insect_surrogate,1.0,1.0,1.0,1.0,0.00014797187759540975,0.26753947138786316,0.7272475957870483,-7.500000151561428,7.499958038330078, Four,13038,False,False,False,True,84980.05077869196,2.511678921094835,16775.982421875,68463.3203125,47465.2421875,0.009352301247417927,0.017778724431991577,0.08823128044605255
secondary_grid_overdrive_ant_bee_a1.5_s0,secondary_grid_overdrive_ant,additive,bee, bee,32737,insect_surrogate,1.5,0.0,1.5,0.0,1.7603234709895332e-06,0.999987006187439,6.1441323850885965e-06,-13.249999981569646,2.2760526917409152e-05, Eight,38923,False,False,True,True,72507.3717366235,2.12115995196893,14014.69140625,71140.0546875,0.0,0.012961042113602161,0.01007029414176941,0.0
secondary_grid_overdrive_ant_bee_a1.5_s0.03125,secondary_grid_overdrive_ant,additive,bee, bee,32737,insect_surrogate,1.5,0.03125,1.5,0.03125,8.223819918384834e-07,0.989000141620636,0.010986799374222755,-14.000000035405167,0.0604829266667366, Eight,38923,False,False,False,True,72636.63026988949,2.136184721374329,14193.7861328125,71220.9296875,1481.7781982421875,0.012907866388559341,0.01038875337690115,0.08833988755941391
secondary_grid_overdrive_ant_bee_a1.5_s0.0625,secondary_grid_overdrive_ant,additive,bee, bee,32737,insect_surrogate,1.5,0.0625,1.5,0.0625,0.00015374166832771152,0.9702157974243164,0.029297979548573494,-8.750000081828047,0.19501066207885742, Eight,38923,False,False,False,True,72817.53576652847,2.152607977890205,14380.484375,71321.875,2964.005859375,0.01277930662035942,0.010654347017407417,0.08826977014541626
secondary_grid_overdrive_ant_bee_a1.5_s0.125,secondary_grid_overdrive_ant,additive,bee, bee,32737,insect_surrogate,1.5,0.125,1.5,0.125,0.00011975310189882293,0.9703694581985474,0.02930261753499508,-9.000000023624917,0.19314397871494293, Eight,38923,False,False,False,True,73355.62487657348,2.1887312976308655,14760.2841796875,71610.15625,5930.19677734375,0.012627093121409416,0.01130858063697815,0.0882483720779419
secondary_grid_overdrive_ant_bee_a1.5_s0.25,secondary_grid_overdrive_ant,additive,bee, bee,32737,insect_surrogate,1.5,0.25,1.5,0.25,0.0002453705237712711,0.9391865730285645,0.0600401870906353,-8.250000021743723,0.44170790910720825, Eight,38923,False,False,False,True,75193.17435251312,2.2751189772748175,15552.15234375,72605.0,11859.9326171875,0.012271847575902939,0.012365552596747875,0.08823929727077484
secondary_grid_overdrive_ant_bee_a1.5_s0.5,secondary_grid_overdrive_ant,additive,bee, bee,32737,insect_surrogate,1.5,0.5,1.5,0.5,0.0006159075419418514,0.6754246354103088,0.3190480172634125,-7.000000003539563,2.9653873443603516, Eight,38923,False,False,False,True,81369.38909291725,2.4955187233059424,17272.208984375,75897.6796875,23710.556640625,0.011599510908126831,0.014310838654637337,0.08836787939071655
secondary_grid_overdrive_ant_bee_a1.5_s1,secondary_grid_overdrive_ant,additive,bee, bee,32737,insect_surrogate,1.5,1.0,1.5,1.0,0.0002123555459547788,0.18136413395404816,0.8128176331520081,-6.750000105645725,8.557842254638672, Four,13038,False,False,False,True,101396.80381580006,3.0753825318095673,21070.30859375,87099.09375,47445.77734375,0.010342476889491081,0.016690809279680252,0.08856736868619919
secondary_grid_overdrive_ant_bee_a2_s0,secondary_grid_overdrive_ant,additive,bee, bee,32737,insect_surrogate,2.0,0.0,2.0,0.0,2.2602932858717395e-06,0.9999840259552002,7.88919805927435e-06,-13.000000006417798,2.331582254555542e-05, Eight,38923,False,False,True,True,96667.5193207348,2.8280334630553963,18685.658203125,94844.375,0.0,0.012991536408662796,0.009850390255451202,0.0
secondary_grid_overdrive_ant_bee_a2_s0.03125,secondary_grid_overdrive_ant,additive,bee, bee,32737,insect_surrogate,2.0,0.03125,2.0,0.03125,1.5924455283311545e-06,0.9046205878257751,0.09534630179405212,-13.249999992055299,0.7343910336494446, Eight,38923,False,False,False,True,96775.28263221649,2.842794431038672,18865.697265625,94907.015625,1482.96337890625,0.012907769531011581,0.010106026194989681,0.08838795125484467
secondary_grid_overdrive_ant_bee_a2_s0.0625,secondary_grid_overdrive_ant,additive,bee, bee,32737,insect_surrogate,2.0,0.0625,2.0,0.0625,0.00015247150440700352,0.9622001647949219,0.037308547645807266,-8.750000057276235,0.25615426898002625, Eight,38923,False,False,False,True,96932.83088988472,2.858601045622822,19049.07421875,94996.3671875,2965.922607421875,0.012843715026974678,0.01028282381594181,0.08804291486740112
secondary_grid_overdrive_ant_bee_a2_s0.125,secondary_grid_overdrive_ant,additive,bee, bee,32737,insect_surrogate,2.0,0.125,2.0,0.125,0.0001537468342576176,0.9702483415603638,0.02929896116256714,-8.750000023658359,0.19449180364608765, Eight,38923,False,False,False,True,97401.1142279838,2.89317983255307,19423.099609375,95260.578125,5928.11181640625,0.01274961233139038,0.010961697436869144,0.08818179368972778
secondary_grid_overdrive_ant_bee_a2_s0.25,secondary_grid_overdrive_ant,additive,bee, bee,32737,insect_surrogate,2.0,0.25,2.0,0.25,0.0002453290217090398,0.939027726650238,0.06003003194928169,-8.250000030252703,0.4438670873641968, Eight,38923,False,False,False,True,98877.41552549673,2.972842229136948,20199.013671875,96063.1171875,11858.3583984375,0.012452464550733566,0.011870793998241425,0.08830564469099045
secondary_grid_overdrive_ant_bee_a2_s0.5,secondary_grid_overdrive_ant,additive,bee, bee,32737,insect_surrogate,2.0,0.5,2.0,0.5,0.0007214986835606396,0.6162022948265076,0.37374556064605713,-6.750000035670851,3.610086441040039, Eight,38923,False,False,False,True,103820.62020003005,3.170327799867492,21857.1640625,98685.6484375,23709.24609375,0.011930596083402634,0.013187315315008163,0.08823269605636597
secondary_grid_overdrive_ant_bee_a2_s1,secondary_grid_overdrive_ant,additive,bee, bee,32737,insect_surrogate,2.0,1.0,2.0,1.0,0.0005133858066983521,0.26594045758247375,0.7229010462760925,-6.2500000966758735,7.552933692932129, Four,13038,False,False,False,True,120511.54076829838,3.6890711431828245,25490.28125,107799.1171875,47461.8515625,0.010919594205915928,0.015542145818471909,0.08824307471513748
family_composite_grid_family_composite_a0_s0,family_composite_grid,additive,family_composite,,,insect_family_composite,0.0,0.0,0.0,0.0,1.1253320053583593e-07,0.999982476234436,1.6701407730579376e-05,-16.000000019046855,0.0, Eight,38923,False,False,True,True,0.0,0.0,0.0,0.0,0.0,0.0,0.0,0.0
family_composite_grid_family_composite_a0_s0.03125,family_composite_grid,additive,family_composite,,,insect_family_composite,0.0,0.03125,0.0,0.03125,4.139516462942083e-08,0.9998981952667236,9.610186680220068e-05,-16.999999949411443,0.00013139063958078623, Eight,38923,False,False,True,True,2116.7901177640283,0.05413174989367014,291.9834899902344,1481.8311767578125,1483.1461181640625,0.0037068859674036503,0.015526523813605309,0.08842331171035767
family_composite_grid_family_composite_a0_s0.0625,family_composite_grid,additive,family_composite,,,insect_family_composite,0.0,0.0625,0.0,0.0625,0.00018051608640234917,0.887194812297821,0.0028237467631697655,-8.499999972581906,2.0595524311065674, Eight,38923,False,False,False,True,4233.337347152252,0.10825373943708186,583.8737182617188,2964.56640625,2965.060302734375,0.003744368674233556,0.01567254215478897,0.08809606730937958
family_composite_grid_family_composite_a0_s0.125,family_composite_grid,additive,family_composite,,,insect_family_composite,0.0,0.125,0.0,0.125,3.925676139715506e-07,0.9994431138038635,0.0005527763860300183,-14.750000008349325,0.001411450793966651, Eight,38923,False,False,True,True,8464.89776574022,0.21648444826258004,1167.879638671875,5927.08984375,5929.60009765625,0.00385106448084116,0.015556316822767258,0.09089231491088867
family_composite_grid_family_composite_a0_s0.25,family_composite_grid,additive,family_composite,,,insect_family_composite,0.0,0.25,0.0,0.25,2.817226913975901e-06,0.970680832862854,0.029312020167708397,-12.749999956527367,0.19012948870658875, Eight,38923,False,False,False,True,16927.39753434684,0.4329264541412217,2335.746337890625,11851.6650390625,11858.29296875,0.003829285269603133,0.015555259771645069,0.08828084170818329
family_composite_grid_family_composite_a0_s0.5,family_composite_grid,additive,family_composite,,,insect_family_composite,0.0,0.5,0.0,0.5,2.4906854378059506e-05,0.9045048952102661,0.09533411264419556,-10.499999954048645,0.7356247901916504, Eight,38923,False,False,False,True,33866.73657435039,0.8660698668061573,4671.6513671875,23718.541015625,23718.396484375,0.0037288516759872437,0.01551924180239439,0.0882735624909401
family_composite_grid_family_composite_a0_s1,family_composite_grid,additive,family_composite,,,insect_family_composite,0.0,1.0,0.0,1.0,5.386632983572781e-05,0.43648338317871094,0.5604557394981384,-8.999999980868346,5.527212619781494, Four,13038,False,False,False,True,67733.97555923686,1.7320817084211715,9342.1787109375,47412.59765625,47462.203125,0.0037053818814456463,0.015594309195876122,0.08821355551481247
family_composite_grid_family_composite_a0.03125_s0,family_composite_grid,additive,family_composite,,,insect_family_composite,0.03125,0.0,0.03125,0.0,3.0590089750148763e-07,0.9999953508377075,3.726635895873187e-06,-15.000000002650546,8.898475243768189e-06, Eight,38923,False,False,True,True,1510.702555032756,0.04418241476426793,291.8293762207031,1482.24755859375,0.0,0.016754312440752983,0.014201651327311993,0.0
family_composite_grid_family_composite_a0.03125_s0.03125,family_composite_grid,additive,family_composite,,,insect_family_composite,0.03125,0.03125,0.03125,0.03125,5.043311830377206e-07,0.9999673366546631,7.889067092037294e-06,-14.50000001159614,0.0002299568586749956, Eight,38923,False,False,True,True,2629.500150025513,0.07772444041666263,519.1824951171875,2108.481201171875,1482.911865234375,0.011567743495106697,0.02069883793592453,0.08817905932664871
family_composite_grid_family_composite_a0.03125_s0.0625,family_composite_grid,additive,family_composite,,,insect_family_composite,0.03125,0.0625,0.03125,0.0625,5.0424239361746e-07,0.9997913241386414,0.00020342590869404376,-14.500000047135103,0.0003467971400823444, Eight,38923,False,False,True,True,4527.789785813605,0.12643803634691278,790.1680297851562,3330.42919921875,2963.908935546875,0.00899702962487936,0.02016940526664257,0.088112011551857
family_composite_grid_family_composite_a0.03125_s0.125,family_composite_grid,additive,family_composite,,,insect_family_composite,0.03125,0.125,0.03125,0.125,8.305523806484416e-07,0.9988258481025696,0.0011695048306137323,-13.999999996907869,0.003830785397440195, Eight,38923,False,False,True,True,8635.312227435938,0.23122370108811272,1358.534912109375,6128.3955078125,5930.0732421875,0.0068871136754751205,0.018359949812293053,0.09092961996793747
family_composite_grid_family_composite_a0.03125_s0.25,family_composite_grid,additive,family_composite,,,insect_family_composite,0.03125,0.25,0.03125,0.25,4.699005785369081e-06,0.9820042252540588,0.017986034974455833,-12.249999938718585,0.10780755430459976, Eight,38923,False,False,False,True,17030.102379704123,0.4457035897657639,2516.84326171875,11965.8369140625,11853.6337890625,0.005495443940162659,0.017115389928221703,0.0882994681596756
family_composite_grid_family_composite_a0.03125_s0.5,family_composite_grid,additive,family_composite,,,insect_family_composite,0.03125,0.5,0.03125,0.5,4.7639114200137556e-05,0.8172122836112976,0.1823447048664093,-9.750000022454625,1.5361719131469727, Eight,38923,False,False,False,True,33941.07571664387,0.877868916029035,4846.60888671875,23790.19140625,23717.794921875,0.004600719548761845,0.016389532014727592,0.08826526999473572
family_composite_grid_family_composite_a0.03125_s1,family_composite_grid,additive,family_composite,,,insect_family_composite,0.03125,1.0,0.03125,1.0,4.2000967368949205e-05,0.56112140417099,0.4370017945766449,-9.499999917202032,4.149765491485596, Eight,38923,False,False,False,True,67785.38008510924,1.7433467583866482,9515.8154296875,47455.0546875,47458.6640625,0.004197519738227129,0.01600656285881996,0.08821860700845718
family_composite_grid_family_composite_a0.0625_s0,family_composite_grid,additive,family_composite,,,insect_family_composite,0.0625,0.0,0.0625,0.0,7.837305020075291e-06,0.9934062957763672,3.5124365240335464e-05,-11.749999991411615,0.10110669583082199, Eight,38923,False,False,True,True,3021.0642698077627,0.08836939909267112,583.7927856445312,2964.121337890625,0.0,0.016722846776247025,0.014182417653501034,0.0
family_composite_grid_family_composite_a0.0625_s0.03125,family_composite_grid,additive,family_composite,,,insect_family_composite,0.0625,0.03125,0.0625,0.03125,1.4449493335177976e-07,0.9999785423278809,1.670134224696085e-05,-15.7499999354158,2.8658561859629117e-05, Eight,38923,False,False,True,True,3727.8528798107372,0.11422453175111853,789.9293212890625,3328.118408203125,1482.068359375,0.013790078461170197,0.01956145465373993,0.08832336217164993
family_composite_grid_family_composite_a0.0625_s0.0625,family_composite_grid,additive,family_composite,,,insect_family_composite,0.0625,0.0625,0.0625,0.0625,8.314632964356861e-07,0.9999213218688965,7.484594971174374e-05,-13.99999999944953,6.735843635397032e-05, Eight,38923,False,False,True,True,5258.705409161893,0.1554485231438309,1038.42041015625,4217.03271484375,2965.181396484375,0.011551346629858017,0.02083885483443737,0.08818492293357849
family_composite_grid_family_composite_a0.0625_s0.125,family_composite_grid,additive,family_composite,,,insect_family_composite,0.0625,0.125,0.0625,0.125,7.864181498007383e-06,0.9968129992485046,0.003172637429088354,-11.750000005727204,0.013548152521252632, Eight,38923,False,False,True,True,9056.41746312565,0.2528870486805051,1580.3017578125,6660.24853515625,5929.7919921875,0.008989304304122925,0.020062249153852463,0.08831684291362762
family_composite_grid_family_composite_a0.0625_s0.25,family_composite_grid,additive,family_composite,,,insect_family_composite,0.0625,0.25,0.0625,0.25,7.70792848925339e-06,0.9770073890686035,0.022977013140916824,-11.750000020976271,0.1434277892112732, Eight,38923,False,False,False,True,17264.96754587703,0.4623185843970294,2716.530029296875,12252.8603515625,11856.0947265625,0.006867515854537487,0.018406931310892105,0.08828860521316528
family_composite_grid_family_composite_a0.0625_s0.5,family_composite_grid,additive,family_composite,,,insect_family_composite,0.0625,0.5,0.0625,0.5,4.9645448598312214e-05,0.851629376411438,0.14799098670482635,-9.749999990390299,1.2130736112594604, Eight,38923,False,False,False,True,34069.44588416925,0.8915188362615424,5032.9580078125,23930.978515625,23721.3984375,0.005383488722145557,0.01710216887295246,0.08828023076057434
family_composite_grid_family_composite_a0.0625_s1,family_composite_grid,additive,family_composite,,,insect_family_composite,0.0625,1.0,0.0625,1.0,4.197953603579663e-05,0.43677881360054016,0.5608351230621338,-9.24999993627293,5.520296573638916, Four,13038,False,False,False,True,67887.92215348424,1.7558591397728185,9693.58203125,47563.203125,47460.99609375,0.0046160537749528885,0.016384698450565338,0.08855173736810684
family_composite_grid_family_composite_a0.125_s0,family_composite_grid,additive,family_composite,,,insect_family_composite,0.125,0.0,0.125,0.0,3.726314162122435e-06,0.9999090433120728,4.784682460012846e-06,-12.500000012324954,0.0008534438093192875, Eight,38923,False,False,True,True,6042.805593033321,0.17675616269308272,1167.682861328125,5928.91357421875,0.0,0.016689755022525787,0.014109985902905464,0.0
family_composite_grid_family_composite_a0.125_s0.03125,family_composite_grid,additive,family_composite,,,insect_family_composite,0.125,0.03125,0.125,0.03125,2.3823531591915525e-07,0.999993085861206,4.785084456671029e-06,-15.250000015226847,9.919678632286377e-06, Eight,38923,False,False,True,True,6449.869498491221,0.19697619926690083,1358.1317138671875,6128.666015625,1481.8055419921875,0.015154752880334854,0.017474085092544556,0.08823380619287491
family_composite_grid_family_composite_a0.125_s0.0625,family_composite_grid,additive,family_composite,,,insect_family_composite,0.125,0.0625,0.125,0.0625,0.00015803992573637515,0.997340738773346,0.002472160616889596,-8.750000058982382,0.011103538796305656, Eight,38923,False,False,True,True,7456.642032118026,0.22846018179495858,1579.8262939453125,6657.57470703125,2963.50439453125,0.01373982336372137,0.019548524171113968,0.08823427557945251
family_composite_grid_family_composite_a0.125_s0.125,family_composite_grid,additive,family_composite,,,insect_family_composite,0.125,0.125,0.125,0.125,3.517125514918007e-05,0.9947324991226196,0.005219877231866121,-10.2500000009803,0.025039957836270332, Eight,38923,False,False,True,True,10514.911583432484,0.31084020067993323,2076.578857421875,8430.3076171875,5931.36572265625,0.011603167280554771,0.020849978551268578,0.088267482817173
family_composite_grid_family_composite_a0.125_s0.25,family_composite_grid,additive,family_composite,,,insect_family_composite,0.125,0.25,0.125,0.25,1.6466328816022724e-05,0.9859073162078857,0.014063212089240551,-11.000000011307652,0.08094166964292526, Eight,38923,False,False,False,True,18115.850871891198,0.5058450155857288,3160.9365234375,13329.07421875,11854.4638671875,0.009000740945339203,0.018287362530827522,0.08834619075059891
family_composite_grid_family_composite_a0.125_s0.5,family_composite_grid,additive,family_composite,,,insect_family_composite,0.125,0.5,0.125,0.5,6.373192445607856e-05,0.8514410257339478,0.14795824885368347,-9.499999911528922,1.2157119512557983, Eight,38923,False,False,False,True,34528.66360760969,0.9245888965110907,5432.64013671875,24496.064453125,23720.41015625,0.00678570382297039,0.018472490832209587,0.08892103284597397
family_composite_grid_family_composite_a0.125_s1,family_composite_grid,additive,family_composite,,,insect_family_composite,0.125,1.0,0.125,1.0,3.61897109542042e-05,0.6208065748214722,0.3765382170677185,-9.749999988033228,3.5198636054992676, Eight,38923,False,False,False,True,68152.61599768927,1.783325049060819,10066.7890625,47862.4765625,47461.796875,0.005423491820693016,0.017190158367156982,0.08822833746671677
family_composite_grid_family_composite_a0.25_s0,family_composite_grid,additive,family_composite,,,insect_family_composite,0.25,0.0,0.25,0.0,1.0129418114956934e-05,0.9999333620071411,1.3006430890527554e-05,-11.500000042901663,0.0004042520886287093, Eight,38923,False,False,True,True,12084.505217584878,0.353502997808502,2335.468505859375,11856.6796875,0.0,0.01670016720890999,0.014116063714027405,0.0
family_composite_grid_family_composite_a0.25_s0.03125,family_composite_grid,additive,family_composite,,,insect_family_composite,0.25,0.03125,0.25,0.03125,1.0672318921933766e-06,0.9995577931404114,0.0004305520560592413,-13.749999973580397,0.0010589063167572021, Eight,38923,False,False,True,True,12315.556123280607,0.3703147994475425,2516.345458984375,11964.2177734375,1482.7073974609375,0.01594344899058342,0.015911895781755447,0.08817867934703827
family_composite_grid_family_composite_a0.25_s0.0625,family_composite_grid,additive,family_composite,,,insect_family_composite,0.25,0.0625,0.25,0.0625,0.00015702986274845898,0.9909665584564209,0.008573540486395359,-8.750000071642045,0.04955686256289482, Eight,38923,False,False,True,True,12890.480531282143,0.393857009395732,2716.78125,12247.5947265625,2963.1083984375,0.015164789743721485,0.01740865409374237,0.08834567666053772
family_composite_grid_family_composite_a0.25_s0.125,family_composite_grid,additive,family_composite,,,insect_family_composite,0.25,0.125,0.25,0.125,5.805087857879698e-05,0.9958180785179138,0.004069680813699961,-9.750000024900995,0.01914338953793049, Eight,38923,False,False,True,True,14913.662736016275,0.45696498833790705,3160.16650390625,13314.818359375,5928.43115234375,0.01372162252664566,0.019488707184791565,0.08831734210252762
family_composite_grid_family_composite_a0.25_s0.25,family_composite_grid,additive,family_composite,,,insect_family_composite,0.25,0.25,0.25,0.25,4.5005606807535514e-05,0.9913144707679749,0.008576550520956516,-10.000000011951077,0.045872390270233154, Eight,38923,False,False,True,True,21037.46518646744,0.6218646912982128,4154.10107421875,16876.369140625,11853.5458984375,0.011491745710372925,0.02085907571017742,0.08836332708597183
family_composite_grid_family_composite_a0.25_s0.5,family_composite_grid,additive,family_composite,,,insect_family_composite,0.25,0.5,0.25,0.5,8.686156070325524e-05,0.9037567973136902,0.09525526314973831,-9.249999978681924,0.7460469007492065, Eight,38923,False,False,False,True,36225.9115378932,1.0114380204130489,6319.5498046875,26643.736328125,23716.8984375,0.008927697315812111,0.020078685134649277,0.08896606415510178
family_composite_grid_family_composite_a0.25_s1,family_composite_grid,additive,family_composite,,,insect_family_composite,0.25,1.0,0.25,1.0,7.887402171036229e-05,0.49774935841560364,0.49774935841560364,-8.750000015210194,4.853726863861084, Eight,38923,False,False,False,True,69106.41626781388,1.8500644340070453,10866.3896484375,49041.54296875,47460.98828125,0.006838478613644838,0.01845325157046318,0.08821208029985428
family_composite_grid_family_composite_a0.5_s0,family_composite_grid,additive,family_composite,,,insect_family_composite,0.5,0.0,0.5,0.0,1.7603180140213226e-06,0.9999839067459106,7.889197149779648e-06,-13.249999982068216,3.8387450331356376e-05, Eight,38923,False,False,True,True,24173.776971066276,0.7070714592209001,4670.84130859375,23718.236328125,0.0,0.016675062477588654,0.013084686361253262,0.0
family_composite_grid_family_composite_a0.5_s0.03125,family_composite_grid,additive,family_composite,,,insect_family_composite,0.5,0.03125,0.5,0.03125,2.376468017928346e-07,0.99752277135849,0.002472611842676997,-15.249999989563703,0.009930825792253017, Eight,38923,False,False,True,True,24310.566005517034,0.7221168098998773,4847.87548828125,23776.162109375,1481.8360595703125,0.016283633187413216,0.014082260429859161,0.08798927068710327
family_composite_grid_family_composite_a0.5_s0.0625,family_composite_grid,additive,family_composite,,,insect_family_composite,0.5,0.0625,0.5,0.0625,5.7645720517029986e-05,0.9888678789138794,0.010985330678522587,-9.749999999280295,0.06160665303468704, Eight,38923,False,False,False,True,24627.908109638924,0.7405827873584278,5032.6982421875,23925.326171875,2963.878173828125,0.015876049175858498,0.014985717833042145,0.08810628205537796
family_composite_grid_family_composite_a0.5_s0.125,family_composite_grid,additive,family_composite,,,insect_family_composite,0.5,0.125,0.5,0.125,5.7983252190751955e-05,0.9946579337120056,0.005219486076384783,-9.749999958302274,0.025745496153831482, Eight,38923,False,False,True,True,25797.443325105098,0.7878278844690283,5431.90380859375,24511.830078125,5930.65673828125,0.015126539394259453,0.017460882663726807,0.08826173841953278
family_composite_grid_family_composite_a0.5_s0.25,family_composite_grid,additive,family_composite,,,insect_family_composite,0.5,0.25,0.5,0.25,7.377959263976663e-05,0.9856751561164856,0.014059900306165218,-9.499999952160174,0.08335749804973602, Eight,38923,False,False,False,True,29817.490132521652,0.9136064628927535,6317.9580078125,26620.39453125,11854.1435546875,0.013653927482664585,0.019530603662133217,0.0882796049118042
family_composite_grid_family_composite_a0.5_s0.5,family_composite_grid,additive,family_composite,,,insect_family_composite,0.5,0.5,0.5,0.5,0.0002358398342039436,0.9027067422866821,0.09514458477497101,-8.250000114282482,0.7612987160682678, Eight,38923,False,False,False,True,42082.02644791063,1.2436550278443406,8305.740234375,33752.65234375,23720.66796875,0.011461644433438778,0.020160427317023277,0.08826514333486557
family_composite_grid_family_composite_a0.5_s1,family_composite_grid,additive,family_composite,,,insect_family_composite,0.5,1.0,0.5,1.0,9.551297989673913e-05,0.7739497423171997,0.22174030542373657,-9.000000064656788,1.9760562181472778, Eight,38923,False,False,False,True,72442.3716282924,2.0230311328489656,12643.5400390625,53264.296875,47444.20703125,0.008942307904362679,0.01966654136776924,0.08825144171714783
family_composite_grid_family_composite_a1_s0,family_composite_grid,additive,family_composite,,,insect_family_composite,1.0,0.0,1.0,0.0,2.260290557387634e-06,0.9999828338623047,6.144106919236947e-06,-13.000000021443077,4.5932134526083246e-05, Eight,38923,False,False,True,True,48335.51212154213,1.413911003572121,9341.009765625,47424.33203125,0.0,0.01665855571627617,0.013608776032924652,0.0
family_composite_grid_family_composite_a1_s0.03125,family_composite_grid,additive,family_composite,,,insect_family_composite,1.0,0.03125,1.0,0.03125,4.927542818222719e-07,0.977013111114502,0.02297714538872242,-14.499999994046744,0.14342021942138672, Eight,38923,False,False,False,True,48433.87649906677,1.4280083487821136,9513.609375,47467.17578125,1482.8529052734375,0.016437776386737823,0.01411067508161068,0.08844352513551712
family_composite_grid_family_composite_a1_s0.0625,family_composite_grid,additive,family_composite,,,insect_family_composite,1.0,0.0625,1.0,0.0625,0.00012163828796474263,0.9856452345848083,0.014059473760426044,-8.999999978085336,0.08336621522903442, Eight,38923,False,False,False,True,48608.53607389911,1.4439874751479562,9694.970703125,47539.296875,2968.59814453125,0.016276881098747253,0.015044085681438446,0.0934661254286766
family_composite_grid_family_composite_a1_s0.125,family_composite_grid,additive,family_composite,,,insect_family_composite,1.0,0.125,1.0,0.125,5.798149140900932e-05,0.9946277737617493,0.005219327285885811,-9.750000003446178,0.026068082079291344, Eight,38923,False,False,True,True,49269.22821170873,1.4814032753401638,10065.923828125,47864.01953125,5930.4013671875,0.015885135158896446,0.01595528982579708,0.08819776028394699
family_composite_grid_family_composite_a1_s0.25,family_composite_grid,additive,family_composite,,,insect_family_composite,1.0,0.25,1.0,0.25,9.524932829663157e-05,0.9910278916358948,0.00857407134026289,-9.249999995878346,0.04911009967327118, Eight,38923,False,False,True,True,51594.16788956846,1.5758750068909912,10866.8330078125,49022.5703125,11859.919921875,0.015127910301089287,0.016920506954193115,0.0896003320813179
family_composite_grid_family_composite_a1_s0.5,family_composite_grid,additive,family_composite,,,insect_family_composite,1.0,0.5,1.0,0.5,0.0006211595027707517,0.8746577501296997,0.11837205290794373,-7.250000048898883,1.0424667596817017, Eight,38923,False,False,False,True,59669.050905059456,1.8281071361900374,12641.1689453125,53275.4609375,23713.32421875,0.01369979977607727,0.019041750580072403,0.08826332539319992
family_composite_grid_family_composite_a1_s1,family_composite_grid,additive,family_composite,,,insect_family_composite,1.0,1.0,1.0,1.0,0.0002895727811846882,0.6722641587257385,0.31755512952804565,-7.749999967133698,3.033907651901245, Eight,38923,False,False,False,True,84158.10840723933,2.48762860377705,16617.02734375,67491.046875,47449.1328125,0.011558003723621368,0.02085755579173565,0.08858873695135117
family_composite_grid_overdrive_ant_family_composite_a1.5_s0,family_composite_grid_overdrive_ant,additive,family_composite,,,insect_family_composite,1.5,0.0,1.5,0.0,4.7849716793280095e-06,0.999969482421875,1.300690109928837e-05,-12.24999993366881,7.618490053573623e-05, Eight,38923,False,False,True,True,72526.83802015382,2.121486192136961,14015.1103515625,71159.8125,0.0,0.016624851152300835,0.014174114912748337,0.0
family_composite_grid_overdrive_ant_family_composite_a1.5_s0.03125,family_composite_grid_overdrive_ant,additive,family_composite,,,insect_family_composite,1.5,0.03125,1.5,0.03125,1.847909970820183e-06,0.8175401091575623,0.1824178546667099,-12.999999988795535,1.531950831413269, Eight,38923,False,False,False,True,72593.14482058703,2.135136875457044,14188.4462890625,71177.625,1482.6888427734375,0.016524605453014374,0.01447194255888462,0.08823645114898682
family_composite_grid_overdrive_ant_family_composite_a1.5_s0.0625,family_composite_grid_overdrive_ant,additive,family_composite,,,insect_family_composite,1.5,0.0625,1.5,0.0625,7.444544462487102e-05,0.9945706725120544,0.005219027865678072,-9.499999867893818,0.026636403053998947, Eight,38923,False,False,True,True,72744.13958554027,2.1503436339868873,14364.703125,71250.046875,2965.7998046875,0.016371294856071472,0.014492528513073921,0.08812130987644196
family_composite_grid_overdrive_ant_family_composite_a1.5_s0.125,family_composite_grid_overdrive_ant,additive,family_composite,,,insect_family_composite,1.5,0.125,1.5,0.125,9.569642861606553e-05,0.9956797361373901,0.004069115500897169,-9.249999955569423,0.020531490445137024, Eight,38923,False,False,True,True,73202.52851140016,2.183900157072051,14725.9345703125,71460.46875,5929.455078125,0.016152668744325638,0.015054849907755852,0.0882493332028389
family_composite_grid_overdrive_ant_family_composite_a1.5_s0.25,family_composite_grid_overdrive_ant,additive,family_composite,,,insect_family_composite,1.5,0.25,1.5,0.25,0.0003273258334957063,0.9757446050643921,0.022947313264012337,-8.000000048517078,0.15823650360107422, Eight,38923,False,False,False,True,74821.79161596106,2.2648446598985115,15488.1259765625,72234.4140625,11857.8193359375,0.015657026320695877,0.01615741103887558,0.08829241245985031
family_composite_grid_overdrive_ant_family_composite_a1.5_s0.5,family_composite_grid_overdrive_ant,additive,family_composite,,,insect_family_composite,1.5,0.5,1.5,0.5,0.0007973666652105749,0.8744186758995056,0.11833970248699188,-6.999999944424869,1.0448030233383179, Eight,38923,False,False,False,True,80778.17753484396,2.4782179793106254,17157.6171875,75287.5546875,23717.3828125,0.01464047096669674,0.017931265756487846,0.08825799077749252
family_composite_grid_overdrive_ant_family_composite_a1.5_s1,family_composite_grid_overdrive_ant,additive,family_composite,,,insect_family_composite,1.5,1.0,1.5,1.0,0.000400726858060807,0.7245311737060547,0.26654013991355896,-7.500000024457749,2.4930689334869385, Eight,38923,False,False,False,True,100400.49399051139,3.046417998910159,20879.890625,85979.171875,47453.88671875,0.012924186885356903,0.020250335335731506,0.08823598176240921
family_composite_grid_overdrive_ant_family_composite_a2_s0,family_composite_grid_overdrive_ant,additive,family_composite,,,insect_family_composite,2.0,0.0,2.0,0.0,4.7849634938756935e-06,0.9999678134918213,1.0129767360922415e-05,-12.24999997534636,0.00010465893137734383, Eight,38923,False,False,True,True,96649.00743731546,2.827786628082343,18686.130859375,94825.4140625,0.0,0.01669444888830185,0.01387735828757286,0.0
family_composite_grid_overdrive_ant_family_composite_a2_s0.03125,family_composite_grid_overdrive_ant,additive,family_composite,,,insect_family_composite,2.0,0.03125,2.0,0.03125,4.328512659412809e-06,0.9045781493186951,0.09534183144569397,-12.249999994324135,0.7347989678382874, Eight,38923,False,False,False,True,96777.81337991668,2.842414308449673,18859.970703125,94910.734375,1482.959228515625,0.016546407714486122,0.014382487162947655,0.08802628517150879
family_composite_grid_overdrive_ant_family_composite_a2_s0.0625,family_composite_grid_overdrive_ant,additive,family_composite,,,insect_family_composite,2.0,0.0625,2.0,0.0625,0.0001575734349898994,0.9943968057632446,0.005218115635216236,-8.750000003441029,0.0282939113676548, Eight,38923,False,False,True,True,96883.46781721023,2.856517647840942,19030.818359375,94949.6640625,2965.73486328125,0.016471941024065018,0.014599232003092766,0.0881863683462143
family_composite_grid_overdrive_ant_family_composite_a2_s0.125,family_composite_grid_overdrive_ant,additive,family_composite,,,insect_family_composite,2.0,0.125,2.0,0.125,0.0001228642649948597,0.9955794215202332,0.004068705718964338,-8.999999970436335,0.021564370021224022, Eight,38923,False,False,True,True,97221.59067251832,2.8883655667804002,19394.310546875,95082.859375,5928.59716796875,0.016292523592710495,0.014866628684103489,0.08825637400150299
family_composite_grid_overdrive_ant_family_composite_a2_s0.25,family_composite_grid_overdrive_ant,additive,family_composite,,,insect_family_composite,2.0,0.25,2.0,0.25,0.00042246206430718303,0.980776309967041,0.01796354539692402,-7.750000035942796,0.1211610808968544, Eight,38923,False,False,False,True,98501.85832729944,2.9624054855687314,20133.716796875,95690.09375,11859.8271484375,0.01590339094400406,0.01573041081428528,0.0882311537861824
family_composite_grid_overdrive_ant_family_composite_a2_s0.5,family_composite_grid_overdrive_ant,additive,family_composite,,,insect_family_composite,2.0,0.5,2.0,0.5,0.0008363142842426896,0.9171299338340759,0.07528261095285416,-6.999999955149408,0.6727131605148315, Eight,38923,False,False,False,True,103153.73092073221,3.151207942830126,21733.158203125,98009.40625,23717.46875,0.015159189701080322,0.01719590649008751,0.08824494481086731
family_composite_grid_overdrive_ant_family_composite_a2_s1,family_composite_grid_overdrive_ant,additive,family_composite,,,insect_family_composite,2.0,1.0,2.0,1.0,0.0004650692280847579,0.840864896774292,0.14612039923667908,-7.5000000080140214,1.4016855955123901, Eight,38923,False,False,False,True,119293.09079640952,3.655494285802785,25281.45703125,106490.46875,47449.65234375,0.013751199468970299,0.01925770379602909,0.08856694400310516
refine_p1_ant_L7_0_insect_additive,coordinate_descent,additive,insect, insect,16368,insect_surrogate,0.0,0.25,0.25,0.25,4.497547251958167e-06,0.939903199672699,0.060086000710725784,-12.249999976812553,0.4338012635707855, Eight,38923,False,False,False,True,17728.735431865294,0.4469545904408585,2335.746337890625,12970.4755859375,11858.29296875,0.003829285269603133,0.01357891783118248,0.08828084170818329
refine_p1_ant_L7_0.125_insect_additive,coordinate_descent,additive,insect, insect,16368,insect_surrogate,0.125,0.25,0.25,0.25,0.00026012089801952243,0.9956455230712891,0.004068975802510977,-8.250000057365426,0.020256100222468376, Eight,38923,False,False,True,True,17702.711200185084,0.43510196082652836,2131.53662109375,12975.2333984375,11852.6728515625,0.006253015249967575,0.013664377853274345,0.08826134353876114
refine_p1_ant_L7_0.1875_insect_additive,coordinate_descent,additive,insect, insect,16368,insect_surrogate,0.1875,0.25,0.25,0.25,0.002462028292939067,0.9932530522346497,0.004059198312461376,-5.999999948119228,0.042940665036439896, Eight,38923,False,False,True,True,17722.769643593023,0.4425134014667534,2259.532470703125,12983.3115234375,11850.0927734375,0.006877443287521601,0.011816889978945255,0.08836863934993744
refine_p1_ant_L7_0.25_insect_additive,coordinate_descent,additive,insect, insect,16368,insect_surrogate,0.25,0.25,0.25,0.25,0.0009068704675883055,0.9945042133331299,0.004064311273396015,-6.999999988110933,0.03216726332902908, Eight,38923,False,False,True,True,17758.376306672526,0.4584086950460907,2520.92333984375,12978.2919921875,11856.171875,0.0069828275591135025,0.011763451620936394,0.08956851065158844
refine_p1_ant_L7_0.3125_insect_additive,coordinate_descent,additive,insect, insect,16368,insect_surrogate,0.3125,0.25,0.25,0.25,0.0004253564402461052,0.9874957799911499,0.01097008865326643,-7.750000001963184,0.07831595093011856, Eight,38923,False,False,False,True,17812.227373562888,0.48190520503999934,2878.244873046875,12976.74609375,11857.28515625,0.006863553076982498,0.011798961088061333,0.08836133033037186
refine_p1_ant_L7_0.375_insect_additive,coordinate_descent,additive,insect, insect,16368,insect_surrogate,0.375,0.25,0.25,0.25,0.0002562756708357483,0.9809274673461914,0.017966313287615776,-8.250000094042072,0.12065750360488892, Eight,38923,False,False,False,True,17887.659844270675,0.512053752540062,3301.07666015625,12977.7412109375,11859.57421875,0.006601924076676369,0.01181497611105442,0.08831602334976196
refine_p1_ant_L7_0.5_insect_additive,coordinate_descent,additive,insect, insect,16368,insect_surrogate,0.5,0.25,0.25,0.25,0.00014621192531194538,0.9226978421211243,0.07573965191841125,-8.749999982436536,0.5855057835578918, Eight,38923,False,False,False,True,18083.239915875976,0.5877220543056703,4262.734375,12973.193359375,11854.4892578125,0.006192028522491455,0.01359695103019476,0.0883675292134285
refine_p1_spider_L7_0_insect_additive,coordinate_descent,additive,insect, insect,16368,insect_surrogate,0.1875,0.0,0.25,0.25,0.00011962023563683033,0.9692928194999695,0.029270106926560402,-9.000000011037315,0.20861995220184326, Eight,38923,False,False,False,True,17665.22283769128,0.41530081476789404,1751.4779052734375,12976.4765625,11857.6337890625,0.0038074790500104427,0.013532396405935287,0.0882595032453537
refine_p1_spider_L7_0.125_insect_additive,coordinate_descent,additive,insect, insect,16368,insect_surrogate,0.1875,0.125,0.25,0.25,0.000426806160248816,0.9908614158630371,0.005199563689529896,-7.7500000079156575,0.07963178306818008, Eight,38923,False,False,True,True,17655.060443739112,0.41051336152026213,1650.1839599609375,12973.8369140625,11859.916015625,0.006676910445094109,0.013597817160189152,0.08827848732471466
refine_p1_spider_L7_0.1875_insect_additive,coordinate_descent,additive,insect, insect,16368,insect_surrogate,0.1875,0.1875,0.25,0.25,0.004043287131935358,0.9893597364425659,0.005191683303564787,-5.499999995381099,0.08213085681200027, Eight,38923,False,False,True,True,17672.22845754493,0.4220814686181107,1890.3309326171875,12971.3173828125,11852.3935546875,0.007026295177638531,0.013591219671070576,0.08832216262817383
refine_p1_spider_L7_0.25_insect_additive,coordinate_descent,additive,insect, insect,16368,insect_surrogate,0.1875,0.25,0.25,0.25,0.002462028292939067,0.9932530522346497,0.004059198312461376,-5.999999948119228,0.042940665036439896, Eight,38923,False,False,True,True,17722.769643593023,0.4425134014667534,2259.532470703125,12983.3115234375,11850.0927734375,0.006877443287521601,0.011816889978945255,0.08836863934993744
refine_p1_spider_L7_0.3125_insect_additive,coordinate_descent,additive,insect, insect,16368,insect_surrogate,0.1875,0.3125,0.25,0.25,0.0003339610993862152,0.9955240488052368,0.004068479407578707,-8.000000042418526,0.021373407915234566, Eight,38923,False,False,True,True,17779.526334643764,0.47022022897019844,2705.70947265625,12974.4853515625,11851.3046875,0.006546494085341692,0.013617918826639652,0.08837586641311646
refine_p1_spider_L7_0.375_insect_additive,coordinate_descent,additive,insect, insect,16368,insect_surrogate,0.1875,0.375,0.25,0.25,7.46043078834191e-05,0.9966931343078613,0.0031722558196634054,-9.4999999605389,0.014496570453047752, Eight,38923,False,False,True,True,17864.415772013585,0.5043547864897187,3196.868408203125,12975.96484375,11855.029296875,0.006249713711440563,0.013596621342003345,0.08836459368467331
refine_p1_spider_L7_0.5_insect_additive,coordinate_descent,additive,insect, insect,16368,insect_surrogate,0.1875,0.5,0.25,0.25,2.7422485800343566e-05,0.9958613514900208,0.004069857764989138,-10.49999999505268,0.018828634172677994, Eight,38923,False,False,True,False,18083.991286701803,0.5866993254430137,4249.791015625,12975.798828125,11857.4306640625,0.005673225503414869,0.013618268072605133,0.08960044384002686
refine_p1_ant_L22_0_insect_additive,coordinate_descent,additive,insect, insect,16368,insect_surrogate,0.1875,0.1875,0.0,0.25,0.0024615665897727013,0.9930667877197266,0.003160713938996196,-5.999999947944791,0.053630147129297256, Eight,38923,False,False,True,True,16869.183274667048,0.407215328148697,1890.3309326171875,11853.9765625,11852.3935546875,0.007026295177638531,0.015490926802158356,0.08832216262817383
refine_p1_ant_L22_0.125_insect_additive,coordinate_descent,additive,insect, insect,16368,insect_surrogate,0.1875,0.1875,0.125,0.25,0.003156343474984169,0.9916935563087463,0.0040528252720832825,-5.749999915109896,0.06205102801322937, Eight,38923,False,False,True,True,16228.704485801976,0.39547760817491995,1890.3309326171875,10923.2900390625,11852.3935546875,0.007026295177638531,0.016438854858279228,0.08832216262817383
refine_p1_ant_L22_0.1875_insect_additive,coordinate_descent,additive,insect, insect,16368,insect_surrogate,0.1875,0.1875,0.1875,0.25,0.0031519043259322643,0.990298867225647,0.005196611862629652,-5.74999996556964,0.07230500131845474, Eight,38923,False,False,True,True,16706.59662762869,0.4042252508414025,1890.3309326171875,11621.4365234375,11852.3935546875,0.007026295177638531,0.015274266712367535,0.08832216262817383
refine_p1_ant_L22_0.25_insect_additive,coordinate_descent,additive,insect, insect,16368,insect_surrogate,0.1875,0.1875,0.25,0.25,0.004043287131935358,0.9893597364425659,0.005191683303564787,-5.499999995381099,0.08213085681200027, Eight,38923,False,False,True,True,17672.22845754493,0.4220814686181107,1890.3309326171875,12971.3173828125,11852.3935546875,0.007026295177638531,0.013591219671070576,0.08832216262817383
refine_p1_ant_L22_0.3125_insect_additive,coordinate_descent,additive,insect, insect,16368,insect_surrogate,0.1875,0.1875,0.3125,0.25,0.0031471536494791508,0.9888062477111816,0.006662524305284023,-5.749999964159607,0.08125860244035721, Eight,38923,False,False,True,True,19063.220791495994,0.44817839104786056,1890.3309326171875,14810.59765625,11852.3935546875,0.007026295177638531,0.01180836372077465,0.08832216262817383
refine_p1_ant_L22_0.375_insect_additive,coordinate_descent,additive,insect, insect,16368,insect_surrogate,0.1875,0.1875,0.375,0.25,0.0031325314193964005,0.9842121005058289,0.010933609679341316,-5.749999985247073,0.1129990890622139, Eight,38923,False,False,False,True,20783.885977058628,0.480975361977541,1890.3309326171875,16968.126953125,11852.3935546875,0.007026295177638531,0.010164523497223854,0.08832216262817383
refine_p1_ant_L22_0.5_insect_additive,coordinate_descent,additive,insect, insect,16368,insect_surrogate,0.1875,0.1875,0.5,0.25,0.003093243110924959,0.9718680381774902,0.022856146097183228,-5.749999941074103,0.20204655826091766, Eight,38923,False,False,False,True,24930.175765437656,0.5617659963877822,1890.3309326171875,21850.8828125,11852.3935546875,0.007026295177638531,0.007690645754337311,0.08832216262817383
refine_p1_spider_L22_0_insect_additive,coordinate_descent,additive,insect, insect,16368,insect_surrogate,0.1875,0.1875,0.25,0.0,5.828935536555946e-05,0.9999089241027832,1.6700179912731983e-05,-9.749999985014538,0.0004284892638679594, Eight,38923,False,False,True,True,12006.812104193525,0.3215901254019996,1890.3309326171875,11857.0732421875,0.0,0.007026295177638531,-0.0007537407800555229,0.0
refine_p1_spider_L22_0.125_insect_additive,coordinate_descent,additive,insect, insect,16368,insect_surrogate,0.1875,0.1875,0.25,0.125,0.0018985130591318011,0.9834541082382202,0.014028219506144524,-6.249999995737087,0.10484663397073746, Eight,38923,False,False,False,True,12571.38488576898,0.33104010617671914,1890.3309326171875,10922.455078125,5930.12158203125,0.007026295177638531,0.007735559716820717,0.0881102979183197
refine_p1_spider_L22_0.1875_insect_additive,coordinate_descent,additive,insect, insect,16368,insect_surrogate,0.1875,0.1875,0.25,0.1875,0.0024579556193202734,0.9916099905967712,0.0052034915424883366,-5.999999919964207,0.05606095492839813, Eight,38923,False,False,True,True,14751.675217884671,0.3688695401004322,1890.3309326171875,11622.2109375,8886.1005859375,0.007026295177638531,0.011175238527357578,0.08826716989278793
refine_p1_spider_L22_0.25_insect_additive,coordinate_descent,additive,insect, insect,16368,insect_surrogate,0.1875,0.1875,0.25,0.25,0.004043287131935358,0.9893597364425659,0.005191683303564787,-5.499999995381099,0.08213085681200027, Eight,38923,False,False,True,True,17672.22845754493,0.4220814686181107,1890.3309326171875,12971.3173828125,11852.3935546875,0.007026295177638531,0.013591219671070576,0.08832216262817383
refine_p1_spider_L22_0.3125_insect_additive,coordinate_descent,additive,insect, insect,16368,insect_surrogate,0.1875,0.1875,0.25,0.3125,0.006613029632717371,0.9814606308937073,0.00849129818379879,-5.000000012087261,0.1614433079957962, Eight,38923,False,False,True,True,21033.358588615843,0.48577152195205126,1890.3309326171875,14803.208984375,14822.072265625,0.007026295177638531,0.01499149389564991,0.08928249776363373
refine_p1_spider_L22_0.375_insect_additive,coordinate_descent,additive,insect, insect,16368,insect_surrogate,0.1875,0.1875,0.25,0.375,0.010790848173201084,0.9713611602783203,0.010790848173201084,-4.499999962349002,0.2825116217136383, Eight,38923,False,False,False,True,24647.612400300026,0.5561966547188177,1890.3309326171875,16959.6953125,17784.830078125,0.007026295177638531,0.015795687213540077,0.08912068605422974
refine_p1_spider_L22_0.5_insect_additive,coordinate_descent,additive,insect, insect,16368,insect_surrogate,0.1875,0.1875,0.25,0.5,0.0218066219240427,0.9272411465644836,0.028000257909297943,-3.749999986613943,0.813930869102478, Eight,38923,False,False,False,True,32316.25841838332,0.7095834816214385,1890.3309326171875,21861.8125,23724.00390625,0.007026295177638531,0.01647704839706421,0.08888507634401321
refine_p2_ant_L7_0_insect_additive,coordinate_descent,additive,insect, insect,16368,insect_surrogate,0.0,0.1875,0.25,0.3125,1.6768485693319235e-06,0.952567458152771,0.047425538301467896,-13.250000025468777,0.3308609426021576, Eight,38923,False,False,False,True,21027.46118878587,0.47990764328022945,1751.882080078125,14809.5517578125,14824.37890625,0.0038667814806103706,0.014983718283474445,0.08821836113929749
refine_p2_ant_L7_0.09375_insect_additive,coordinate_descent,additive,insect, insect,16368,insect_surrogate,0.09375,0.1875,0.25,0.3125,0.001166582340374589,0.9963299632072449,0.0024696551263332367,-6.750000093545381,0.019762467592954636, Eight,38923,False,False,True,True,21012.025682238927,0.47365619175044155,1598.0921630859375,14807.95703125,14821.4619140625,0.006220686249434948,0.015001208521425724,0.08931201696395874
refine_p2_ant_L7_0.140625_insect_additive,coordinate_descent,additive,insect, insect,16368,insect_surrogate,0.140625,0.1875,0.25,0.3125,0.029214216396212578,0.967441976070404,0.0030791559256613255,-3.499999996372687,0.35137739777565, Eight,38923,False,False,True,True,21019.952702659044,0.47749433954348486,1694.6968994140625,14810.0966796875,14819.8330078125,0.006829027086496353,0.015036428347229958,0.08820855617523193
refine_p2_ant_L7_0.1875_insect_additive,coordinate_descent,additive,insect, insect,16368,insect_surrogate,0.1875,0.1875,0.25,0.3125,0.006613029632717371,0.9814606308937073,0.00849129818379879,-5.000000012087261,0.1614433079957962, Eight,38923,False,False,True,True,21033.358588615843,0.48577152195205126,1890.3309326171875,14803.208984375,14822.072265625,0.007026295177638531,0.01499149389564991,0.08928249776363373
refine_p2_ant_L7_0.234375_insect_additive,coordinate_descent,additive,insect, insect,16368,insect_surrogate,0.234375,0.1875,0.25,0.3125,0.00188612996134907,0.9770395159721375,0.013936718925833702,-6.250000007166665,0.20797668397426605, Eight,38923,False,False,False,True,21063.755448845975,0.49849021668843113,2158.3828125,14806.3798828125,14825.4609375,0.006927535403519869,0.015075740404427052,0.08926545828580856
refine_p2_ant_L7_0.28125_insect_additive,coordinate_descent,additive,insect, insect,16368,insect_surrogate,0.28125,0.1875,0.25,0.3125,0.000543097616173327,0.9819435477256775,0.014006671495735645,-7.50000002290796,0.136225625872612, Eight,38923,False,False,False,True,21095.986521050432,0.5150492329639126,2475.479248046875,14808.0341796875,14820.080078125,0.006676586344838142,0.015037751756608486,0.08827551454305649
refine_p2_ant_L7_0.375_insect_additive,coordinate_descent,additive,insect, insect,16368,insect_surrogate,0.375,0.1875,0.25,0.3125,0.00024815843789838254,0.949857771396637,0.047290630638599396,-8.250000133376396,0.3696523904800415, Eight,38923,False,False,False,True,21187.683603341215,0.5586428315569498,3197.2431640625,14801.8798828125,14818.904296875,0.006175890564918518,0.015062856487929821,0.08934573084115982
refine_p2_spider_L7_0_insect_additive,coordinate_descent,additive,insect, insect,16368,insect_surrogate,0.140625,0.0,0.25,0.3125,0.000980846700258553,0.8377007246017456,0.11337047070264816,-6.750000006626552,1.7426972389221191, Eight,38923,False,False,False,True,20987.911553645652,0.4634473384129499,1313.75,14801.7978515625,14821.37890625,0.00377345341257751,0.015021675266325474,0.08932211995124817
refine_p2_spider_L7_0.09375_insect_additive,coordinate_descent,additive,insect, insect,16368,insect_surrogate,0.140625,0.09375,0.25,0.3125,0.00012259758659638464,0.9934185743331909,0.0031618336215615273,-9.00000004109496,0.06366908550262451, Eight,38923,False,False,True,True,20982.376216664456,0.46102452612135525,1237.698974609375,14806.4853515625,14815.404296875,0.006736800540238619,0.015050260350108147,0.08829036355018616
refine_p2_spider_L7_0.140625_insect_additive,coordinate_descent,additive,insect, insect,16368,insect_surrogate,0.140625,0.140625,0.25,0.3125,0.0011677718721330166,0.9973458647727966,0.0011677718721330166,-6.750000064918329,0.0172351635992527, Eight,38923,False,False,True,True,20988.920669798525,0.466838441210059,1418.0037841796875,14799.8427734375,14815.1513671875,0.007077564485371113,0.015103965997695923,0.0882282704114914
refine_p2_spider_L7_0.1875_insect_additive,coordinate_descent,additive,insect, insect,16368,insect_surrogate,0.140625,0.1875,0.25,0.3125,0.029214216396212578,0.967441976070404,0.0030791559256613255,-3.499999996372687,0.35137739777565, Eight,38923,False,False,True,True,21019.952702659044,0.47749433954348486,1694.6968994140625,14810.0966796875,14819.8330078125,0.006829027086496353,0.015036428347229958,0.08820855617523193
refine_p2_spider_L7_0.234375_insect_additive,coordinate_descent,additive,insect, insect,16368,insect_surrogate,0.140625,0.234375,0.25,0.3125,0.003155913669615984,0.9915585517883301,0.005203221458941698,-5.749999951719479,0.05465920269489288, Eight,38923,False,False,True,True,21049.24967171312,0.4921961968802131,2029.0350341796875,14810.6904296875,14818.818359375,0.006581075489521027,0.013397026807069778,0.08829796314239502
refine_p2_spider_L7_0.28125_insect_additive,coordinate_descent,additive,insect, insect,16368,insect_surrogate,0.140625,0.28125,0.25,0.3125,0.0002598113496787846,0.9944607019424438,0.005218450911343098,-8.250000071605422,0.027101797983050346, Eight,38923,False,False,True,True,21082.749997233066,0.5107072776669941,2397.091064453125,14811.052734375,14811.111328125,0.0063110822811722755,0.014991178177297115,0.0882459282875061
refine_p2_spider_L7_0.375_insect_additive,coordinate_descent,additive,insect, insect,16368,insect_surrogate,0.140625,0.375,0.25,0.3125,4.515890032052994e-05,0.9946909546852112,0.005219659302383661,-9.999999981344931,0.02542770281434059, Eight,38923,False,False,True,False,21186.640845760514,0.5579976180220524,3187.27392578125,14797.09375,14824.33984375,0.005694525316357613,0.015035170130431652,0.08827336132526398
refine_p2_ant_L22_0_insect_additive,coordinate_descent,additive,insect, insect,16368,insect_surrogate,0.140625,0.1875,0.0,0.3125,0.022929402068257332,0.9749829173088074,0.0018821598496288061,-3.749999930000856,0.2668745219707489, Eight,38923,False,False,True,True,21028.203493278485,0.47765577504455686,1694.6968994140625,14821.8046875,14819.8330078125,0.006829027086496353,0.015523058362305164,0.08820855617523193
refine_p2_ant_L22_0.125_insect_additive,coordinate_descent,additive,insect, insect,16368,insect_surrogate,0.140625,0.1875,0.125,0.3125,0.017948981374502182,0.9799811244010925,0.0018918085843324661,-3.9999999452784483,0.20616495609283447, Eight,38923,False,False,True,False,20174.316365201677,0.46099682945024173,1694.6968994140625,13583.2099609375,14819.8330078125,0.006829027086496353,0.016671249642968178,0.08820855617523193
refine_p2_ant_L22_0.1875_insect_additive,coordinate_descent,additive,insect, insect,16368,insect_surrogate,0.140625,0.1875,0.1875,0.3125,0.022917114198207855,0.9744604825973511,0.002415446098893881,-3.749999990323417,0.26933950185775757, Eight,38923,False,False,True,True,20391.22113672803,0.4652190631451311,1694.6968994140625,13903.3251953125,14819.8330078125,0.006829027086496353,0.016199365258216858,0.08820855617523193
refine_p2_ant_L22_0.25_insect_additive,coordinate_descent,additive,insect, insect,16368,insect_surrogate,0.140625,0.1875,0.25,0.3125,0.029214216396212578,0.967441976070404,0.0030791559256613255,-3.499999996372687,0.35137739777565, Eight,38923,False,False,True,True,21019.952702659044,0.47749433954348486,1694.6968994140625,14810.0966796875,14819.8330078125,0.006829027086496353,0.015036428347229958,0.08820855617523193
refine_p2_ant_L22_0.3125_insect_additive,coordinate_descent,additive,insect, insect,16368,insect_surrogate,0.140625,0.1875,0.3125,0.3125,0.029234156012535095,0.9681022763252258,0.0023996857926249504,-3.499999986922047,0.3481280207633972, Eight,38923,False,False,True,True,22038.677396912273,0.4974905325701882,1694.6968994140625,16223.55859375,14819.8330078125,0.006829027086496353,0.013656238093972206,0.08820855617523193
refine_p2_ant_L22_0.375_insect_additive,coordinate_descent,additive,insect, insect,16368,insect_surrogate,0.140625,0.1875,0.375,0.3125,0.022900812327861786,0.9737672805786133,0.0030992880929261446,-3.7499999606862477,0.27289286255836487, Eight,38923,False,False,True,True,23388.796518027935,0.5241720989589084,1694.6968994140625,18014.892578125,14819.8330078125,0.006829027086496353,0.01214912161231041,0.08820855617523193
refine_p2_ant_L22_0.5_insect_additive,coordinate_descent,additive,insect, insect,16368,insect_surrogate,0.140625,0.1875,0.5,0.3125,0.022820962592959404,0.9703720211982727,0.006538315210491419,-3.7499999994462745,0.2918775677680969, Eight,38923,False,False,True,True,26885.63314559195,0.5940473844331718,1694.6968994140625,22368.232421875,14819.8330078125,0.006829027086496353,0.009507885202765465,0.08820855617523193
refine_p2_spider_L22_0_insect_additive,coordinate_descent,additive,insect, insect,16368,insect_surrogate,0.140625,0.1875,0.3125,0.0,9.610148117644712e-05,0.9998941421508789,4.7846110646787565e-06,-9.24999996578809,0.0005745496600866318, Eight,38923,False,False,True,True,14915.884664952013,0.3612581178892961,1694.6968994140625,14819.298828125,0.0,0.006829027086496353,-0.0005827178247272968,0.0
refine_p2_spider_L22_0.15625_insect_additive,coordinate_descent,additive,insect, insect,16368,insect_surrogate,0.140625,0.1875,0.3125,0.15625,0.00519872922450304,0.9907023906707764,0.0040487744845449924,-5.249999961270312,0.06927644461393356, Eight,38923,False,False,True,True,15630.332387767308,0.3744423551420694,1694.6968994140625,13657.3837890625,7410.20654296875,0.006829027086496353,0.007724497001618147,0.08827212452888489
refine_p2_spider_L22_0.234375_insect_additive,coordinate_descent,additive,insect, insect,16368,insect_surrogate,0.140625,0.1875,0.3125,0.234375,0.014017741195857525,0.9827195405960083,0.0031277809757739305,-4.250000014135532,0.16512373089790344, Eight,38923,False,False,True,True,18372.361114875806,0.426200045770458,1694.6968994140625,14530.1044921875,11115.2021484375,0.006829027086496353,0.011177894659340382,0.08823710680007935
refine_p2_spider_L22_0.3125_insect_additive,coordinate_descent,additive,insect, insect,16368,insect_surrogate,0.140625,0.1875,0.3125,0.3125,0.029234156012535095,0.9681022763252258,0.0023996857926249504,-3.499999986922047,0.3481280207633972, Eight,38923,False,False,True,True,22038.677396912273,0.4974905325701882,1694.6968994140625,16223.55859375,14819.8330078125,0.006829027086496353,0.013656238093972206,0.08820855617523193
refine_p2_spider_L22_0.390625_insect_additive,coordinate_descent,additive,insect, insect,16368,insect_surrogate,0.140625,0.1875,0.3125,0.390625,0.0371972918510437,0.9593307971954346,0.0030533396638929844,-3.249999996203585,0.45397061109542847, Eight,38923,False,False,True,True,26249.006061557408,0.5812553012901415,1694.6968994140625,18515.3203125,18528.9296875,0.006829027086496353,0.015029365196824074,0.08826250582933426
refine_p2_spider_L22_0.46875_insect_additive,coordinate_descent,additive,insect, insect,16368,insect_surrogate,0.140625,0.1875,0.3125,0.46875,0.07533098012208939,0.9177192449569702,0.0061835432425141335,-2.500000037664835,0.9783905744552612, Eight,38923,False,False,True,True,30770.797614829597,0.6726458156989763,1694.6968994140625,21202.958984375,22235.208984375,0.006829027086496353,0.015795182436704636,0.0882357805967331
refine_p2_spider_L22_0.625_insect_additive,coordinate_descent,additive,insect, insect,16368,insect_surrogate,0.140625,0.1875,0.3125,0.625,0.14638258516788483,0.8423736691474915,0.009357926435768604,-1.750000062703463,2.002269983291626, Eight,38923,False,False,True,True,40336.72265939512,0.8687778929262792,1694.6968994140625,27310.072265625,29636.787109375,0.006829027086496353,0.01648969203233719,0.08828185498714447
zero_strength_hooks,control,additive,insect, insect,16368,insect_surrogate,0.0,0.0,0.0,0.0,1.1253320053583593e-07,0.999982476234436,1.6701407730579376e-05,-16.000000019046855,0.0, Eight,38923,False,False,True,True,0.0,0.0,0.0,0.0,0.0,0.0,0.0,0.0
target_only,control,additive,insect, insect,16368,insect_surrogate,0.140625,0.0,0.3125,0.0,7.887964784458745e-06,0.9998276233673096,9.609508560970426e-05,-11.750000013627542,0.0008415284682996571, Eight,38923,False,False,True,True,14874.9965127293,0.34255927751910953,1313.75,14816.8681640625,0.0,0.00377345341257751,-0.000647200969979167,0.0
spider_only,control,additive,insect, insect,16368,insect_surrogate,0.0,0.1875,0.0,0.625,2.5562958398950286e-06,0.8807765245437622,0.11920014023780823,-12.749999938484624,0.9460492134094238, Eight,38923,False,False,False,True,41966.97367931625,0.9036483343955535,1751.882080078125,29649.80859375,29648.720703125,0.0038667814806103706,0.015541233122348785,0.08829501271247864
L7_only,control,additive,insect, insect,16368,insect_surrogate,0.140625,0.1875,0.0,0.0,0.0003353480133228004,0.9996583461761475,8.312446198033285e-07,-8.000000007425507,0.0023801408242434263, Eight,38923,False,False,True,True,1694.6968994140625,0.18138320072011038,1694.6968994140625,0.0,0.0,0.006829027086496353,0.0,0.0
L22_only,control,additive,insect, insect,16368,insect_surrogate,0.0,0.0,0.3125,0.625,3.7116173189133406e-05,0.8175380825996399,0.18241740763187408,-9.999999955249878,1.5318111181259155, Eight,38923,False,False,False,True,40308.99031651541,0.8497985728752091,0.0,27310.185546875,29647.40234375,0.0,0.016446474939584732,0.08822948485612869
lizards_matched_strength,off_target_control,additive,lizards_control, lizards,82404,off_target_control,0.140625,0.1875,0.3125,0.625,3.4935605071950704e-05,0.9880677461624146,0.010976441204547882,-10.250000031579516,0.07086333632469177, Eight,38923,False,False,False,True,40358.930302671004,0.8711687262174006,1782.543212890625,27324.548828125,29648.521484375,0.007495551835745573,0.02175484597682953,0.08818157762289047
matched_norm_random,matched_random_control,additive,insect, insect,16368,insect_surrogate,0.140625,0.1875,0.3125,0.625,6.142930033092853e-06,0.9997913241386414,0.00012338404485490173,-12.000000027906903,0.0008346465183421969, Eight,38923,False,False,True,False,40338.28863568664,0.8688214048154512,1695.2181396484375,27314.48046875,29634.826171875,0.038457054644823074,-0.00832284614443779,-0.009917853400111198
best_exact_repeat,best_repeat_and_downstream,additive,insect, insect,16368,insect_surrogate,0.140625,0.1875,0.3125,0.625,0.14638258516788483,0.8423736691474915,0.009357926435768604,-1.750000062703463,2.002269983291626, Eight,38923,False,False,True,True,40336.72265939512,0.8687778929262792,1694.6968994140625,27310.072265625,29636.787109375,0.006829027086496353,0.01648969203233719,0.08828185498714447
